family,case,model,n,nmse_linear,nmse_db,energy_weighted_nmse_db,median_sample_nmse_db,p90_sample_nmse_db,amplitude_nmse,shape_correlation,gain_abs_error_db,gain_bias_db,predicted_gain_below_truth_20db_fraction
cruise,main,hold,3600,0.05787464642109424,-12.375116492411482,-11.597613966236333,-17.995731563227736,-7.125304231183269,0.007831978071145487,0.944587678561608,0.09317052214565882,-0.05990195401709204,0.0
cruise,main,linear,3600,0.0398029472644056,-14.00084768798726,-12.84539314763838,-19.84478685169698,-9.733450151793294,0.022723489385142685,0.9734099478688505,0.4357007297335998,0.4320673416107747,0.0
cruise,main,kalman,3600,0.038006685733950385,-14.201400001736149,-12.99810555114256,-20.07576344159738,-9.953060778155447,0.021226610593277857,0.9738294743001461,0.3860507841358789,0.3805842645686145,0.0
cruise,main,harmonic,3600,0.24528954260132094,-6.10320966621786,-5.708423355464824,-17.576718511488643,-5.724829623575881,0.12257689180272185,0.9211527090204051,0.5943448221360328,0.5496146975592799,0.0
cruise,main,cru,3600,0.04521941749501517,-13.446750364252011,-12.240162967236326,-19.19229250210931,-8.526191256403171,0.02034397060740149,0.9568636004047262,0.3223615487213758,-0.29396328462408544,0.0
cruise,main,latent_ode,3600,0.04759238705269834,-13.224625120994059,-12.16737029375017,-19.05998222862117,-8.352147684009054,0.01785038442100712,0.9543406170441044,0.1715977552275197,-0.06033828285188267,0.0
cruise,main,neural_flow,3600,0.0457573033374461,-13.395395781874145,-12.179437383811662,-19.27622052627713,-8.514176063802768,0.01885369183803252,0.9556031890130705,0.24457778975327074,-0.2347697775947649,0.0
cruise,main,tpatchgnn,3600,0.02027697386952948,-16.92996858501808,-15.66591512927721,-21.310437887822502,-12.456375416860682,0.010530808911486627,0.9812758617020315,0.20650658010877412,-0.047217464168800106,0.0
cruise,main,time_rwkv_csi,3600,0.04834023209547417,-13.156912687495987,-11.96446402524968,-19.04619026383814,-8.363643895448277,0.018351960573276704,0.9538501379638911,0.22797547257662523,-0.15458542047880428,0.0
cruise,main,ct_transformer_csi,3600,0.022807725145891408,-16.41918029315833,-15.367907890604611,-20.917696124531165,-11.697529056202523,0.011227380805319424,0.9790682805246776,0.2691513339804684,-0.2291118071133072,0.0
cruise,offgrid,hold,288,0.09031396535475425,-10.44245089026932,-9.79287850842985,-11.792368090445411,-6.783815717736218,0.00957825887359023,0.9128000237461593,0.15582322724973588,-0.09673430672935662,0.0
cruise,offgrid,linear,288,0.0578425668908393,-12.377524425151984,-11.376924998680739,-15.528958222303284,-8.48876239321487,0.03395848411188732,0.9629457679887613,0.7079535395282114,0.7053381529727226,0.0
cruise,offgrid,kalman,288,0.051565037662132655,-12.876446607136671,-11.861917835442737,-16.025588319643305,-9.065365423177226,0.029722262516669515,0.9653642763280206,0.6328536080529577,0.628263570272894,0.0
cruise,offgrid,harmonic,288,0.2348780551694492,-6.291575577818763,-5.9366793307222645,-13.246044826740498,-4.875807156732828,0.11342543298289659,0.9046673600613657,0.741185414384947,0.6887111211350808,0.0
cruise,offgrid,cru,288,0.06839012147136397,-11.650066248925553,-10.587539845131937,-13.543033969545224,-7.895749116553343,0.031230499916457828,0.9358681353429953,0.5817541438316565,-0.518436641068547,0.0
cruise,offgrid,latent_ode,288,0.07220986734319013,-11.414034528473438,-10.454886938795976,-13.184054378468737,-7.657254508278444,0.0256108441935415,0.9306062039815717,0.2956427977030924,-0.10185418624587328,0.0
cruise,offgrid,neural_flow,288,0.0692754222147111,-11.594208186318307,-10.43792237348519,-14.015227880009645,-7.545403397229177,0.027761194886604952,0.9329981327884727,0.4163784245789025,-0.39336863786835846,0.0
cruise,offgrid,tpatchgnn,288,0.02598374892891621,-15.852981888410529,-14.8752242728347,-17.909675900225537,-12.205312529583736,0.014475789768640526,0.9765953781704108,0.32501035379856247,-0.03093751957870457,0.0
cruise,offgrid,time_rwkv_csi,288,0.07203457621067678,-11.424589944984021,-10.324282031608657,-13.025514935961988,-7.62183113605898,0.026597069862014502,0.9316856424427695,0.40651008809183825,-0.3089508479350924,0.0
cruise,offgrid,ct_transformer_csi,288,0.02813605098572225,-15.50736857699439,-14.559738975774625,-16.921605293318066,-11.672732556914774,0.014453866562613863,0.975528484210372,0.39090618154518275,-0.23974289561394674,0.0
cruise,pattern_uniform_n16,hold,1200,0.059511877121901,-12.253963510152182,-11.507196019869902,-17.66730167530349,-7.124183142679222,0.009163825969453683,0.9431185911595822,0.09464887288471877,-0.05467422654891303,0.0
cruise,pattern_uniform_n16,linear,1200,0.03854927992700444,-14.139837298477648,-13.028895714422537,-19.88993336687099,-10.06477491748261,0.022146203859398764,0.973991446296374,0.4276912580360173,0.4228235265277423,0.0
cruise,pattern_uniform_n16,kalman,1200,0.03693636471199473,-14.325458501846386,-13.15506601582403,-19.81440442922149,-10.396524573944967,0.020927886181210244,0.9743578332165878,0.3834966675902736,0.3760926980288059,0.0
cruise,pattern_uniform_n16,harmonic,1200,0.09029087479507628,-10.44356139236866,-9.359325035388382,-15.633004304533358,-5.839554283454746,0.026560943051202532,0.9245446092387041,0.33482740494861596,0.25376961581731544,0.0
cruise,pattern_uniform_n16,cru,1200,0.0477872371464764,-13.206880778015591,-12.008997843665785,-18.80363901418491,-8.370229669074448,0.022000025240279986,0.954289654965202,0.32210957310564026,-0.2996242658867065,0.0
cruise,pattern_uniform_n16,latent_ode,1200,0.050466080971358074,-12.970004198274044,-11.941861424760646,-18.487475140391382,-8.281221115207316,0.019647294706749866,0.9516381080448627,0.18103959554876922,-0.06569656784008117,0.0
cruise,pattern_uniform_n16,neural_flow,1200,0.04828648026387479,-13.161744503811324,-11.971422631511775,-18.695068427954794,-8.444737179652792,0.02043814872929943,0.9531895067294439,0.24182274062147674,-0.22815003073366824,0.0
cruise,pattern_uniform_n16,tpatchgnn,1200,0.02115058294722985,-16.74677658204957,-15.436824653912433,-21.134984189271606,-12.458950273557031,0.010837713703986084,0.9804052698115507,0.20305267437991156,-0.03519866118101466,0.0
cruise,pattern_uniform_n16,time_rwkv_csi,1200,0.0497142396345104,-13.035191986119575,-11.92593663397667,-18.56691868767828,-8.346585681961093,0.019089316583279774,0.9525780468682448,0.2136564480357083,-0.13574121286349813,0.0
cruise,pattern_uniform_n16,ct_transformer_csi,1200,0.02365586552069241,-16.2606115736033,-15.239217131509537,-20.450137035412887,-11.619321606065778,0.011945523769112091,0.9783819330235323,0.290125981368304,-0.2601944148817711,0.0
cruise,pattern_random_n16,hold,1200,0.059511876849307255,-12.253963530045011,-11.507196023827166,-17.66730167530349,-7.124183109396145,0.009163825959149108,0.9431185889244079,0.09464887273818097,-0.05467421503136317,0.0
cruise,pattern_random_n16,linear,1200,0.040601818553113844,-13.914545139623415,-12.730438484426116,-19.235854838353795,-9.753059578638164,0.02325274877572762,0.9725539991259575,0.4334807017826339,0.4292104700890195,0.0
cruise,pattern_random_n16,kalman,1200,0.03918549164683403,-14.068746999189612,-12.82130811792317,-19.460625449681274,-10.070599095661354,0.022164141701869085,0.9726915882527828,0.38987746425763664,0.38364145966106056,0.0
cruise,pattern_random_n16,harmonic,1200,0.05843000591213543,-12.333640697464215,-10.988758776200829,-18.573895901885106,-7.763068462473408,0.02191079750106534,0.9545713867992163,0.35505252472522747,0.32725478108419337,0.0
cruise,pattern_random_n16,cru,1200,0.04813036187095956,-13.175808730417337,-11.966494158021,-18.759904462444712,-8.374696404687981,0.02215253978503218,0.9539690266301235,0.3282496877172889,-0.30650516473912526,0.0
cruise,pattern_random_n16,latent_ode,1200,0.050565151110859005,-12.961486905589314,-11.931203900030896,-18.481681825185795,-8.282587014891416,0.019705726737095877,0.9515476387242476,0.18245124921864164,-0.06682326056279635,0.0
cruise,pattern_random_n16,neural_flow,1200,0.04853362128107013,-13.13957303085868,-11.939166880320444,-18.683309210459242,-8.38541701425022,0.020560160151205008,0.9529605734845003,0.24308416615804543,-0.229499962546995,0.0
cruise,pattern_random_n16,tpatchgnn,1200,0.021567733501190862,-16.66195491413195,-15.363600280213541,-20.941095355079327,-12.354885736450719,0.011096701978628214,0.9800311780224243,0.20565188638320858,-0.04363609569395218,0.0
cruise,pattern_random_n16,time_rwkv_csi,1200,0.05052255235799142,-12.965147173607406,-11.826937385640761,-18.544249263831055,-8.31692323661101,0.019525790640400373,0.951894282673796,0.2196734222723717,-0.13079564462554724,0.0
cruise,pattern_random_n16,ct_transformer_csi,1200,0.023897486169007606,-16.21647781074786,-15.173138928546692,-20.416942671599745,-11.492329143274887,0.011820054348233194,0.9778940344353517,0.2593831571688133,-0.22061204191046271,0.0
cruise,pattern_bursty_n16,hold,1200,0.059511877467108815,-12.253963484960263,-11.507195998049237,-17.667301911615276,-7.124183109396145,0.009163825980980013,0.9431185891727606,0.09464888466909618,-0.0546742372212816,0.0
cruise,pattern_bursty_n16,linear,1200,0.0463222746483613,-13.34210122791487,-12.113725308607187,-18.54465620300524,-9.223223275315902,0.02628064981601104,0.9682875515520573,0.45696295522745156,0.45231978513756377,0.0
cruise,pattern_bursty_n16,kalman,1200,0.042679171433167844,-13.697840204916172,-12.458102613813418,-19.021075653967394,-9.441971830306995,0.023207731980461783,0.9695043981571992,0.38781260270816953,0.380506466435836,0.0
cruise,pattern_bursty_n16,harmonic,1200,0.07071698164513994,-11.504762842341636,-10.430748096914035,-17.20075139214125,-6.887711335116321,0.022544381824239585,0.943236160253485,0.3508434983542429,0.2946235652560608,0.0
cruise,pattern_bursty_n16,cru,1200,0.04896300224702524,-13.10131960565489,-11.92487643312113,-18.6968287166231,-8.419086580478135,0.02292512933849745,0.9532313555230697,0.3347472333758939,-0.30591090454904435,0.0
cruise,pattern_bursty_n16,latent_ode,1200,0.04988583663864119,-13.020227398033168,-11.998044393018521,-18.493526033439203,-8.300699437245967,0.01869507124134543,0.9521043957273165,0.17486687679524038,-0.06441185626942267,0.0
cruise,pattern_bursty_n16,neural_flow,1200,0.04750393161249425,-13.232704449656492,-12.049468108969968,-18.77307453807463,-8.55790927248569,0.019291754866705257,0.9539017037550608,0.23188338805825576,-0.21922690405569786,0.0
cruise,pattern_bursty_n16,tpatchgnn,1200,0.023374391476560657,-16.312596866292143,-15.017645570103186,-20.59955449503252,-11.836141610515007,0.012143899219893986,0.9782234099010626,0.20919866322001326,-0.06740268871057196,0.0
cruise,pattern_bursty_n16,time_rwkv_csi,1200,0.050980796937049794,-12.92593379877776,-11.769779067368322,-18.505820211771216,-8.320980950532894,0.019648690354927868,0.951428118844827,0.2334984238442242,-0.1553100951988866,0.0
cruise,pattern_bursty_n16,ct_transformer_csi,1200,0.026685571595444345,-15.737234903275578,-14.60638609564812,-20.16429840740198,-11.242986462151391,0.013336450735599404,0.9754403871794541,0.2575781557877023,-0.2089889060348196,0.0
cruise,pattern_dropout_n16,hold,1200,0.059511877005340164,-12.253963518658338,-11.50719601434963,-17.667301911615276,-7.124183142679222,0.009163825913986633,0.9431185878813266,0.09464886806271276,-0.05467421374387186,0.0
cruise,pattern_dropout_n16,linear,1200,0.04202361680921361,-13.765065722849684,-12.521917480833448,-19.335871881928448,-9.667787014413214,0.023938493089081022,0.9713071304063002,0.4286285943412804,0.42448640249232994,0.0
cruise,pattern_dropout_n16,kalman,1200,0.04101520382619735,-13.870551258691282,-12.57735423814074,-19.510853626905146,-9.763690566653326,0.023277367322322485,0.9714876435200374,0.3964190851246288,0.39055518113040305,0.0
cruise,pattern_dropout_n16,harmonic,1200,0.05444335492536387,-12.640551204143467,-11.391057225460282,-18.582309418000207,-8.343114144832068,0.023460082739329664,0.9595471255481243,0.36280491159631006,0.34949587289795697,0.0
cruise,pattern_dropout_n16,cru,1200,0.048151611207382906,-13.173891763116492,-11.955595676511024,-18.794678980751986,-8.390069832470067,0.021952629933524197,0.9539827607075373,0.3298623306273233,-0.3051969420890904,0.0
cruise,pattern_dropout_n16,latent_ode,1200,0.05065395983137326,-12.953865983650319,-11.924053929861248,-18.476264143499666,-8.280852609247873,0.01982245302833083,0.9514766813317934,0.18333555785785696,-0.06673810438069874,0.0
cruise,pattern_dropout_n16,neural_flow,1200,0.04864076991956002,-13.129995593691604,-11.931424167879172,-18.697283690823202,-8.41137938569725,0.02075184267558749,0.9528702975312868,0.24604614758571794,-0.23197305159971923,0.0
cruise,pattern_dropout_n16,tpatchgnn,1200,0.021767389206700804,-16.62193657367634,-15.353087629533643,-20.825050091109937,-12.364790507088466,0.011263437894109909,0.9798377868036429,0.21008508600442535,-0.0470888097940527,0.0
cruise,pattern_dropout_n16,time_rwkv_csi,1200,0.05075839032933194,-12.944921588817717,-11.823937939140801,-18.508711737406436,-8.288387308006238,0.01975176889933209,0.9517068390548229,0.2227214783491339,-0.13215390388165663,0.0
cruise,pattern_dropout_n16,ct_transformer_csi,1200,0.024038539347178204,-16.19091924886132,-15.133468055182844,-20.307225532445848,-11.429967721696784,0.012120905272652938,0.9777973931531111,0.2701813436867815,-0.23707786377444184,0.0
cruise,count_random_n4,hold,1200,0.05951187691014639,-12.253963525605208,-11.507196019528658,-17.667301911755978,-7.124183175962301,0.009163825940589353,0.9431185881793499,0.09464887892087821,-0.0546742138570653,0.0
cruise,count_random_n4,linear,1200,0.044833021745726,-13.484019886990513,-12.210364096293674,-19.350195387404977,-8.907014579304475,0.025328914889590427,0.9692486350735029,0.42045215248172096,0.41497341370798796,0.0
cruise,count_random_n4,kalman,1200,0.04197732571476081,-13.769852328407469,-12.507783947783055,-19.377024383987717,-9.253935841216759,0.022311294115582615,0.9696401331822078,0.3556609859222226,0.34554125952507697,0.0
cruise,count_random_n4,harmonic,1200,0.5179651619585881,-2.856994496716601,-2.77147443869817,-9.15811531332114,-2.456087624510887,0.26114118461180624,0.8272776505413155,0.6995833676708086,0.558431365621315,0.0
cruise,count_random_n4,cru,1200,0.04887297513322361,-13.109312225717165,-11.900581016100967,-18.7386770100994,-8.492244063459625,0.022423583053174902,0.9533715769151847,0.36907868986448306,-0.3600620950266076,0.0
cruise,count_random_n4,latent_ode,1200,0.049402320339213476,-13.062526525571021,-12.035431694404895,-18.493563932705577,-8.386457293510887,0.017620424128363083,0.9524861220022043,0.17233826748248854,-0.0643280678679912,0.0
cruise,count_random_n4,neural_flow,1200,0.047370009413765124,-13.244965289653969,-12.089406029464831,-18.709691674088894,-8.576789909901535,0.01848360768965601,0.9540345040957133,0.2794336981818431,-0.27218500225719783,0.0
cruise,count_random_n4,tpatchgnn,1200,0.025711168384635434,-15.898781873995198,-14.574671192314055,-20.363554937439158,-11.363711960825755,0.012994145941205109,0.9759484826525052,0.218812585530189,-0.0839929864384976,0.0
cruise,count_random_n4,time_rwkv_csi,1200,0.05134988830175037,-12.894604967597159,-11.7455739829308,-18.48480441895861,-8.300593064059088,0.020127839599275225,0.950753782838583,0.251377943729464,-0.19142213926445037,0.0
cruise,count_random_n4,ct_transformer_csi,1200,0.030228949771966048,-15.195769410181125,-14.080653496343059,-19.643600082281573,-10.608480021919053,0.014173655609659667,0.9718544283012549,0.2913505372184106,-0.2668525037532527,0.0
cruise,count_random_n8,hold,1200,0.05951187659874752,-12.253963548329882,-11.507196046610472,-17.667301911474624,-7.124183109396145,0.009163825941874771,0.9431185941398144,0.09464888587167328,-0.054674248554627713,0.0
cruise,count_random_n8,linear,1200,0.04204123703559162,-13.763245136279211,-12.557907834923483,-19.23121505657336,-9.485287890768946,0.023952561401941543,0.9713263387481371,0.4271779563065017,0.4224997605881557,0.0
cruise,count_random_n8,kalman,1200,0.040663715477324634,-13.90792942038881,-12.651879097531442,-19.471314708654482,-9.587850743689353,0.02236497559216029,0.9711793953677018,0.3776339413622069,0.3702662795198921,0.0
cruise,count_random_n8,harmonic,1200,0.08521174428043499,-10.695005446149317,-9.655852752999182,-18.248340760976188,-8.106741248872535,0.041345757265614035,0.9543223765554527,0.374489612825358,0.3577809370424681,0.0
cruise,count_random_n8,cru,1200,0.04841580546522892,-13.150128386492106,-11.961290487954157,-18.800542274323973,-8.439998796952032,0.022330556860306387,0.9537270998458067,0.3407093651168543,-0.3253802211929724,0.0
cruise,count_random_n8,latent_ode,1200,0.050046414558770874,-13.006270309342757,-11.976996124122003,-18.486709326556586,-8.291793071149574,0.019012148551422192,0.951959272325039,0.18017245754625758,-0.0687265437220727,0.0
cruise,count_random_n8,neural_flow,1200,0.0475672465054231,-13.226919875775984,-12.046956776664139,-18.749333165516987,-8.484783612477433,0.01934228371108475,0.95382737159729,0.23584452939364078,-0.22406397641336903,0.0
cruise,count_random_n8,tpatchgnn,1200,0.023178384203323125,-16.34916842576021,-15.069428426193292,-20.74837811029864,-11.85488896255042,0.011959465126419672,0.9785890133678913,0.21976157082924147,-0.058693588800230526,0.0
cruise,count_random_n8,time_rwkv_csi,1200,0.05120947182139692,-12.906497034906522,-11.771676654971934,-18.484310726064777,-8.30584671532127,0.019963397312919066,0.9512659001350403,0.22614908489310134,-0.13563774351435465,0.0
cruise,count_random_n8,ct_transformer_csi,1200,0.02572135921583443,-15.897060853458143,-14.849397997541775,-20.236312768839042,-11.159171163756048,0.012859508065297025,0.9761985409756502,0.2789893219146082,-0.2486376193962254,0.0
cruise,count_random_n32,hold,1200,0.05951187675670856,-12.253963536802502,-11.507196018848296,-17.66730143885103,-7.124183142679222,0.009163825949102223,0.9431185875336329,0.09464887818246098,-0.05467421721554577,0.0
cruise,count_random_n32,linear,1200,0.040553164770438646,-13.919752477732732,-12.734015590554328,-19.62962489439432,-9.978668181174202,0.023222384244824448,0.972524159103632,0.43401906894792774,0.4295088428931073,0.0
cruise,count_random_n32,kalman,1200,0.04084051102361021,-13.889088323700065,-12.591507088842231,-19.61512904212133,-9.980435565187351,0.023273866713110086,0.9717115260660648,0.3878431072539388,0.3809313363721837,0.0
cruise,count_random_n32,harmonic,1200,0.06155785023142622,-12.107165553274218,-10.816803874600007,-19.001078243033852,-7.488016706428038,0.021041695512030854,0.9508138940731684,0.3468284536785207,0.3109584865354706,0.0
cruise,count_random_n32,cru,1200,0.04832066652253464,-13.158670838020232,-11.957330465846587,-18.73974417401188,-8.364922843882063,0.02212345918060843,0.9538318365067243,0.32561276456151367,-0.29605291480283996,0.0
cruise,count_random_n32,latent_ode,1200,0.05081618091984031,-12.939979773762403,-11.910819053047847,-18.479513039500144,-8.275663271345726,0.020002313099964038,0.9513457285364469,0.18391392846293153,-0.0661140659851814,0.0
cruise,count_random_n32,neural_flow,1200,0.04911312006986312,-13.088024750298198,-11.889740043666642,-18.650351976860357,-8.373462605169108,0.02124553962557305,0.952414303869009,0.25034065981931536,-0.23653420926418525,0.0
cruise,count_random_n32,tpatchgnn,1200,0.021368478800019755,-16.70226393712027,-15.371611943165915,-21.031434339024234,-12.419287744849829,0.011073884237351497,0.9802581816166639,0.20923939099763325,-0.0393645392669229,0.0
cruise,count_random_n32,time_rwkv_csi,1200,0.050317245799742526,-12.98283138761307,-11.844205889872985,-18.560450811335528,-8.311266907449063,0.019476729832204002,0.9521947685877482,0.2230614566965653,-0.13195966645596893,0.0
cruise,count_random_n32,ct_transformer_csi,1200,0.023284074585608324,-16.3294101821441,-15.289188671432278,-20.4548578288026,-11.654236215938012,0.011390988330313122,0.978477292706569,0.2589086726593814,-0.21904585330443904,0.0
cruise,timestamps_none,hold,1200,0.059511876849307255,-12.253963530045011,-11.507196023827166,-17.66730167530349,-7.124183109396145,0.009163825959149108,0.9431185889244079,0.09464887273818097,-0.05467421503136317,0.0
cruise,timestamps_none,linear,1200,0.040601818553113844,-13.914545139623415,-12.730438484426116,-19.235854838353795,-9.753059578638164,0.02325274877572762,0.9725539991259575,0.4334807017826339,0.4292104700890195,0.0
cruise,timestamps_none,kalman,1200,0.03918549164683403,-14.068746999189612,-12.82130811792317,-19.460625449681274,-10.070599095661354,0.022164141701869085,0.9726915882527828,0.38987746425763664,0.38364145966106056,0.0
cruise,timestamps_none,harmonic,1200,0.05843000591213543,-12.333640697464215,-10.988758776200829,-18.573895901885106,-7.763068462473408,0.02191079750106534,0.9545713867992163,0.35505252472522747,0.32725478108419337,0.0
cruise,timestamps_none,cru,1200,0.04813036187095956,-13.175808730417337,-11.966494158021,-18.759904462444712,-8.374696404687981,0.02215253978503218,0.9539690266301235,0.3282496877172889,-0.30650516473912526,0.0
cruise,timestamps_none,latent_ode,1200,0.050565151110859005,-12.961486905589314,-11.931203900030896,-18.481681825185795,-8.282587014891416,0.019705726737095877,0.9515476387242476,0.18245124921864164,-0.06682326056279635,0.0
cruise,timestamps_none,neural_flow,1200,0.04853362128107013,-13.13957303085868,-11.939166880320444,-18.683309210459242,-8.38541701425022,0.020560160151205008,0.9529605734845003,0.24308416615804543,-0.229499962546995,0.0
cruise,timestamps_none,tpatchgnn,1200,0.021567733501190862,-16.66195491413195,-15.363600280213541,-20.941095355079327,-12.354885736450719,0.011096701978628214,0.9800311780224243,0.20565188638320858,-0.04363609569395218,0.0
cruise,timestamps_none,time_rwkv_csi,1200,0.05052255235799142,-12.965147173607406,-11.826937385640761,-18.544249263831055,-8.31692323661101,0.019525790640400373,0.951894282673796,0.2196734222723717,-0.13079564462554724,0.0
cruise,timestamps_none,ct_transformer_csi,1200,0.023897486169007606,-16.21647781074786,-15.173138928546692,-20.416942671599745,-11.492329143274887,0.011820054348233194,0.9778940344353517,0.2593831571688133,-0.22061204191046271,0.0
cruise,timestamps_uniform_times,hold,1200,0.059511876849307255,-12.253963530045011,-11.507196023827166,-17.66730167530349,-7.124183109396145,0.009163825959149108,0.9431185889244079,0.09464887273818097,-0.05467421503136317,0.0
cruise,timestamps_uniform_times,linear,1200,0.04206316593481461,-13.760980427225654,-12.630772129146127,-18.73166350066103,-9.82736438915237,0.02372260213761668,0.9714360748231411,0.4388692201907785,0.43249759612537064,0.0
cruise,timestamps_uniform_times,kalman,1200,0.04079250091885721,-13.894196680105804,-12.68827574994248,-19.051291015697394,-9.84233497008475,0.022983488683845886,0.9717285067339738,0.39952278320808543,0.3913153925424073,0.0
cruise,timestamps_uniform_times,harmonic,1200,3.979417214729668,5.9981947434519505,6.281780152706473,4.533537312327542,9.652646019081729,2.1572804755719455,0.41222178330800185,5.340033631323216,5.321191546311602,0.0
cruise,timestamps_uniform_times,cru,1200,0.048313917369123376,-13.159277477997506,-11.949537135519643,-18.742893616638458,-8.461069656879298,0.0222791159776898,0.95379703288277,0.331054668580764,-0.3090140187574434,0.0
cruise,timestamps_uniform_times,latent_ode,1200,0.050551845416533375,-12.962629856795406,-11.932006388637896,-18.483138147468303,-8.283067622602463,0.019698528593144148,0.9515537524223328,0.18217289278654486,-0.06707003703284803,0.0
cruise,timestamps_uniform_times,neural_flow,1200,0.04852752942606457,-13.140118183888017,-11.939730865493841,-18.686229709920788,-8.387460312722146,0.02055472934048642,0.9529648419717948,0.2429090230040803,-0.22939185006970925,0.0
cruise,timestamps_uniform_times,tpatchgnn,1200,0.024938331774562054,-16.03132601592606,-14.769193849326228,-20.525709025401323,-11.867395334527666,0.011986013140740397,0.976706453487277,0.20841431681295944,-0.05954689664665542,0.0
cruise,timestamps_uniform_times,time_rwkv_csi,1200,0.05029463678346171,-12.984783238810998,-11.85326588813709,-18.537024637758186,-8.304994142937874,0.019568239897295524,0.9520227864633004,0.22335478764313546,-0.14990218005620895,0.0
cruise,timestamps_uniform_times,ct_transformer_csi,1200,0.03026494900940937,-15.190600534530908,-14.289764569289689,-19.596532596202824,-10.547207749970168,0.0131616233013483,0.9715874870618184,0.30457967516878853,-0.2736406690599203,0.0
cruise,timestamps_jitter_20,hold,1200,0.059511876849307255,-12.253963530045011,-11.507196023827166,-17.66730167530349,-7.124183109396145,0.009163825959149108,0.9431185889244079,0.09464887273818097,-0.05467421503136317,0.0
cruise,timestamps_jitter_20,linear,1200,0.03994217551754749,-13.98568284244104,-12.813317578563158,-19.25330240700883,-9.844642159368666,0.02240083759854315,0.9725408547123273,0.4175479038763297,0.41266762726680706,0.0
cruise,timestamps_jitter_20,kalman,1200,0.03870010162262285,-14.122878945654197,-12.892605323296888,-19.408916183251293,-9.998446237356529,0.021479158408474176,0.9726474145551522,0.3765782785093082,0.369215303252422,0.0
cruise,timestamps_jitter_20,harmonic,1200,0.05126528226799564,-12.90176647046609,-11.674167612818335,-18.641102177018936,-8.573743141525895,0.02269741327140461,0.962053895543019,0.3656080871050775,0.3544732070230505,0.0
cruise,timestamps_jitter_20,cru,1200,0.04811044243245609,-13.177606492273302,-11.971038242864871,-18.76720643140927,-8.373177577061483,0.02209550255122546,0.953991981074214,0.3276829463270163,-0.30532605957091924,0.0
cruise,timestamps_jitter_20,latent_ode,1200,0.05052622865946129,-12.964831168322274,-11.935367312376346,-18.481492096556927,-8.279613205508017,0.019653558119498486,0.9515830207367738,0.18187054863930827,-0.06624174646733688,0.0
cruise,timestamps_jitter_20,neural_flow,1200,0.04848179981667878,-13.144212659881598,-11.94488037721104,-18.684651720770436,-8.391585880407543,0.02049890832066012,0.9530140841503938,0.24204100552364327,-0.22866414861777912,0.0
cruise,timestamps_jitter_20,tpatchgnn,1200,0.021987764999842816,-16.57818913320683,-15.269064766349072,-20.81253211600483,-12.214113320251347,0.011257032854094481,0.9796948941300313,0.21241413533149475,-0.04490898181240785,0.0
cruise,timestamps_jitter_20,time_rwkv_csi,1200,0.050813993462046105,-12.940166726280262,-11.818322296344181,-18.51578039977587,-8.314120434664133,0.019372237254065113,0.9520828242351611,0.22732925663208636,-0.10096296399723845,0.0
cruise,timestamps_jitter_20,ct_transformer_csi,1200,0.02486875217798418,-16.04346005474393,-15.040348555297442,-20.201812216518178,-11.308199395022761,0.011971919416998086,0.976997862358888,0.27238325567385496,-0.2412890873023025,0.0
cruise,stale_50,hold,1200,0.07745537933777086,-11.109484147597495,-10.349830804935307,-15.147698008198153,-6.548673007670254,0.011142963958870192,0.9262115842103958,0.11821114575530373,-0.06934284492831164,0.0
cruise,stale_50,linear,1200,0.051257115315772046,-12.902458389963831,-11.846969904156952,-18.03075619042462,-8.638563303590145,0.02935478908099564,0.9661707165340583,0.5222667534650343,0.5205667992589103,0.0
cruise,stale_50,kalman,1200,0.04928220022605577,-13.073099111377818,-11.97368223176029,-18.340812404876402,-8.774813692817672,0.027570267341579892,0.9664554985860984,0.4745729347473146,0.4718468464606849,0.0
cruise,stale_50,harmonic,1200,0.07748081750270407,-11.108058056731087,-9.920889068316523,-16.767506331395484,-6.600753529495485,0.026947025498132764,0.9391733565926552,0.407549232483337,0.3670131220072896,0.0
cruise,stale_50,cru,1200,0.05978249467773518,-12.234259661423561,-11.049061034530553,-16.558904129492678,-7.766513691894307,0.02494125483557582,0.9428936747213205,0.3633783918511047,-0.2834894827203667,0.0
cruise,stale_50,latent_ode,1200,0.06389421741245314,-11.945384448071845,-10.933067607654651,-16.14064438217787,-7.598392648161624,0.022203520840703275,0.9393442096312841,0.20629025540587767,-0.01281316166009674,0.0
cruise,stale_50,neural_flow,1200,0.05971375434368383,-12.239256228479036,-11.052741002583748,-16.565885234058427,-7.983375775379679,0.022781962613322927,0.9419526983549198,0.27244311208021826,-0.25893265265515464,0.0
cruise,stale_50,tpatchgnn,1200,0.03211326865925609,-14.933154873817855,-13.818272047750508,-18.754066364098165,-11.114373304509837,0.012838728327284723,0.9700488658746084,0.27168338212320425,-0.051330250596511175,0.0
cruise,stale_50,time_rwkv_csi,1200,0.07570492176959912,-11.20875884992734,-10.24401713667617,-15.30378573674726,-6.783452648545549,0.028403282706179502,0.9313277452935775,0.2947661299047953,0.08577751630888088,0.0
cruise,stale_50,ct_transformer_csi,1200,0.053377825980812,-12.72639118517114,-11.904543930028762,-16.167869048755048,-8.467399415326865,0.013955218944004932,0.9482324546078841,0.4024273284814747,-0.37807123128683695,0.0
cruise,stale_100,hold,1200,0.09517499183964295,-10.214771517502454,-9.521906643587952,-13.51302129445212,-5.796986364201023,0.011152255607533638,0.9097734775394202,0.14359274949504955,-0.0869537114976265,0.0
cruise,stale_100,linear,1200,0.06784800923865987,-11.684628906622937,-10.539462999748032,-16.851502243572007,-7.381236554680517,0.03879531047457325,0.9571921036144098,0.6301724000143197,0.6299523392374007,0.0
cruise,stale_100,kalman,1200,0.06402454932433709,-11.93653469894166,-10.753765607489434,-17.066489240499553,-7.722922419424642,0.03517005934831104,0.9578229488929113,0.5661490402810644,0.5653289895825341,0.0
cruise,stale_100,harmonic,1200,0.0981743037487225,-10.080021700591747,-9.098096665798419,-14.748327310692948,-5.728443083523165,0.03334646325412905,0.9236662815262874,0.46378683918759633,0.40509390372334264,0.0
cruise,stale_100,cru,1200,0.06970112933078781,-11.567601851996088,-10.475011089877562,-15.129328511016647,-7.274002934936205,0.0252943169013209,0.9338689571867387,0.38325103565507257,-0.22116959430335556,0.0
cruise,stale_100,latent_ode,1200,0.07743948918689664,-11.110375204213021,-10.182136411043544,-14.382165035004281,-6.9039675744231666,0.022710589685108667,0.9275788252055645,0.24039398178198704,0.05671025357284331,0.0
cruise,stale_100,neural_flow,1200,0.07076850216913347,-11.501599962354103,-10.375312395977684,-15.117523801074967,-7.373245559599106,0.02314301330373079,0.9314328854282697,0.28534841269904065,-0.25743086062147996,0.0
cruise,stale_100,tpatchgnn,1200,0.051749630809839194,-12.86092744186437,-12.096326407035374,-16.02268696666117,-8.88507533569864,0.01469536473499223,0.9512271418670813,0.31953467713911476,-0.10451270164330102,0.0
cruise,stale_100,time_rwkv_csi,1200,0.11899032835150138,-9.2448833704674,-8.584533832553324,-12.658187923551289,-4.643737334869963,0.04337174577444481,0.9134034177660942,0.7876313391736282,0.7580981305991493,0.0
cruise,stale_100,ct_transformer_csi,1200,0.090723788618731,-10.422788219668979,-9.801666720138794,-13.232065731655315,-6.040623721282316,0.014114846835509525,0.911398108775417,0.5118253002239119,-0.4984554011311654,0.0
cruise,history_flat,hold,1200,0.059511876849307255,-12.253963530045011,-11.507196023827166,-17.66730167530349,-7.124183109396145,0.009163825959149108,0.9431185889244079,0.09464887273818097,-0.05467421503136317,0.0
cruise,history_flat,linear,1200,0.059511876242540895,-12.253963574324455,-11.507196054033031,-17.667302620972812,-7.1241845109675825,0.009163826336459048,0.9431185930470626,0.09464897824340748,-0.05467436277637035,0.0
cruise,history_flat,kalman,1200,0.059511876849307255,-12.253963530045011,-11.507196023827166,-17.66730167530349,-7.124183109396145,0.009163825959149108,0.9431185889244079,0.09464887273818097,-0.05467421503136317,0.0
cruise,history_flat,harmonic,1200,0.059511876849307255,-12.253963530045011,-11.507196023827166,-17.66730167530349,-7.124183109396145,0.009163825959149108,0.9431185889244079,0.09464887273818097,-0.05467421503136317,0.0
cruise,history_flat,cru,1200,0.06773409532749307,-11.691926653597882,-10.97144992610298,-17.409712839197773,-6.464435721281024,0.012149582499308356,0.9420554486413797,0.25760396038613786,0.2538000930670629,0.0
cruise,history_flat,latent_ode,1200,0.06475189015540915,-11.887475496855846,-11.164863980383446,-17.508768383982506,-6.754715438076369,0.0107220462077809,0.94087031001846,0.13688820846235708,0.1203003065757366,0.0
cruise,history_flat,neural_flow,1200,0.05998654202773954,-12.219461725942347,-11.472696584965728,-17.62194286719395,-7.169368947927914,0.009783114900710644,0.9421092493832112,0.11068046885687637,-0.0773618177898652,0.0
cruise,history_flat,tpatchgnn,1200,0.06415667419232098,-11.9275815746329,-11.19364405494029,-17.571429851708118,-6.627871530673079,0.010335218990282252,0.9428032691280047,0.1553103442070278,0.12607360435846204,0.0
cruise,history_flat,time_rwkv_csi,1200,0.06347050646254501,-11.97428036221871,-11.212723317631943,-17.46998259762548,-6.89177845272401,0.010444987688454905,0.94228894084692,0.1434401081681911,0.1271257074533302,0.0
cruise,history_flat,ct_transformer_csi,1200,0.0615309696514305,-12.109062409180254,-11.367493107176704,-17.682574103137235,-6.983317475909722,0.009446551223663845,0.9429090304176012,0.09235016267138117,0.04463437143681891,0.0
cruise,history_reverse,hold,1200,0.059511876849307255,-12.253963530045011,-11.507196023827166,-17.66730167530349,-7.124183109396145,0.009163825959149108,0.9431185889244079,0.09464887273818097,-0.05467421503136317,0.0
cruise,history_reverse,linear,1200,0.32227734915136047,-4.917702172436748,-4.397265944221157,-7.3246487223290995,-0.749811080779997,0.013217144515244096,0.7362585381961738,0.3179388718836844,-0.133972692593026,0.0
cruise,history_reverse,kalman,1200,0.2566505779294918,-5.906577534515075,-5.4110586599354535,-8.16974064550628,-2.074340860463301,0.012670143114713331,0.7756996380196264,0.3324395229377357,-0.24579006875001747,0.0
cruise,history_reverse,harmonic,1200,0.18949551317840815,-7.2240106867705745,-6.763256691000567,-9.66126098858966,-3.7027219552115964,0.01472916569992473,0.8318997218397757,0.2503718438359889,-0.1843615383770763,0.0
cruise,history_reverse,cru,1200,0.056289856359217086,-12.495698595735691,-11.578484112953332,-18.220084001138268,-7.521036232704071,0.01959395000635292,0.9471323172003031,0.28039286209234887,-0.14304273852053484,0.0
cruise,history_reverse,latent_ode,1200,0.06046334364708552,-12.1850783983557,-11.433018142234719,-17.67629008666743,-7.06003362358508,0.010707671814810358,0.9440738753477732,0.11844659966785305,0.09609319498951663,0.0
cruise,history_reverse,neural_flow,1200,0.05472402975455528,-12.618219296408554,-11.784155732085548,-17.96297597702883,-7.69643953762197,0.01046897042266816,0.946800925731659,0.13581061120037097,-0.10512137326142693,0.0
cruise,history_reverse,tpatchgnn,1200,0.1101581239423831,-9.57983468978517,-9.100811267439235,-13.232445275761215,-4.879803793717262,0.011433662854979048,0.8988933724661669,0.2586915797640783,-0.13468337587211862,0.0
cruise,history_reverse,time_rwkv_csi,1200,0.05118395954615456,-12.908661205095928,-11.939441453964195,-18.316693332860986,-8.152921094067638,0.013807551740586253,0.9523782230913639,0.1685349795114113,0.038970093409055453,0.0
cruise,history_reverse,ct_transformer_csi,1200,0.07936415192314598,-11.00375620211932,-10.437366276267772,-16.387752668621246,-5.5558181843696905,0.01231935859615381,0.9239404568821192,0.3741978509860928,-0.35358543770552087,0.0
highspeed,main,hold,3600,0.160499123375246,-7.945273353110284,-6.55864837692728,-12.51454478261169,-3.9601270640416026,0.02225935150298028,0.8782509379221932,0.37034604023798895,0.06788724555067599,0.0
highspeed,main,linear,3600,0.31186281708265695,-5.060364024100744,-3.335513120496571,-13.609649772644794,-2.2911637456929115,0.1370219749427002,0.8987570470785631,0.9900784023947118,0.979207248934682,0.0
highspeed,main,kalman,3600,0.27578403108810257,-5.594308846833826,-3.8350947434829874,-14.060489675877783,-2.7501630843068994,0.11918425480790928,0.9049747507110543,0.8848816089089693,0.8718517624173344,0.0
highspeed,main,harmonic,3600,1.0144107708074384,0.06213851812699452,1.2722858817184193,-11.300917440526124,0.5173863406620054,0.6293084170019286,0.8447014714502105,1.4322536176874938,1.3130148982443917,0.0
highspeed,main,cru,3600,0.12814490744442486,-8.922986482603147,-7.725592279359034,-12.886814083430435,-4.731314560812657,0.04599295590674956,0.8805527892550958,0.8645913617621974,-0.7115409660483661,0.0
highspeed,main,latent_ode,3600,0.13015856233425235,-8.855272570422276,-7.733387738605197,-12.912823019724922,-4.7697262873867485,0.039901138066860665,0.8839327760156448,0.677573261087211,-0.40952368868457384,0.0
highspeed,main,neural_flow,3600,0.12862717300934998,-8.906672752577075,-7.705593048522078,-13.011193577395145,-4.579235835510755,0.039525292646355105,0.8836634782877455,0.6734978402984658,-0.4862161994525296,0.0
highspeed,main,tpatchgnn,3600,0.07876498307767583,-11.03666815963588,-9.577169624256847,-14.563864762095367,-7.691500955971359,0.031894279189611754,0.92815936303801,0.5110907804482248,-0.36647991630930593,0.0
highspeed,main,time_rwkv_csi,3600,0.12384664438861566,-9.071157560805702,-8.216157804999227,-13.356647643288056,-5.854512265424597,0.03498892618586776,0.8951485071172162,0.40340349668288683,-0.2658303193353216,0.0
highspeed,main,ct_transformer_csi,3600,0.09218653999227779,-10.353324849530212,-8.8928875777763,-14.096362736716465,-6.822144305548717,0.03563470341723991,0.916773972585668,0.6023179795154768,-0.5248530686277809,0.0
highspeed,offgrid,hold,288,0.24533674138683637,-6.102374074125301,-4.67206285712656,-9.482517120780763,-2.054196089513554,0.028757019753053708,0.8033100579330797,0.650422465236463,0.18148871095602065,0.0
highspeed,offgrid,linear,288,0.43178561287120626,-3.647318324852074,-1.6711937144119928,-10.427116520432502,0.6136734702291703,0.2047542063915494,0.8431207959855619,1.5575515049720505,1.5566014670046369,0.0
highspeed,offgrid,kalman,288,0.37160772849913176,-4.299152623597109,-2.3288439288258536,-10.41754417914295,-0.10771558827497357,0.1751452244394361,0.8545542831642605,1.422281263890707,1.415906406948933,0.0
highspeed,offgrid,harmonic,288,0.9800262960334294,-0.0876227117587306,3.6095086034985484,-8.185700770893416,1.0552305371009423,0.6023142710119929,0.808788065537783,1.682960625395127,1.5330741586965613,0.0
highspeed,offgrid,cru,288,0.20731302269662896,-6.83373416151936,-5.655477182410035,-9.418847881156402,-2.6719078216818595,0.07255837412182903,0.8044371643627528,1.5042503099423103,-1.1958228717571222,0.0
highspeed,offgrid,latent_ode,288,0.2072505186404467,-6.835043739627201,-5.74946636439584,-9.553322993164723,-2.8933931727126403,0.058340747409311514,0.8108866779376613,1.1241134581359802,-0.618952250601271,0.0
highspeed,offgrid,neural_flow,288,0.20477331616287606,-6.887266365547971,-5.6709240050904794,-9.60754949270789,-2.736147676083016,0.06094437773742811,0.8087344582713235,1.148116864134661,-0.7981723292679008,0.0
highspeed,offgrid,tpatchgnn,288,0.10583124438229181,-9.75386097332901,-8.318214513553496,-11.88213207251175,-5.852114404635461,0.044618203824635806,0.9040195626310177,0.7934011824615178,-0.5252604283160609,0.0
highspeed,offgrid,time_rwkv_csi,288,0.19602019749618194,-7.076991775760848,-6.4273660942954,-10.26567920782286,-2.5930482201637624,0.05572312132373251,0.8227641902598811,0.7190317224505836,-0.4982395134809647,0.0
highspeed,offgrid,ct_transformer_csi,288,0.12353377204085013,-9.082142974169074,-7.613536505948061,-11.050662058353458,-5.097803446422598,0.053036497074370144,0.8872386554204341,0.9816496737734673,-0.848556770985144,0.0
highspeed,pattern_uniform_n16,hold,1200,0.16584589082711318,-7.80295284549794,-6.146230202715527,-12.68356345859022,-3.631702992610989,0.021906579727155987,0.8765461391822995,0.3649525994590052,0.07955224874350582,0.0
highspeed,pattern_uniform_n16,linear,1200,0.32739578097884686,-4.849269214708453,-2.7511009869912373,-14.325025466273857,-2.2009637554004735,0.13827303757010062,0.8997739969117508,0.9834986507603631,0.972360655651634,0.0
highspeed,pattern_uniform_n16,kalman,1200,0.29109039787797275,-5.359721202822131,-3.2534830758755677,-14.70335592702343,-2.761619901616648,0.12238675845806786,0.9065783435150904,0.8877599279250838,0.875113471490707,0.0
highspeed,pattern_uniform_n16,harmonic,1200,0.42163235804624494,-3.750660667194377,-2.1749712361495632,-10.000877894864432,-0.4527435645614175,0.15205873691593297,0.8322478871861798,1.215214657631538,1.1077073224615015,0.0
highspeed,pattern_uniform_n16,cru,1200,0.1268632750379523,-8.966640812678042,-7.56031016921423,-13.152202636287946,-4.772879211264033,0.04512245048582675,0.8819876477927452,0.8580394078179476,-0.6709540213060002,0.0
highspeed,pattern_uniform_n16,latent_ode,1200,0.13058594945866692,-8.84103548947902,-7.511695625237751,-13.035040070858283,-4.708141292557202,0.03939945118831929,0.8853155833592125,0.6614330660913219,-0.3640777845565814,0.0
highspeed,pattern_uniform_n16,neural_flow,1200,0.12825038698021066,-8.91941315782489,-7.5000940875123,-13.169285356328524,-4.590416021369972,0.03925935848307138,0.8851970378177065,0.6689354438735381,-0.4609355734342065,0.0
highspeed,pattern_uniform_n16,tpatchgnn,1200,0.07454613090618901,-11.275748923813083,-9.583775635867685,-15.154865492182553,-8.343247089286582,0.028352689965537744,0.9327251820390423,0.4464005893047215,-0.2709806907653668,0.0
highspeed,pattern_uniform_n16,time_rwkv_csi,1200,0.11830523025070458,-9.269960548749554,-8.197078181460252,-13.6562134884783,-5.987575345723513,0.03194868580895066,0.9011550299598214,0.3442959585295951,-0.1822642604042388,0.0
highspeed,pattern_uniform_n16,ct_transformer_csi,1200,0.09103822392728034,-10.407762235556124,-8.726380884731341,-14.36052767114817,-7.243598751830288,0.03437042737519733,0.918259692400461,0.5799232982318305,-0.4886308775397871,0.0
highspeed,pattern_random_n16,hold,1200,0.16584589249576917,-7.802952801801465,-6.146230176398562,-12.683563308619192,-3.6317029630878723,0.021906579736936084,0.8765461359515287,0.36495254402348415,0.07955227152006653,0.0
highspeed,pattern_random_n16,linear,1200,0.32547866437907336,-4.874774748258294,-2.791456930733692,-13.807277003975525,-2.4733831793912233,0.1369570588389858,0.898941111527763,0.9742428564886602,0.9623205959134308,0.0
highspeed,pattern_random_n16,kalman,1200,0.29093875141564546,-5.361984293025056,-3.274992800054826,-14.309873172163913,-3.0787668517956908,0.12243272908742711,0.905169056313025,0.8827457733522017,0.8708518476110688,0.0
highspeed,pattern_random_n16,harmonic,1200,0.3414790726946861,-4.666359065994556,-2.706834961241109,-12.761421289190015,-1.8748170041378491,0.13626605318344445,0.8858420655452726,1.0363838953004354,0.9807255795503442,0.0
highspeed,pattern_random_n16,cru,1200,0.1273427201555387,-8.950258774506366,-7.536165826825831,-13.125574453744475,-4.692399640067144,0.044471558273993045,0.881485810507802,0.8429217939070077,-0.66532532960419,0.0
highspeed,pattern_random_n16,latent_ode,1200,0.13071904894258599,-8.83661120546126,-7.504459034698918,-13.059242585025626,-4.713987668718154,0.0394674157891283,0.8851904647081937,0.6638561689825292,-0.36724560981390825,0.0
highspeed,pattern_random_n16,neural_flow,1200,0.12859117337782663,-8.907888407808734,-7.489265245433665,-13.179086212432953,-4.570391278142806,0.03951090705480358,0.884956853932587,0.6748335313703865,-0.46426501463797953,0.0
highspeed,pattern_random_n16,tpatchgnn,1200,0.07645803403838121,-11.165768731657943,-9.48027373493835,-14.812660449885286,-8.273003015037487,0.029306214988176482,0.9308846721922358,0.47243577240930484,-0.3025034064518513,0.0
highspeed,pattern_random_n16,time_rwkv_csi,1200,0.11874325695157797,-9.253910431925146,-8.186898594713266,-13.6187398867986,-5.9560912459887545,0.032130458991011135,0.9008585423083666,0.3494602828646748,-0.19099967540062304,0.0
highspeed,pattern_random_n16,ct_transformer_csi,1200,0.09265413339793667,-10.331352015811992,-8.646550577657607,-14.238293443660307,-7.123434209702831,0.03429702184960964,0.9171738170460352,0.5665723617632465,-0.4601545855111423,0.0
highspeed,pattern_bursty_n16,hold,1200,0.16584589121473375,-7.802952835347464,-6.146230200660229,-12.683563458408202,-3.6317026939297494,0.021906579663279142,0.8765461413043037,0.3649525730385479,0.07955224936128312,0.0
highspeed,pattern_bursty_n16,linear,1200,0.3362219240897563,-4.733739708466977,-2.6892374099582117,-13.40512549460589,-2.2164432434798083,0.14266779279480338,0.8922574638360826,1.0106898448016242,1.0016973424929407,0.0
highspeed,pattern_bursty_n16,kalman,1200,0.2937582684685064,-5.320099003807756,-3.2546128498144973,-13.720647020548567,-2.750972381769795,0.11911125856106991,0.8978669351974774,0.8816542626223478,0.8693661605378777,0.0
highspeed,pattern_bursty_n16,harmonic,1200,0.3738447365205866,-4.273087295449377,-2.4562916583130843,-10.988158207159264,-1.3118551686394655,0.13080801777734147,0.8556800500735698,1.0509070140201462,0.9383860032602388,0.0
highspeed,pattern_bursty_n16,cru,1200,0.12997006968869754,-8.861566481979391,-7.477881718882017,-12.963948637475763,-4.523229233440058,0.04768137423490771,0.8794790596187765,0.8952032323258754,-0.7342473099073686,0.0
highspeed,pattern_bursty_n16,latent_ode,1200,0.12961225082506644,-8.873539474293565,-7.5446724765609785,-13.061273089492467,-4.758308511352524,0.03789357767544061,0.885792984645077,0.6397466782625028,-0.3524247159356795,0.0
highspeed,pattern_bursty_n16,neural_flow,1200,0.1282025978411366,-8.92103174375396,-7.501371111827307,-13.18049855239073,-4.519963959240633,0.037859755222001086,0.8853249184896291,0.6451920352350862,-0.427896663427285,0.0
highspeed,pattern_bursty_n16,tpatchgnn,1200,0.0835465272520681,-10.780715975552546,-9.087210067430005,-14.60891568624573,-7.377729132352442,0.03159905644652402,0.9235161773394793,0.519852384688129,-0.3701348060258412,0.0
highspeed,pattern_bursty_n16,time_rwkv_csi,1200,0.11904362191854186,-9.2429386812794,-8.172075226042072,-13.605859456568153,-5.922686851406231,0.03198623300267173,0.8998040778995103,0.3457157143823861,-0.19639601599119488,0.0
highspeed,pattern_bursty_n16,ct_transformer_csi,1200,0.09737467336256184,-10.11553986131445,-8.447890778652816,-14.2058274284651,-6.844965680190121,0.03495351379928858,0.9139258333916466,0.5828676470679662,-0.4838351699415095,0.0
highspeed,pattern_dropout_n16,hold,1200,0.16584589192990581,-7.80295281661952,-6.14623018096125,-12.68356345859022,-3.631702992610989,0.021906579682463415,0.8765461421980156,0.36495256067970333,0.07955227875052515,0.0
highspeed,pattern_dropout_n16,linear,1200,0.3200520403722385,-4.947793997771124,-2.8704873704896174,-14.114441288460693,-2.1760277884422075,0.13464332546502797,0.9008810201449027,0.9544729443257286,0.9422808090347098,0.0
highspeed,pattern_dropout_n16,kalman,1200,0.2943745318637351,-5.310997661738508,-3.2138917066654376,-14.42980359187133,-2.7378607627669993,0.1246317765426041,0.9060609189180469,0.8872924923095039,0.874312564283482,0.0
highspeed,pattern_dropout_n16,harmonic,1200,0.3341924210765501,-4.7600340340120155,-2.7815560627418847,-13.245467298290855,-1.8208878089816118,0.13485443635781547,0.8897485624140488,1.0023677399691466,0.9548275376719539,0.0
highspeed,pattern_dropout_n16,cru,1200,0.12740264479290395,-8.948215562468096,-7.517840284514899,-13.139033946992258,-4.696924844441235,0.04345668409248598,0.8817323659662483,0.8251406644342932,-0.6419558799920682,0.0
highspeed,pattern_dropout_n16,latent_ode,1200,0.13103310053378056,-8.826189824868358,-7.492343222559331,-13.040515093753461,-4.704749092407261,0.03970926425253613,0.8850046360123998,0.6659143644542594,-0.368466421604835,0.0
highspeed,pattern_dropout_n16,neural_flow,1200,0.12881788553133447,-8.90023833806177,-7.476034937237985,-13.170128504227645,-4.562871218930319,0.03970085863076747,0.8847013965774992,0.6799436001312764,-0.46734295765927525,0.0
highspeed,pattern_dropout_n16,tpatchgnn,1200,0.07740832125983313,-11.11212350906535,-9.382294302094984,-15.047256767767912,-7.7880249805152255,0.02976276262889769,0.9299692694221934,0.4973139573834544,-0.3208340573732801,0.0
highspeed,pattern_dropout_n16,time_rwkv_csi,1200,0.11835416547498728,-9.268164524711345,-8.18971110400473,-13.623335739062963,-6.01190341673886,0.03174296006514851,0.9004557601506046,0.3409895257880756,-0.20797210259285445,0.0
highspeed,pattern_dropout_n16,ct_transformer_csi,1200,0.09335133723174902,-10.298794565235793,-8.588786278200846,-14.272135300199988,-7.0736273517650154,0.034256728198809774,0.9164239473890241,0.5806830508489595,-0.47901256703526085,0.0
highspeed,count_random_n4,hold,1200,0.1658458928181426,-7.802952793359593,-6.146230174426744,-12.683563308255156,-3.6317026939297494,0.021906579762984015,0.8765461447100855,0.3649525587368286,0.07955224253866618,0.0
highspeed,count_random_n4,linear,1200,0.3166589180485759,-4.994082764516096,-3.006085199754269,-13.497647189297247,-2.3845404701192785,0.13325895782836747,0.8948437018859537,0.9204356526316648,0.911633351285515,0.0
highspeed,count_random_n4,kalman,1200,0.2845877307908328,-5.45783827247861,-3.457408759608555,-13.859654830974648,-2.6667998111598497,0.11212290358680851,0.897426813278258,0.8071059713183422,0.7904030930282291,0.0
highspeed,count_random_n4,harmonic,1200,1.9563814808559437,2.9145354312893215,5.553683938134841,-6.356271354025584,3.3868391994318334,1.2426728712697968,0.7151107337966096,1.6516354283741383,1.3270431730411656,0.0
highspeed,count_random_n4,cru,1200,0.12994801177293994,-8.862303608928384,-7.419930998286755,-13.05889927186183,-4.69140925508683,0.04513490979523037,0.8803837045719834,0.8601529787903442,-0.7167882598793586,0.0
highspeed,count_random_n4,latent_ode,1200,0.12780596665475363,-8.934488705536236,-7.575320120148637,-13.159891038044726,-4.740539547729803,0.036978855994044955,0.8856434968647712,0.636797976969489,-0.3965414997479335,0.0
highspeed,count_random_n4,neural_flow,1200,0.1254203813271609,-9.016318831330656,-7.548861233287595,-13.354591265086631,-4.510915069553175,0.03772633423283575,0.8852770166499462,0.6521361852612123,-0.5666525516794597,0.0
highspeed,count_random_n4,tpatchgnn,1200,0.08932296408473121,-10.490368737747618,-8.856198958467624,-14.478344317039774,-7.013610317658282,0.03355514917830684,0.9181690857559442,0.5451611637051398,-0.37768703741032067,0.0
highspeed,count_random_n4,time_rwkv_csi,1200,0.11876677246971667,-9.253050454784393,-8.19309560406133,-13.412850966198087,-5.900338645825114,0.032782296571443416,0.898542270665057,0.38027750605431115,-0.22229846142305176,0.0
highspeed,count_random_n4,ct_transformer_csi,1200,0.10433446792970548,-9.815721943655682,-8.151647496383216,-13.645465153561648,-6.1822602254883625,0.03772882592563898,0.9049868501810124,0.6670910591797292,-0.5929185255973183,0.0
highspeed,count_random_n8,hold,1200,0.16584589115569542,-7.80295283689348,-6.14623017225945,-12.683563308255156,-3.6317027234528663,0.02190657965926827,0.8765461389018689,0.3649525693304046,0.0795522753245435,0.0
highspeed,count_random_n8,linear,1200,0.32219389698976253,-4.9188269026308244,-2.903849016456475,-13.675577571679,-2.2063111949311227,0.13575395190123496,0.896707017650358,0.958393789504662,0.9485073467325734,0.0
highspeed,count_random_n8,kalman,1200,0.2917970053151718,-5.34919169542532,-3.3260084932415905,-13.989831931435273,-2.6898638553261187,0.11919213990390139,0.9005641434584141,0.8627780666943242,0.8505374184983521,0.0
highspeed,count_random_n8,harmonic,1200,0.4731216805922122,-3.2502715014246766,-1.170291900354863,-12.471587979150303,-1.5249386666763918,0.24161481913394103,0.8804758956886508,1.0306927657354905,0.9960446814459798,0.0
highspeed,count_random_n8,cru,1200,0.1282146323467047,-8.920624086330887,-7.49060361785821,-13.05401266479215,-4.547405346078115,0.044805505409522085,0.8811852301623306,0.8511434433756707,-0.6947068575502878,0.0
highspeed,count_random_n8,latent_ode,1200,0.12931766739629286,-8.883421376983945,-7.54685682297593,-13.142334193303128,-4.720986867591104,0.03855978940649948,0.8856521399486852,0.6521742344461032,-0.3760148729242928,0.0
highspeed,count_random_n8,neural_flow,1200,0.12714289492365424,-8.95707904317743,-7.5274699003662064,-13.287384509426117,-4.607426437286314,0.03798383846775323,0.8855541714407505,0.6490337172619184,-0.46250521845950665,0.0
highspeed,count_random_n8,tpatchgnn,1200,0.08089542728970021,-10.920760267063587,-9.277597061906231,-14.70539011383967,-7.907622241884753,0.030665667624392275,0.9263687813095749,0.5000104897331887,-0.33953685001769673,0.0
highspeed,count_random_n8,time_rwkv_csi,1200,0.1186100980406627,-9.25878335114685,-8.203636441781736,-13.565601961669756,-6.116905238555427,0.03216442187682939,0.9000565579925509,0.3551798706740859,-0.19581379123551113,0.0
highspeed,count_random_n8,ct_transformer_csi,1200,0.09618399256632378,-10.168971994650114,-8.49176106402291,-14.04120227183717,-6.834333457089789,0.035074200755698254,0.9139950254543995,0.5871311226649656,-0.49176872170418695,0.0
highspeed,count_random_n32,hold,1200,0.1658458907140266,-7.802952848459297,-6.146230175439652,-12.68356345859022,-3.631702752975985,0.021906579665158764,0.8765461417951671,0.3649525659158947,0.07955225041248923,0.0
highspeed,count_random_n32,linear,1200,0.32433147783657357,-4.890108990380805,-2.8005686075951397,-13.962774208528977,-2.3091217110930353,0.1369634560183719,0.9017034656276307,0.9753835084378201,0.9642659861612265,0.0
highspeed,count_random_n32,kalman,1200,0.2770222616426569,-5.574853294189931,-3.464600704868996,-14.59618168444609,-3.49335619913818,0.11957179611661559,0.9119372723525158,0.860602872137318,0.8469462719065177,0.0
highspeed,count_random_n32,harmonic,1200,0.34151327880332244,-4.66592405309264,-2.7202388135890407,-12.917441957836488,-1.8764175900031463,0.13580357279114955,0.8869906807646385,1.0274089674546394,0.972200990504889,0.0
highspeed,count_random_n32,cru,1200,0.12799080695317874,-8.928212227965446,-7.506699540181629,-13.190204270831321,-4.747860020497091,0.04227930349620389,0.8813898188754623,0.8045377575517099,-0.6060209979927701,0.0
highspeed,count_random_n32,latent_ode,1200,0.13167614975425748,-8.804928808326455,-7.4738866003887106,-13.021895059778831,-4.706990564757154,0.03993946787826644,0.8847083665085727,0.6682687764201999,-0.3649377036668286,0.0
highspeed,count_random_n32,neural_flow,1200,0.1297787735635878,-8.867963343310866,-7.443647736904763,-13.156328530615845,-4.469367591594019,0.040739156656621464,0.883968719297762,0.6935393862904554,-0.49155318660516056,0.0
highspeed,count_random_n32,tpatchgnn,1200,0.07437904630739164,-11.285493944913318,-9.577212387755099,-15.120439952817167,-8.413448441810901,0.028741853452681123,0.933136064906915,0.4632617406436475,-0.2864401544998206,0.0
highspeed,count_random_n32,time_rwkv_csi,1200,0.1187318469595751,-9.254327763804373,-8.177003969157118,-13.621136679312063,-6.0126894822260875,0.03214632975064888,0.9012385846852946,0.34174652322108573,-0.17901006715801904,0.0
highspeed,count_random_n32,ct_transformer_csi,1200,0.09056844016213897,-10.43023111939356,-8.73812527261429,-14.30882145683631,-7.346414466813077,0.033482226537453245,0.9186191068810876,0.5529363908469774,-0.45770167094951225,0.0
highspeed,timestamps_none,hold,1200,0.16584589249576917,-7.802952801801465,-6.146230176398562,-12.683563308619192,-3.6317029630878723,0.021906579736936084,0.8765461359515287,0.36495254402348415,0.07955227152006653,0.0
highspeed,timestamps_none,linear,1200,0.32547866437907336,-4.874774748258294,-2.791456930733692,-13.807277003975525,-2.4733831793912233,0.1369570588389858,0.898941111527763,0.9742428564886602,0.9623205959134308,0.0
highspeed,timestamps_none,kalman,1200,0.29093875141564546,-5.361984293025056,-3.274992800054826,-14.309873172163913,-3.0787668517956908,0.12243272908742711,0.905169056313025,0.8827457733522017,0.8708518476110688,0.0
highspeed,timestamps_none,harmonic,1200,0.3414790726946861,-4.666359065994556,-2.706834961241109,-12.761421289190015,-1.8748170041378491,0.13626605318344445,0.8858420655452726,1.0363838953004354,0.9807255795503442,0.0
highspeed,timestamps_none,cru,1200,0.1273427201555387,-8.950258774506366,-7.536165826825831,-13.125574453744475,-4.692399640067144,0.044471558273993045,0.881485810507802,0.8429217939070077,-0.66532532960419,0.0
highspeed,timestamps_none,latent_ode,1200,0.13071904894258599,-8.83661120546126,-7.504459034698918,-13.059242585025626,-4.713987668718154,0.0394674157891283,0.8851904647081937,0.6638561689825292,-0.36724560981390825,0.0
highspeed,timestamps_none,neural_flow,1200,0.12859117337782663,-8.907888407808734,-7.489265245433665,-13.179086212432953,-4.570391278142806,0.03951090705480358,0.884956853932587,0.6748335313703865,-0.46426501463797953,0.0
highspeed,timestamps_none,tpatchgnn,1200,0.07645803403838121,-11.165768731657943,-9.48027373493835,-14.812660449885286,-8.273003015037487,0.029306214988176482,0.9308846721922358,0.47243577240930484,-0.3025034064518513,0.0
highspeed,timestamps_none,time_rwkv_csi,1200,0.11874325695157797,-9.253910431925146,-8.186898594713266,-13.6187398867986,-5.9560912459887545,0.032130458991011135,0.9008585423083666,0.3494602828646748,-0.19099967540062304,0.0
highspeed,timestamps_none,ct_transformer_csi,1200,0.09265413339793667,-10.331352015811992,-8.646550577657607,-14.238293443660307,-7.123434209702831,0.03429702184960964,0.9171738170460352,0.5665723617632465,-0.4601545855111423,0.0
highspeed,timestamps_uniform_times,hold,1200,0.16584589249576917,-7.802952801801465,-6.146230176398562,-12.683563308619192,-3.6317029630878723,0.021906579736936084,0.8765461359515287,0.36495254402348415,0.07955227152006653,0.0
highspeed,timestamps_uniform_times,linear,1200,0.33556190604916386,-4.742273474013447,-2.67497053188832,-13.697495555233992,-2.4383489767437725,0.14298115954045898,0.8965612077861684,1.002917045514235,0.9805430758155611,0.0
highspeed,timestamps_uniform_times,kalman,1200,0.3044980621678527,-5.164154668816358,-3.0736045599307227,-13.9508353370532,-3.0976976367573865,0.13082422864730384,0.9031542391423014,0.9167712722179324,0.8957443628807474,0.0
highspeed,timestamps_uniform_times,harmonic,1200,17.293243037147914,12.378764450417954,14.247035154311995,7.919752285702701,16.853406689844782,12.666005286327175,0.3651163373309828,9.146564065427713,9.086024520727612,0.0
highspeed,timestamps_uniform_times,cru,1200,0.12770067668072443,-8.938068014215808,-7.530319104367473,-13.087166443369302,-4.567810730694484,0.04476380820353067,0.8812437140603773,0.8468586449281429,-0.6710334337713235,0.0
highspeed,timestamps_uniform_times,latent_ode,1200,0.13075207259188876,-8.835514182688222,-7.5034712564777015,-13.039251873225963,-4.712987855044851,0.03949541625921787,0.8851772527704452,0.6644285741483206,-0.3676175100217491,0.0
highspeed,timestamps_uniform_times,neural_flow,1200,0.12858976622697205,-8.90793593215889,-7.48943643500879,-13.170728131107813,-4.571299674845013,0.03951945317851217,0.8849566700525004,0.6750701563945677,-0.4643839239699052,0.0
highspeed,timestamps_uniform_times,tpatchgnn,1200,0.08477132115593729,-10.7175104833659,-9.089993210486286,-14.487972445122185,-7.530802039080057,0.031183814852092838,0.9230131392305096,0.4977860874350396,-0.33403558636593517,0.0
highspeed,timestamps_uniform_times,time_rwkv_csi,1200,0.1199591106786526,-9.209667625589383,-8.14881590916401,-13.605364993096783,-5.983905254690828,0.032219409714850065,0.9004772159115721,0.35522654301052775,-0.18719976278824713,0.0
highspeed,timestamps_uniform_times,ct_transformer_csi,1200,0.10086042929324321,-9.962791876810508,-8.298019644138892,-13.93503374141035,-6.430419707427653,0.035906182438269145,0.9088845439633921,0.6372434469834479,-0.5514000885601733,0.0
highspeed,timestamps_jitter_20,hold,1200,0.16584589249576917,-7.802952801801465,-6.146230176398562,-12.683563308619192,-3.6317029630878723,0.021906579736936084,0.8765461359515287,0.36495254402348415,0.07955227152006653,0.0
highspeed,timestamps_jitter_20,linear,1200,0.31920736509971903,-4.959270966907778,-2.8763522291801764,-13.996447984669105,-2.5126207533510554,0.1317350181181564,0.8988863113414057,0.9530537390465239,0.9413411558697105,0.0
highspeed,timestamps_jitter_20,kalman,1200,0.2860731578595914,-5.435228899764546,-3.3452534362534205,-14.33453597078589,-2.9740595330763333,0.11824009834789952,0.904939563367631,0.8644114414199547,0.8520011765871819,0.0
highspeed,timestamps_jitter_20,harmonic,1200,0.32845226405103556,-4.835277401549301,-2.8222407629508965,-13.323168432343087,-1.965385174579352,0.13244463841068865,0.8912422830872947,0.9917853972857847,0.931559128223768,0.0
highspeed,timestamps_jitter_20,cru,1200,0.12741098456248437,-8.947931282861894,-7.535555836138035,-13.164664252870686,-4.676375076276768,0.04487560906737296,0.881379718463686,0.8506929278916505,-0.6732668386448737,0.0
highspeed,timestamps_jitter_20,latent_ode,1200,0.13065614957894164,-8.838701445639195,-7.507410183073732,-13.025422461164784,-4.715615027111071,0.039428412816581236,0.8852240670137326,0.6635714405415638,-0.36655076804061537,0.0
highspeed,timestamps_jitter_20,neural_flow,1200,0.12853804592057108,-8.909683066689972,-7.491174332100092,-13.186283435800602,-4.566528586442891,0.039472074358233536,0.8849795607732752,0.6739857290078362,-0.46411294971199824,0.0
highspeed,timestamps_jitter_20,tpatchgnn,1200,0.07735133446199446,-11.115321894697036,-9.435253202937322,-14.813139604974701,-8.301669295846919,0.029231860152913215,0.9297199413677056,0.4720901230779267,-0.3135811758617486,0.0
highspeed,timestamps_jitter_20,time_rwkv_csi,1200,0.11981210777560894,-9.214992915090466,-8.160273856166148,-13.553010119454619,-5.916462329824835,0.03228944619816806,0.9007157700658233,0.3531021070158749,-0.16030397798104484,0.0
highspeed,timestamps_jitter_20,ct_transformer_csi,1200,0.09435818816646133,-10.252204068799406,-8.573855439879406,-14.236208736881268,-6.895988739894201,0.0345618682686351,0.9148699897783323,0.5957083325429388,-0.5050049951526671,0.0
highspeed,stale_50,hold,1200,0.2052061656800409,-6.878095944345352,-5.206213468864229,-11.202691248044363,-2.63349734584509,0.023333306675922358,0.8494262839531984,0.48084779199392264,0.09090009030706521,0.0
highspeed,stale_50,linear,1200,0.3947633784991558,-4.036631428651915,-1.9543990243742249,-12.850599171285488,-1.4762985174646746,0.1719599246543688,0.883878234049868,1.1579827771610387,1.1502496538096845,0.0
highspeed,stale_50,kalman,1200,0.36022864377759106,-4.434217569802406,-2.351575014778818,-13.379652334878324,-1.7945182040140166,0.1538666561783854,0.8891028623236585,1.0662733447886907,1.0567490411736555,0.0
highspeed,stale_50,harmonic,1200,0.42064483960092425,-3.7608443456624734,-1.8328871123452433,-11.22926728453723,-0.8373877049687624,0.16797114297204946,0.8610721918100899,1.2084204291615848,1.134747335266972,0.0
highspeed,stale_50,cru,1200,0.15520964947344812,-8.09081281899998,-6.645130331604607,-11.781969105846379,-3.91176436239347,0.049823574399682304,0.8576535332389661,1.055428256164402,-0.8016648151895303,0.0
highspeed,stale_50,latent_ode,1200,0.15978878010462116,-7.964537188250387,-6.616452306592324,-11.783663214800496,-4.0227213115001765,0.042769742845715275,0.8624576653819531,0.8383954765976523,-0.3721896808688568,0.0
highspeed,stale_50,neural_flow,1200,0.15573027547313056,-8.07626948172151,-6.633903718431786,-11.813002544002403,-3.724613523831961,0.04273891709980186,0.8629150700766938,0.8505562259014551,-0.5154154238176852,0.0
highspeed,stale_50,tpatchgnn,1200,0.09971864743808206,-10.012236208036544,-8.341807773526382,-13.781555202296639,-6.292817869193843,0.02798846526175718,0.9097690708865411,0.6269555576591666,-0.4265281025683241,0.0
highspeed,stale_50,time_rwkv_csi,1200,0.2097104602943485,-6.783799065169412,-5.907777396793616,-10.863333319602855,-3.363191075589879,0.06631757416257945,0.8662072515813634,0.8090274414912952,0.5885495885713802,0.0
highspeed,stale_50,ct_transformer_csi,1200,0.14400102749777338,-8.41634409050437,-6.712235724043552,-11.938872722940873,-4.340037619196684,0.036155455537639984,0.8682408745400122,0.8563793082337543,-0.7717306534703251,0.0
highspeed,stale_100,hold,1200,0.25596280312379044,-5.918231423905526,-4.250538569941687,-9.647668342346652,-1.926659402565539,0.02534091039323054,0.8139240182743758,0.602315604817777,0.11211603659581063,0.0
highspeed,stale_100,linear,1200,0.4795395719511119,-3.1917554872086518,-1.1360267367952683,-11.926894524801604,-0.43191830977493617,0.21523040777030475,0.8664068392869861,1.3563073612657899,1.3504136679582006,0.0
highspeed,stale_100,kalman,1200,0.43636492745574895,-3.6015016281454266,-1.5323364640826975,-12.29644201899752,-0.9787564188046595,0.1869666029378944,0.8705825593066364,1.24553383392756,1.236912866864283,0.0
highspeed,stale_100,harmonic,1200,0.5149592599441772,-2.882271280098761,-0.9951527245066747,-9.433751513054581,-0.1690697857243405,0.20506009609674947,0.8313329117534886,1.3884894314038683,1.2934406760211763,0.0
highspeed,stale_100,cru,1200,0.19139704220967058,-7.1806477795909265,-5.711013055092503,-10.15956643575377,-2.9721822308289503,0.05836244904571989,0.8258643684968168,1.284079759066905,-0.9409731573872462,0.0
highspeed,stale_100,latent_ode,1200,0.19987146323236327,-6.992492081100403,-5.634350744454166,-10.230968459177152,-3.061298736096602,0.04562168403911831,0.8322789208022254,0.9670973087715296,-0.2893256793178928,0.0
highspeed,stale_100,neural_flow,1200,0.19273347028298304,-7.150428587904746,-5.674707018104459,-10.453276093714889,-2.9567595152113286,0.046104846820283756,0.8326828141615988,0.9844694880892834,-0.5297360507771373,0.0
highspeed,stale_100,tpatchgnn,1200,0.1639585045624214,-7.852660514634293,-6.277983816875073,-10.984872460812603,-3.7045530470414962,0.0397096804935912,0.8506797423786095,0.9680086622546272,-0.916344361086182,0.0
highspeed,stale_100,time_rwkv_csi,1200,0.2730050327295127,-5.638293468548115,-4.65978534079739,-9.007494640083902,-2.0967684000323144,0.08780036964104511,0.8408227292278024,1.2001620349033812,1.0496159719778613,0.0
highspeed,stale_100,ct_transformer_csi,1200,0.20524793330890437,-6.877212072027113,-5.192002433125211,-10.075421732971478,-2.679265330617716,0.03258960485468075,0.8180080766432684,0.8560676389635773,-0.7024166454403894,0.0
highspeed,history_flat,hold,1200,0.16584589249576917,-7.802952801801465,-6.146230176398562,-12.683563308619192,-3.6317029630878723,0.021906579736936084,0.8765461359515287,0.36495254402348415,0.07955227152006653,0.0
highspeed,history_flat,linear,1200,0.16584588789866758,-7.80295292218406,-6.146230303060102,-12.683564058838444,-3.6317035048543906,0.02190657923252729,0.8765461419952726,0.3649525612378178,0.07955212571065204,0.0
highspeed,history_flat,kalman,1200,0.16584589249576917,-7.802952801801465,-6.146230176398562,-12.683563308619192,-3.6317029630878723,0.021906579736936084,0.8765461359515287,0.36495254402348415,0.07955227152006653,0.0
highspeed,history_flat,harmonic,1200,0.16584589249576917,-7.802952801801465,-6.146230176398562,-12.683563308619192,-3.6317029630878723,0.021906579736936084,0.8765461359515287,0.36495254402348415,0.07955227152006653,0.0
highspeed,history_flat,cru,1200,0.1897663276739695,-7.217808467176491,-5.667556225105635,-12.369385878057681,-3.1724865077637516,0.03068671759178566,0.8752288713613112,0.48628420014201157,0.4125386721310739,0.0
highspeed,history_flat,latent_ode,1200,0.17518016444401535,-7.5651507031518275,-5.9724492244595275,-12.413574067651169,-3.381770332794686,0.02513709220788769,0.8751813432580403,0.41769296354202196,0.2445840884827127,0.0
highspeed,history_flat,neural_flow,1200,0.16651841036061646,-7.7853774368309665,-6.13921245231645,-12.645301563660833,-3.5657789990833324,0.022592467698235245,0.8760664815110264,0.3705414486347415,0.101867913213808,0.0
highspeed,history_flat,tpatchgnn,1200,0.16776691064228846,-7.752936927477809,-6.106615662212902,-12.681257034407723,-3.6293528307439478,0.02241954165834007,0.8759965406549683,0.365124795612622,0.06686382900790705,0.0
highspeed,history_flat,time_rwkv_csi,1200,0.15997935163783647,-7.95936067646787,-6.317920031931111,-12.6820187406827,-3.8090403799196286,0.021932758832493467,0.874791150136269,0.3404943980227593,-0.03195666555756664,0.0
highspeed,history_flat,ct_transformer_csi,1200,0.16281393023057414,-7.883084399661443,-6.220364166120547,-12.724090339979865,-3.700131162636087,0.02158785682241008,0.8763443530078727,0.34808426509296014,-0.0035349661446040653,0.0
highspeed,history_reverse,hold,1200,0.16584589249576917,-7.802952801801465,-6.146230176398562,-12.683563308619192,-3.6317029630878723,0.021906579736936084,0.8765461359515287,0.36495254402348415,0.07955227152006653,0.0
highspeed,history_reverse,linear,1200,0.7726240432402119,-1.1203178119756678,0.24665864551442923,-4.306423288738055,3.030209102533487,0.07365105550192917,0.5834590089647271,1.4142652004945557,0.3869017008548447,0.0
highspeed,history_reverse,kalman,1200,0.5956443619728088,-2.250129646429411,-0.8931272581206094,-4.980590804495072,1.973552950328923,0.053363768410248064,0.6166244157613255,1.3111875871615484,0.02095750918146223,0.0
highspeed,history_reverse,harmonic,1200,0.5144593322098565,-2.8864895033772098,-1.2904024350070233,-6.765296232040033,1.197167715253744,0.0557549590266232,0.6854931162468468,1.03990005354397,0.12704086892306804,0.0
highspeed,history_reverse,cru,1200,0.14301502655303922,-8.446183289250428,-7.120644742353029,-12.773368377668369,-3.8714808255280944,0.05597867476532277,0.8712047412110163,1.032798926317749,-0.9460176420238228,0.0
highspeed,history_reverse,latent_ode,1200,0.16334848551095396,-7.868848877406386,-6.342780071933345,-12.568799899668466,-3.8285049771233823,0.024448041930724383,0.8793465997585129,0.3985992538376445,0.19446008431411807,0.0
highspeed,history_reverse,neural_flow,1200,0.14793432170006782,-8.299310552410796,-6.776213643655683,-12.756803221824939,-4.255278208960465,0.023291763625841972,0.881446586862747,0.37996638412213846,-0.024899134841543855,0.0
highspeed,history_reverse,tpatchgnn,1200,0.15156375692090174,-8.194046380909317,-6.902593992165768,-11.820408962250703,-3.5834411028574866,0.04212239711161601,0.8615266551258295,0.8394047709097776,-0.6974812912953864,0.0
highspeed,history_reverse,time_rwkv_csi,1200,0.12955135124641554,-8.875580528765235,-7.623599053782061,-13.536263632979468,-5.60467769955895,0.02796764232147628,0.8975530992633625,0.31056814340343714,-0.007795501508107918,0.0
highspeed,history_reverse,ct_transformer_csi,1200,0.13806196456119627,-8.599259510837658,-7.05997422811148,-12.85787223388928,-4.540167690299776,0.02856871332907152,0.879957597395969,0.5807181635487116,-0.45438733999273,0.0
sweep_turn,main,hold,3600,0.08901424330048535,-10.505404956935138,-8.599002016514872,-14.958570876749357,-6.653935801094478,0.015097973564550355,0.9224621091353523,0.18413527731740942,-0.06175683327831596,0.0
sweep_turn,main,linear,3600,0.08976813082663285,-10.468778177053872,-7.701918181046573,-16.799968874848844,-8.071303515836732,0.03603982214277595,0.9528405203894686,0.477496827618998,0.41833922368904847,0.0
sweep_turn,main,kalman,3600,0.08360407743945568,-10.777725411462315,-8.009907331620967,-17.00180547774042,-8.264131767951723,0.033156632578121494,0.9543887761685383,0.42356657204860715,0.3672817304807116,0.0
sweep_turn,main,harmonic,3600,0.3328167479657613,-4.7779482731490495,-3.235855991192416,-14.671596874440686,-3.6270397326592234,0.16740400836619504,0.9049037625130344,0.7715328441558005,0.503820604861604,0.0
sweep_turn,main,cru,3600,0.08779474404439801,-10.56531482964515,-8.55891664983891,-14.862115789490314,-7.069914816257942,0.027876946046937214,0.9214577347691709,0.3580500196946094,-0.292701130490932,0.0
sweep_turn,main,latent_ode,3600,0.08501203172635037,-10.7051960437305,-8.53694901794044,-15.266752509140455,-8.010949721029213,0.025244750464937373,0.9280154899566292,0.30157345149957715,-0.13553458023257514,0.0
sweep_turn,main,neural_flow,3600,0.08548163437434898,-10.681271828933737,-8.489180652973662,-15.263013607158555,-7.922021717421003,0.027384995480458908,0.9257411044167545,0.3500116874661247,-0.23057815932904352,0.0
sweep_turn,main,tpatchgnn,3600,0.054496847991130276,-12.63628615881995,-10.289058996360207,-16.625958425991186,-9.832808570419568,0.019178892867383487,0.9521065546652244,0.4066847393826659,-0.2963867153345685,0.0
sweep_turn,main,time_rwkv_csi,3600,0.07699304751484508,-11.135484899218238,-9.07098949353222,-15.198160442773784,-8.033944952531412,0.023776399814490912,0.9298879411635602,0.3502712032158292,-0.2542191476525689,0.0
sweep_turn,main,ct_transformer_csi,3600,0.05055804738486182,-12.962097073988357,-10.785066333503767,-16.835529142396084,-9.36090510946697,0.020501424415182455,0.9563533710999763,0.3727687765216352,-0.31076908241481455,0.0
sweep_turn,offgrid,hold,288,0.14188094074931237,-8.4807594057731,-6.096846471897078,-11.901552969190469,-5.01228180799438,0.014944870358426164,0.882195234991539,0.2910860171929623,-0.09360184018280254,0.0
sweep_turn,offgrid,linear,288,0.15659168646652688,-8.052312985842889,-4.704743131605784,-14.101150112195686,-5.431882184270739,0.05581115405422881,0.9291158845740028,0.767456416161925,0.704128981317303,0.0
sweep_turn,offgrid,kalman,288,0.14507434481553597,-8.384093821188682,-5.050348897510098,-14.142957709360232,-6.090645452506614,0.05121099921896328,0.9313414246896881,0.7013985359931717,0.6437767367313225,0.0
sweep_turn,offgrid,harmonic,288,0.2511898837613747,-5.999978550426449,-4.267287840799027,-12.147596697685456,-3.8471326233505283,0.08967281743990599,0.887688442232704,0.9143431676479344,0.5692688162827026,0.0
sweep_turn,offgrid,cru,288,0.14007684907124307,-8.536336359591822,-6.049298430605887,-11.89458489059594,-5.218136895919652,0.036273627025025235,0.8802849488635426,0.5825089403143566,-0.4689183461272882,0.0
sweep_turn,offgrid,latent_ode,288,0.13377746769212231,-8.736170291768268,-6.084488750250543,-12.865854872994486,-5.24719555534482,0.03186923106519165,0.8909242504029559,0.46700018892523887,-0.21653809064527094,0.0
sweep_turn,offgrid,neural_flow,288,0.13615378902995368,-8.659702681550609,-6.016015240546963,-12.818432265075788,-4.4740080411601,0.03721741868095149,0.8868514521689375,0.5469252929308115,-0.3366362242490545,0.0
sweep_turn,offgrid,tpatchgnn,288,0.08597982110040903,-10.656034628615567,-7.683823228305069,-15.223812943785205,-8.223729644997809,0.025464975860194902,0.9288967671083002,0.6186579902253774,-0.4334023565800938,0.0
sweep_turn,offgrid,time_rwkv_csi,288,0.1197885857138014,-9.215845625617305,-6.644799177136715,-12.838103857276995,-5.926523422544786,0.029438670442055406,0.8952734604687672,0.562667118634282,-0.40487306198646267,0.0
sweep_turn,offgrid,ct_transformer_csi,288,0.07193128016484075,-11.430822104683095,-8.582490597053766,-15.37161457371168,-9.41991153299736,0.025477378664264607,0.9411878950340906,0.5847107980452064,-0.47893366947149235,0.0
sweep_turn,pattern_uniform_n16,hold,1200,0.08971520965740032,-10.471339236189234,-8.619833049784027,-14.529856051608846,-6.520731951727698,0.016680123753432478,0.9211572465594023,0.19262026775324104,-0.060782589539289805,0.0
sweep_turn,pattern_uniform_n16,linear,1200,0.08429211227065632,-10.74213063069217,-8.06106857729361,-16.408064298838774,-8.829926538117151,0.033637704845435414,0.9541677171833969,0.45164038983732707,0.38155068972299583,0.0
sweep_turn,pattern_uniform_n16,kalman,1200,0.07968967358745431,-10.985979520611549,-8.33841522707911,-16.500829978614256,-8.95166149258515,0.03185463824000181,0.9552581275588212,0.4098691004881645,0.3433514460164345,0.0
sweep_turn,pattern_uniform_n16,harmonic,1200,0.17931595716640003,-7.46381061241202,-5.445771976300464,-12.386424618713718,-3.2932329000349987,0.048976403916440175,0.8755442612550299,0.5744625846808776,0.204657876281611,0.0
sweep_turn,pattern_uniform_n16,cru,1200,0.08733092247629429,-10.588319523658782,-8.647638028503264,-14.426007591650002,-7.334741672142643,0.02942765018739768,0.9209219681934337,0.3782328663306786,-0.3072398425697611,0.0
sweep_turn,pattern_uniform_n16,latent_ode,1200,0.08474773557153639,-10.718718971593901,-8.671098749320894,-14.778190507264403,-8.142887922610475,0.026937473523830704,0.9274868627112786,0.3285202202388973,-0.1331607226950655,0.0
sweep_turn,pattern_uniform_n16,neural_flow,1200,0.08509173519067494,-10.701126201197876,-8.620529621086288,-14.775452496674625,-7.980470616732917,0.02892434467273385,0.9252970908082595,0.3682735160735562,-0.21429461157029436,0.0
sweep_turn,pattern_uniform_n16,tpatchgnn,1200,0.05294673217971649,-12.761608389580408,-10.469462406873536,-16.17157364821447,-10.42092303503209,0.01915813447620167,0.953663237006646,0.4077263140015081,-0.2944790322189268,0.0
sweep_turn,pattern_uniform_n16,time_rwkv_csi,1200,0.07773293111062231,-11.093949558482413,-9.080195367383496,-14.77928484191075,-8.072326294195754,0.025446708127703156,0.9290358947862357,0.35452368674486934,-0.2428970044641513,0.0
sweep_turn,pattern_uniform_n16,ct_transformer_csi,1200,0.05034624900651882,-12.980328805513523,-10.873205868857816,-16.43795237237208,-9.495524962695288,0.020721692599314945,0.9564138791543276,0.38374555010883343,-0.33022969267993174,0.0
sweep_turn,pattern_random_n16,hold,1200,0.08971520919504959,-10.471339258570765,-8.61983318838748,-14.529856510733275,-6.5207316328163625,0.01668012383364991,0.9211572467777539,0.19262024417314025,-0.060782597654973264,0.0
sweep_turn,pattern_random_n16,linear,1200,0.08358197237679027,-10.778873845414097,-8.091294695556032,-16.47191619579081,-8.281068545343988,0.03341224117956699,0.9541606111917644,0.44802866732041974,0.38210254644276576,0.0
sweep_turn,pattern_random_n16,kalman,1200,0.07986890039402472,-10.976222947348592,-8.321745630087326,-16.68290261755188,-8.771447518229873,0.032168130152582915,0.954925727036316,0.407605645757914,0.34497890480216636,0.0
sweep_turn,pattern_random_n16,harmonic,1200,0.10011482549973759,-9.995016052782075,-7.5162482678176605,-15.458036311750538,-7.137979014759518,0.03508448064708621,0.9395607368073736,0.5379787738852367,0.28670816899740503,0.0
sweep_turn,pattern_random_n16,cru,1200,0.08743869211219742,-10.58296347086529,-8.64939383985623,-14.402104954867175,-7.324946228484997,0.029430424609142088,0.920771442263047,0.3825166612652053,-0.3121918922002078,0.0
sweep_turn,pattern_random_n16,latent_ode,1200,0.08479519856197536,-10.716287385106845,-8.668036350261369,-14.772331486822932,-8.139116014830556,0.026952738011758206,0.9274029929340516,0.3280714054043589,-0.13066228300995136,0.0
sweep_turn,pattern_random_n16,neural_flow,1200,0.08492538653437198,-10.709624677801271,-8.625117231799988,-14.76250316206539,-8.00097627095509,0.028868030003686727,0.9254265318738908,0.3672268615167832,-0.21448041174252466,0.0
sweep_turn,pattern_random_n16,tpatchgnn,1200,0.053319625443018596,-12.731129100571568,-10.442829545908971,-16.181935265613276,-10.192900133303782,0.019370857207489583,0.9532590632554881,0.41005476311955136,-0.2953434590236672,0.0
sweep_turn,pattern_random_n16,time_rwkv_csi,1200,0.07794960507115926,-11.08186080806772,-9.076276205484996,-14.779912380713846,-8.055462364288658,0.025494225263946645,0.9289280548771816,0.3541150072614619,-0.23700647450961695,0.0
sweep_turn,pattern_random_n16,ct_transformer_csi,1200,0.050727920101429236,-12.947529438523146,-10.8477031949846,-16.528188031281545,-9.418789766973942,0.020913291958504488,0.9560253562448391,0.3812928395826263,-0.32083019382914546,0.0
sweep_turn,pattern_bursty_n16,hold,1200,0.08971520962781142,-10.471339237621578,-8.619833087197634,-14.529856280883294,-6.5207316328163625,0.016680123852243014,0.9211572419501317,0.19262025454669887,-0.060782565447527,0.0
sweep_turn,pattern_bursty_n16,linear,1200,0.09468199956099851,-10.237325789100641,-7.731607517477026,-15.825600600897074,-7.4484912107470125,0.03905141168534707,0.9461711629464602,0.4742544392253391,0.423293403157204,0.0
sweep_turn,pattern_bursty_n16,kalman,1200,0.08788276070781043,-10.560963088141555,-8.060765902479972,-16.19485323810312,-7.770049560955066,0.035110311445547875,0.9476734100452935,0.41128022963059874,0.36150002549610993,0.0
sweep_turn,pattern_bursty_n16,harmonic,1200,0.12444902722201126,-9.050084937822966,-6.792401688986008,-13.791076270739502,-5.362757865668045,0.03281008826718486,0.9151186699637522,0.5505047527623295,0.191082577389825,0.0
sweep_turn,pattern_bursty_n16,cru,1200,0.0876149835780446,-10.574216161058148,-8.628754985588852,-14.419433886405873,-7.330613214664109,0.029563631988927832,0.9207611595164781,0.3700717707930168,-0.29443873402634985,0.0
sweep_turn,pattern_bursty_n16,latent_ode,1200,0.08434033906663899,-10.739646573586903,-8.689220188374003,-14.783189692677237,-8.01026071756491,0.02679459110653473,0.92770900711781,0.3287218038868256,-0.13404449798496595,0.0
sweep_turn,pattern_bursty_n16,neural_flow,1200,0.08414939609298017,-10.749489964371461,-8.663626486297742,-14.823977499269944,-8.100886641853764,0.02873147569245854,0.9261391551228493,0.36980653683031656,-0.21674421763462307,0.0
sweep_turn,pattern_bursty_n16,tpatchgnn,1200,0.05564553906949489,-12.545696459771872,-10.306723685123611,-16.094926759407667,-9.719061295072514,0.020092166951162654,0.9503168646874838,0.4153258873314371,-0.31848435870728886,0.0
sweep_turn,pattern_bursty_n16,time_rwkv_csi,1200,0.07771897805249561,-11.094729186883118,-9.092037947090356,-14.776922177243073,-8.054839494174992,0.025250638646748483,0.9289505059337716,0.35365922835388724,-0.24387249636759709,0.0
sweep_turn,pattern_bursty_n16,ct_transformer_csi,1200,0.05310681323322569,-12.748497583953778,-10.706762934467715,-16.272637502231802,-9.16930508188227,0.02151869406608057,0.9534618923747136,0.3836226704266058,-0.3174786043767138,0.0
sweep_turn,pattern_dropout_n16,hold,1200,0.08971520955929009,-10.471339240938565,-8.619833109046569,-14.529856280307815,-6.520732128387554,0.01668012384243108,0.9211572422501922,0.19262024607375375,-0.060782582853771604,0.0
sweep_turn,pattern_dropout_n16,linear,1200,0.08282771700484469,-10.818243090124662,-8.102009140052608,-16.554455700062807,-8.60069869782103,0.03307199935745757,0.9546509573531027,0.4398921831029869,0.3777238455011108,0.0
sweep_turn,pattern_dropout_n16,kalman,1200,0.07908919899464611,-11.018828229159256,-8.327669230062575,-16.762174614230084,-8.916389329353468,0.031927873174186064,0.9556827993993647,0.408499005316941,0.3473805374166356,0.0
sweep_turn,pattern_dropout_n16,harmonic,1200,0.10002616323525823,-9.998863893744458,-7.515090443429057,-15.542061856802674,-7.060989228773947,0.03494620624036088,0.9398036846448667,0.532594252961632,0.28829643497244734,0.0
sweep_turn,pattern_dropout_n16,cru,1200,0.08742897568189618,-10.583446097770675,-8.653026596922063,-14.408180587513286,-7.339738243024308,0.029290544559879284,0.9207585223856828,0.38544857584015213,-0.31599002622608774,0.0
sweep_turn,pattern_dropout_n16,latent_ode,1200,0.08519251692326786,-10.695985507926613,-8.653500036065322,-14.743068077212625,-7.9778787486368525,0.02721073883435717,0.9271424371836474,0.3300177295338653,-0.12743803246630706,0.0
sweep_turn,pattern_dropout_n16,neural_flow,1200,0.08520316505729776,-10.69544272118413,-8.614674932175557,-14.79024585688106,-8.007166152256486,0.02896530904818064,0.9252078537314082,0.3677297422628855,-0.21494834463146542,0.0
sweep_turn,pattern_dropout_n16,tpatchgnn,1200,0.05353497357615197,-12.713624073481283,-10.430157945455015,-16.304698253167054,-9.940009488280454,0.019181931692196487,0.9526411747620296,0.41177701964668206,-0.3009392289428858,0.0
sweep_turn,pattern_dropout_n16,time_rwkv_csi,1200,0.0781806706988209,-11.069006081484954,-9.066400642370496,-14.754854542194762,-8.055403416647176,0.02565562236094441,0.9287483770240593,0.3565048229524958,-0.23618645189408805,0.0
sweep_turn,pattern_dropout_n16,ct_transformer_csi,1200,0.05113440785587348,-12.912867688816668,-10.824779827951595,-16.40876905867092,-9.313227890390703,0.021122238605003077,0.9555551132862456,0.38603268851321143,-0.32855441151265646,0.0
sweep_turn,count_random_n4,hold,1200,0.08971520884113185,-10.471339275703258,-8.619833152122473,-14.529856280883294,-6.520731894827098,0.016680123832744965,0.9211572487532733,0.19262027364414736,-0.060782607446197595,0.0
sweep_turn,count_random_n4,linear,1200,0.09672551633375102,-10.144589432784635,-7.741810111336184,-15.686577140520424,-7.3270440135358115,0.04060986698504015,0.9432477984887858,0.44324699350860103,0.39910488771766417,0.0
sweep_turn,count_random_n4,kalman,1200,0.09146606232519237,-10.387400171787665,-7.984314519163616,-15.868507349507432,-7.725627934173892,0.03644283854083369,0.9437456887510295,0.384004299941674,0.3362917407665494,0.0
sweep_turn,count_random_n4,harmonic,1200,0.45545811180613477,-3.4155155864262206,-1.8897987446964384,-9.745276527008905,-1.2345010227728135,0.2007805191729464,0.8129844405152835,0.7163418136554841,0.38374693622648315,0.0
sweep_turn,count_random_n4,cru,1200,0.08715663913993618,-10.596995249967065,-8.666734211827897,-14.426646733137439,-7.245523116044049,0.02951341732432714,0.9209675109172895,0.4028585311461059,-0.3479740762181215,0.0
sweep_turn,count_random_n4,latent_ode,1200,0.08446493412330104,-10.733235523222824,-8.682577607382104,-14.772880795210808,-8.029298341503518,0.02682758526651469,0.9274450463105556,0.3305184161839619,-0.13750199140801367,0.0
sweep_turn,count_random_n4,neural_flow,1200,0.08079085401871756,-10.926378010326324,-8.830383736284212,-14.815218054521939,-8.207206210288165,0.027098817184337348,0.9280167999501282,0.370164167724015,-0.25123120414075556,0.0
sweep_turn,count_random_n4,tpatchgnn,1200,0.05905187699012458,-12.287662935881745,-10.081355485441168,-15.97637417483539,-9.33061149216453,0.021447755764362832,0.9472424350723546,0.4252967576513159,-0.3265476867140266,0.0
sweep_turn,count_random_n4,time_rwkv_csi,1200,0.07909640141084916,-11.01843274820429,-9.042403844580596,-14.652502170300231,-7.980832827668412,0.026023887940887107,0.9275635763085059,0.35838582135488345,-0.25426072927178517,0.0
sweep_turn,count_random_n4,ct_transformer_csi,1200,0.05857336844793584,-12.322997997677374,-10.365345795450459,-15.77274093232933,-8.616339154042405,0.023356309199853056,0.9479364254819423,0.3761341365746072,-0.3042706325836601,0.0
sweep_turn,count_random_n8,hold,1200,0.08971520910313908,-10.471339263019981,-8.619833154807155,-14.529856280307815,-6.52073241884862,0.016680123743373465,0.9211572462006007,0.19262026893739553,-0.06078259503815085,0.0
sweep_turn,count_random_n8,linear,1200,0.090689858972061,-10.42441273454856,-7.874700195505632,-16.117922565984465,-7.909972363262689,0.03695792597924689,0.9486143247759901,0.44793147362409097,0.3969652107723778,0.0
sweep_turn,count_random_n8,kalman,1200,0.08588185245397957,-10.66098596491673,-8.121066650745842,-16.400128800563003,-7.992711519996055,0.034123302582811446,0.9494604256756914,0.4008720070535007,0.3491277156616949,0.0
sweep_turn,count_random_n8,harmonic,1200,0.10822371600397067,-9.656775580738103,-7.313422730440841,-14.759257623656161,-6.504385330187346,0.03769499086003634,0.9333301683577399,0.5307249864935754,0.2952088878285455,0.0
sweep_turn,count_random_n8,cru,1200,0.08708285624481808,-10.600673349017246,-8.660160182965354,-14.42897458576193,-7.290541409892433,0.029383722006400603,0.921125331300251,0.3829988369506706,-0.31981570057648545,0.0
sweep_turn,count_random_n8,latent_ode,1200,0.08426624503822798,-10.743463581080782,-8.690019254652748,-14.786792073600715,-8.153907581557899,0.026636859188004867,0.9277534265392994,0.32832317658685495,-0.1352341349151781,0.0
sweep_turn,count_random_n8,neural_flow,1200,0.08308343015281934,-10.804855816399527,-8.71083111120819,-14.818347943101017,-8.184213272649384,0.02811708998226095,0.9267394347569886,0.3645274821595376,-0.21874714384294444,0.0
sweep_turn,count_random_n8,tpatchgnn,1200,0.05537273453249024,-12.567040287176761,-10.318437960346758,-16.128997496466425,-9.81728693078486,0.020254757926140884,0.9511172370595401,0.420977988680667,-0.31894579431780584,0.0
sweep_turn,count_random_n8,time_rwkv_csi,1200,0.07821664373568031,-11.067008234944257,-9.072628267020304,-14.767375257426078,-8.13348543691087,0.02555639153007178,0.9286313185731357,0.352817802982554,-0.2358600571303335,0.0
sweep_turn,count_random_n8,ct_transformer_csi,1200,0.05279477483632339,-12.774090579973203,-10.707806210451068,-16.216193074553495,-9.21505807292121,0.02153367861712771,0.9539351473878681,0.3777340653953676,-0.31514330969150856,0.0
sweep_turn,count_random_n32,hold,1200,0.08971520903928043,-10.471339266111258,-8.61983315659809,-14.529856510157769,-6.520731866376801,0.016680123785648295,0.9211572376331121,0.19262023869541128,-0.060782564055765154,0.0
sweep_turn,count_random_n32,linear,1200,0.08251495567394158,-10.834673292923501,-8.066701017968448,-16.633279144640337,-9.02226025739628,0.0327106182060561,0.956029582186214,0.4491930247795608,0.3822525514655111,0.0
sweep_turn,count_random_n32,kalman,1200,0.0761562391168142,-11.182945111984775,-8.431328155221864,-16.687178610213852,-9.096451276045755,0.030989338495464834,0.9583214198293475,0.40045772728663,0.3369940386410356,0.0
sweep_turn,count_random_n32,harmonic,1200,0.10261409473204064,-9.887929818759412,-7.396076275717208,-15.445068993018022,-7.088361581041948,0.03452589757011689,0.9378936265213027,0.5448474622514914,0.2833425825686815,0.0
sweep_turn,count_random_n32,cru,1200,0.08803952969658894,-10.553222860950843,-8.625133158835535,-14.411964786065973,-7.329305786288389,0.029507018167917825,0.9203266359866666,0.3817226934150449,-0.30840053772522424,0.0
sweep_turn,count_random_n32,latent_ode,1200,0.08588073114712946,-10.661042668462672,-8.623869766279114,-14.69645469531147,-8.037440724856717,0.02765457095462049,0.9266304610220444,0.3276980279208025,-0.12432148625875318,0.0
sweep_turn,count_random_n32,neural_flow,1200,0.08644587150351678,-10.6325574300377,-8.558950357038674,-14.710116473245424,-7.865949160933349,0.02940100784529477,0.9243605698987812,0.36795752320469544,-0.2107921498355366,0.0
sweep_turn,count_random_n32,tpatchgnn,1200,0.05253855582524314,-12.79521869230723,-10.4847155809556,-16.285995833054884,-10.387046163123985,0.01894753635702576,0.9540618590721958,0.4063085490401136,-0.28312417700421066,0.0
sweep_turn,count_random_n32,time_rwkv_csi,1200,0.07773393244136968,-11.093893614417137,-9.079331239128491,-14.758863983915417,-8.062528347551412,0.02527472625783048,0.9291242210721248,0.35406922247263234,-0.23927435982557654,0.0
sweep_turn,count_random_n32,ct_transformer_csi,1200,0.04993176623608633,-13.016230713769122,-10.87039812882983,-16.617790245323782,-9.585602646191797,0.020406008994888605,0.9569833493162878,0.3776532912614372,-0.32433238786840474,0.0
sweep_turn,timestamps_none,hold,1200,0.08971520919504959,-10.471339258570765,-8.61983318838748,-14.529856510733275,-6.5207316328163625,0.01668012383364991,0.9211572467777539,0.19262024417314025,-0.060782597654973264,0.0
sweep_turn,timestamps_none,linear,1200,0.08358197237679027,-10.778873845414097,-8.091294695556032,-16.47191619579081,-8.281068545343988,0.03341224117956699,0.9541606111917644,0.44802866732041974,0.38210254644276576,0.0
sweep_turn,timestamps_none,kalman,1200,0.07986890039402472,-10.976222947348592,-8.321745630087326,-16.68290261755188,-8.771447518229873,0.032168130152582915,0.954925727036316,0.407605645757914,0.34497890480216636,0.0
sweep_turn,timestamps_none,harmonic,1200,0.10011482549973759,-9.995016052782075,-7.5162482678176605,-15.458036311750538,-7.137979014759518,0.03508448064708621,0.9395607368073736,0.5379787738852367,0.28670816899740503,0.0
sweep_turn,timestamps_none,cru,1200,0.08743869211219742,-10.58296347086529,-8.64939383985623,-14.402104954867175,-7.324946228484997,0.029430424609142088,0.920771442263047,0.3825166612652053,-0.3121918922002078,0.0
sweep_turn,timestamps_none,latent_ode,1200,0.08479519856197536,-10.716287385106845,-8.668036350261369,-14.772331486822932,-8.139116014830556,0.026952738011758206,0.9274029929340516,0.3280714054043589,-0.13066228300995136,0.0
sweep_turn,timestamps_none,neural_flow,1200,0.08492538653437198,-10.709624677801271,-8.625117231799988,-14.76250316206539,-8.00097627095509,0.028868030003686727,0.9254265318738908,0.3672268615167832,-0.21448041174252466,0.0
sweep_turn,timestamps_none,tpatchgnn,1200,0.053319625443018596,-12.731129100571568,-10.442829545908971,-16.181935265613276,-10.192900133303782,0.019370857207489583,0.9532590632554881,0.41005476311955136,-0.2953434590236672,0.0
sweep_turn,timestamps_none,time_rwkv_csi,1200,0.07794960507115926,-11.08186080806772,-9.076276205484996,-14.779912380713846,-8.055462364288658,0.025494225263946645,0.9289280548771816,0.3541150072614619,-0.23700647450961695,0.0
sweep_turn,timestamps_none,ct_transformer_csi,1200,0.050727920101429236,-12.947529438523146,-10.8477031949846,-16.528188031281545,-9.418789766973942,0.020913291958504488,0.9560253562448391,0.3812928395826263,-0.32083019382914546,0.0
sweep_turn,timestamps_uniform_times,hold,1200,0.08971520919504959,-10.471339258570765,-8.61983318838748,-14.529856510733275,-6.5207316328163625,0.01668012383364991,0.9211572467777539,0.19262024417314025,-0.060782597654973264,0.0
sweep_turn,timestamps_uniform_times,linear,1200,0.0875498048937637,-10.577448174121312,-7.900766453078999,-16.176516241643547,-8.459353448431955,0.03584807317819165,0.9531815980076014,0.4732840164777978,0.3891141202878983,0.0
sweep_turn,timestamps_uniform_times,kalman,1200,0.0830928635799258,-10.804362739408804,-8.153099379006711,-16.50466145121913,-8.622973319610711,0.03424785212532394,0.9543795178023478,0.4307242577062546,0.3561759344409438,0.0
sweep_turn,timestamps_uniform_times,harmonic,1200,5.961194808313739,7.7533331454768994,9.356450918601082,4.595172927824257,11.785080706332867,3.679444862644644,0.49191975300510726,5.8002347128399805,5.585332709912909,0.0
sweep_turn,timestamps_uniform_times,cru,1200,0.08746556445658825,-10.581628968068673,-8.648582627224702,-14.400534541632641,-7.322154206585677,0.02946044378441608,0.9207485319153101,0.38217357295012333,-0.311780964176481,0.0
sweep_turn,timestamps_uniform_times,latent_ode,1200,0.0847046354794323,-10.72092822159824,-8.671824371948343,-14.774369969287042,-8.111843591403689,0.02687579751299078,0.9274418842904318,0.32805232858324873,-0.13396332727154156,0.0
sweep_turn,timestamps_uniform_times,neural_flow,1200,0.08497892208811209,-10.706887820033163,-8.623530683087257,-14.74022561836101,-7.992373542409389,0.028873568731945246,0.9253836043320431,0.3667221425370735,-0.2139664869478171,0.0
sweep_turn,timestamps_uniform_times,tpatchgnn,1200,0.05488018569106013,-12.605844278321662,-10.360383864694347,-16.148206417792096,-9.923827250473696,0.019484386553338784,0.9516094434280724,0.4088361513766237,-0.2947867111011631,0.0
sweep_turn,timestamps_uniform_times,time_rwkv_csi,1200,0.07800780864257224,-11.078619219166836,-9.070103911566726,-14.775359052602385,-7.898947145671852,0.025490618762623853,0.92879025312123,0.3546770256226591,-0.24555456058592728,0.0
sweep_turn,timestamps_uniform_times,ct_transformer_csi,1200,0.05320954694923179,-12.740104388442363,-10.75237748076098,-16.237110546983466,-9.237624348064143,0.02156179902972326,0.9532458293577656,0.42269567608617836,-0.372093498078979,0.0
sweep_turn,timestamps_jitter_20,hold,1200,0.08971520919504959,-10.471339258570765,-8.61983318838748,-14.529856510733275,-6.5207316328163625,0.01668012383364991,0.9211572467777539,0.19262024417314025,-0.060782597654973264,0.0
sweep_turn,timestamps_jitter_20,linear,1200,0.08297118042730289,-10.810727311763856,-8.116245877323337,-16.419307574595543,-8.299639998370411,0.032537170847923944,0.9539544446153255,0.4380519006716107,0.3665392017251482,0.0
sweep_turn,timestamps_jitter_20,kalman,1200,0.07940110985811771,-11.001734270201645,-8.337779396699647,-16.65902868067052,-8.742766953024178,0.031399718762310534,0.9547350058091494,0.39876032862221716,0.3307537463329815,0.0
sweep_turn,timestamps_jitter_20,harmonic,1200,0.09562410041504942,-10.194326374500147,-7.722874270206721,-15.799119402549584,-7.4385430504116785,0.03444533062060449,0.9437298389578549,0.49824843231786264,0.3251373268177243,0.0
sweep_turn,timestamps_jitter_20,cru,1200,0.08737924935355598,-10.585916904917374,-8.650719199037058,-14.401992063172923,-7.3261655801762995,0.02939577114811527,0.9208389000714612,0.38262308029380315,-0.31219069415684014,0.0
sweep_turn,timestamps_jitter_20,latent_ode,1200,0.08474548546123212,-10.71883428127802,-8.669737531556986,-14.774072983185448,-8.146104662542276,0.026899801456499214,0.9274460329022987,0.3271771384879685,-0.12968190503671698,0.0
sweep_turn,timestamps_jitter_20,neural_flow,1200,0.08479262309020062,-10.716419294717955,-8.630183708369456,-14.770968111655515,-8.000657994306417,0.028793913079377186,0.9255330793113292,0.36714955916876685,-0.2139797803886525,0.0
sweep_turn,timestamps_jitter_20,tpatchgnn,1200,0.05329434989484677,-12.733188311152352,-10.449530708523767,-16.18578796239035,-10.158235616294151,0.019197655510991656,0.9531559590096004,0.40507673396739846,-0.2880400601983153,0.0
sweep_turn,timestamps_jitter_20,time_rwkv_csi,1200,0.07826217546453942,-11.064480841236383,-9.057435757885514,-14.763543427587713,-8.055305311929212,0.02534864652338456,0.9288205127982231,0.3441556924331538,-0.21995602614932067,0.0
sweep_turn,timestamps_jitter_20,ct_transformer_csi,1200,0.05054767054794259,-12.96298853752209,-10.888477787033839,-16.44109048859557,-9.39734187966694,0.020739466631293908,0.9557281830937913,0.3883274998091118,-0.33032681442605055,0.0
sweep_turn,stale_50,hold,1200,0.10522206300342077,-9.778931875966563,-7.925537127885967,-13.760450355537039,-5.968420834326548,0.01644140876895411,0.9084115732073648,0.2447632206626319,-0.07741702299321332,0.0
sweep_turn,stale_50,linear,1200,0.10082555221037183,-9.96429390731099,-7.328018085457513,-16.026351616436152,-7.300476909942164,0.041416552410313064,0.9465846409961038,0.5359539133440133,0.4765260745678279,0.0
sweep_turn,stale_50,kalman,1200,0.09581956649238539,-10.185457983118411,-7.539039012681136,-16.289523391435914,-7.5044673228404655,0.03871977384831856,0.9477532298589358,0.49000258775498273,0.4339019700892823,0.0
sweep_turn,stale_50,harmonic,1200,0.12514465934715796,-9.025876795399757,-6.630632648781058,-14.05516648228678,-5.907771374748016,0.042008740104180715,0.9228757912161746,0.6365251964006227,0.3169396193918813,0.0
sweep_turn,stale_50,cru,1200,0.10114378208587975,-9.950608107557047,-7.942627017839326,-13.764688209629028,-6.670534397323439,0.030987720831944898,0.9098423212064275,0.4484669560416186,-0.3507476903411843,0.0
sweep_turn,stale_50,latent_ode,1200,0.09623003079694172,-10.166893752165912,-8.052494866298412,-14.212189617804338,-7.227530315233775,0.02739289349186341,0.9188288502838986,0.3906109502986025,-0.13250088229224882,0.0
sweep_turn,stale_50,neural_flow,1200,0.09605776039318395,-10.174675432458855,-8.014569407111994,-14.153737727152452,-7.270175736806479,0.030210466433806385,0.9169264127582816,0.45172112119801267,-0.2556550993753869,0.0
sweep_turn,stale_50,tpatchgnn,1200,0.06497242651016374,-11.87270913436328,-9.595536369345998,-14.752375607322854,-9.36999235175262,0.01957136347975999,0.9437526963201041,0.533361240147727,-0.3052920461281489,0.0
sweep_turn,stale_50,time_rwkv_csi,1200,0.10112828325722754,-9.951273652328283,-8.014650476296449,-13.591760385580521,-7.095441977115633,0.03216378749028081,0.9098595845967036,0.42410213484205694,-0.24951096836555128,0.0
sweep_turn,stale_50,ct_transformer_csi,1200,0.0630044578670883,-12.0062872104508,-9.996929188552253,-15.477762938500637,-8.598834854896964,0.02032626134570819,0.9448004779747377,0.6016578919808429,-0.5550127111670978,0.0
sweep_turn,stale_100,hold,1200,0.128515440875611,-8.910446895762046,-7.122896020887732,-12.355729222835972,-4.957985783176555,0.017464507363729353,0.8882405630535989,0.30161353154289827,-0.09855185282040717,0.0
sweep_turn,stale_100,linear,1200,0.11776698584485226,-9.289764402358196,-6.6857588295965344,-15.181814924170505,-6.383172836948258,0.04900302068877863,0.9385213644240882,0.622245332384579,0.5629102945628498,0.0
sweep_turn,stale_100,kalman,1200,0.1118820549429923,-9.51239565519975,-6.912279372374803,-15.30045391615013,-6.535246043197662,0.044468563696015435,0.9390439145488805,0.5624982465141026,0.5071627803753169,0.0
sweep_turn,stale_100,harmonic,1200,0.15239223122144419,-8.17037172259254,-5.903444632073355,-12.666597400453004,-4.592527489572962,0.04828218394740664,0.9048921447920051,0.6988779049865116,0.3296563233594497,0.0
sweep_turn,stale_100,cru,1200,0.11972239878814435,-9.218245901110176,-7.207762323672554,-12.57555688157423,-5.758868143265009,0.03371854088274025,0.8937147440815655,0.5062974672836087,-0.378905946161467,0.0
sweep_turn,stale_100,latent_ode,1200,0.11375940815540768,-9.440126760685038,-7.3360658975019,-13.147874374423074,-6.123370608460717,0.029421764281069046,0.9040335983303763,0.447193373812867,-0.12717248338255255,0.0
sweep_turn,stale_100,neural_flow,1200,0.11205626545958997,-9.505638555193418,-7.33041625515857,-13.179492234440964,-6.2402480315466935,0.03199562742379688,0.9032881963631371,0.5080424895389296,-0.27976634201569445,0.0
sweep_turn,stale_100,tpatchgnn,1200,0.09291692745406181,-10.319051597393084,-8.282249139273302,-12.759021980767368,-7.281223375036701,0.020890096669318153,0.9182309646881186,0.5302119312954406,-0.1511642649853214,0.0
sweep_turn,stale_100,time_rwkv_csi,1200,0.12547466255316977,-9.014439636195524,-7.121967677778399,-12.355965127635866,-5.613373426842193,0.032862250816833694,0.8930806126556612,0.3743265630521879,0.03623695176111748,0.0
sweep_turn,stale_100,ct_transformer_csi,1200,0.10374988961363367,-9.840123566902339,-8.072162088274265,-13.03333583245838,-5.861241123249704,0.020993753793093976,0.9049280235653957,0.7052046699870819,-0.6294411738827693,0.0
sweep_turn,history_flat,hold,1200,0.08971520919504959,-10.471339258570765,-8.61983318838748,-14.529856510733275,-6.5207316328163625,0.01668012383364991,0.9211572467777539,0.19262024417314025,-0.060782597654973264,0.0
sweep_turn,history_flat,linear,1200,0.08971520646181186,-10.471339390881674,-8.619833315339665,-14.529856510733275,-6.520732914419916,0.016680124140422473,0.9211572462801996,0.1926202852233276,-0.0607827445872393,0.0
sweep_turn,history_flat,kalman,1200,0.08971520919504959,-10.471339258570765,-8.61983318838748,-14.529856510733275,-6.5207316328163625,0.01668012383364991,0.9211572467777539,0.19262024417314025,-0.060782597654973264,0.0
sweep_turn,history_flat,harmonic,1200,0.08971520919504959,-10.471339258570765,-8.61983318838748,-14.529856510733275,-6.5207316328163625,0.01668012383364991,0.9211572467777539,0.19262024417314025,-0.060782597654973264,0.0
sweep_turn,history_flat,cru,1200,0.09087638588976309,-10.415489529726617,-8.573686391508973,-14.466841983421718,-6.351531858580446,0.016943546457011203,0.9206695783315202,0.18437563273272645,-0.02611795526363797,0.0
sweep_turn,history_flat,latent_ode,1200,0.09376831865078201,-10.279438712078683,-8.447397961559254,-14.386247009832434,-6.218055363084091,0.017345666235457125,0.9203863050426299,0.1844579602962282,0.05392724549368722,0.0
sweep_turn,history_flat,neural_flow,1200,0.08973690831844275,-10.470288971761303,-8.633024419180837,-14.469821483082335,-6.533444662111503,0.01705744604479302,0.9205298005078778,0.20053673066968863,-0.07947434472932703,0.0
sweep_turn,history_flat,tpatchgnn,1200,0.0940724763815706,-10.265374233749217,-8.421678225965213,-14.376408951831689,-6.166992955170157,0.017370552067034927,0.9210031860084079,0.19016855690372722,0.0669322178738518,0.0
sweep_turn,history_flat,time_rwkv_csi,1200,0.09242524693587256,-10.342093804330425,-8.507961225573018,-14.399049694398705,-6.248714654476751,0.017218696850268316,0.9203467561359866,0.18573559685892177,0.022783754632406877,0.0
sweep_turn,history_flat,ct_transformer_csi,1200,0.08928702396091164,-10.492116523281362,-8.641044410550661,-14.516278242998249,-6.457137345198197,0.016729254819927823,0.9211400959583503,0.20327484974521817,-0.08912210112252675,0.0
sweep_turn,history_reverse,hold,1200,0.08971520919504959,-10.471339258570765,-8.61983318838748,-14.529856510733275,-6.5207316328163625,0.01668012383364991,0.9211572467777539,0.19262024417314025,-0.060782597654973264,0.0
sweep_turn,history_reverse,linear,1200,0.3670364121722135,-4.35290849042082,-2.994266622586302,-7.24067921439069,-0.08161631790486877,0.026157625660671327,0.7321510672279445,0.6671457152846657,-0.11743631608619277,0.0
sweep_turn,history_reverse,kalman,1200,0.29551609908696264,-5.29418854700897,-3.956135877159036,-7.93371872576223,-1.3219725341556643,0.023988067200480145,0.7643152467768789,0.6453286399448795,-0.2387577898564632,0.0
sweep_turn,history_reverse,harmonic,1200,0.2353054169495105,-6.283680748460697,-4.8634992596902675,-9.41240902747769,-2.6134300582152568,0.02233068596728117,0.8143649809977311,0.4989006827054254,-0.1612347646142977,0.0
sweep_turn,history_reverse,cru,1200,0.09089983987708668,-10.414368818006832,-8.532351069598798,-14.383924221988657,-7.00737024918342,0.02748068452979927,0.9191335779282963,0.3010612000781839,-0.1762237154009684,0.0
sweep_turn,history_reverse,latent_ode,1200,0.08260327940963483,-10.83002710533898,-8.861247810838117,-14.644854222873198,-7.541051718444635,0.018728648573225353,0.9280864845319593,0.2210000626085275,-0.02757395796702743,0.0
sweep_turn,history_reverse,neural_flow,1200,0.08322987039078422,-10.797207816689983,-8.881782656203749,-14.664240868184363,-7.361887441703762,0.01780261705687129,0.9257481021842735,0.22022928094559271,-0.10500559354613263,0.0
sweep_turn,history_reverse,tpatchgnn,1200,0.09586248041957636,-10.183513379292704,-8.311542207286758,-14.225505941856056,-6.2662999193860855,0.021852815654519873,0.9132325062931825,0.4076301283208151,-0.23276451993411154,0.0
sweep_turn,history_reverse,time_rwkv_csi,1200,0.08105912683205437,-10.911980787840987,-8.89725899213249,-14.770274488255222,-8.106398373523511,0.020840089341187803,0.9288424666201051,0.2283216155370125,-0.03482834123053181,0.0
sweep_turn,history_reverse,ct_transformer_csi,1200,0.10690424194972366,-9.710050616873234,-8.100663250519137,-14.054295932011318,-5.343920965324516,0.01798886214689143,0.9019024794308158,0.3648581088001265,-0.302697909758687,0.0
uturn,main,hold,3600,0.12388800030874537,-9.069707569982242,-9.027833431997681,-13.405385278126456,-4.7064957496313164,0.0330902876282284,0.8958454551382198,0.28853059465281555,-0.019978991062405638,0.0
uturn,main,linear,3600,0.15151834867711134,-8.195347714738956,-7.329919605800931,-13.61497844626245,-5.379467527263716,0.07838732839659163,0.9229916716918038,0.6870268296397449,0.47237521366456,0.0
uturn,main,kalman,3600,0.1390431179381469,-8.568505020565881,-7.868201830827829,-14.09016098668464,-5.320111816039693,0.07045521888500136,0.9243354618906354,0.629733993022527,0.4133778359291793,0.0
uturn,main,harmonic,3600,0.5885287091613969,-2.302323468795747,-1.023744402321878,-12.050026227069923,-2.9441907664096774,0.37303036250584837,0.8825035275966446,0.9632403279097819,0.6635054669582809,0.0
uturn,main,cru,3600,0.11169943517657076,-9.519490229481221,-9.77816148483026,-13.362773260367012,-4.873226423359373,0.042977458189685014,0.9004170854826872,0.5339485957473996,-0.4261165229553732,0.0
uturn,main,latent_ode,3600,0.10937268254541171,-9.610911359664522,-9.79794192727178,-13.443576186256024,-5.06019215517288,0.03986470271797164,0.9031170193416377,0.41483519511440037,-0.2896385559458617,0.0
uturn,main,neural_flow,3600,0.11123396059464641,-9.537625990205886,-9.729605997844683,-13.465438513927445,-4.990022956165243,0.039020504991179525,0.9012162414107782,0.4171008248142799,-0.27579020594664344,0.0
uturn,main,tpatchgnn,3600,0.08543428604073092,-10.68367805539804,-11.135088258248194,-14.291067687979654,-6.036923127470748,0.040996568149680064,0.9298359100768964,0.6423977725047573,-0.3771090231264922,0.0
uturn,main,time_rwkv_csi,3600,0.10873412226207518,-9.636341469471386,-9.899965850012258,-13.404119185142527,-4.946624444100326,0.04326522964700719,0.9031295386577646,0.5957485336735165,-0.5062801565132071,0.0
uturn,main,ct_transformer_csi,3600,0.08312746068670498,-10.802554857869975,-11.221810513915042,-14.446111586113418,-6.471986940353977,0.03900963185600328,0.9321053887282809,0.6124272397562769,-0.4122735453870175,0.0
uturn,offgrid,hold,288,0.18207187095418298,-7.39757144995875,-6.905186510859632,-9.742112532398536,-3.8049162867135036,0.03574618363162093,0.8446881544659846,0.4034467046496704,-0.011199752948111078,0.0
uturn,offgrid,linear,288,0.2526677137704812,-5.974502492836525,-5.007441107569282,-9.780547540942209,-2.9851903285977865,0.1320270005108897,0.8789117415823663,1.109318736818548,0.9873188763554531,0.0
uturn,offgrid,kalman,288,0.22488853250317536,-6.480326895068613,-5.52146359361929,-10.07217567504365,-3.430553809061276,0.11680377454121703,0.8842685510300927,1.0226131186112373,0.8861012213957211,0.0
uturn,offgrid,harmonic,288,0.45489270091957223,-3.4209103168133232,-2.328994669693532,-9.906691777406671,-2.963921625450915,0.2871564497221344,0.8824263475188572,1.1754252024762133,0.9116568778574421,0.0
uturn,offgrid,cru,288,0.15953154416966855,-7.97153431074906,-7.7810566337865215,-9.31495775447678,-4.411124613442005,0.05400445787202241,0.8565457895294659,0.8606815825013554,-0.7647457864954453,0.0
uturn,offgrid,latent_ode,288,0.1507836723049978,-8.216456837431398,-7.9829344820665185,-9.622076066905624,-4.610442422866091,0.04903804564156013,0.8629444818426337,0.678785296240676,-0.5442148394164784,0.0
uturn,offgrid,neural_flow,288,0.15556393607499153,-8.080910768769614,-7.832119928028857,-9.596691258738005,-4.452193542995881,0.04690214430279917,0.8583586596521653,0.6811648437360418,-0.5118647953940025,0.0
uturn,offgrid,tpatchgnn,288,0.11060509108665428,-9.56224882254161,-9.764225965284421,-11.222178853806227,-5.684540102511513,0.05615714959043948,0.9116513365879655,1.0271203956346855,-0.6525232430948462,0.0
uturn,offgrid,time_rwkv_csi,288,0.15496113425686214,-8.097772134060502,-7.988972575570788,-9.384111089131117,-4.411844135642653,0.055673922530281236,0.8610435818425484,0.9496307845806263,-0.8464833896481044,0.0
uturn,offgrid,ct_transformer_csi,288,0.10519113560914978,-9.780208563632245,-9.847517924776424,-11.42030526057626,-5.8329352582597025,0.05021090947007502,0.9185774070728157,0.9946204552333155,-0.6973910320844475,0.0
uturn,pattern_uniform_n16,hold,1200,0.1311187019071258,-8.823353589903554,-8.773900787991543,-12.771054552471906,-4.668983009644818,0.03402321523058466,0.88899920253801,0.27935138371872503,-0.03356366096159036,0.0
uturn,pattern_uniform_n16,linear,1200,0.15562452001532318,-8.079219750301837,-7.184372665138103,-13.52842600020999,-5.258122173296611,0.08040937397619928,0.9218831150443293,0.7001474732859909,0.49217752287951344,0.0
uturn,pattern_uniform_n16,kalman,1200,0.14199094499130904,-8.477393504458018,-7.70786470984588,-13.849674887084744,-5.397506019899147,0.07251082427726488,0.9238840708307301,0.6515670003533524,0.4388393441572771,0.0
uturn,pattern_uniform_n16,harmonic,1200,0.2091242662655471,-6.795955697946805,-6.028006769283564,-11.327691501460905,-3.233036394341381,0.08552296865478032,0.8835960582294501,0.7550117609140944,0.41501965939306196,0.0
uturn,pattern_uniform_n16,cru,1200,0.1162786826981513,-9.344998969236642,-9.598843023281784,-12.916993882543476,-4.824134580961372,0.044332032853938774,0.8953576697750638,0.5444500143092591,-0.44901419870691217,0.0
uturn,pattern_uniform_n16,latent_ode,1200,0.11519514020805824,-9.38565842313353,-9.55092022891736,-13.1036234240656,-5.086957753046869,0.041611301912074246,0.8972671070105086,0.4231017738967694,-0.3122890813444398,0.0
uturn,pattern_uniform_n16,neural_flow,1200,0.11681604780490791,-9.324974911758918,-9.512701124305265,-13.027197738231358,-4.948947278954059,0.04092753695040604,0.8953366613729546,0.42884309531136144,-0.2994037852015754,0.0
uturn,pattern_uniform_n16,tpatchgnn,1200,0.08712557818448355,-10.598543268107486,-11.058252489133418,-14.031048726274083,-6.017187036011131,0.04208552991941057,0.9277617475638787,0.6566841871078941,-0.40110262500190097,0.0
uturn,pattern_uniform_n16,time_rwkv_csi,1200,0.11254803723395526,-9.486620744164178,-9.751094330417594,-13.270624719171817,-4.927489501380743,0.04384660167830589,0.8988908052040885,0.5787739859785991,-0.48869156100096006,0.0
uturn,pattern_uniform_n16,ct_transformer_csi,1200,0.08545102109299478,-10.682827433305631,-11.091179913882103,-14.242159648238719,-6.550339824386117,0.04049433542003195,0.9299587039028605,0.6658958596053708,-0.4706186815487551,0.0
uturn,pattern_random_n16,hold,1200,0.13111870203202367,-8.823353585766657,-8.77390078202012,-12.771054399581264,-4.668983009644818,0.0340232150600059,0.8889991986819465,0.2793513698702494,-0.033563641892178565,0.0
uturn,pattern_random_n16,linear,1200,0.16597569587861774,-7.799555018308524,-6.996922448324936,-13.251808876748946,-5.096928554290669,0.08553150386427356,0.9163407632533926,0.7127052620172526,0.49818343024459255,0.0
uturn,pattern_random_n16,kalman,1200,0.15177525353634336,-8.187990329775442,-7.5667654501835715,-13.532057476759494,-4.968269272088493,0.07684315865586086,0.917494431141143,0.6638278565065896,0.44327250491730713,0.0
uturn,pattern_random_n16,harmonic,1200,0.16939931133835975,-7.71088359545797,-6.8820553364683645,-12.65094127827036,-5.239208033616761,0.08118565778516616,0.910584840788118,0.721973628624631,0.425012647667063,0.0
uturn,pattern_random_n16,cru,1200,0.11614424693720746,-9.35002297575364,-9.60410362690448,-12.902210440339692,-4.852117503542726,0.04441060727946024,0.8954652915413802,0.5478968646608215,-0.4525553558631024,0.0
uturn,pattern_random_n16,latent_ode,1200,0.11533416679834772,-9.380420174764634,-9.545384071473821,-13.123558935262352,-5.0955494873254255,0.04165642738301661,0.8971838502058138,0.42366149627688715,-0.3123134400470712,0.0
uturn,pattern_random_n16,neural_flow,1200,0.11704269005062087,-9.316557051609832,-9.50531514940763,-13.017182177346234,-4.946250090495438,0.041013824983453254,0.8951706194823298,0.4275919775228734,-0.29983664656382947,0.0
uturn,pattern_random_n16,tpatchgnn,1200,0.08793804826636915,-10.558231775217736,-11.01737878137008,-13.878412245794998,-5.981859575210607,0.04220557745981447,0.9269302251314123,0.6556019307302874,-0.4033924787508052,0.0
uturn,pattern_random_n16,time_rwkv_csi,1200,0.1128668155504359,-9.47433728064081,-9.740664541730741,-13.246793508202154,-4.912592984306271,0.04435652518151073,0.8987779808448007,0.5887853971141158,-0.5004730820816864,0.0
uturn,pattern_random_n16,ct_transformer_csi,1200,0.08613301698514989,-10.648303404646043,-11.02033146452099,-14.04204902668632,-6.486826297842944,0.04065025159050492,0.9289668003842234,0.6427538412037636,-0.4470864012852447,0.0
uturn,pattern_bursty_n16,hold,1200,0.1311187026509712,-8.823353565265728,-8.773900795651064,-12.771054245789527,-4.668983313103856,0.0340232150229167,0.8889991987472361,0.27935135179821374,-0.03356361282636499,0.0
uturn,pattern_bursty_n16,linear,1200,0.17926783801010363,-7.46497619125077,-6.727874592904635,-12.51414531114387,-4.33253244772754,0.09110286329780441,0.908054588769252,0.7538774863616952,0.5576642207278443,0.0
uturn,pattern_bursty_n16,kalman,1200,0.15953237654017963,-7.971511651093963,-7.398522745161337,-13.031872309342726,-4.742834735508686,0.07817593171109366,0.9110352496585499,0.6710896627296431,0.4690576135915247,0.0
uturn,pattern_bursty_n16,harmonic,1200,0.1915510888847954,-7.177153748982673,-6.396217535238003,-11.496675635831568,-4.4829478356088,0.07958403332961704,0.8894665035213499,0.7010203651817816,0.39161279168840946,0.0
uturn,pattern_bursty_n16,cru,1200,0.11585535132597821,-9.360839014711681,-9.611247085321478,-12.870263963049506,-4.884746158805316,0.044766542095200444,0.8957293966171953,0.5510946687361866,-0.45785481821731083,0.0
uturn,pattern_bursty_n16,latent_ode,1200,0.11460046300572989,-9.408136277401177,-9.57841783752326,-13.16581126059868,-5.028913387288835,0.04062599710749661,0.897529397715504,0.41818442756432633,-0.3101159293585932,0.0
uturn,pattern_bursty_n16,neural_flow,1200,0.11690637029544329,-9.321618232369506,-9.504075020890335,-13.049384473858956,-4.951500629037154,0.040257509046520375,0.8953262501947271,0.4169023683888857,-0.28940066843890233,0.0
uturn,pattern_bursty_n16,tpatchgnn,1200,0.09104106368283586,-10.407626768179906,-10.894318457597741,-13.859739460476614,-5.6815960906176075,0.04318177410624533,0.9235638842855891,0.6461768578736519,-0.40964024160673335,0.0
uturn,pattern_bursty_n16,time_rwkv_csi,1200,0.11305677790408178,-9.467033960067837,-9.721133395687028,-13.137387052095729,-4.927989377660411,0.04499898130520099,0.8988897185244908,0.6131071045613802,-0.5277404264961478,0.0
uturn,pattern_bursty_n16,ct_transformer_csi,1200,0.0896912872202059,-10.4724974308711,-10.803818835686176,-13.917597292947224,-6.348376954997589,0.04097150362199803,0.9256096638739109,0.6182529459159074,-0.42244728688313143,0.0
uturn,pattern_dropout_n16,hold,1200,0.13111870103132484,-8.82335361891204,-8.773900815448112,-12.771054552471906,-4.668982630388597,0.03402321511612172,0.8889991974673467,0.2793513696661345,-0.03356363609770294,0.0
uturn,pattern_dropout_n16,linear,1200,0.1537304147568284,-8.132402011124151,-7.161497024802915,-13.431014953846429,-5.838491574360465,0.07960251885006679,0.9239646521008884,0.6849568629611107,0.4690055419225064,0.0
uturn,pattern_dropout_n16,kalman,1200,0.14250653528014784,-8.46165218665823,-7.6394101813022806,-13.596886234910386,-5.729556010537678,0.07282849046988456,0.9245393366289014,0.6497169670198248,0.4303776069181913,0.0
uturn,pattern_dropout_n16,harmonic,1200,0.16373140090448335,-7.858680222877243,-7.002032030794946,-12.842079770870633,-5.5124918000979,0.07954209617924182,0.9148181871448954,0.7053545584008316,0.41643882109971553,0.0
uturn,pattern_dropout_n16,cru,1200,0.11657191762006429,-9.334060592815373,-9.58832939826238,-12.877216147748122,-4.87761994837336,0.043983527639444825,0.8951905455145364,0.5364924585723444,-0.44187031862338094,0.0
uturn,pattern_dropout_n16,latent_ode,1200,0.1153644565474436,-9.379279754351597,-9.542847357064444,-13.114222800862084,-5.0996200353150325,0.0417416401506307,0.8971369222924114,0.424368281836214,-0.3123485387536736,0.0
uturn,pattern_dropout_n16,neural_flow,1200,0.11705220639905141,-9.316203955692218,-9.504052574732032,-12.996901398688166,-4.966520667551475,0.04102066196373622,0.8951221080481385,0.4276350866236438,-0.2991248430094735,0.0
uturn,pattern_dropout_n16,tpatchgnn,1200,0.08670438756796406,-10.619589250342592,-11.04101151713618,-13.878717862882734,-6.09305752001057,0.04123614848926081,0.92744434338063,0.6565151513157373,-0.41687416345395223,0.0
uturn,pattern_dropout_n16,time_rwkv_csi,1200,0.11313973426969824,-9.46384845618053,-9.72347845492052,-13.173925350195098,-4.930959755978925,0.044415591014136835,0.8982988489108781,0.5975540185386672,-0.5111114560460859,0.0
uturn,pattern_dropout_n16,ct_transformer_csi,1200,0.08665209823786427,-10.622209165958425,-11.015589136959527,-14.104275471879074,-6.484889260858984,0.04087421843983975,0.9287098167153697,0.6651975712844675,-0.4687836019875734,0.0
uturn,count_random_n4,hold,1200,0.1311187015674477,-8.823353601154452,-8.77390083837062,-12.771054552021365,-4.668983275205252,0.034023215170188144,0.8889991957977569,0.2793513470043096,-0.03356362994143638,0.0
uturn,count_random_n4,linear,1200,0.17843884826207917,-7.485105885857553,-7.061167848235107,-12.747145239364897,-3.622617070951818,0.08941202598627569,0.9025215841410682,0.6932185176516334,0.5372306425436182,0.0
uturn,count_random_n4,kalman,1200,0.1661080254989732,-7.796093841306763,-7.453411201729478,-12.94992187369876,-3.8235111450641286,0.07995431435599737,0.9036682415846735,0.6201192501883998,0.45591476761698385,0.0
uturn,count_random_n4,harmonic,1200,1.0292521953378673,0.12521801996562637,1.698357830091559,-8.39779386867675,0.2517919695698386,0.6313087531617081,0.7911621644565214,1.049035920209523,0.7542824123029035,0.0
uturn,count_random_n4,cru,1200,0.11587174143489998,-9.360224659800515,-9.59505089310561,-12.871756777291978,-4.884467246554611,0.044211751850831815,0.8953960802033544,0.5564699247366904,-0.46596840729160854,0.0
uturn,count_random_n4,latent_ode,1200,0.11477046142897356,-9.401698722959853,-9.564830696880115,-13.078726419658878,-5.06706808820703,0.039255711405727804,0.8970092749471466,0.40413381599275455,-0.3013108124312566,0.0
uturn,count_random_n4,neural_flow,1200,0.11611638240898174,-9.351065030185456,-9.510654773422427,-12.895394531171208,-4.960674166208722,0.039667925143142685,0.8951067644986324,0.4545219618319364,-0.36922738764157353,0.0
uturn,count_random_n4,tpatchgnn,1200,0.1008936595510507,-9.961361252250562,-10.551875567999696,-13.750418677054949,-5.131784131465311,0.0477819940039141,0.9146805164590478,0.6714797396720678,-0.4407571089328364,0.0
uturn,count_random_n4,time_rwkv_csi,1200,0.11386292280669902,-9.436176722500202,-9.702394824528959,-12.832272333473664,-4.901866420242182,0.04630419841232651,0.8973481635563075,0.6913007103538257,-0.6251100164388966,0.0
uturn,count_random_n4,ct_transformer_csi,1200,0.0943043357705877,-10.254683395219125,-10.57756931967688,-13.646164052004394,-5.968942278808492,0.04162660433745259,0.91909383055754,0.6073914790329097,-0.45313027335922623,0.0
uturn,count_random_n8,hold,1200,0.13111870235663445,-8.823353575014822,-8.773900805858181,-12.771054245789527,-4.668982971746211,0.034023215166819984,0.8889991992480161,0.2793513777025631,-0.033563636155025355,0.0
uturn,count_random_n8,linear,1200,0.1672654795246126,-7.7659368007111995,-7.062133781169236,-13.377487129027422,-4.711860503699129,0.08492138501815437,0.9127216390085717,0.7022406617487695,0.5003598650216782,0.0
uturn,count_random_n8,kalman,1200,0.15515065910664513,-8.092463751183526,-7.533009795362801,-13.615744624787443,-4.609459623506,0.07654062335963772,0.913152529397048,0.6430471645238139,0.4401049065017287,0.0
uturn,count_random_n8,harmonic,1200,0.1736004556473199,-7.604491392697974,-6.9082757805380925,-12.441726132854278,-4.825225764178331,0.08311582021550445,0.9052229392272421,0.7125515362287842,0.44238856933169396,0.0
uturn,count_random_n8,cru,1200,0.11559023227539607,-9.370788635636302,-9.617335332470038,-12.880447172204573,-4.886623221655263,0.04413717441527903,0.8956363963972156,0.544406329676373,-0.45626000563876007,0.0
uturn,count_random_n8,latent_ode,1200,0.11464630169282827,-9.40639950356657,-9.573621672864622,-13.12578941884127,-5.091687392203084,0.04077819689567756,0.8974445482157171,0.4216628162618751,-0.31538366273517265,0.0
uturn,count_random_n8,neural_flow,1200,0.11640855250683671,-9.340151110084868,-9.516905625672822,-13.07328266779892,-4.9508598926522644,0.04014823691097263,0.8954252682812512,0.42491486667962514,-0.3118058719863711,0.0
uturn,count_random_n8,tpatchgnn,1200,0.09208192080356335,-10.358256300202305,-10.863240681621676,-14.022618660941985,-5.649983578841119,0.04414768556775622,0.9231163292005659,0.6600018124013635,-0.40344569513506334,0.0
uturn,count_random_n8,time_rwkv_csi,1200,0.11300021713620784,-9.469207219947547,-9.735836752769659,-13.165347394921973,-4.90231848509746,0.04459061015898745,0.8982882470233987,0.6076922360314833,-0.5269187662253777,0.0
uturn,count_random_n8,ct_transformer_csi,1200,0.0889583261410856,-10.5081339746311,-10.889273690013624,-14.103336517568104,-6.274129151413697,0.04137148450211195,0.9255131196354827,0.6330769644704802,-0.4530506601886979,0.0
uturn,count_random_n32,hold,1200,0.13111870209540333,-8.82335358366738,-8.773900800075133,-12.771054398680182,-4.668982971746211,0.03402321512147258,0.8889991963745949,0.2793513620020955,-0.03356364181143363,0.0
uturn,count_random_n32,linear,1200,0.14861897948764333,-8.279257251621765,-7.287958960513462,-13.424696438362556,-6.399886485434314,0.07686967614182019,0.9264122966847693,0.700754562987701,0.45588545660896973,0.0
uturn,count_random_n32,kalman,1200,0.13329753163108157,-8.751778926636053,-7.980482960830918,-13.79900401168543,-6.122663854492199,0.06872992187683849,0.9277352222551902,0.6423936480106568,0.39715251172406474,0.0
uturn,count_random_n32,harmonic,1200,0.1587505917276212,-7.992846472418971,-7.12335087760647,-12.744477946923942,-6.085959964508584,0.076353621099679,0.9166363249494073,0.7233556072128583,0.39654453128958267,0.0
uturn,count_random_n32,cru,1200,0.1164509826628273,-9.338568423526336,-9.583507275286548,-12.911476765389883,-4.850554871424765,0.043660185949932685,0.895343435832765,0.5319811195192596,-0.4331658092745784,0.0
uturn,count_random_n32,latent_ode,1200,0.115668761286009,-9.367839153173875,-9.5296532413535,-13.09407064409493,-5.070480194799352,0.04202837265672315,0.8970245234202594,0.4239982788887816,-0.3103633017449708,0.0
uturn,count_random_n32,neural_flow,1200,0.11723933265138232,-9.309266623134983,-9.500622076041163,-13.0157331595892,-4.940741864224767,0.0414718028311078,0.8950645545699323,0.43476033768177635,-0.3004439710953011,0.0
uturn,count_random_n32,tpatchgnn,1200,0.08541409775988237,-10.684704422615265,-11.107386322176133,-14.05791750932136,-6.272229264789495,0.041286564455755674,0.9297001773243149,0.6747477195564988,-0.4151412476061978,0.0
uturn,count_random_n32,time_rwkv_csi,1200,0.1129115760915435,-9.472615303960639,-9.732218284941135,-13.257663287977383,-4.934437690577692,0.0441198734349958,0.8988448155019433,0.57600908408931,-0.4866093782442234,0.0
uturn,count_random_n32,ct_transformer_csi,1200,0.0848117697971126,-10.715438741201355,-11.104735789015244,-14.28731283610501,-6.600150205766484,0.03991847250827656,0.9306259408965707,0.6373072949214232,-0.4303880212327082,0.0
uturn,timestamps_none,hold,1200,0.13111870203202367,-8.823353585766657,-8.77390078202012,-12.771054399581264,-4.668983009644818,0.0340232150600059,0.8889991986819465,0.2793513698702494,-0.033563641892178565,0.0
uturn,timestamps_none,linear,1200,0.16597569587861774,-7.799555018308524,-6.996922448324936,-13.251808876748946,-5.096928554290669,0.08553150386427356,0.9163407632533926,0.7127052620172526,0.49818343024459255,0.0
uturn,timestamps_none,kalman,1200,0.15177525353634336,-8.187990329775442,-7.5667654501835715,-13.532057476759494,-4.968269272088493,0.07684315865586086,0.917494431141143,0.6638278565065896,0.44327250491730713,0.0
uturn,timestamps_none,harmonic,1200,0.16939931133835975,-7.71088359545797,-6.8820553364683645,-12.65094127827036,-5.239208033616761,0.08118565778516616,0.910584840788118,0.721973628624631,0.425012647667063,0.0
uturn,timestamps_none,cru,1200,0.11614424693720746,-9.35002297575364,-9.60410362690448,-12.902210440339692,-4.852117503542726,0.04441060727946024,0.8954652915413802,0.5478968646608215,-0.4525553558631024,0.0
uturn,timestamps_none,latent_ode,1200,0.11533416679834772,-9.380420174764634,-9.545384071473821,-13.123558935262352,-5.0955494873254255,0.04165642738301661,0.8971838502058138,0.42366149627688715,-0.3123134400470712,0.0
uturn,timestamps_none,neural_flow,1200,0.11704269005062087,-9.316557051609832,-9.50531514940763,-13.017182177346234,-4.946250090495438,0.041013824983453254,0.8951706194823298,0.4275919775228734,-0.29983664656382947,0.0
uturn,timestamps_none,tpatchgnn,1200,0.08793804826636915,-10.558231775217736,-11.01737878137008,-13.878412245794998,-5.981859575210607,0.04220557745981447,0.9269302251314123,0.6556019307302874,-0.4033924787508052,0.0
uturn,timestamps_none,time_rwkv_csi,1200,0.1128668155504359,-9.47433728064081,-9.740664541730741,-13.246793508202154,-4.912592984306271,0.04435652518151073,0.8987779808448007,0.5887853971141158,-0.5004730820816864,0.0
uturn,timestamps_none,ct_transformer_csi,1200,0.08613301698514989,-10.648303404646043,-11.02033146452099,-14.04204902668632,-6.486826297842944,0.04065025159050492,0.9289668003842234,0.6427538412037636,-0.4470864012852447,0.0
uturn,timestamps_uniform_times,hold,1200,0.13111870203202367,-8.823353585766657,-8.77390078202012,-12.771054399581264,-4.668983009644818,0.0340232150600059,0.8889991986819465,0.2793513698702494,-0.033563641892178565,0.0
uturn,timestamps_uniform_times,linear,1200,0.16640243668263793,-7.788403184895514,-7.065540129513144,-12.991044319408832,-5.133140429332496,0.08353867516827146,0.9139163849002216,0.7075019320426145,0.49273241964150655,0.0
uturn,timestamps_uniform_times,kalman,1200,0.15201816754376826,-8.181045068412633,-7.58831999397383,-13.29782877189324,-5.089756279909555,0.07526466448462088,0.9158758296227704,0.6572322649088165,0.43550266925657827,0.0
uturn,timestamps_uniform_times,harmonic,1200,8.175675058325773,9.12523622127669,10.648363437835313,0.009926887164719622,13.68258363932283,5.64231351390806,0.5798782927892171,5.4838447262246826,5.210012020222979,0.0
uturn,timestamps_uniform_times,cru,1200,0.11615317706619559,-9.34968906712243,-9.604696614671354,-12.897805425027144,-4.856882914500762,0.04450968955578598,0.8954635286455354,0.549589905355706,-0.4538414292025815,0.0
uturn,timestamps_uniform_times,latent_ode,1200,0.1153350195510393,-9.380388064208887,-9.545472549111867,-13.123191904686998,-5.094725260159425,0.041666822709551826,0.8971792953275144,0.4239358296508984,-0.3127695318195265,0.0
uturn,timestamps_uniform_times,neural_flow,1200,0.11704193032290884,-9.31658524189013,-9.505350146948803,-13.016836126445764,-4.948145420461881,0.041009849111836354,0.8951749698825491,0.4275134957003077,-0.2997441780345495,0.0
uturn,timestamps_uniform_times,tpatchgnn,1200,0.08918153405200428,-10.497250614258565,-10.899454803273262,-13.773573119908555,-6.019583779014138,0.041953882353057755,0.9252778381481767,0.6607598554240879,-0.41892339861963895,0.0
uturn,timestamps_uniform_times,time_rwkv_csi,1200,0.11279767770569378,-9.476998415759448,-9.735986603831332,-13.25191524655602,-4.917867812640748,0.04410394934289191,0.8987624777729313,0.5848921604940551,-0.4970653084779042,0.0
uturn,timestamps_uniform_times,ct_transformer_csi,1200,0.08918298048565096,-10.497180176688305,-10.827956815525583,-13.909299345109456,-6.463043821532881,0.04088037235436787,0.9259785342713197,0.67009174080578,-0.49825417091223245,0.0
uturn,timestamps_jitter_20,hold,1200,0.13111870203202367,-8.823353585766657,-8.77390078202012,-12.771054399581264,-4.668983009644818,0.0340232150600059,0.8889991986819465,0.2793513698702494,-0.033563641892178565,0.0
uturn,timestamps_jitter_20,linear,1200,0.16211665476838485,-7.9017236638248045,-7.111574154591546,-13.35875788314082,-5.062063836859001,0.0823004124384776,0.9167588034210106,0.6961614948676917,0.4808604821923556,0.0
uturn,timestamps_jitter_20,kalman,1200,0.14820196846143519,-8.291460278933867,-7.686377925254125,-13.711959190996119,-5.059112677788401,0.07370157120454375,0.9178651378427942,0.6462403199242848,0.42987071534746674,0.0
uturn,timestamps_jitter_20,harmonic,1200,0.1652254184678653,-7.819231395146992,-7.033567849969284,-13.012853440636267,-5.124258904611378,0.07878065575290141,0.9126271319466953,0.7100455867688773,0.4248953623023408,0.0
uturn,timestamps_jitter_20,cru,1200,0.11640582014556154,-9.340253049618145,-9.59880281407624,-12.896997726080457,-4.837156971616257,0.044519367604992414,0.895346026775272,0.5507747455754406,-0.45276032633625163,0.0
uturn,timestamps_jitter_20,latent_ode,1200,0.11531504450646632,-9.381140290460454,-9.546389752088412,-13.11293591138039,-5.095897991348215,0.04162815891255984,0.897193182942768,0.4236548843539244,-0.3121694588818508,0.0
uturn,timestamps_jitter_20,neural_flow,1200,0.11703495314772226,-9.316844143891794,-9.505932271773055,-13.015136503330293,-4.94217678033339,0.04099788915010322,0.8951717959499608,0.42751651768634624,-0.2996200207825935,0.0
uturn,timestamps_jitter_20,tpatchgnn,1200,0.08790830231996855,-10.559701069344218,-11.01286951283475,-13.884582375567241,-6.019774920345778,0.04177105714890786,0.9266735516736905,0.6474445943432511,-0.4139731484107324,0.0
uturn,timestamps_jitter_20,time_rwkv_csi,1200,0.1131267910171482,-9.464345320059035,-9.723369048410643,-13.257751867947174,-4.876828056497341,0.04408188262250405,0.8986746303426723,0.5674781520002095,-0.4725708576614852,0.0
uturn,timestamps_jitter_20,ct_transformer_csi,1200,0.08687440869140725,-10.611081384068125,-10.990357925688716,-14.039309007457186,-6.497927682566994,0.04102945300609766,0.9284556356879572,0.6626964560799631,-0.47379400549577744,0.0
uturn,stale_50,hold,1200,0.1512856353060488,-8.202023066330163,-7.97861920696519,-11.616498817808019,-4.572865684363145,0.03435071776272404,0.8754910450239549,0.3466850146012439,-0.00020512845503011098,0.0
uturn,stale_50,linear,1200,0.19526150049851518,-7.093833776506338,-6.287466588538568,-12.582222381336404,-4.199860080915089,0.1021837294083313,0.9088260848176045,0.8215571362646976,0.6575741002732441,0.0
uturn,stale_50,kalman,1200,0.18038236606338615,-7.438059207613,-6.7147361726115005,-12.804338179419547,-4.20078420557946,0.09236493080172295,0.9111966833208377,0.7656536412242834,0.5978995440363482,0.0
uturn,stale_50,harmonic,1200,0.19366750681343547,-7.12943238317382,-6.2093467084416165,-11.81287015730792,-5.026510194297351,0.09329636571266747,0.9012345207633916,0.8038289798529392,0.5006818887755313,0.0
uturn,stale_50,cru,1200,0.13171316543899592,-8.803708128002365,-8.892838744719928,-11.845110324168271,-4.760079558501308,0.0466513827637876,0.8836630836400824,0.6634675708584594,-0.4986035131650715,0.0
uturn,stale_50,latent_ode,1200,0.12955390062367467,-8.875495066933183,-8.872369242052306,-11.970997827517722,-4.948632588556114,0.04292722649629771,0.8868505751403669,0.5327422907650058,-0.36914961525143253,0.0
uturn,stale_50,neural_flow,1200,0.13169007349436773,-8.804469599592064,-8.822013158280607,-11.873746851774753,-4.874242924698201,0.0418719694860071,0.8843809575874669,0.5201053192251371,-0.32843654573625825,0.0
uturn,stale_50,tpatchgnn,1200,0.09670209184667328,-10.145641312154359,-10.379460326970378,-12.718051044907643,-6.130047287270165,0.043730731112106395,0.9213463034108281,0.904432252808377,-0.6547178955111304,0.0
uturn,stale_50,time_rwkv_csi,1200,0.13945717049617087,-8.55559150620887,-8.617702175009947,-11.305922176897802,-4.740241323905224,0.05581885856910958,0.8788103749478857,0.8354349520432879,-0.7167207863524284,0.0
uturn,stale_50,ct_transformer_csi,1200,0.10323263941361802,-9.861829686381366,-9.99246640839608,-12.444666130816099,-5.938592075616789,0.04152116003235278,0.9179842185772334,0.9183118742036943,-0.7188736608156857,0.0
uturn,stale_100,hold,1200,0.17233547607916988,-7.636253117597179,-7.179179894644221,-10.880654964023929,-4.346944042747661,0.032859750113905954,0.8591779449341508,0.38705435066835586,-0.005932311134019983,0.0
uturn,stale_100,linear,1200,0.23476734718249645,-6.293623074440085,-5.340451853160052,-11.850653178521338,-3.0397426696896557,0.12487521261180215,0.8950410163538618,0.9314307776909846,0.7908927163511301,0.0
uturn,stale_100,kalman,1200,0.21535965800099802,-6.668356471310676,-5.77684301528803,-11.982151065435371,-3.504193508590095,0.11049312204229561,0.8977377167060331,0.85915889381511,0.7118304894165817,0.0
uturn,stale_100,harmonic,1200,0.23020005865217777,-6.37894570053256,-5.337676954384328,-10.930530594831325,-4.547701978816378,0.1121439828275652,0.889172763525227,0.9232717333066618,0.5622112681103529,0.0
uturn,stale_100,cru,1200,0.14715713683404222,-8.322186706185189,-8.187298163147736,-11.116452119190603,-4.681374172675298,0.0479341976798969,0.8700844136947611,0.7724670870937795,-0.6099186233512591,0.0
uturn,stale_100,latent_ode,1200,0.14368812060090325,-8.425791356287288,-8.187334641847933,-11.360229686085614,-4.947560607841571,0.04268413035240277,0.8744657799849908,0.6167459317910713,-0.46420738527288147,0.0
uturn,stale_100,neural_flow,1200,0.1476677721417218,-8.307142772556048,-8.093156505145036,-11.237283132462052,-4.831343582785624,0.04174811972802369,0.8705684956192272,0.5889954537525758,-0.3975076646081789,0.0
uturn,stale_100,tpatchgnn,1200,0.12047492490470177,-9.191033357342352,-9.248224266462138,-11.758538475532635,-5.121608783171315,0.05115932693113185,0.8999829279289892,1.1354248780122724,-0.9142568733731362,0.0
uturn,stale_100,time_rwkv_csi,1200,0.16835950474371203,-7.737623604684995,-7.621169990545206,-10.421688827868824,-4.32012424031815,0.057743917769597225,0.8634324553686504,0.7313963287526561,-0.3467299915385562,0.0
uturn,stale_100,ct_transformer_csi,1200,0.1503596906500752,-8.228685764744764,-7.994827716987752,-10.27600293157758,-5.202516030988486,0.04246537588701661,0.8726508122840945,0.9751072660213436,-0.7988098462825541,0.0
uturn,history_flat,hold,1200,0.13111870203202367,-8.823353585766657,-8.77390078202012,-12.771054399581264,-4.668983009644818,0.0340232150600059,0.8889991986819465,0.2793513698702494,-0.033563641892178565,0.0
uturn,history_flat,linear,1200,0.13111870096869097,-8.823353620986616,-8.773900884161634,-12.771054399581264,-4.668981227059834,0.034023215308525326,0.8889991935891642,0.27935144112027044,-0.03356380125896976,0.0
uturn,history_flat,kalman,1200,0.13111870203202367,-8.823353585766657,-8.77390078202012,-12.771054399581264,-4.668983009644818,0.0340232150600059,0.8889991986819465,0.2793513698702494,-0.033563641892178565,0.0
uturn,history_flat,harmonic,1200,0.13111870203202367,-8.823353585766657,-8.77390078202012,-12.771054399581264,-4.668983009644818,0.0340232150600059,0.8889991986819465,0.2793513698702494,-0.033563641892178565,0.0
uturn,history_flat,cru,1200,0.1310858273323902,-8.824442605910928,-8.774895688964952,-12.738023068148276,-4.584926028870559,0.03434765976402256,0.8884345754609482,0.2848243103033504,-0.06945470159769078,0.0
uturn,history_flat,latent_ode,1200,0.12888829069450972,-8.897865358486888,-8.857119904818264,-12.779557047914352,-4.73911898591081,0.03454900318578438,0.8880735437226152,0.3306359157285078,-0.1931629550521696,0.0
uturn,history_flat,neural_flow,1200,0.12790206908589122,-8.93122429834741,-8.904829311588315,-12.819565787045686,-4.7378950686384425,0.034291818211886496,0.8885664493018218,0.3240875919046539,-0.18014045460094166,0.0
uturn,history_flat,tpatchgnn,1200,0.12834756303769002,-8.91612372955385,-8.875805953312177,-12.831726715121414,-4.693971314381458,0.033824527385343875,0.8890365636900727,0.32586097834607547,-0.15650574709109302,0.0
uturn,history_flat,time_rwkv_csi,1200,0.12689180785302598,-8.965664150926031,-8.95026637801632,-12.770202471461769,-4.7741147168249265,0.03497566732719861,0.8881814883148763,0.40379041917937986,-0.3085223927507407,0.0
uturn,history_flat,ct_transformer_csi,1200,0.1268966671230252,-8.965497842810803,-8.936271257574386,-12.84555079062741,-4.734983554788071,0.03416589912363027,0.8890014066909013,0.3420338525798191,-0.2175571636177968,0.0
uturn,history_reverse,hold,1200,0.13111870203202367,-8.823353585766657,-8.77390078202012,-12.771054399581264,-4.668983009644818,0.0340232150600059,0.8889991986819465,0.2793513698702494,-0.033563641892178565,0.0
uturn,history_reverse,linear,1200,0.4699704212594467,-3.279294745920252,-2.3527258930957453,-6.847802169963306,0.5917807778644951,0.04700792777941388,0.7069186364515129,0.7443550935313882,0.05250340963480994,0.0
uturn,history_reverse,kalman,1200,0.37655973764369266,-4.2416611728255,-3.404196688826455,-7.307563541261301,-0.7162393813898927,0.04097102780962208,0.7340126407380012,0.6916043839819274,-0.11057843922838705,0.0
uturn,history_reverse,harmonic,1200,0.3220023016160121,-4.921410240322402,-4.034024848812706,-8.539132588918225,-1.149015262650823,0.04147086386665857,0.7810229732849197,0.5660002364920608,-0.020791925528319554,0.0
uturn,history_reverse,cru,1200,0.12021007823757221,-9.20059120191163,-9.419670180280544,-12.71704311603511,-4.821986734970255,0.04537456442502238,0.8921354816854,0.5791899266661494,-0.47546454094573465,0.0
uturn,history_reverse,latent_ode,1200,0.12256404699658258,-9.116369073127565,-9.177200719303379,-12.789468062647039,-4.867669525072942,0.03558934423900913,0.891922273930783,0.3628201644537209,-0.23238452322855058,0.0
uturn,history_reverse,neural_flow,1200,0.1229690540475652,-9.102041678071531,-9.187237522145411,-12.80938154502002,-4.798762665293455,0.03594454241905623,0.8914390490452448,0.3648970187676726,-0.22393931895723654,0.0
uturn,history_reverse,tpatchgnn,1200,0.13065145370698397,-8.838857536870643,-8.74464614222007,-11.836806723679276,-5.162999585022129,0.041634202521927365,0.883601894689103,0.8294356591803566,-0.7494861968965658,0.0
uturn,history_reverse,time_rwkv_csi,1200,0.11318604014205146,-9.462071337761243,-9.717163531799798,-13.007873152025017,-4.946805425596078,0.04295177694100554,0.898660373405243,0.5723144546650777,-0.4766478777400334,0.0
uturn,history_reverse,ct_transformer_csi,1200,0.14282792707414046,-8.45186866870975,-8.300403365574617,-11.472022658301405,-4.953046349759914,0.03458598127133579,0.8780627081849768,0.6111473556810961,-0.469185725815211,0.0
climb_descent,main,hold,3600,0.06918103038498279,-11.600129738744215,-10.511791681601764,-14.970302418503017,-7.857478076958696,0.015657228327565664,0.9371741442879041,0.18142299048646793,-0.03579602242210209,0.0
climb_descent,main,linear,3600,0.05879529857048005,-12.306573998852475,-11.118450480846958,-16.255112953975082,-8.858544108592001,0.03134178440164962,0.9639529877404371,0.45576892846298706,0.3815720927203883,0.0
climb_descent,main,kalman,3600,0.07409362597822312,-11.30219151285872,-10.20109053805842,-16.056570259440605,-7.38211708847932,0.040577209234929294,0.9536116687539551,0.44137406531324813,0.3581709705605843,0.0
climb_descent,main,harmonic,3600,0.26199345164401167,-5.81709563452819,-4.472389338376604,-13.909703675867382,-4.591498781349322,0.1230250617662144,0.905071714286589,0.5665797304375441,0.4212716729305432,0.0
climb_descent,main,cru,3600,0.06582039980195178,-11.816394840706002,-10.754558161587443,-14.946505120238424,-7.820783887315299,0.026048416310711926,0.9391829657140706,0.5363355907330778,-0.49761584603668274,0.0
climb_descent,main,latent_ode,3600,0.057430727599882325,-12.408556815316103,-11.687944148323625,-15.290279078191412,-9.431741565456177,0.02532919514241156,0.9469917986293633,0.2764645625541319,-0.2109806468609107,0.0
climb_descent,main,neural_flow,3600,0.0505281296220912,-12.964667775551371,-11.947805469547996,-15.483901317631029,-9.690273587566947,0.021957732880562415,0.953163211685088,0.254616771731944,-0.1827773919409588,0.0
climb_descent,main,tpatchgnn,3600,0.03433770950720322,-14.642286777702981,-13.68408656558582,-16.78829829239007,-11.199990773824622,0.01708220609851398,0.9689472294433249,0.3009746082627498,-0.21975764963968483,0.0
climb_descent,main,time_rwkv_csi,3600,0.06582738230657317,-11.815934147304077,-10.733886289618148,-14.925185530271836,-7.943236304870855,0.02267958418025349,0.9392019847200976,0.48592320478997963,-0.4542341370391043,0.0
climb_descent,main,ct_transformer_csi,3600,0.04019146481602042,-13.95866165245592,-12.98245443541336,-16.03076439022099,-10.231438118508034,0.01795097105596748,0.9638555501732561,0.36310919669680114,-0.31732964275563064,0.0
climb_descent,offgrid,hold,288,0.09945038546154844,-10.02393529246443,-8.97277922410619,-11.809254943649874,-6.024765162936645,0.018267996025012206,0.9107503806137376,0.27039683300123823,-0.040212945894988174,0.0
climb_descent,offgrid,linear,288,0.07756824282296293,-11.103160466495957,-10.01530126659672,-14.771366697148288,-6.622676313216251,0.044594847479149595,0.9554441900302967,0.7224203540515899,0.633782396330288,0.0
climb_descent,offgrid,kalman,288,0.11773140347415595,-9.291076787331082,-8.327143302643758,-13.984326914894659,-4.652787943658019,0.06733200705093623,0.9294074848294258,0.8099076905988719,0.6643508958542144,0.0
climb_descent,offgrid,harmonic,288,0.30047772716271637,-5.221877144393549,-3.3721568883145006,-11.103546987544116,-4.431605639380047,0.13443409180530985,0.8825793594846295,0.7076103048113711,0.5331075800531835,0.0
climb_descent,offgrid,cru,288,0.0956934189582373,-10.191179285596208,-9.184823020658095,-11.796724762770504,-6.660491697722904,0.03585119748054745,0.9142662965589099,0.9267129063438106,-0.8790069894101988,0.0
climb_descent,offgrid,latent_ode,288,0.08631316079885841,-10.639229791799806,-10.011230066950478,-12.79887043857317,-6.556868589309567,0.03721747637134993,0.9213675777945254,0.4531503792987779,-0.37293397884089546,0.0
climb_descent,offgrid,neural_flow,288,0.073791600302785,-11.319930711006016,-10.346506629309095,-13.212231286467436,-7.644011318503333,0.031278150092576756,0.9332199489904774,0.40261382694168585,-0.27579630258939386,0.0
climb_descent,offgrid,tpatchgnn,288,0.043739070523062966,-13.591304501734122,-12.757223626977064,-15.347983263636344,-10.049317566735988,0.022676530514116975,0.9621847917636236,0.4463592364235309,-0.32612061950082233,0.0
climb_descent,offgrid,time_rwkv_csi,288,0.09593589392675818,-10.180188733530514,-9.157979796558417,-11.853935532170398,-6.071247928266358,0.03010011104824015,0.9134847761856185,0.7928826270909263,-0.7503946846364266,0.0
climb_descent,offgrid,ct_transformer_csi,288,0.048204732938554824,-13.169103188527258,-12.364742599978307,-15.00537607497806,-9.782020008059918,0.0220481141413984,0.9584567940069569,0.5288437827888023,-0.4549956754765137,0.0
climb_descent,pattern_uniform_n16,hold,1200,0.0669190403595591,-11.744502955867555,-10.571179904276642,-15.23770144927418,-8.054780544265961,0.014962414251755641,0.9388331463932991,0.17640242419973523,-0.01906649994812748,0.0
climb_descent,pattern_uniform_n16,linear,1200,0.04960049495013664,-13.045139897791438,-11.752085271285056,-16.376478160809548,-9.918677666852853,0.02549040566877617,0.9689555458227793,0.41065362468070815,0.3657301544302997,0.0
climb_descent,pattern_uniform_n16,kalman,1200,0.06026469800483028,-12.19937015410023,-11.277111363429725,-16.51558963692092,-8.671010010922334,0.03290052528431261,0.960337401603659,0.4100394109839423,0.31190692292231686,0.0
climb_descent,pattern_uniform_n16,harmonic,1200,0.15385733486206543,-8.128817947419165,-6.967171099091118,-11.583392176204391,-3.8239471907733518,0.03889212953073487,0.8797920300066471,0.3928478679479546,0.2612592201022684,0.0
climb_descent,pattern_uniform_n16,cru,1200,0.06411676741382204,-11.930283816661298,-10.798442491973956,-15.133398980702841,-7.99617140309168,0.02520976352501748,0.9401916059603294,0.5209524611011147,-0.48064159090281466,0.0
climb_descent,pattern_uniform_n16,latent_ode,1200,0.056138394040147734,-12.507400154543063,-11.778520443140783,-15.530064563547732,-9.390767134107936,0.024873174038996998,0.9476217674215635,0.266851455873566,-0.20985032109903234,0.0
climb_descent,pattern_uniform_n16,neural_flow,1200,0.04950506721404963,-13.053503455013935,-11.995591324321753,-15.610776827442912,-9.727267946671045,0.021560897641945,0.9536479194959004,0.24254105970620002,-0.16184110620798794,0.0
climb_descent,pattern_uniform_n16,tpatchgnn,1200,0.03142671648597267,-15.027009924000701,-13.993127892341263,-17.217067792973964,-11.671351659642351,0.015561770872075916,0.9712919089694818,0.28081831329068035,-0.174994788663001,0.0
climb_descent,pattern_uniform_n16,time_rwkv_csi,1200,0.06315263638328664,-11.996085145811094,-10.825750008669237,-15.245324622064587,-8.172236320190047,0.020296436039831556,0.9408391517152389,0.4027069107058924,-0.36661916173383363,0.0
climb_descent,pattern_uniform_n16,ct_transformer_csi,1200,0.038106288792272,-14.190033455211992,-13.183360176362324,-16.23438048912916,-10.33621458183425,0.017068448345344222,0.9655279002090296,0.3620615152631217,-0.31569820848742286,0.0
climb_descent,pattern_random_n16,hold,1200,0.06691904070149272,-11.744502933676578,-10.571179882831627,-15.237701314664049,-8.054780171927291,0.014962414153790935,0.9388331450273594,0.17640240958629874,-0.019066517941488805,0.0
climb_descent,pattern_random_n16,linear,1200,0.0537599398088787,-12.695412262021195,-11.317037169804259,-16.506575618291713,-9.509538311094836,0.0278779346512844,0.9658206570645174,0.41791008856415524,0.3718813264866549,0.0
climb_descent,pattern_random_n16,kalman,1200,0.06628614131336993,-11.78577261644506,-10.695855587175192,-16.050927007730948,-7.942719219805738,0.03622219673236638,0.9562501747906208,0.4265440932246717,0.3257712108105534,0.0
climb_descent,pattern_random_n16,harmonic,1200,0.08287459893773,-10.815785603012245,-9.529004892348857,-14.66694118706217,-6.581908064033584,0.026272997680510647,0.9372856889913479,0.39361330239507275,0.2777279020619123,0.0
climb_descent,pattern_random_n16,cru,1200,0.06414233778566995,-11.928552154566258,-10.801483793466149,-15.138202861571603,-8.078934083541757,0.025112831433701407,0.9401438879718383,0.5188183359643275,-0.4785101763079486,0.0
climb_descent,pattern_random_n16,latent_ode,1200,0.05672958693413724,-12.461903786577192,-11.740739661497482,-15.521671508894169,-9.341018272868407,0.025107668239076397,0.9471122707426548,0.26667634724997696,-0.20606643403764488,0.0
climb_descent,pattern_random_n16,neural_flow,1200,0.04972065693963183,-13.034631418290205,-11.983432557469495,-15.612730378651417,-9.686921006546013,0.021637900596997498,0.953442436059316,0.24141954262294651,-0.16174491354400136,0.0
climb_descent,pattern_random_n16,tpatchgnn,1200,0.03228572579395404,-14.909894460626571,-13.87005479609234,-17.251300081790873,-11.471149819785898,0.01591816993182268,0.9705569903552532,0.2815971623701595,-0.17636171384657853,0.0
climb_descent,pattern_random_n16,time_rwkv_csi,1200,0.06363552978174994,-11.96300335928441,-10.804092664404621,-15.228519487077431,-8.110783807727863,0.021371363500159835,0.9406422697256008,0.4511119242105512,-0.4203478662273968,0.0
climb_descent,pattern_random_n16,ct_transformer_csi,1200,0.03849455811780596,-14.146006613084545,-13.10182050361238,-16.288098455305445,-10.405619665952285,0.017056493194929013,0.9650611733396848,0.3482437358823942,-0.29525259898201206,0.0
climb_descent,pattern_bursty_n16,hold,1200,0.06691904050566033,-11.744502946385806,-10.571179890445528,-15.23770117907288,-8.054780171927291,0.014962414275626846,0.9388331426680088,0.17640242859409833,-0.019066502416981167,0.0
climb_descent,pattern_bursty_n16,linear,1200,0.062375966523419875,-12.04982711868982,-10.774300009877715,-16.078127852440026,-8.993637083326021,0.03259046091954588,0.9606984799603621,0.45871232572042575,0.402907726067139,0.0
climb_descent,pattern_bursty_n16,kalman,1200,0.07770267643000504,-11.095640218842373,-10.001405655735176,-15.833521716117655,-7.080075293060268,0.04215133817066089,0.9498606615016858,0.4619926488121685,0.3748175267918244,0.0
climb_descent,pattern_bursty_n16,harmonic,1200,0.11653423006400165,-9.335464888492655,-7.987476077116627,-13.41761835154933,-5.002269583929233,0.021075818261833773,0.9024630546445648,0.32019290885133767,0.1397194565533088,0.0
climb_descent,pattern_bursty_n16,cru,1200,0.06506447559887117,-11.866560661534628,-10.725891158453377,-15.13595211506123,-8.03500381202924,0.0261157231016053,0.9393772625178098,0.5265099268779401,-0.48584016113830636,0.0
climb_descent,pattern_bursty_n16,latent_ode,1200,0.05715743151979647,-12.429272953086732,-11.724263271032438,-15.39032278100454,-9.342069368106062,0.025298078477887127,0.9467509910960992,0.2737310866412372,-0.21365706488731423,0.0
climb_descent,pattern_bursty_n16,neural_flow,1200,0.04958422776030299,-13.046564462109632,-12.001935043364112,-15.624499953603614,-9.661508559989318,0.02165612556347696,0.9535947692394257,0.24467957857874958,-0.1609936342209403,0.0
climb_descent,pattern_bursty_n16,tpatchgnn,1200,0.03431689561783666,-14.64492006284367,-13.607833721620622,-16.886061676887746,-11.346146943225841,0.016766465330407907,0.968595487823089,0.29453708067536355,-0.21181249260072946,0.0
climb_descent,pattern_bursty_n16,time_rwkv_csi,1200,0.06485929648644136,-11.880277663277619,-10.731925930848035,-15.178684459344709,-8.034918764221265,0.022794469577044462,0.9398659524569909,0.4971580995045709,-0.46943271901756817,0.0
climb_descent,pattern_bursty_n16,ct_transformer_csi,1200,0.04017609807515934,-13.960322444596942,-12.927748047531901,-16.271857808777973,-10.255299046063694,0.017430762860385585,0.9631028440097967,0.3401240646294415,-0.28860684024271904,0.0
climb_descent,pattern_dropout_n16,hold,1200,0.06691904033811928,-11.744502957258966,-10.571179920002042,-15.23770104348172,-8.054779758420267,0.014962414162479641,0.9388331406066815,0.17640242960448632,-0.019066503424264736,0.0
climb_descent,pattern_dropout_n16,linear,1200,0.052549381932185495,-12.794323876285045,-11.43544828708836,-16.707127700393592,-9.773371486843642,0.027385725949473756,0.9666554960608482,0.41548662879695863,0.3720836118572576,0.0
climb_descent,pattern_dropout_n16,kalman,1200,0.07081103630363941,-11.498990497644234,-10.432910599806362,-15.89676180429277,-7.43305020121593,0.038692047194793605,0.9543256491422654,0.44822688371607605,0.3508132721509416,0.0
climb_descent,pattern_dropout_n16,harmonic,1200,0.07708549495141294,-11.130273347272997,-9.894772548535961,-15.121180338454073,-7.0495525617570935,0.026631693111279067,0.9433366476496061,0.3948613723312447,0.29284471447436955,0.0
climb_descent,pattern_dropout_n16,cru,1200,0.0641687913897719,-11.92676140507718,-10.802764079572004,-15.11826010590638,-7.995658566264771,0.024993509408996032,0.9401267547408739,0.5199745937083693,-0.4790014376062512,0.0
climb_descent,pattern_dropout_n16,latent_ode,1200,0.05799037157052225,-12.36644108521823,-11.675602144407895,-15.431181195136011,-9.337497137346306,0.025517653905577996,0.946068696503838,0.26894932533723476,-0.20550092290085256,0.0
climb_descent,pattern_dropout_n16,neural_flow,1200,0.049920489123663474,-13.017211680638667,-11.970934108236062,-15.61707345853894,-9.648605267374888,0.02177113444368539,0.95325989762942,0.2455651720211305,-0.16515217459655712,0.0
climb_descent,pattern_dropout_n16,tpatchgnn,1200,0.032461135023792546,-14.886362988673978,-13.82901956111277,-17.183241196745378,-11.465726186871363,0.01601494947502336,0.9705443790555001,0.28910751014060226,-0.1871819147063555,0.0
climb_descent,pattern_dropout_n16,time_rwkv_csi,1200,0.06372727111434263,-11.956746781835111,-10.80210517429891,-15.233935405202306,-8.178281216514186,0.021476187189909977,0.9405449060847362,0.4537301223235166,-0.42502631889879317,0.0
climb_descent,pattern_dropout_n16,ct_transformer_csi,1200,0.03843339375285723,-14.152912646883147,-13.116052124310835,-16.2833838759149,-10.277743112959692,0.017027232418064767,0.9649727649986743,0.34956792303911544,-0.30298344782250447,0.0
climb_descent,count_random_n4,hold,1200,0.066919040567797,-11.744502942353229,-10.571179897530909,-15.23770131270199,-8.054780585434353,0.01496241422055391,0.9388331435372432,0.17640243745985268,-0.01906651848050084,0.0
climb_descent,count_random_n4,linear,1200,0.0618441150668635,-12.08701620458227,-10.806156685722323,-16.03393060312944,-8.789077619724193,0.03262722488886842,0.9591836175322532,0.42804800862114156,0.37974373408833345,0.0
climb_descent,count_random_n4,kalman,1200,0.07675132371863583,-11.149141255740119,-10.022961560803974,-15.540952067386476,-7.499655738364347,0.042841325673871326,0.9518373701473077,0.4740782160033026,0.4108774628096823,0.0
climb_descent,count_random_n4,harmonic,1200,0.3737861503310463,-4.273767943061257,-3.090302145320965,-9.644139785149669,-1.5399207967004571,0.1553140248474665,0.827983517460525,0.6595535841267701,0.44224684682264825,0.0
climb_descent,count_random_n4,cru,1200,0.06442811358557568,-11.909245843353027,-10.777869387991108,-15.123073956314284,-7.966579248096891,0.02538304627967591,0.9399787406126658,0.5325504879824302,-0.49713328757475966,0.0
climb_descent,count_random_n4,latent_ode,1200,0.05802704767564137,-12.363695250893517,-11.653155886882631,-15.325728079087849,-9.36032363254752,0.02585129428895622,0.9459114546825489,0.2749738567328313,-0.21521886267563484,0.0
climb_descent,count_random_n4,neural_flow,1200,0.0484690447626781,-13.145355393526648,-12.071801291926747,-15.69123212577885,-9.665369282974233,0.021104607774207883,0.9544372196495533,0.2683395499287629,-0.2132051355198443,0.0
climb_descent,count_random_n4,tpatchgnn,1200,0.03626214518069901,-14.405465076706554,-13.360243040791461,-16.7458083407954,-11.100929366078448,0.01763381371284898,0.9666044323643048,0.29137273335257,-0.21748916196627155,0.0
climb_descent,count_random_n4,time_rwkv_csi,1200,0.06533971327373972,-11.848227756442649,-10.737867343780154,-15.112631915939257,-7.995450779526326,0.023712491006002288,0.939734205280741,0.5511307188197194,-0.5269505284815872,0.0
climb_descent,count_random_n4,ct_transformer_csi,1200,0.042736772365969955,-13.69198280407323,-12.66480710575154,-15.952769288873252,-10.029417927688558,0.01933226042462896,0.9609651081264019,0.3795319809761607,-0.33091772240902934,0.0
climb_descent,count_random_n8,hold,1200,0.06691904057994785,-11.744502941564656,-10.57117989303195,-15.237701180053927,-8.054780130758903,0.014962414212162305,0.9388331343233586,0.17640241940960852,-0.019066480627816417,0.0
climb_descent,count_random_n8,linear,1200,0.056642685762126346,-12.468561623801248,-11.130625934192125,-16.200158349718457,-9.37162259577795,0.029531940349625075,0.963356164842844,0.4213311002733826,0.37078157867280725,0.0
climb_descent,count_random_n8,kalman,1200,0.07070748457716643,-11.505346125323928,-10.343696164726556,-15.774043904939251,-7.597360476389692,0.0388358590906743,0.9542859919369221,0.44624415671774237,0.3647960290360182,0.0
climb_descent,count_random_n8,harmonic,1200,0.10334243352976046,-9.857213158104583,-8.399877856170916,-14.655238974836147,-6.872894587059035,0.04434422314624195,0.9390887564917405,0.42033140877087133,0.32390760186108913,0.0
climb_descent,count_random_n8,cru,1200,0.06432978117401944,-11.9158792590536,-10.781572266095305,-15.115801413137753,-8.06227218555481,0.02541465034513749,0.940008185779055,0.5277130260466462,-0.490881734535263,0.0
climb_descent,count_random_n8,latent_ode,1200,0.05655325303193725,-12.47542408719312,-11.745922548555646,-15.48077463099045,-9.383013314041612,0.025189529668320273,0.947154579187433,0.2715359788254682,-0.21603260004932356,0.0
climb_descent,count_random_n8,neural_flow,1200,0.04890684874938112,-13.106303194900033,-12.044287347802198,-15.66300088736217,-9.81784058731766,0.021188656378762973,0.9541836093366146,0.23987673043202448,-0.16407572852012892,0.0
climb_descent,count_random_n8,tpatchgnn,1200,0.03432296716318282,-14.644151751678553,-13.611284506407355,-16.86373454085384,-11.344085859792704,0.01683644465627367,0.9686317866047224,0.2913268713065918,-0.19400143475249934,0.0
climb_descent,count_random_n8,time_rwkv_csi,1200,0.06402776078814593,-11.936316862807336,-10.788132703266038,-15.20997238843093,-8.096655557186205,0.02204674155575655,0.9404237206031879,0.4790126227620931,-0.4507935024596615,0.0
climb_descent,count_random_n8,ct_transformer_csi,1200,0.04019715765069123,-13.95804654882255,-12.921903313675074,-16.014269453628682,-10.248181518072638,0.01830776081772759,0.9636212746798992,0.3777923906363382,-0.32958853118119197,0.0
climb_descent,count_random_n32,hold,1200,0.06691904059617325,-11.744502940511655,-10.571179907193095,-15.23770117907288,-8.054780171927291,0.014962414209773366,0.9388331351925929,0.17640241923379715,-0.019066486686045513,0.0
climb_descent,count_random_n32,linear,1200,0.0507421869525812,-12.946308189240941,-11.599359943745299,-16.67885460707646,-10.018803749714168,0.026024509346631627,0.9686007905503115,0.41504656121804145,0.36837789192718146,0.0
climb_descent,count_random_n32,kalman,1200,0.06716912056703829,-11.728303378019884,-10.841361603101305,-16.14662766971866,-8.140924331922308,0.036373215461935615,0.9559676775584618,0.42169978367260685,0.3058511470623868,0.0
climb_descent,count_random_n32,harmonic,1200,0.08482442869266378,-10.714790567221508,-9.385228234026439,-14.6667035259638,-6.605624535122597,0.02381850311932794,0.9342594476789237,0.3847628561019762,0.2525633144102661,0.0
climb_descent,count_random_n32,cru,1200,0.06415435282918527,-11.927738717042846,-10.80232898823082,-15.116606553371085,-7.9895179743103055,0.024823525171668734,0.9401275963087876,0.5145977446660194,-0.47163324105070087,0.0
climb_descent,count_random_n32,latent_ode,1200,0.058486569200140365,-12.329438534383097,-11.635911596583954,-15.388070909281105,-9.33724867461879,0.02576535311149807,0.9457501373936733,0.264814614462933,-0.19469042043926796,0.0
climb_descent,count_random_n32,neural_flow,1200,0.050842464719814115,-12.937734040608158,-11.886357181884081,-15.516071141801092,-9.518208344784373,0.022102723506510907,0.9524329031507174,0.24574856923194602,-0.16496380703761437,0.0
climb_descent,count_random_n32,tpatchgnn,1200,0.031243260044005485,-15.052436564447461,-14.012407927688312,-17.36534351805969,-11.664360494361167,0.015583101134113046,0.9714856454233328,0.27943140403511885,-0.17170605707187253,0.0
climb_descent,count_random_n32,time_rwkv_csi,1200,0.06363706868173419,-11.96289833498547,-10.800529468788508,-15.250767352161935,-8.141618038279944,0.021304116730304183,0.9406215652326743,0.4442589993197544,-0.4122555277691451,0.0
climb_descent,count_random_n32,ct_transformer_csi,1200,0.03799065496127393,-14.203232191166357,-13.161319591411257,-16.38743041683921,-10.433051964640077,0.016510286090203104,0.9653562741478284,0.33674393387365853,-0.2860442663129167,0.0
climb_descent,timestamps_none,hold,1200,0.06691904070149272,-11.744502933676578,-10.571179882831627,-15.237701314664049,-8.054780171927291,0.014962414153790935,0.9388331450273594,0.17640240958629874,-0.019066517941488805,0.0
climb_descent,timestamps_none,linear,1200,0.0537599398088787,-12.695412262021195,-11.317037169804259,-16.506575618291713,-9.509538311094836,0.0278779346512844,0.9658206570645174,0.41791008856415524,0.3718813264866549,0.0
climb_descent,timestamps_none,kalman,1200,0.06628614131336993,-11.78577261644506,-10.695855587175192,-16.050927007730948,-7.942719219805738,0.03622219673236638,0.9562501747906208,0.4265440932246717,0.3257712108105534,0.0
climb_descent,timestamps_none,harmonic,1200,0.08287459893773,-10.815785603012245,-9.529004892348857,-14.66694118706217,-6.581908064033584,0.026272997680510647,0.9372856889913479,0.39361330239507275,0.2777279020619123,0.0
climb_descent,timestamps_none,cru,1200,0.06414233778566995,-11.928552154566258,-10.801483793466149,-15.138202861571603,-8.078934083541757,0.025112831433701407,0.9401438879718383,0.5188183359643275,-0.4785101763079486,0.0
climb_descent,timestamps_none,latent_ode,1200,0.05672958693413724,-12.461903786577192,-11.740739661497482,-15.521671508894169,-9.341018272868407,0.025107668239076397,0.9471122707426548,0.26667634724997696,-0.20606643403764488,0.0
climb_descent,timestamps_none,neural_flow,1200,0.04972065693963183,-13.034631418290205,-11.983432557469495,-15.612730378651417,-9.686921006546013,0.021637900596997498,0.953442436059316,0.24141954262294651,-0.16174491354400136,0.0
climb_descent,timestamps_none,tpatchgnn,1200,0.03228572579395404,-14.909894460626571,-13.87005479609234,-17.251300081790873,-11.471149819785898,0.01591816993182268,0.9705569903552532,0.2815971623701595,-0.17636171384657853,0.0
climb_descent,timestamps_none,time_rwkv_csi,1200,0.06363552978174994,-11.96300335928441,-10.804092664404621,-15.228519487077431,-8.110783807727863,0.021371363500159835,0.9406422697256008,0.4511119242105512,-0.4203478662273968,0.0
climb_descent,timestamps_none,ct_transformer_csi,1200,0.03849455811780596,-14.146006613084545,-13.10182050361238,-16.288098455305445,-10.405619665952285,0.017056493194929013,0.9650611733396848,0.3482437358823942,-0.29525259898201206,0.0
climb_descent,timestamps_uniform_times,hold,1200,0.06691904070149272,-11.744502933676578,-10.571179882831627,-15.237701314664049,-8.054780171927291,0.014962414153790935,0.9388331450273594,0.17640240958629874,-0.019066517941488805,0.0
climb_descent,timestamps_uniform_times,linear,1200,0.0562924422405437,-12.495499091194539,-11.159508502973141,-16.25631850118984,-9.339422622655745,0.029013100629890688,0.9646431126693884,0.4368850908950844,0.38666445368507996,0.0
climb_descent,timestamps_uniform_times,kalman,1200,0.07077728302353838,-11.501061129408402,-10.392035154199588,-15.841789533784976,-8.09466181806052,0.03852838614871871,0.9544765038291613,0.4352583771224696,0.3437370148401533,0.0
climb_descent,timestamps_uniform_times,harmonic,1200,3.9637699719617374,5.981084432889259,7.110391551407025,3.0167084782926374,10.340550630803651,2.26730754049262,0.4725889823609032,4.852135213436559,4.76985579575412,0.0
climb_descent,timestamps_uniform_times,cru,1200,0.06432639886668767,-11.916107606795645,-10.788790538671812,-15.096614257420857,-8.067327620772863,0.025283887176246935,0.9399883299072583,0.5211018750007255,-0.4809997235614234,0.0
climb_descent,timestamps_uniform_times,latent_ode,1200,0.05669181465223422,-12.464796414242938,-11.746662829949786,-15.455092347756061,-9.313719101910902,0.02507038193367407,0.9471417032182217,0.2680005730681781,-0.20901696741377238,0.0
climb_descent,timestamps_uniform_times,neural_flow,1200,0.04983184794962047,-13.024930072812413,-11.975260500662838,-15.610729869327578,-9.66988642647218,0.021701598424824622,0.9533365425467492,0.24104597298636993,-0.1610936929573169,0.0
climb_descent,timestamps_uniform_times,tpatchgnn,1200,0.03429546172917374,-14.647633457408373,-13.59805008161161,-16.905152568636765,-11.033106517540588,0.016780640705183033,0.9688170799116294,0.2930325888111474,-0.18739429838066524,0.0
climb_descent,timestamps_uniform_times,time_rwkv_csi,1200,0.06327205989547413,-11.987880263488934,-10.817575508648629,-15.225247632975236,-8.178238514320114,0.02051208889088836,0.9407126617183288,0.41060796009303885,-0.3761966193008993,0.0
climb_descent,timestamps_uniform_times,ct_transformer_csi,1200,0.04355386231425655,-13.6097332613525,-12.58074193548127,-16.174116946733065,-10.033812355527793,0.018279575725064206,0.9604369276762008,0.3824538910385551,-0.3373602170572364,0.0
climb_descent,timestamps_jitter_20,hold,1200,0.06691904070149272,-11.744502933676578,-10.571179882831627,-15.237701314664049,-8.054780171927291,0.014962414153790935,0.9388331450273594,0.17640240958629874,-0.019066517941488805,0.0
climb_descent,timestamps_jitter_20,linear,1200,0.053390675649279726,-12.725345831897176,-11.350155705767762,-16.52682845690363,-9.585138496502458,0.02721852636129673,0.9656779940923055,0.4081036984803359,0.36124532962555045,0.0
climb_descent,timestamps_jitter_20,kalman,1200,0.06431282212028842,-11.917024326598524,-10.764234048343045,-16.221075650677903,-8.423308170282438,0.034667134757049405,0.9571469831218322,0.41023632711062724,0.3088727550600864,0.0
climb_descent,timestamps_jitter_20,harmonic,1200,0.06586990477507546,-11.81312964396488,-10.552757199310234,-15.758491402811702,-8.227328541964651,0.029564885119422495,0.955391053184867,0.41728535627922003,0.35801725534979295,0.0
climb_descent,timestamps_jitter_20,cru,1200,0.06411664640203525,-11.930292013394066,-10.802179707591659,-15.143280119383295,-8.080851825950178,0.02508532117980091,0.9401571294168631,0.5171481879749141,-0.4769404229549885,0.0
climb_descent,timestamps_jitter_20,latent_ode,1200,0.056696991924048534,-12.46439982120175,-11.743696983136626,-15.51925451440015,-9.368808598791087,0.025075199493955248,0.9471379342178504,0.26617091874015386,-0.2055661872112311,0.0
climb_descent,timestamps_jitter_20,neural_flow,1200,0.04960949174626876,-13.044352223272814,-11.990174760985632,-15.62791104705023,-9.678694660315841,0.021548088355084472,0.9535419149200122,0.24050304906554326,-0.16134254920650468,0.0
climb_descent,timestamps_jitter_20,tpatchgnn,1200,0.03237959289200565,-14.89728615924429,-13.844926429103566,-17.230528574856805,-11.485555845054035,0.01589519181039577,0.9704703235626221,0.280542936448425,-0.1748236242297086,0.0
climb_descent,timestamps_jitter_20,time_rwkv_csi,1200,0.06364755559668993,-11.962182708988443,-10.801202562286337,-15.2493557052181,-8.19009997275751,0.02113682358130973,0.9405796022713184,0.4381766891523148,-0.4068604481472236,0.0
climb_descent,timestamps_jitter_20,ct_transformer_csi,1200,0.039044073786244554,-14.084448751604551,-13.040715205446297,-16.27779720735841,-10.328983259833022,0.017016113627159938,0.9644164803127447,0.352030242582332,-0.30110408148813195,0.0
climb_descent,stale_50,hold,1200,0.08323383646632768,-10.79700087131358,-9.657392271349366,-14.003808357085855,-7.078374191677738,0.016659955544982948,0.9250702880322933,0.22910374340749817,-0.02289716491090682,0.0
climb_descent,stale_50,linear,1200,0.06836605209665625,-11.651594983819727,-10.369181649246848,-15.970122132042874,-8.15629188292616,0.03535823648768807,0.959194941719373,0.5185010915861827,0.4510748139730913,0.0
climb_descent,stale_50,kalman,1200,0.08849025554387481,-10.531045507318414,-9.380136968445463,-14.95774917096379,-6.596176791652802,0.04757547313874966,0.9467592808852593,0.520995619908305,0.45923083015407123,0.0
climb_descent,stale_50,harmonic,1200,0.11252973488112426,-9.487327043216562,-8.192257617341758,-13.166860205630705,-5.488031246112397,0.028869146798557874,0.9124273138244947,0.4126761360694218,0.2707612229561831,0.0
climb_descent,stale_50,cru,1200,0.07763203934126067,-11.099590050639039,-10.0017070439275,-13.906324743970298,-7.31237136401512,0.028614172357968832,0.9276952389627695,0.6487952330797452,-0.5950870141095644,0.0
climb_descent,stale_50,latent_ode,1200,0.06284165662427162,-12.017523746617194,-11.326451252384897,-14.545416261083858,-8.983820239078046,0.02636031991991331,0.9420906523366769,0.3264403123582548,-0.24872370284995612,0.0
climb_descent,stale_50,neural_flow,1200,0.05691748066950822,-12.447543312782837,-11.437396735301363,-14.783634132419554,-9.103710937078999,0.022882326451884486,0.9476337815076112,0.3031020067293927,-0.18574064155193507,0.0
climb_descent,stale_50,tpatchgnn,1200,0.04203849167281684,-13.76352874706689,-12.721053780063903,-15.88013122045924,-10.538892418300785,0.017389579830293465,0.9625345549980799,0.39660208960541543,-0.27051503131634186,0.0
climb_descent,stale_50,time_rwkv_csi,1200,0.08674519351615648,-10.617545797905867,-9.610261729410295,-13.338104657840173,-6.700298597334912,0.03095395346402559,0.9192226793865362,0.7176863532153462,-0.6926941017691085,0.0
climb_descent,stale_50,ct_transformer_csi,1200,0.060273121080341906,-12.198763191862307,-11.109684013005346,-14.61272669327736,-8.870849260416758,0.018594846043609625,0.9448804572721322,0.5186154008074785,-0.463772117049557,0.0
climb_descent,stale_100,hold,1200,0.1007236982115137,-9.968683368778784,-8.802688941639813,-12.774555554370604,-6.393916927704499,0.017728640679318536,0.9107816542685032,0.25429975391173987,-0.030616532073545387,0.0
climb_descent,stale_100,linear,1200,0.08974855713944029,-10.469725247152839,-9.18607841848091,-14.794018164452769,-6.751139709060294,0.04722485082122148,0.9489231395969788,0.6480477662145858,0.5414357622392708,0.0
climb_descent,stale_100,kalman,1200,0.11940138046033098,-9.22990652077349,-8.010795446693413,-13.848184633401967,-5.372884616172072,0.06359409361806077,0.9333270651598772,0.6681929968182522,0.6071359512348136,0.0
climb_descent,stale_100,harmonic,1200,0.15033871100938995,-8.229291776758556,-6.924994159288856,-10.860144524551437,-4.439846683540997,0.028176766159861776,0.8767285176490744,0.37237255550297654,0.1785081431921814,0.0
climb_descent,stale_100,cru,1200,0.09148576588466918,-10.386464718201719,-9.25729361149667,-12.866070605211009,-6.71059276628802,0.030117493468787872,0.9152083580195903,0.707535916640627,-0.6620202325397501,0.0
climb_descent,stale_100,latent_ode,1200,0.07158511198154884,-11.451772913315114,-10.687830693161924,-13.895566509242338,-8.259631603639342,0.028035577493549985,0.9352257354557514,0.37063826219007145,-0.26408596065043943,0.0
climb_descent,stale_100,neural_flow,1200,0.06604727212708288,-11.801451148340119,-10.751829146903649,-14.359488023500226,-8.353216936862866,0.02428931675919254,0.9404097678760688,0.3189539615525761,-0.1987703877420093,0.0
climb_descent,stale_100,tpatchgnn,1200,0.0677687107565968,-11.689707763729853,-10.680434383214896,-13.758226974537981,-8.678871205050164,0.022595860501169227,0.9391743342578411,0.46868840586484717,-0.26716569017761077,0.0
climb_descent,stale_100,time_rwkv_csi,1200,0.10915496641692395,-9.619564996397134,-8.599427389164145,-11.89938792840516,-5.732494069196228,0.035841434472143496,0.8985307749733329,0.7950793887058777,-0.773380428943298,0.0
climb_descent,stale_100,ct_transformer_csi,1200,0.10084884204014088,-9.963290840497702,-8.845108474449855,-12.537435475843758,-6.332549244780914,0.021433652986488597,0.9077373887350162,0.6600690210282968,-0.6167216696681135,0.0
climb_descent,history_flat,hold,1200,0.06691904070149272,-11.744502933676578,-10.571179882831627,-15.237701314664049,-8.054780171927291,0.014962414153790935,0.9388331450273594,0.17640240958629874,-0.019066517941488805,0.0
climb_descent,history_flat,linear,1200,0.06691903971745584,-11.744502997539088,-10.571179896717723,-15.237701314664049,-8.054779056734706,0.014962413842513343,0.9388331429908673,0.17640236853117433,-0.019066653333381207,0.0
climb_descent,history_flat,kalman,1200,0.06691904070149272,-11.744502933676578,-10.571179882831627,-15.237701314664049,-8.054780171927291,0.014962414153790935,0.9388331450273594,0.17640240958629874,-0.019066517941488805,0.0
climb_descent,history_flat,harmonic,1200,0.06691904070149272,-11.744502933676578,-10.571179882831627,-15.237701314664049,-8.054780171927291,0.014962414153790935,0.9388331450273594,0.17640240958629874,-0.019066517941488805,0.0
climb_descent,history_flat,cru,1200,0.06670536148349736,-11.758392580007012,-10.61933954837606,-15.166150957328323,-8.112614038853769,0.01578868143089494,0.9376890369007985,0.19379565528464202,-0.11639367472859401,0.0
climb_descent,history_flat,latent_ode,1200,0.06701125155823927,-11.73852270740981,-10.573496296077378,-15.225712107769024,-8.11858524572713,0.01521908212780545,0.9381213259945314,0.17783558327410598,-0.06960134009519607,0.0
climb_descent,history_flat,neural_flow,1200,0.06649376357869187,-11.772190850783817,-10.60411477007306,-15.228578147511186,-8.088274119981198,0.015103789969501425,0.9384560532867908,0.17724620576844244,-0.06476870731152909,0.0
climb_descent,history_flat,tpatchgnn,1200,0.06598356712689565,-11.805642098326391,-10.638523475422518,-15.23107833412703,-8.13351489351092,0.015104674093017821,0.9385725583384434,0.19576270571660037,-0.10942894840993783,0.0
climb_descent,history_flat,time_rwkv_csi,1200,0.06569994720161049,-11.82434979451763,-10.685382715385192,-15.160871637258548,-8.178096141870164,0.01647161815975778,0.9380142346521219,0.2755916338119035,-0.2281726743573866,0.0
climb_descent,history_flat,ct_transformer_csi,1200,0.06495719602096263,-11.873727303633409,-10.71133097507957,-15.314137576998117,-8.218525766646081,0.015699881887958327,0.9387319818635782,0.26217296240897364,-0.21522297090222614,0.0
climb_descent,history_reverse,hold,1200,0.06691904070149272,-11.744502933676578,-10.571179882831627,-15.237701314664049,-8.054780171927291,0.014962414153790935,0.9388331450273594,0.17640240958629874,-0.019066517941488805,0.0
climb_descent,history_reverse,linear,1200,0.31674836841935755,-4.992856135030681,-3.9422524556964906,-7.5215674295366135,-1.0162713857882175,0.02256393107876647,0.7706931538014518,0.5136993014883289,0.012428638968170464,0.0
climb_descent,history_reverse,kalman,1200,0.14658065243294308,-8.339233495865928,-7.4305089363986045,-10.402147565318577,-4.801184052227388,0.03158714141740347,0.8834138252756869,0.5001782446969688,-0.0924154284693456,0.0
climb_descent,history_reverse,harmonic,1200,0.17868718419408347,-7.479065948551971,-6.447353920937399,-10.299729529865868,-3.5395388285625553,0.01985786656815132,0.8565134943649173,0.3828341902747585,-0.09971491751355643,0.0
climb_descent,history_reverse,cru,1200,0.06839531335237553,-11.649736563929778,-10.498129749833074,-15.118924689400728,-7.738750206513569,0.024782863345929704,0.935930653065443,0.4047395887612765,-0.3541090102271422,0.0
climb_descent,history_reverse,latent_ode,1200,0.0559322147065177,-12.523379838940494,-11.6357085085043,-15.148081462376787,-8.671822869027812,0.018317258008961897,0.9477016362796227,0.23385149959661097,-0.1637429599193077,0.0
climb_descent,history_reverse,neural_flow,1200,0.0572524201659932,-12.42206150166754,-11.353417871044408,-15.42906092287526,-8.660638126845647,0.015541500263413279,0.9465820343792438,0.20393716745796459,-0.09817008006638692,0.0
climb_descent,history_reverse,tpatchgnn,1200,0.11330877579052565,-9.45736452627303,-8.339084355467937,-13.041397627507155,-5.402147453548936,0.015816026193212263,0.8961081821968158,0.42414978967210115,-0.37453839651981374,0.0
climb_descent,history_reverse,time_rwkv_csi,1200,0.06322663991001415,-11.99099897536999,-10.820522838692172,-15.18384211882329,-8.181415065301996,0.01970446139620132,0.9406361193954944,0.38372360361548846,-0.34714448031807327,0.0
climb_descent,history_reverse,ct_transformer_csi,1200,0.08598963635158725,-10.655538876696246,-9.578092540654882,-14.047102700760199,-6.776041512214056,0.017449831913872914,0.9194073999424776,0.40516166604390796,-0.34500485078669346,0.0
occlusion,main,hold,3600,1.4378288002611468,1.577071784473236,-6.898873212118989,-6.525721569514585,4.240669391909687,0.6223894502305605,0.8407158906629127,2.101489635797958,-0.1822254079965872,0.0
occlusion,main,linear,3600,5.60573955066182,7.4863291605394995,-4.501182508068238,-5.611372122243742,5.330357314959679,4.2942153898992705,0.8293039902253239,3.4073607557624848,0.4094509586662348,0.0
occlusion,main,kalman,3600,4.855335484026032,6.8621924327132655,-4.6306083673902645,-5.97060247061391,5.036090726282934,3.600256169478461,0.8368184254745978,3.10962210041316,0.4214600565127613,0.0002777777777777778
occlusion,main,harmonic,3600,3.5460296212349527,5.497423590948925,-3.459753207728899,-4.789282233884404,7.0275246096826205,2.2811346552300447,0.8251208763663535,3.829291934899229,-0.019916359329201643,0.0025
occlusion,main,cru,3600,0.6707334499522242,-1.7345003454584653,-3.9726330908119505,-2.812640475068693,0.9430276662415265,0.3751605269800509,0.6690098491842218,7.875033832575751,-7.723519439305657,0.09055555555555556
occlusion,main,latent_ode,3600,0.6905300529532057,-1.608174154956035,-3.1300436648198553,-2.3457746591914193,0.6787067940920283,0.41555762227686094,0.6044052743138519,9.380468951041241,-9.297606709197733,0.165
occlusion,main,neural_flow,3600,0.6769199825759925,-1.6946266540577724,-3.099102766820023,-2.040152627739997,0.4342803485573851,0.459885441893259,0.660544710383999,11.498917378752635,-11.433886656504992,0.25972222222222224
occlusion,main,tpatchgnn,3600,0.7583448966892643,-1.2013323148909973,-2.1742000037284472,-1.130449029456222,1.1984621667513877,0.4436085195138973,0.7221676187912252,9.66684261667387,-9.594854276049364,0.0825
occlusion,main,time_rwkv_csi,3600,0.7133772091477618,-1.466807695413599,-2.3632237363896182,-0.15996635323870845,0.3254340523145902,0.5203801389670762,0.5118324977530729,13.554017099657495,-13.505765561795084,0.41194444444444445
occlusion,main,ct_transformer_csi,3600,0.6025095857343856,-2.200360392121276,-5.955085770904217,-4.7738554404411655,1.2236927198913594,0.29557407487693127,0.7809714773299897,5.965501670416303,-5.742418516142125,0.07277777777777777
occlusion,offgrid,hold,864,2.0613124615924283,3.1414382878061557,-4.405466303855371,-4.368280867316853,6.653144405217026,0.9260023339777237,0.8239111578171745,3.64969355315447,-0.4393637468977734,0.0
occlusion,offgrid,linear,864,8.62154224779375,9.355849606966348,-2.401174851918486,-2.026178226202584,10.764891435616994,6.6083300370026805,0.8204830364082698,4.911769937235308,1.2606030711114593,0.0011574074074074073
occlusion,offgrid,kalman,864,7.606706176767249,8.81196641143528,-2.5252890560587553,-2.4889907621156246,9.573301263335983,5.739952360185338,0.8304529060152601,4.332097096845785,1.4258210089687458,0.0011574074074074073
occlusion,offgrid,harmonic,864,6.473369459318982,8.111303945298378,-1.6950343489097772,-1.5732685930182593,10.554643843941623,4.555946229485723,0.8158254267586421,5.7349162415363635,-0.32193976628332166,0.003472222222222222
occlusion,offgrid,cru,864,0.9478442218824057,-0.23263033058555854,-0.8524243788268631,-0.04099760985938475,1.45440121917813,0.5709736855615456,0.5220154575609841,12.658553057098793,-12.524698494164719,0.16666666666666666
occlusion,offgrid,latent_ode,864,1.0330083431038442,0.14103829118196912,-0.045160816906781115,0.20446844424472332,1.8865883210585126,0.5795814209029939,0.5709810243733955,13.037017504277712,-12.966327978109971,0.18287037037037038
occlusion,offgrid,neural_flow,864,0.8708158654723471,-0.600736671087506,-1.0212748016598303,-0.2062090018887089,0.4881728592938232,0.7036544508590412,0.5419074815385169,18.353777248455486,-18.340099317375227,0.4976851851851852
occlusion,offgrid,tpatchgnn,864,1.0102494365529748,0.04428616895430906,-0.12109252620212194,0.3444704791083665,1.1509786541245786,0.658240002842191,0.5680781010930702,15.478252497070503,-15.460659400680688,0.29976851851851855
occlusion,offgrid,time_rwkv_csi,864,0.9256730469515552,-0.3354238154523782,-0.5062513026477728,-0.00870147917259947,0.309435320757729,0.7851516331077922,0.2740117794776677,22.054745410064545,-22.042500161190723,0.6782407407407407
occlusion,offgrid,ct_transformer_csi,864,0.7893295901462638,-1.0274161619075275,-3.6486224940704397,-1.9700261401143488,1.43243588219871,0.4468078254359608,0.7302302808740124,9.977227459939765,-9.705280259671984,0.1550925925925926
occlusion,pattern_uniform_n16,hold,1200,1.2613173217132863,1.0082435995324597,-6.703047510061639,-6.09402767880904,4.2925408800751494,0.4733122603831483,0.8277609036817254,2.1646057953313114,-0.454038845623157,0.0
occlusion,pattern_uniform_n16,linear,1200,5.631772004484082,7.506450646001902,-4.369671572131838,-3.8517944514296234,4.389637432139951,4.307387686408086,0.7953400898528828,4.058911973062544,-0.5709230434090811,0.0033333333333333335
occlusion,pattern_uniform_n16,kalman,1200,4.817339040542235,6.828072126949767,-4.379865324609683,-4.2302406911699855,4.138630490838755,3.586348768359603,0.8072091201075818,3.750669228879948,-0.5161585309308915,0.005833333333333334
occlusion,pattern_uniform_n16,harmonic,1200,3.6232528150066114,5.590986382939,-3.7993829668405925,-3.487053300399741,7.652745593687358,2.3205040419031864,0.8136491385207045,4.062629953885141,-0.25542319752896825,0.0033333333333333335
occlusion,pattern_uniform_n16,cru,1200,0.6630760793682808,-1.7843663908503928,-4.023257642760991,-2.1560094759894475,1.1213690333210786,0.3669999321227078,0.6628991074313186,8.020414107951025,-7.959474132688095,0.09833333333333333
occlusion,pattern_uniform_n16,latent_ode,1200,0.6911433894334671,-1.6043184151226955,-3.1325883158062675,-1.7816399438705095,0.7165407567851337,0.4160272673864771,0.5947987884150348,9.603186314629081,-9.576187711136106,0.17
occlusion,pattern_uniform_n16,neural_flow,1200,0.6859492818588235,-1.6370799423950744,-3.0791428526638267,-1.5920056839552768,0.5733992088462847,0.4627872974879574,0.6463129461634344,11.733895170682711,-11.712085902349111,0.26916666666666667
occlusion,pattern_uniform_n16,tpatchgnn,1200,0.7566583090974018,-1.2110019444230071,-2.1963267545767353,-1.0317177039600538,1.2049593756415706,0.44632900879951193,0.7095420112592788,9.833485253942198,-9.808218312727599,0.0875
occlusion,pattern_uniform_n16,time_rwkv_csi,1200,0.7173923694598489,-1.4424324700644986,-2.396551601041627,-0.12194924151128061,0.2946456929735507,0.5241012408176903,0.4960945299958644,13.861754098463182,-13.844619644028135,0.4175
occlusion,pattern_uniform_n16,ct_transformer_csi,1200,0.5987260762923203,-2.227718266325921,-6.078084591482659,-4.351043966972802,1.4496074606711618,0.28919855711271036,0.7752090870212608,6.10306760229442,-5.97012522003109,0.07583333333333334
occlusion,pattern_random_n16,hold,1200,1.2613173143885312,1.0082435743119966,-6.703047402707581,-6.094027810503063,4.2925408800751494,0.4733122538966078,0.827760903948753,2.1646057811345116,-0.4540388569698189,0.0
occlusion,pattern_random_n16,linear,1200,5.886850531827465,7.698830091387149,-4.388895916534139,-4.714185476244925,5.19137872868494,4.467921683870566,0.8231267298257444,3.8256897514277566,-0.10274953938972127,0.0
occlusion,pattern_random_n16,kalman,1200,5.0347964205304745,7.019819147649703,-4.425819590709096,-5.210333492484237,4.644791779850439,3.7227845381614557,0.8294628783856751,3.457080825774877,-0.0156968690687548,0.0016666666666666668
occlusion,pattern_random_n16,harmonic,1200,3.6865508560166926,5.666202293784307,-4.850670255031001,-4.658864553609202,6.463137049190158,2.5141646657174475,0.827290556661513,3.901662393866961,-0.36781269377990006,0.005833333333333334
occlusion,pattern_random_n16,cru,1200,0.6648073925753124,-1.7730415989660686,-4.002605756350173,-2.158680336275307,1.1395343601936827,0.3662234187320185,0.6640098064280513,7.9835619461800285,-7.916156803073051,0.0975
occlusion,pattern_random_n16,latent_ode,1200,0.6910246614246474,-1.6050645316194931,-3.133390225626006,-1.7803998014273243,0.71475350618313,0.4160427774025205,0.5946230377914131,9.604484446034768,-9.577485808321896,0.17
occlusion,pattern_random_n16,neural_flow,1200,0.6873790993273724,-1.6280367729740952,-3.0779353926105557,-1.6152166510038377,0.5949330432364692,0.4617630668768349,0.6468464798568796,11.720294702339645,-11.69444542497183,0.2675
occlusion,pattern_random_n16,tpatchgnn,1200,0.7563782476206931,-1.2126096934860067,-2.1961885215260297,-1.0418044884045705,1.2049585129030749,0.44610825918459646,0.7099171281811626,9.852752853990532,-9.831232359147009,0.09083333333333334
occlusion,pattern_random_n16,time_rwkv_csi,1200,0.7169499052083119,-1.4451118833728969,-2.3972697792971402,-0.11835342493088122,0.32138224160058787,0.5238281833539562,0.5005466747750131,13.830517182937863,-13.813410101616173,0.42083333333333334
occlusion,pattern_random_n16,ct_transformer_csi,1200,0.600184928655993,-2.217149144155276,-5.999196578674928,-4.300048419401183,1.3121161572934927,0.29207675659641,0.7660685588931665,6.182089672304961,-6.046804005510057,0.07833333333333334
occlusion,pattern_bursty_n16,hold,1200,1.2613173115432923,1.0082435645153218,-6.703047456483246,-6.094027942197096,4.29254122728801,0.47331225513347214,0.827760904506237,2.1646058008242592,-0.45403883079697455,0.0
occlusion,pattern_bursty_n16,linear,1200,6.692806514648061,8.256082699705868,-3.931151606392999,-4.08068089462967,6.910839423448177,5.135024600974769,0.7961209723904782,3.527405415107011,0.6405401232158571,0.0
occlusion,pattern_bursty_n16,kalman,1200,5.464117173100628,7.375200038296633,-4.329073640769037,-4.503456566186791,5.702883377901647,4.071304061930714,0.799417717923352,3.385714318364089,0.27937924779541995,0.0016666666666666668
occlusion,pattern_bursty_n16,harmonic,1200,4.24302459599101,6.276755492948299,-4.501431389528182,-4.531098469961549,7.092724723620575,3.0316288456636054,0.8138613423602268,3.929172464941027,-0.23404076043448488,0.0025
occlusion,pattern_bursty_n16,cru,1200,0.6728432112150282,-1.7208612513281922,-3.9271636535935746,-2.1161267423095387,1.0993687826923328,0.3742970916479438,0.648655543143371,8.186159819257446,-8.099505515419878,0.10666666666666667
occlusion,pattern_bursty_n16,latent_ode,1200,0.6909381082471615,-1.6056085342257482,-3.134715060158855,-1.7707977839184674,0.7080221096647275,0.4160031754139345,0.5949210965922501,9.603628083756194,-9.576724588588501,0.16916666666666666
occlusion,pattern_bursty_n16,neural_flow,1200,0.6968927047797479,-1.5683408174281241,-3.080923238975108,-1.607318180412428,0.5524378342714514,0.4637304469508429,0.6471995181807839,11.713957011910486,-11.667487595565909,0.26666666666666666
occlusion,pattern_bursty_n16,tpatchgnn,1200,0.7565077252018576,-1.211866327493098,-2.1959585674288684,-1.0317047439481324,1.1918413031269541,0.44641454857890495,0.7099829068238614,9.83822160907245,-9.81453456382112,0.0825
occlusion,pattern_bursty_n16,time_rwkv_csi,1200,0.7162033535237424,-1.4496364979514835,-2.3940973491118687,-0.14359611108572462,0.36342783656249605,0.5225663122001182,0.5073849180713266,13.747210768454812,-13.730140613205936,0.415
occlusion,pattern_bursty_n16,ct_transformer_csi,1200,0.6156616342014362,-2.1065790922118466,-5.921373217006294,-4.3047399131215975,1.4996625535090355,0.29209417790790515,0.7621618077609067,6.097946184357861,-5.937022922471709,0.07583333333333334
occlusion,pattern_dropout_n16,hold,1200,1.2613173149196275,1.0082435761406576,-6.703047432718158,-6.09402767880904,4.292540841922615,0.47331225490609846,0.8277609020719926,2.1646058084079414,-0.4540388334892729,0.0
occlusion,pattern_dropout_n16,linear,1200,5.249454639603598,7.201141873462854,-4.523409572169973,-4.686341292251612,4.871448066349071,3.907713525068636,0.8276206868347556,3.5610425124862863,-0.04742611832240073,0.0016666666666666668
occlusion,pattern_dropout_n16,kalman,1200,4.769720995921719,6.784929757957816,-4.4799612772665185,-5.136166448073648,4.794911177492063,3.478365988787991,0.8332664982190666,3.3005441295030566,0.02487585646187654,0.0008333333333333334
occlusion,pattern_dropout_n16,harmonic,1200,3.469542224542238,5.4027217724901515,-5.050337982917485,-5.237794524265364,5.559502426291725,2.3115326101756364,0.8256672546653621,3.807361988948154,-0.4508639413457907,0.0025
occlusion,pattern_dropout_n16,cru,1200,0.6638524416135624,-1.7792844309373181,-3.9801641857409207,-2.169408852588207,1.2932732463815166,0.3666828765150664,0.6629760440884275,7.988171448796056,-7.9174710688041525,0.09583333333333334
occlusion,pattern_dropout_n16,latent_ode,1200,0.6911223957757465,-1.6044503351890282,-3.132893343605393,-1.768554002696959,0.7167661201236923,0.41598828587836273,0.5947821124124069,9.602649803870978,-9.575682387291454,0.17083333333333334
occlusion,pattern_dropout_n16,neural_flow,1200,0.6890826780721545,-1.617286670962409,-3.0785055477482826,-1.6151943258451804,0.5804222535634974,0.46141594185493884,0.6467370109551515,11.71274960054686,-11.68535497964806,0.2675
occlusion,pattern_dropout_n16,tpatchgnn,1200,0.7556796644395217,-1.2166226461632776,-2.1939780929673,-1.0317999704339071,1.195820435650443,0.445799898961947,0.7099472686717687,9.838616762687453,-9.819127057124861,0.08583333333333333
occlusion,pattern_dropout_n16,time_rwkv_csi,1200,0.7187129424687009,-1.4344453436667073,-2.378956231569997,-0.11024908027277966,0.3341050766524202,0.5235986719377494,0.5034039732686548,13.799894412729167,-13.782794056976005,0.41583333333333333
occlusion,pattern_dropout_n16,ct_transformer_csi,1200,0.5944123971139197,-2.259121414715358,-6.029498531754477,-4.466953756197162,1.3084043461171144,0.29110321908510134,0.7732060192952243,6.153700425125425,-6.009297395373772,0.07333333333333333
occlusion,count_random_n4,hold,1200,1.2613173162338596,1.0082435806657977,-6.703047390046358,-6.094027547344016,4.292540494709724,0.4733122545141426,0.827760904498476,2.16460579178752,-0.45403882067990103,0.0
occlusion,count_random_n4,linear,1200,5.995567696549891,7.778303110055669,-4.521441015730753,-4.881581337523015,5.811446575194911,4.577145173630706,0.8121761683948959,2.9147530870019303,0.8596887236682232,0.0
occlusion,count_random_n4,kalman,1200,5.089431330747126,7.066692590134446,-4.804290190515672,-5.162417964797904,5.378084411509548,3.7699738570121313,0.8182410754930849,2.7477186662466115,0.6229118710375572,0.0016666666666666668
occlusion,count_random_n4,harmonic,1200,5.468416056886005,7.37861549848922,-2.1130447908730385,-2.936061862040529,9.769295182478805,3.6913822137720613,0.7681311228057408,4.0634337578165045,0.7947437173797274,0.0025
occlusion,count_random_n4,cru,1200,0.7030428266036324,-1.530182186627865,-3.8262750727707524,-2.0213577875057966,1.3732928155388704,0.38367920083604984,0.6471334901918696,8.164712829367879,-8.010169926336966,0.10333333333333333
occlusion,count_random_n4,latent_ode,1200,0.6777599236695095,-1.6892411481961798,-3.3851096850589766,-1.8675704123475763,0.7681428777688847,0.41240925164912673,0.5792802031047176,9.6124255483062,-9.582258660862378,0.19083333333333333
occlusion,count_random_n4,neural_flow,1200,0.6895808319937593,-1.6141481892788478,-3.075467742089172,-1.6052815963185618,0.5837631661555143,0.4611555245328539,0.6467637874392494,11.69365870343366,-11.661599049476596,0.2658333333333333
occlusion,count_random_n4,tpatchgnn,1200,0.7582564903415429,-1.2018386363193232,-2.191174028831445,-1.026350889926967,1.1957833761819794,0.4465076180450463,0.7105948604730656,9.852785527318096,-9.825803438359872,0.07833333333333334
occlusion,count_random_n4,time_rwkv_csi,1200,0.7171581311613167,-1.4438507317619844,-2.390836120138204,-0.1636509796592257,0.40052454454158554,0.5231418995807569,0.5100404778006468,13.76579384786414,-13.748771540398133,0.4191666666666667
occlusion,count_random_n4,ct_transformer_csi,1200,0.607132116231951,-2.167167930974028,-5.887569354971948,-4.287802648418056,1.365029909750827,0.2950545137026832,0.7558731881209436,6.257773328600063,-6.10516100006372,0.08166666666666667
occlusion,count_random_n8,hold,1200,1.261317308863169,1.0082435552871702,-6.7030473908214825,-6.094028073662144,4.292540494709724,0.4733122581879919,0.8277609044893567,2.1646057939696584,-0.4540388517260544,0.0
occlusion,count_random_n8,linear,1200,5.878774727567992,7.692868185070586,-4.468250513396236,-4.7153560499372436,5.477537341138845,4.446769003384058,0.8064106311976017,3.325617783961352,0.3244489277720762,0.0008333333333333334
occlusion,count_random_n8,kalman,1200,5.026979726689945,7.013071337650873,-4.625244910621818,-5.230964880907212,5.0535751690694095,3.6932967236948997,0.8170305380939196,3.1303322989846736,0.2406916878426758,0.0008333333333333334
occlusion,count_random_n8,harmonic,1200,4.146562990378588,6.176882671296623,-4.635383086176004,-4.784274940473299,7.225276246219649,2.8175427923272944,0.8172853887868889,3.8106715121757104,0.11312166498639271,0.0025
occlusion,count_random_n8,cru,1200,0.6771423796715681,-1.6932000457277399,-3.946692919150557,-2.088642455591744,1.1231395740829029,0.373215243111869,0.6555096175761961,8.12013029202974,-8.01359467603732,0.10333333333333333
occlusion,count_random_n8,latent_ode,1200,0.6860439651071405,-1.636480516524299,-3.2236849472093954,-1.8125390787915485,0.7133849658116528,0.4151169061858673,0.5846619156720226,9.632351746026737,-9.604412802130295,0.175
occlusion,count_random_n8,neural_flow,1200,0.6969389057609563,-1.5680529084575863,-3.0786091689194466,-1.6180808700720732,0.5951755610563547,0.4624647579047208,0.6487947163381917,11.653886979219678,-11.612743318353994,0.26416666666666666
occlusion,count_random_n8,tpatchgnn,1200,0.7572348838136531,-1.2076938744620287,-2.1935538495435103,-1.0417494369801048,1.2146270528506982,0.44599234870751386,0.7100645767196935,9.844239417486824,-9.820003378538726,0.08833333333333333
occlusion,count_random_n8,time_rwkv_csi,1200,0.7171726781040585,-1.443762639713473,-2.3995490265575157,-0.12272021517943799,0.31326671140334195,0.5246902913093799,0.49784831147533093,13.870209165460935,-13.853147161655944,0.4225
occlusion,count_random_n8,ct_transformer_csi,1200,0.6059219208244273,-2.1758333547033235,-5.960893226691447,-4.3470397368245735,1.3963313627435976,0.2959508663970094,0.7649210140435025,6.2046260167604,-6.060813816834707,0.07916666666666666
occlusion,count_random_n32,hold,1200,1.2613173177165058,1.008243585770818,-6.703047389722917,-6.094027547115023,4.29254122728801,0.47331225872647337,0.827760903674595,2.164605812035831,-0.4540388649629313,0.0
occlusion,count_random_n32,linear,1200,5.642719406695008,7.514884548148203,-4.523899119835165,-4.7159906870134005,4.4758900910970025,4.252694551640985,0.8239346387792224,4.001283780403392,-0.464665834783882,0.0025
occlusion,count_random_n32,kalman,1200,4.671606384727832,6.694662433204942,-4.403283540549342,-5.1359581449833644,4.257492641227353,3.4103584496593977,0.8317306591787686,3.4221737553702165,-0.23711169533674062,0.004166666666666667
occlusion,count_random_n32,harmonic,1200,3.71905792487533,5.704329426122159,-4.830061744334283,-4.594429022974072,6.3663534857700474,2.500732949951586,0.8360026526775861,3.9489705364740804,-0.4387711925811406,0.005833333333333334
occlusion,count_random_n32,cru,1200,0.6627299778962819,-1.7866338410865499,-4.037743887491066,-2.28562883297369,1.2899395384985495,0.36101160239224556,0.673543682215574,7.820938872536645,-7.770673057924335,0.095
occlusion,count_random_n32,latent_ode,1200,0.6940327396744397,-1.5862004204575884,-3.082935999769971,-1.7589470183889333,0.7622533263682905,0.4161433283769293,0.6024067013167405,9.571490260955567,-9.545136509972314,0.165
occlusion,count_random_n32,neural_flow,1200,0.6854138248673796,-1.6404714005341732,-3.077456620432116,-1.6178050950187002,0.5879837830035394,0.46169449372488697,0.6462601288049185,11.721261469657572,-11.700843613142498,0.2675
occlusion,count_random_n32,tpatchgnn,1200,0.755602167005806,-1.2170680522702475,-2.196892994956596,-1.031717703804647,1.204958787336029,0.4458031569149656,0.7094394203469953,9.824741973769852,-9.804951666858978,0.0875
occlusion,count_random_n32,time_rwkv_csi,1200,0.7180296382668894,-1.4385762891911353,-2.3890603101071437,-0.10574970079559096,0.30262803454042997,0.5237174174692094,0.4996853758840818,13.823459951008747,-13.806305750791992,0.42083333333333334
occlusion,count_random_n32,ct_transformer_csi,1200,0.6002585588117169,-2.2166163882078873,-6.021554884665823,-4.393954121776846,1.530647117608113,0.2899924817523182,0.7729970191723745,6.138758011459334,-6.000083888658361,0.07666666666666666
occlusion,timestamps_none,hold,1200,1.2613173143885312,1.0082435743119966,-6.703047402707581,-6.094027810503063,4.2925408800751494,0.4733122538966078,0.827760903948753,2.1646057811345116,-0.4540388569698189,0.0
occlusion,timestamps_none,linear,1200,5.886850531827465,7.698830091387149,-4.388895916534139,-4.714185476244925,5.19137872868494,4.467921683870566,0.8231267298257444,3.8256897514277566,-0.10274953938972127,0.0
occlusion,timestamps_none,kalman,1200,5.0347964205304745,7.019819147649703,-4.425819590709096,-5.210333492484237,4.644791779850439,3.7227845381614557,0.8294628783856751,3.457080825774877,-0.0156968690687548,0.0016666666666666668
occlusion,timestamps_none,harmonic,1200,3.6865508560166926,5.666202293784307,-4.850670255031001,-4.658864553609202,6.463137049190158,2.5141646657174475,0.827290556661513,3.901662393866961,-0.36781269377990006,0.005833333333333334
occlusion,timestamps_none,cru,1200,0.6648073925753124,-1.7730415989660686,-4.002605756350173,-2.158680336275307,1.1395343601936827,0.3662234187320185,0.6640098064280513,7.9835619461800285,-7.916156803073051,0.0975
occlusion,timestamps_none,latent_ode,1200,0.6910246614246474,-1.6050645316194931,-3.133390225626006,-1.7803998014273243,0.71475350618313,0.4160427774025205,0.5946230377914131,9.604484446034768,-9.577485808321896,0.17
occlusion,timestamps_none,neural_flow,1200,0.6873790993273724,-1.6280367729740952,-3.0779353926105557,-1.6152166510038377,0.5949330432364692,0.4617630668768349,0.6468464798568796,11.720294702339645,-11.69444542497183,0.2675
occlusion,timestamps_none,tpatchgnn,1200,0.7563782476206931,-1.2126096934860067,-2.1961885215260297,-1.0418044884045705,1.2049585129030749,0.44610825918459646,0.7099171281811626,9.852752853990532,-9.831232359147009,0.09083333333333334
occlusion,timestamps_none,time_rwkv_csi,1200,0.7169499052083119,-1.4451118833728969,-2.3972697792971402,-0.11835342493088122,0.32138224160058787,0.5238281833539562,0.5005466747750131,13.830517182937863,-13.813410101616173,0.42083333333333334
occlusion,timestamps_none,ct_transformer_csi,1200,0.600184928655993,-2.217149144155276,-5.999196578674928,-4.300048419401183,1.3121161572934927,0.29207675659641,0.7660685588931665,6.182089672304961,-6.046804005510057,0.07833333333333334
occlusion,timestamps_uniform_times,hold,1200,1.2613173143885312,1.0082435743119966,-6.703047402707581,-6.094027810503063,4.2925408800751494,0.4733122538966078,0.827760903948753,2.1646057811345116,-0.4540388569698189,0.0
occlusion,timestamps_uniform_times,linear,1200,5.490474606787514,7.396098872916176,-4.343746544449711,-4.498278699440993,5.006522962527924,4.090121754526626,0.82055425413729,3.668304371963395,-0.020682635431473195,0.0008333333333333334
occlusion,timestamps_uniform_times,kalman,1200,4.822370270707567,6.832605532731715,-4.486251169499359,-4.966426540117947,4.801577052495521,3.5201661388627445,0.824702736690427,3.3627366059451016,0.012232997067912947,0.0016666666666666668
occlusion,timestamps_uniform_times,harmonic,1200,12.846577900849903,11.087874547717291,6.1904863422732905,0.5916202393138499,10.072136845693695,10.396963580112981,0.6928821513442865,6.2807641568640245,0.5558145852961267,0.011666666666666667
occlusion,timestamps_uniform_times,cru,1200,0.6618674425945695,-1.792289814277057,-4.0168464130026,-2.2270124627094487,1.1460734836734925,0.3669050777471663,0.6641022760347793,8.013585722294325,-7.949440137852604,0.1025
occlusion,timestamps_uniform_times,latent_ode,1200,0.6910986841435078,-1.6045993392982667,-3.132150229730108,-1.7804159498256105,0.7082259457474755,0.41601632281187145,0.5949454542287922,9.602247696892979,-9.575293539205255,0.17
occlusion,timestamps_uniform_times,neural_flow,1200,0.6872603475364546,-1.6287871260613385,-3.07725704488031,-1.6152166510038377,0.594848027959167,0.4617843973299023,0.6473545182414091,11.714695662737746,-11.689033807770272,0.2675
occlusion,timestamps_uniform_times,tpatchgnn,1200,0.7555200916202739,-1.217539819354191,-2.197772167601689,-1.0418069516244357,1.1958317735076427,0.44636395685141905,0.7096555837594375,9.855646785136003,-9.835564951435662,0.09
occlusion,timestamps_uniform_times,time_rwkv_csi,1200,0.7173296337842475,-1.4428122754579877,-2.3940061748176302,-0.11583658759365366,0.29603525604249464,0.5237118905107491,0.49878946508404853,13.837886392453644,-13.82078016779411,0.41833333333333333
occlusion,timestamps_uniform_times,ct_transformer_csi,1200,0.5986545630869416,-2.228237028522247,-6.042306430182121,-4.317088098074733,1.485031047418208,0.28923847642501643,0.7710581079674497,6.123371685173673,-5.985806672812129,0.0725
occlusion,timestamps_jitter_20,hold,1200,1.2613173143885312,1.0082435743119966,-6.703047402707581,-6.094027810503063,4.2925408800751494,0.4733122538966078,0.827760903948753,2.1646057811345116,-0.4540388569698189,0.0
occlusion,timestamps_jitter_20,linear,1200,5.613896231485608,7.492643807762081,-4.482651532189756,-4.779092327965318,4.8060015620680225,4.225077404002077,0.8235155179464103,3.8196102940130126,-0.19423265843904422,0.0
occlusion,timestamps_jitter_20,kalman,1200,4.864064722447365,6.869993451328396,-4.533279822622106,-5.310358440325494,4.529902620651274,3.576826045935644,0.8292690683614152,3.4716135740539174,-0.11146853388025192,0.0008333333333333334
occlusion,timestamps_jitter_20,harmonic,1200,3.6447204730811062,5.616642263018701,-4.9514434863187615,-5.316851769181092,6.01059006083481,2.517316892919674,0.8226354226943416,4.1860722469733265,-0.7474547880733311,0.005
occlusion,timestamps_jitter_20,cru,1200,0.666805883028428,-1.7600057717709725,-4.011768604597402,-2.19996220241844,1.191798245137521,0.3646204855723772,0.6685023318816092,7.92645272262084,-7.851130929300561,0.09666666666666666
occlusion,timestamps_jitter_20,latent_ode,1200,0.6910306489471502,-1.605026901461514,-3.1325386642806103,-1.780421197799569,0.741827148901511,0.41604906716752643,0.5948224384523267,9.603478797362186,-9.576472903255684,0.17
occlusion,timestamps_jitter_20,neural_flow,1200,0.6873158652028845,-1.628436312247331,-3.075807273579205,-1.6152151480273687,0.5885384758763063,0.46174643049521064,0.647369616400562,11.718780635677007,-11.692905526540901,0.2683333333333333
occlusion,timestamps_jitter_20,tpatchgnn,1200,0.75654619193015,-1.211645504062436,-2.196206782373577,-1.031779884491699,1.1958317735076427,0.446095889066346,0.7097492551339019,9.850255747286914,-9.828477086100417,0.08916666666666667
occlusion,timestamps_jitter_20,time_rwkv_csi,1200,0.7168063494885185,-1.445981563375422,-2.400740873768789,-0.13133699380500746,0.3100005397972703,0.5236100737702024,0.5000671359572478,13.831976154046473,-13.814876415257991,0.42
occlusion,timestamps_jitter_20,ct_transformer_csi,1200,0.5979657947947271,-2.233236580797672,-6.002375892066088,-4.3270023081868345,1.2543190894274527,0.2916389963705054,0.7647166489080216,6.169609140415487,-6.035168893092123,0.07916666666666666
occlusion,stale_50,hold,1200,1.7978125200793147,2.5474440055611893,-5.732369240187017,-4.755728869401548,5.324093328349418,0.7391869224233475,0.816077766660601,2.7168677697260866,-0.32783479638164864,0.0
occlusion,stale_50,linear,1200,7.670271539385625,8.848107389123909,-3.51636874262929,-3.063758815552536,7.078001516684042,5.9126800771195365,0.8064349016081542,3.7629337143409067,0.657257740785523,0.0
occlusion,stale_50,kalman,1200,6.766967382581012,8.303940831482805,-3.558294886656869,-3.1722275687781476,6.345449285485455,5.096325930889677,0.8152482772397343,3.484463579381894,0.679436417511121,0.0
occlusion,stale_50,harmonic,1200,4.501900464344072,6.533958886511748,-3.9299181583461866,-3.3601707472022753,8.105302174954462,2.9910471065435558,0.8156962262916689,4.279291575466753,-0.14405419259727448,0.004166666666666667
occlusion,stale_50,cru,1200,0.8897910046080748,-0.5071198909013532,-2.207027325014024,-0.7619640047586249,1.9031639103129967,0.49074005491410694,0.6269989285443929,10.542399894549357,-10.394436864086892,0.09333333333333334
occlusion,stale_50,latent_ode,1200,0.9997622941496471,-0.0010324661077229138,-0.7579294453739982,0.010180914321227566,2.394798809870726,0.5442651691318801,0.5904240232300215,11.980722482912242,-11.885481252285341,0.1525
occlusion,stale_50,neural_flow,1200,1.0170444617792964,0.07339939238697807,-0.32844647288730056,0.019940678405840052,2.0298726889842618,0.6208241715716819,0.703347113787507,14.298452905118465,-14.235581579109033,0.15583333333333332
occlusion,stale_50,tpatchgnn,1200,1.251889780536294,0.97566094200274,0.7116983797387948,0.19697139433591354,2.9977854915004962,0.5741088782375058,0.6180746605690123,11.724806603230148,-11.505866369517753,0.06833333333333333
occlusion,stale_50,time_rwkv_csi,1200,3.1901952200879653,5.038172599890967,4.384472344745202,2.783479676957568,7.864956131024194,1.0308711547940037,0.7186942015720221,8.727247938102034,-6.190273804370857,0.095
occlusion,stale_50,ct_transformer_csi,1200,0.7812866733207677,-1.0718958353966705,-5.010723310937121,-2.439062872363896,2.2398720658109523,0.3635075115651125,0.7367415221972624,7.704096270177203,-7.443673517870096,0.08583333333333333
occlusion,stale_100,hold,1200,2.3108655254729094,3.6377467362956435,-5.176681968160393,-4.187359791426097,5.515235841558157,1.069538915187683,0.8081256413902156,3.2237032626445097,-0.3357318842379997,0.0
occlusion,stale_100,linear,1200,10.925117576866178,10.384261195746706,-2.505810215631534,-2.2845186109380933,9.649493989796765,8.720447399568512,0.7933362421311904,4.020654044334273,1.5095518864875581,0.0
occlusion,stale_100,kalman,1200,9.915996557118682,9.963363673066937,-2.624637530977498,-2.4410981742386983,8.961234534851224,7.807947535514734,0.8031599301703681,3.7722380617543725,1.4435831270315975,0.0
occlusion,stale_100,harmonic,1200,4.7013971737828495,6.722269419127907,-3.0674626823936695,-2.497905886446385,9.226300051141909,3.038940873564667,0.7934388359812147,4.593597778378365,-0.16622966148968166,0.004166666666666667
occlusion,stale_100,cru,1200,1.0274488059307139,0.11760191759113556,-0.5856350947375466,-0.1452625065559457,1.9977159286536337,0.6190674073124925,0.5384603862150955,13.353613583012484,-13.208501248941756,0.12833333333333333
occlusion,stale_100,latent_ode,1200,1.4168248518308004,1.5131616599562914,1.4394447356393738,0.6097546107663955,3.7427554783058636,0.6612434684919815,0.5337840374632894,13.512857636967674,-13.190704993565257,0.1125
occlusion,stale_100,neural_flow,1200,1.5658487083638708,1.9474979840083437,2.1424992642821077,1.1857890822266548,3.6051506699626796,0.6014128531143069,0.6797484166441912,12.546220979761953,-12.202352231706802,0.12416666666666666
occlusion,stale_100,tpatchgnn,1200,2.1788217532883087,3.382217026052778,3.2744916457253828,2.2986915587022154,4.8972202040833865,0.5629082115770628,0.7101448394358159,7.667349839233793,-6.645534481072488,0.020833333333333332
occlusion,stale_100,time_rwkv_csi,1200,4.664659294206649,6.688199284577383,5.6653866236560555,3.0204637485436026,9.679518868448469,1.8559275631490164,0.7378913396690041,7.281924447031148,-3.4889530652338485,0.029166666666666667
occlusion,stale_100,ct_transformer_csi,1200,0.8816932433719437,-0.5468248729837317,-3.9767922347092495,-1.317723764684833,1.7771218884644235,0.43697988823754713,0.7045627903135028,9.103106077745712,-8.74196348691592,0.1125
occlusion,history_flat,hold,1200,1.2613173143885312,1.0082435743119966,-6.703047402707581,-6.094027810503063,4.2925408800751494,0.4733122538966078,0.827760903948753,2.1646057811345116,-0.4540388569698189,0.0
occlusion,history_flat,linear,1200,1.261317313272933,1.008243570470789,-6.703047312844524,-6.09402767880904,4.292539453070866,0.47331225786119224,0.8277608995604775,2.1646059279998737,-0.45403898699492856,0.0
occlusion,history_flat,kalman,1200,1.2613173143885312,1.0082435743119966,-6.703047402707581,-6.094027810503063,4.2925408800751494,0.4733122538966078,0.827760903948753,2.1646057811345116,-0.4540388569698189,0.0
occlusion,history_flat,harmonic,1200,1.2613173143885312,1.0082435743119966,-6.703047402707581,-6.094027810503063,4.2925408800751494,0.4733122538966078,0.827760903948753,2.1646057811345116,-0.4540388569698189,0.0
occlusion,history_flat,cru,1200,0.6578840956041434,-1.8185061257659303,-3.9892676295654956,-1.9202238054421277,1.0602482917118452,0.37422162203030895,0.6515251044392062,8.308830188655605,-8.264436497855932,0.10666666666666667
occlusion,history_flat,latent_ode,1200,0.6902032065636012,-1.610230273835018,-3.1316842698544467,-1.758515684002183,0.6891710379787338,0.4165084173796155,0.5959117776273343,9.607529317198011,-9.580643242682951,0.16833333333333333
occlusion,history_flat,neural_flow,1200,0.6806454628729262,-1.67079046107927,-3.036705206234818,-1.5396513066766204,0.3873018013471306,0.47729039601671197,0.6022793937649112,12.802454882261033,-12.789884435568625,0.305
occlusion,history_flat,tpatchgnn,1200,0.7419249127091219,-1.2964004572663093,-2.2109572237747734,-1.0509713825948621,1.1667303155337563,0.45864563550334425,0.7066404546493383,10.380586374745084,-10.372558920329126,0.10916666666666666
occlusion,history_flat,time_rwkv_csi,1200,0.7159082087886054,-1.4514265782080886,-2.4398401520587587,-0.06550808804959322,0.21789300813849397,0.5307516029878753,0.4567135601272685,14.26581822329316,-14.248786872526216,0.45
occlusion,history_flat,ct_transformer_csi,1200,0.6790527662271052,-1.6809647727931387,-6.2394911932815305,-4.830007401815023,2.680655915368287,0.23560079864598568,0.8155459600144725,4.383530844389849,-4.082921621269779,0.0525
occlusion,history_reverse,hold,1200,1.2613173143885312,1.0082435743119966,-6.703047402707581,-6.094027810503063,4.2925408800751494,0.4733122538966078,0.827760903948753,2.1646057811345116,-0.4540388569698189,0.0
occlusion,history_reverse,linear,1200,7.066958807489525,8.492325598682624,-1.7497434586946456,-1.6502243586773826,10.017126940181427,5.2089285928660445,0.7295262981679601,5.6806396588531785,-1.3762849506017907,0.005
occlusion,history_reverse,kalman,1200,5.263073505285817,7.2123943551549115,-2.590780908620453,-2.2467178609840808,9.270983227690015,3.646939286196624,0.7372527272435158,5.395008770777015,-1.4578781961089833,0.005833333333333334
occlusion,history_reverse,harmonic,1200,2.490781311377262,3.9633559849942723,-3.934205116510034,-3.945635586141068,7.7350337460244845,1.234821036439098,0.7990355485995921,4.535093669281826,-1.38941074429206,0.009166666666666667
occlusion,history_reverse,cru,1200,0.6746214751780887,-1.7093983806099686,-4.0269735274706004,-2.0781410763613066,1.2461169323888799,0.3677823936771407,0.6587608647596547,8.030945160160773,-7.956023142519407,0.10333333333333333
occlusion,history_reverse,latent_ode,1200,0.6904714781659035,-1.608542564495721,-3.1328721999814557,-1.7610706572474584,0.6982923601557828,0.4162776072342725,0.595184900295244,9.607512479548653,-9.58059583617064,0.16833333333333333
occlusion,history_reverse,neural_flow,1200,0.6848614844765204,-1.6439725713607718,-3.0352633073232242,-1.5533785655040793,0.49909325992461356,0.46875297669670546,0.6275405667566762,12.17318926355394,-12.159872088642441,0.285
occlusion,history_reverse,tpatchgnn,1200,0.7539117282481553,-1.2267950052137697,-2.2015284126153483,-1.0509713825948621,1.1918480848796338,0.4473503382841591,0.7097745411824143,9.88191227051119,-9.861089951507747,0.09333333333333334
occlusion,history_reverse,time_rwkv_csi,1200,0.7159045036781269,-1.4514490547376189,-2.398523449316664,-0.12754224764255412,0.3090920269496161,0.5229958140236947,0.5043823563383459,13.783216628530063,-13.76600009854883,0.41583333333333333
occlusion,history_reverse,ct_transformer_csi,1200,0.607879614039169,-2.1618242094974542,-5.786640054337263,-4.1848125890456025,1.4126829833344712,0.29746838022144706,0.760605712585772,6.32755686874385,-6.191626292532698,0.08083333333333333
