experiment,family,model,seed_count,seeds,expected_seed_count,seeds_complete,seed_nmse_db_min,seed_nmse_db_max,targets,windows,nmse_linear,nmse_db,energy_weighted_nmse_db,median_target_nmse_db,p90_target_nmse_db,fraction_target_nmse_below_0db,cluster_count,cluster_kind,nmse_db_ci_low,nmse_db_ci_high,amplitude_nmse,shape_correlation,gain_abs_error_db
count_random_n32,climb_descent,cru,1,17,1,True,-1.537154617318832,-1.537154617318832,1200,200,0.7019150239787996,-1.537154617318832,-2.4549066957248353,-6.030381427156959,2.5790924252729033,0.6041666666666666,3,trajectory,-8.183039844604592,1.7148948674462288,0.14955342235819744,0.49711639025968907,1.9469361851612728
count_random_n32,climb_descent,harmonic,1,,1,True,-10.71479056722151,-10.71479056722151,1200,200,0.08482442869266374,-10.71479056722151,-9.385228234026044,-14.666703525963808,-6.605624535122597,0.9966666666666667,3,trajectory,-14.69781612759628,-8.47544719419243,0.023818503119327896,0.9342594476789237,0.3847628561019762
count_random_n32,climb_descent,hold,1,,1,True,-11.744502940511657,-11.744502940511657,1200,200,0.0669190405961732,-11.744502940511657,-10.571179907192658,-15.23770117907289,-8.054780171927291,1.0,3,trajectory,-15.84676730128114,-9.848986387972635,0.014962414209773319,0.9388331351925929,0.17640241923379713
count_random_n32,climb_descent,kalman,1,,1,True,-11.728303378019888,-11.728303378019888,1200,200,0.06716912056703823,-11.728303378019888,-10.841361603100871,-16.146627669718672,-8.14092433192231,0.9983333333333333,3,trajectory,-13.470629972628059,-10.511894028133703,0.03637321546193557,0.9559676775584618,0.42169978367260685
count_random_n32,climb_descent,latent_ode,1,17,1,True,-2.1062422609919316,-2.1062422609919316,1200,200,0.6157093856949359,-2.1062422609919316,-2.600575303839591,-3.4914726466916313,0.7793736691413947,0.6391666666666667,3,trajectory,-6.315320619338738,0.5327261930091162,0.272503213500604,0.44623998622556105,4.754135691576327
count_random_n32,climb_descent,linear,1,,1,True,-12.946308189240943,-12.946308189240943,1200,200,0.050742186952581154,-12.946308189240943,-11.599359943744837,-16.678854607076467,-10.018803749714168,0.9991666666666666,3,trajectory,-15.535034265967198,-10.873162522701964,0.02602450934663158,0.9686007905503115,0.41504656121804145
count_random_n32,climb_descent,local_dynamics,1,17,1,True,-12.738161923298554,-12.738161923298554,1200,200,0.05323335125998706,-12.738161923298554,-11.55145796621892,-15.749108078814512,-9.114529118249509,1.0,3,trajectory,-16.97245364585506,-10.840206334479692,0.014100157693295187,0.9519676057994366,0.17673924232962765
count_random_n32,climb_descent,neural_flow,1,17,1,True,-1.1460579632854944,-1.1460579632854944,1200,200,0.7680583300006887,-1.1460579632854944,-1.4908068744110126,-0.5846007261526125,0.6869259612434975,0.5691666666666667,3,trajectory,-2.463128644382149,0.46721139966581937,0.34765617796530324,0.28826694419932286,5.998275642991066
count_random_n32,climb_descent,observed_state_flow,1,17,1,True,-13.385006339510607,-13.385006339510607,1200,200,0.04586689762665624,-13.385006339510607,-12.32024884807663,-15.836563892875827,-9.67635633292564,1.0,3,trajectory,-16.81041699127393,-11.669317457396035,0.018888829455954645,0.9596456072231134,0.47053976992348906
count_random_n32,climb_descent,tpatchgnn,1,17,1,True,-0.08185126712628317,-0.08185126712628317,1200,200,0.9813295424977938,-0.08185126712628317,-0.15601384025051204,-0.15633049505783964,0.4661817121263376,0.5641666666666667,3,trajectory,-0.43047468906801445,0.363544712948216,0.6642043121159077,0.06171755637619446,11.764050695896149
count_random_n32,cruise,cru,1,17,1,True,-5.210547523619948,-5.210547523619948,1200,200,0.3012626192516958,-5.210547523619948,-4.535496989591679,-5.6668768823917866,-2.3768711629648283,0.9966666666666667,3,trajectory,-6.226695242069188,-4.643171587722005,0.1084721555250386,0.7105450955654184,1.3760374765100034
count_random_n32,cruise,harmonic,1,,1,True,-12.10716555327422,-12.10716555327422,1200,200,0.061557850231426174,-12.10716555327422,-10.81680387459922,-19.00107824303388,-7.488016706428039,1.0,3,trajectory,-15.112496740004651,-10.776434240370813,0.02104169551203081,0.9508138940731684,0.3468284536785207
count_random_n32,cruise,hold,1,,1,True,-12.253963536802505,-12.253963536802505,1200,200,0.05951187675670852,-12.253963536802505,-11.507196018847452,-17.667301438851037,-7.1241831426792235,1.0,3,trajectory,-13.955206424557897,-11.216855758106288,0.009163825949102176,0.9431185875336329,0.09464887818246093
count_random_n32,cruise,kalman,1,,1,True,-13.889088323700069,-13.889088323700069,1200,200,0.040840511023610165,-13.889088323700069,-12.591507088841476,-19.615129042121357,-9.980435565187351,1.0,3,trajectory,-16.355799619543276,-12.917947685686128,0.023273866713110037,0.9717115260660648,0.3878431072539388
count_random_n32,cruise,latent_ode,1,17,1,True,-4.117087143502221,-4.117087143502221,1200,200,0.3875174696184695,-4.117087143502221,-3.808891564570223,-4.1268375751886825,-1.0598122849853677,0.9933333333333333,3,trajectory,-4.486601750524505,-3.8135561812033485,0.14924331523555637,0.6229595180569838,2.543214734693174
count_random_n32,cruise,linear,1,,1,True,-13.919752477732736,-13.919752477732736,1200,200,0.0405531647704386,-13.919752477732736,-12.734015590553522,-19.629624894394336,-9.978668181174207,1.0,3,trajectory,-16.309435831821165,-12.932688153054855,0.023222384244824402,0.972524159103632,0.43401906894792774
count_random_n32,cruise,local_dynamics,1,17,1,True,-13.665788856328252,-13.665788856328252,1200,200,0.04299531294715654,-13.665788856328252,-12.7072312530058,-18.663298624668617,-9.16909083272041,1.0,3,trajectory,-15.811527550194546,-12.697642285324353,0.01022516918910085,0.9596645259360472,0.08785265875987226
count_random_n32,cruise,neural_flow,1,17,1,True,-1.4562803146073917,-1.4562803146073917,1200,200,0.715108546614647,-1.4562803146073917,-0.9975710933578681,-1.298994008695908,0.15376181738165554,0.7716666666666666,3,trajectory,-1.9249217576233781,-0.9096708010421696,0.3308119628640513,0.3196606823024437,5.95725553025802
count_random_n32,cruise,observed_state_flow,1,17,1,True,-14.309127450443658,-14.309127450443658,1200,200,0.037075520345485176,-14.309127450443658,-13.433826094662278,-18.66005890306984,-9.553108702254843,1.0,3,trajectory,-16.012065290427536,-13.574285326517675,0.014881915755413455,0.9660106832285722,0.4400982817671805
count_random_n32,cruise,tpatchgnn,1,17,1,True,-0.11895938316238891,-0.11895938316238891,1200,200,0.9729803325235844,-0.11895938316238891,-0.10176880446067148,-0.15087543913044393,0.029856263318482224,0.7858333333333334,3,trajectory,-0.1411040761743111,-0.08120235419969918,0.8292847854395707,0.049332862934663005,19.610824866294863
count_random_n32,highspeed,cru,1,17,1,True,-2.791906056717297,-2.791906056717297,1200,200,0.5257864555468162,-2.791906056717297,-2.2233379469264567,-4.203809402620117,0.4025275804900249,0.8225,3,trajectory,-6.234333171954553,-0.8336188851944144,0.18230453129547336,0.5417719994705671,2.409702652604271
count_random_n32,highspeed,harmonic,1,,1,True,-4.66592405309264,-4.66592405309264,1200,200,0.34151327880332244,-4.66592405309264,-2.720238813588634,-12.917441957836491,-1.8764175900031463,0.93,3,trajectory,-8.726248277320412,-2.374891965664625,0.13580357279114952,0.8869906807646385,1.0274089674546394
count_random_n32,highspeed,hold,1,,1,True,-7.802952848459298,-7.802952848459298,1200,200,0.16584589071402658,-7.802952848459297,-6.146230175439466,-12.683563458590221,-3.6317027529759858,0.9616666666666667,3,trajectory,-9.368301622025431,-6.539181355023123,0.021906579665158715,0.8765461417951671,0.3649525659158947
count_random_n32,highspeed,kalman,1,,1,True,-5.574853294189931,-5.574853294189931,1200,200,0.2770222616426569,-5.574853294189931,-3.4646007048686007,-14.596181684446096,-3.4933561991381805,0.9483333333333334,3,trajectory,-9.641073458474532,-3.1961572658359287,0.11957179611661556,0.9119372723525158,0.860602872137318
count_random_n32,highspeed,latent_ode,1,17,1,True,-2.225806245131145,-2.225806245131145,1200,200,0.5989897289592773,-2.225806245131145,-1.9047650350169945,-2.4721146147303092,0.10890739377862703,0.8625,3,trajectory,-5.153086705551427,-0.69897369127014,0.24934054862242191,0.436202739419535,4.446991720433192
count_random_n32,highspeed,linear,1,,1,True,-4.890108990380805,-4.890108990380805,1200,200,0.32433147783657357,-4.890108990380805,-2.8005686075947285,-13.962774208528984,-2.3091217110930353,0.9308333333333333,3,trajectory,-9.05281656403915,-2.4637274782779337,0.13696345601837187,0.9017034656276307,0.9753835084378201
count_random_n32,highspeed,local_dynamics,1,17,1,True,-8.042857250368359,-8.042857250368359,1200,200,0.15693299926756782,-8.042857250368357,-6.2467267756455715,-13.253218123224519,-4.186869414551713,0.9641666666666666,3,trajectory,-9.77120774553523,-6.697347576962269,0.025139160881199083,0.8865348361733474,0.3315576336323284
count_random_n32,highspeed,neural_flow,1,17,1,True,-0.1244795145137461,-0.1244795145137461,1200,200,0.9717444044848284,-0.1244795145137461,-0.14277530479846093,-0.014798829468334504,0.15837552223505433,0.56,3,trajectory,-0.4962551733372027,0.07534152575798608,0.7042836305002371,0.054401263311615884,13.545712352593739
count_random_n32,highspeed,observed_state_flow,1,17,1,True,-8.77414683368004,-8.77414683368004,1200,200,0.13261276083571522,-8.77414683368004,-7.073001733590402,-12.843714547067709,-5.265253631278692,0.97,3,trajectory,-10.54393515810499,-7.460203733885102,0.03329361965910716,0.8934947857463339,0.6716305766641745
count_random_n32,highspeed,tpatchgnn,1,17,1,True,-0.10633454376550196,-0.10633454376550196,1200,200,0.9758128787577153,-0.10633454376550196,-0.1253623414232262,0.005853011004738227,0.18107555634863265,0.4825,3,trajectory,-0.493067425278059,0.1281495069635803,0.6962094646692276,0.051530988471817286,13.280828200181325
count_random_n32,occlusion,cru,1,17,1,True,0.0476057190036169,0.0476057190036169,1200,200,1.0110219205915927,0.0476057190036169,0.03955862855397247,0.01757461640346421,0.07984981849732607,0.16333333333333333,3,channel_group,0.014336346345734403,0.10172304025131257,0.868739143187801,0.0033533448553077472,23.617997302810352
count_random_n32,occlusion,harmonic,1,,1,True,5.704329426122159,5.704329426122159,1200,200,3.71905792487533,5.704329426122159,-4.830061744333998,-4.594429022974073,6.3663534857700474,0.6808333333333333,3,channel_group,4.38895045603991,6.57776597054884,2.500732949951586,0.8360026526775861,3.9489705364740804
count_random_n32,occlusion,hold,1,,1,True,1.008243585770818,1.008243585770818,1200,200,1.2613173177165058,1.008243585770818,-6.7030473897226495,-6.094027547115024,4.29254122728801,0.75,3,channel_group,0.49041375597675935,1.4400074233994773,0.47331225872647337,0.827760903674595,2.164605812035831
count_random_n32,occlusion,kalman,1,,1,True,6.694662433204942,6.694662433204942,1200,200,4.671606384727832,6.694662433204942,-4.403283540549073,-5.1359581449833644,4.257492641227353,0.6808333333333333,3,channel_group,5.083207847887765,7.857961231511559,3.4103584496593977,0.8317306591787686,3.4221737553702165
count_random_n32,occlusion,latent_ode,1,17,1,True,0.0029410934790703837,0.0029410934790703837,1200,200,1.0006774411598842,0.0029410934790703837,0.0014960025706186968,0.0021469691581400456,0.008045357440739375,0.25916666666666666,3,channel_group,0.002684757488821057,0.003347699576774778,0.982361368338267,0.005844129749051063,42.258061095873515
count_random_n32,occlusion,linear,1,,1,True,7.514884548148203,7.514884548148203,1200,200,5.642719406695008,7.514884548148203,-4.523899119834943,-4.7159906870134005,4.4758900910970025,0.6758333333333333,3,channel_group,4.6335469656700345,9.596841639376194,4.252694551640985,0.8239346387792224,4.001283780403392
count_random_n32,occlusion,local_dynamics,1,17,1,True,0.1891130977833364,0.1891130977833364,1200,200,1.0445068916025049,0.1891130977833364,-6.870964868949642,-5.952501739800694,3.553511113354759,0.7533333333333333,3,channel_group,0.021387897014814826,0.29943202152320014,0.39070083152694374,0.826001824317306,2.7523146943856287
count_random_n32,occlusion,neural_flow,1,17,1,True,0.0030261601616737004,0.0030261601616737004,1200,200,1.0006970419486363,0.0030261601616737004,0.006099280219179697,0.0006346775646360012,0.012340825094997822,0.48583333333333334,3,channel_group,-0.0013445781194966833,0.00724032631090542,0.9702158854405085,0.007234777871817213,37.10319937626521
count_random_n32,occlusion,observed_state_flow,1,17,1,True,-1.9005381436385007,-1.9005381436385007,1200,200,0.6455742295862485,-1.9005381436385007,-3.9781748532087557,-2.2598176781238943,0.9443403564662487,0.8091666666666667,3,channel_group,-3.1545259976920237,-0.7585947110527422,0.40218030043014247,0.823573535666801,11.507455652131078
count_random_n32,occlusion,tpatchgnn,1,17,1,True,-0.0006646362039066486,-0.0006646362039066486,1200,200,0.9998469735682011,-0.0006646362039066486,-0.0006526970902056942,-0.0007029903632945458,0.003569191649847091,0.6058333333333333,3,channel_group,-0.0026999563189259767,0.001357986508911468,0.980468662828207,0.005416118546019435,41.24047883669535
count_random_n32,sweep_turn,cru,1,17,1,True,-0.6981997512914107,-0.6981997512914107,1200,200,0.851490927276512,-0.6981997512914107,0.6003484239129241,-1.224274452118474,2.393763351239797,0.5991666666666666,3,trajectory,-5.929793300928397,1.2905465872199375,0.1766035815918197,0.3813312426907523,1.821923148353041
count_random_n32,sweep_turn,harmonic,1,,1,True,-9.887929818759414,-9.887929818759414,1200,200,0.10261409473204058,-9.887929818759414,-7.396076275716803,-15.445068993018026,-7.088361581041948,0.9891666666666666,3,trajectory,-14.726296680678379,-7.7071396521370525,0.03452589757011684,0.9378936265213027,0.5448474622514914
count_random_n32,sweep_turn,hold,1,,1,True,-10.47133926611126,-10.47133926611126,1200,200,0.08971520903928037,-10.47133926611126,-8.619833156597668,-14.52985651015778,-6.520731866376802,0.9933333333333333,3,trajectory,-14.191720948309172,-9.144168238275585,0.01668012378564825,0.9211572376331121,0.19262023869541128
count_random_n32,sweep_turn,kalman,1,,1,True,-11.182945111984779,-11.182945111984779,1200,200,0.07615623911681417,-11.182945111984777,-8.431328155221383,-16.687178610213856,-9.096451276045757,0.9925,3,trajectory,-16.940349145847264,-8.669979906432827,0.03098933849546479,0.9583214198293475,0.40045772728663
count_random_n32,sweep_turn,latent_ode,1,17,1,True,-1.0979114500692249,-1.0979114500692249,1200,200,0.7766205086062352,-1.0979114500692249,-0.2732128630894295,-1.0277812931059387,0.8825060580341147,0.5475,3,trajectory,-4.218102106453496,-0.09079106749798577,0.25664509741589425,0.3160056926983148,4.150017876386022
count_random_n32,sweep_turn,linear,1,,1,True,-10.834673292923503,-10.834673292923503,1200,200,0.08251495567394154,-10.834673292923503,-8.066701017967969,-16.633279144640348,-9.02226025739628,0.9925,3,trajectory,-16.88389679924037,-8.360967943415913,0.03271061820605605,0.956029582186214,0.4491930247795608
count_random_n32,sweep_turn,local_dynamics,1,17,1,True,-10.80632665310061,-10.80632665310061,1200,200,0.08305529683027388,-10.80632665310061,-8.845245867388504,-14.730207473501949,-7.316698405924982,0.9933333333333333,3,trajectory,-14.668402927839981,-9.310555926410117,0.016859761338500857,0.9281446498257961,0.16712498881664936
count_random_n32,sweep_turn,neural_flow,1,17,1,True,-0.09485055809235031,-0.09485055809235031,1200,200,0.978396621098121,-0.09485055809235031,0.16424496412473458,0.0283721074731085,0.47429901853249345,0.4741666666666667,3,trajectory,-0.7419697654258284,0.3048360368778983,0.481268588223805,0.08430701892336884,8.876759979029497
count_random_n32,sweep_turn,observed_state_flow,1,17,1,True,-11.409667550764881,-11.409667550764881,1200,200,0.07228251332173077,-11.409667550764881,-9.373158963175534,-14.979869593701387,-8.302416736691024,0.9941666666666666,3,trajectory,-15.148290179219458,-9.700393255800927,0.018837294183887583,0.9366725927257115,0.31944438274070003
count_random_n32,sweep_turn,tpatchgnn,1,17,1,True,0.15835698075214788,0.15835698075214788,1200,200,1.0371359731753667,0.15835698075214788,0.17291418028514374,0.16000615035820376,0.376638442045704,0.17333333333333334,3,trajectory,0.13380512089952737,0.17435899076323827,0.6937746729453405,0.00785666542420278,12.66112568616867
count_random_n32,uturn,cru,1,17,1,True,-0.6683451049564372,-0.6683451049564372,1200,200,0.857364484872669,-0.6683451049564372,-0.9269166956230965,-0.08001376772513927,1.2191038264022451,0.5208333333333334,3,trajectory,-4.389972071674916,1.0883033522142713,0.2518325893518825,0.27057135195912396,3.8911648875816414
count_random_n32,uturn,harmonic,1,,1,True,-7.992846472418972,-7.992846472418972,1200,200,0.15875059172762115,-7.992846472418972,-7.123350877605825,-12.744477946923947,-6.085959964508585,0.9725,3,trajectory,-9.056104469922538,-6.636735010235821,0.07635362109967896,0.9166363249494073,0.7233556072128583
count_random_n32,uturn,hold,1,,1,True,-8.823353583667382,-8.823353583667382,1200,200,0.13111870209540327,-8.823353583667382,-8.773900800074607,-12.771054398680185,-4.668982971746211,0.9908333333333333,3,trajectory,-9.383022005094709,-7.890660857839943,0.03402321512147253,0.8889991963745949,0.2793513620020955
count_random_n32,uturn,kalman,1,,1,True,-8.751778926636055,-8.751778926636055,1200,200,0.13329753163108155,-8.751778926636053,-7.980482960830262,-13.799004011685431,-6.122663854492199,0.98,3,trajectory,-9.393988400621195,-7.745531553032655,0.06872992187683845,0.9277352222551902,0.6423936480106568
count_random_n32,uturn,latent_ode,1,17,1,True,-1.434649278716307,-1.434649278716307,1200,200,0.7186791940964758,-1.434649278716307,-1.525904238515393,-0.11842567238681573,0.31542265619226084,0.565,3,trajectory,-6.3199741152489395,0.26771576251528956,0.30264989744173365,0.32710847447880725,5.366878860973132
count_random_n32,uturn,linear,1,,1,True,-8.279257251621765,-8.279257251621765,1200,200,0.14861897948764327,-8.279257251621765,-7.287958960512849,-13.424696438362563,-6.399886485434314,0.975,3,trajectory,-9.907354055248303,-6.769466484262918,0.07686967614182014,0.9264122966847693,0.700754562987701
count_random_n32,uturn,local_dynamics,1,17,1,True,-9.546118852749734,-9.546118852749734,1200,200,0.11101664914401525,-9.546118852749734,-9.347487050283329,-13.43741439734877,-5.830505144198896,0.9916666666666667,3,trajectory,-10.198798111496739,-8.811432568216084,0.03098467273474545,0.9080424623641495,0.2866609606810971
count_random_n32,uturn,neural_flow,1,17,1,True,-0.44140651245346857,-0.44140651245346857,1200,200,0.9033568638687333,-0.44140651245346857,-0.5125067793899504,0.26843428404369346,0.6546408312126464,0.4225,3,trajectory,-2.3633881004452832,0.5659876531607653,0.3597256011267503,0.18097341481303975,6.436971911589304
count_random_n32,uturn,observed_state_flow,1,17,1,True,-9.685026236195014,-9.685026236195014,1200,200,0.1075220104853239,-9.685026236195014,-9.668500407267711,-13.352954274277444,-5.494650031152999,0.9925,3,trajectory,-10.822066670502643,-8.408610525341318,0.037193704917929865,0.9072123477592443,0.5648235031786316
count_random_n32,uturn,tpatchgnn,1,17,1,True,0.10907930754388757,0.10907930754388757,1200,200,1.0254345138867695,0.10907930754388757,0.08078282466924115,0.21894579316465668,0.32323689055638705,0.3358333333333333,3,trajectory,-0.21596267926179474,0.29931136092208854,0.6419556106130282,0.018245895128408497,11.508314798672995
count_random_n4,climb_descent,cru,1,17,1,True,-1.5348639887904065,-1.5348639887904065,1200,200,0.7022853373798231,-1.5348639887904065,-2.4521821163918114,-6.018376381785471,2.587120167651432,0.6033333333333334,3,trajectory,-8.177240968428226,1.7160888692516925,0.14932946537155656,0.4970707885418157,1.9421207354714474
count_random_n4,climb_descent,harmonic,1,,1,True,-4.273767943061257,-4.273767943061257,1200,200,0.3737861503310463,-4.273767943061257,-3.090302145320441,-9.644139785149672,-1.5399207967004571,0.9391666666666667,3,trajectory,-7.234969449285009,-2.0017357426859306,0.15531402484746645,0.827983517460525,0.6595535841267701
count_random_n4,climb_descent,hold,1,,1,True,-11.744502942353233,-11.744502942353233,1200,200,0.06691904056779696,-11.744502942353233,-10.571179897530506,-15.237701312701997,-8.054780585434354,1.0,3,trajectory,-15.846767309014442,-9.848986417198184,0.014962414220553862,0.9388331435372432,0.17640243745985265
count_random_n4,climb_descent,kalman,1,,1,True,-11.14914125574012,-11.14914125574012,1200,200,0.07675132371863579,-11.14914125574012,-10.022961560803532,-15.540952067386488,-7.499655738364348,0.995,3,trajectory,-14.977644110854008,-9.51361160037836,0.04284132567387128,0.9518373701473077,0.4740782160033026
count_random_n4,climb_descent,latent_ode,1,17,1,True,-2.127185320390346,-2.127185320390346,1200,200,0.6127473870540658,-2.127185320390346,-2.628842818307866,-3.6493038251674514,0.7731825481133813,0.6508333333333334,3,trajectory,-6.391800257229323,0.5236144553987174,0.27441764069721103,0.44834876348627406,4.844986899054299
count_random_n4,climb_descent,linear,1,,1,True,-12.087016204582273,-12.087016204582273,1200,200,0.06184411506686345,-12.087016204582273,-10.806156685721922,-16.03393060312945,-8.789077619724193,1.0,3,trajectory,-16.11531827349262,-10.136009294720086,0.03262722488886837,0.9591836175322532,0.42804800862114156
count_random_n4,climb_descent,local_dynamics,1,17,1,True,-12.363781713805466,-12.363781713805466,1200,200,0.05802589243702334,-12.363781713805466,-11.202928651253652,-15.480093141391242,-8.841319508604286,0.9991666666666666,3,trajectory,-16.952597412818328,-10.552550367196869,0.016788673835156517,0.9488807791471481,0.19113988621492048
count_random_n4,climb_descent,neural_flow,1,17,1,True,-1.0876103591995123,-1.0876103591995123,1200,200,0.7784647718816996,-1.0876103591995123,-1.3289648122382502,-0.953907992881355,0.4901605776445616,0.5616666666666666,3,trajectory,-2.4821086172979614,0.38294518985616505,0.46466774853567283,0.2845229488363706,8.200754732688267
count_random_n4,climb_descent,observed_state_flow,1,17,1,True,-12.802588019474154,-12.802588019474154,1200,200,0.05244948135605223,-12.802588019474154,-11.721389971807827,-15.465738410318078,-9.265832507383916,1.0,3,trajectory,-16.454658694897034,-11.061385095247271,0.021096683472296672,0.953384072581927,0.4289821665797111
count_random_n4,climb_descent,tpatchgnn,1,17,1,True,-0.08076155772847649,-0.08076155772847649,1200,200,0.9815758035580318,-0.08076155772847649,-0.1551084094378809,-0.15769808034957558,0.4654829099283276,0.5641666666666667,3,trajectory,-0.42598359377800155,0.36273596089481663,0.6633545324206352,0.06126559884542071,11.732961690425872
count_random_n4,cruise,cru,1,17,1,True,-5.216561676964657,-5.216561676964657,1200,200,0.30084571650096525,-5.216561676964657,-4.541911735193395,-5.671329581602422,-2.382964090134691,0.9966666666666667,3,trajectory,-6.226623011591159,-4.647045262356187,0.10829353318782518,0.7108338885878523,1.3785532927126527
count_random_n4,cruise,harmonic,1,,1,True,-2.856994496716601,-2.856994496716601,1200,200,0.5179651619585881,-2.856994496716601,-2.77147443869747,-9.15811531332114,-2.456087624510887,0.9525,3,trajectory,-5.284966902665149,-0.5028958501300064,0.26114118461180624,0.8272776505413155,0.6995833676708086
count_random_n4,cruise,hold,1,,1,True,-12.253963525605212,-12.253963525605212,1200,200,0.05951187691014634,-12.253963525605212,-11.507196019527923,-17.667301911755985,-7.124183175962303,1.0,3,trajectory,-13.955206457943454,-11.216855707908415,0.009163825940589303,0.9431185881793499,0.09464887892087816
count_random_n4,cruise,kalman,1,,1,True,-13.769852328407472,-13.769852328407472,1200,200,0.04197732571476076,-13.769852328407472,-12.507783947782247,-19.37702438398773,-9.253935841216759,1.0,3,trajectory,-16.80387378320758,-12.655607155948257,0.02231129411558257,0.9696401331822078,0.3556609859222226
count_random_n4,cruise,latent_ode,1,17,1,True,-4.256746763498999,-4.256746763498999,1200,200,0.3752539942724009,-4.256746763498999,-3.985775429824871,-4.290542918338996,-1.0661139286263237,0.9958333333333333,3,trajectory,-4.460538948258407,-4.055147879251194,0.16658178713327892,0.6362638301122934,3.1296048825606704
count_random_n4,cruise,linear,1,,1,True,-13.484019886990517,-13.484019886990517,1200,200,0.044833021745725954,-13.484019886990517,-12.210364096292958,-19.350195387404998,-8.907014579304475,1.0,3,trajectory,-16.56830616911565,-12.347977844913451,0.025328914889590378,0.9692486350735029,0.42045215248172096
count_random_n4,cruise,local_dynamics,1,17,1,True,-13.552706574274374,-13.552706574274374,1200,200,0.04412953411922591,-13.552706574274374,-12.569383127044329,-18.733767457203214,-8.935004202801283,1.0,3,trajectory,-15.86915303553724,-12.500705565854185,0.011455261676880229,0.9591668896377087,0.10350769799474614
count_random_n4,cruise,neural_flow,1,17,1,True,-1.3340133435152888,-1.3340133435152888,1200,200,0.7355270779877902,-1.3340133435152888,-0.9196013822894565,-1.0836169401262734,0.1624625459037152,0.7583333333333333,3,trajectory,-1.704879067907235,-0.8786113570067449,0.4182107802232107,0.2986597517500941,7.546695155104001
count_random_n4,cruise,observed_state_flow,1,17,1,True,-14.008744861880263,-14.008744861880263,1200,200,0.039730635689193106,-14.008744861880263,-13.11943922697077,-18.66697243542835,-9.25696682331332,1.0,3,trajectory,-15.821334641189903,-13.207845796682259,0.015599270674883835,0.9630199435849984,0.4153103741702701
count_random_n4,cruise,tpatchgnn,1,17,1,True,-0.11761816674734404,-0.11761816674734404,1200,200,0.9732808610300223,-0.11761816674734404,-0.10132376647464894,-0.15303681231539845,0.03210667629807075,0.7808333333333334,3,trajectory,-0.14244161177635173,-0.07833228675811901,0.8267252256472906,0.047953095343746054,19.48152440230052
count_random_n4,highspeed,cru,1,17,1,True,-2.79034642301946,-2.79034642301946,1200,200,0.5259753093247612,-2.79034642301946,-2.2259123170876034,-4.190457864755235,0.3961681444557442,0.8233333333333334,3,trajectory,-6.232804417138183,-0.8320646096526365,0.1827151869020114,0.5416899746721553,2.421304322606884
count_random_n4,highspeed,harmonic,1,,1,True,2.9145354312893215,2.9145354312893215,1200,200,1.9563814808559437,2.9145354312893215,5.553683938135395,-6.356271354025585,3.3868391994318334,0.795,3,trajectory,-2.1304577309388044,4.372744538865271,1.2426728712697968,0.7151107337966096,1.6516354283741383
count_random_n4,highspeed,hold,1,,1,True,-7.8029527933595935,-7.8029527933595935,1200,200,0.16584589281814258,-7.8029527933595935,-6.146230174426515,-12.68356330825516,-3.63170269392975,0.9616666666666667,3,trajectory,-9.368301576373678,-6.539181259815573,0.021906579762983967,0.8765461447100855,0.3649525587368286
count_random_n4,highspeed,kalman,1,,1,True,-5.45783827247861,-5.45783827247861,1200,200,0.2845877307908328,-5.45783827247861,-3.45740875960818,-13.859654830974652,-2.6667998111598497,0.9425,3,trajectory,-8.870671799860506,-3.2480126466366306,0.11212290358680846,0.897426813278258,0.8071059713183422
count_random_n4,highspeed,latent_ode,1,17,1,True,-2.2593638976547843,-2.2593638976547843,1200,200,0.5943792097611974,-2.2593638976547843,-1.940810214052976,-2.5157016583932696,0.08078043339022499,0.8658333333333333,3,trajectory,-5.212442128837643,-0.71709068051721,0.2523682311130688,0.43957039306649826,4.533847406362184
count_random_n4,highspeed,linear,1,,1,True,-4.994082764516096,-4.994082764516096,1200,200,0.3166589180485759,-4.994082764516096,-3.006085199753885,-13.497647189297252,-2.3845404701192785,0.9341666666666667,3,trajectory,-8.49702775255976,-2.743135826296004,0.13325895782836747,0.8948437018859537,0.9204356526316648
count_random_n4,highspeed,local_dynamics,1,17,1,True,-7.929611947988533,-7.929611947988533,1200,200,0.1610789556464078,-7.929611947988533,-6.170922412278072,-13.357635840499,-4.221115738067305,0.9625,3,trajectory,-9.544476246447154,-6.580609688045211,0.028376429622336777,0.887494469863456,0.34960027700615076
count_random_n4,highspeed,neural_flow,1,17,1,True,-0.12377433057342964,-0.12377433057342964,1200,200,0.9719022039075692,-0.12377433057342964,-0.1420337607993723,-0.016429022106852043,0.15533988345339,0.56,3,trajectory,-0.4947289963130586,0.07587812005041251,0.704944101224343,0.05419460418915051,13.558896207014719
count_random_n4,highspeed,observed_state_flow,1,17,1,True,-8.703502637293072,-8.703502637293072,1200,200,0.13478753663894164,-8.703502637293072,-6.976986205721061,-12.896475520048998,-5.222286043919105,0.9691666666666666,3,trajectory,-10.567134837084343,-7.339779606338852,0.03270340398824672,0.8926893336481772,0.6621767266848959
count_random_n4,highspeed,tpatchgnn,1,17,1,True,-0.10614088934846173,-0.10614088934846173,1200,200,0.975856391787529,-0.10614088934846173,-0.12493545813898183,0.003891504459164358,0.17958566919657526,0.48833333333333334,3,trajectory,-0.48784028449612166,0.12584160830611774,0.6975124015410741,0.05113675190739149,13.323510378201803
count_random_n4,occlusion,cru,1,17,1,True,0.04936946026625279,0.04936946026625279,1200,200,1.0114325965940951,0.04936946026625279,0.039091893792607336,0.019477384648833355,0.08234703027127205,0.13166666666666665,3,channel_group,0.018049629681936706,0.10507445252830841,0.8653495849420627,0.0029766881020899423,23.274956886370976
count_random_n4,occlusion,harmonic,1,,1,True,7.37861549848922,7.37861549848922,1200,200,5.468416056886005,7.37861549848922,-2.1130447908727943,-2.936061862040529,9.769295182478805,0.6275,3,channel_group,5.342592058821532,9.245958652531712,3.6913822137720613,0.7681311228057408,4.0634337578165045
count_random_n4,occlusion,hold,1,,1,True,1.0082435806657977,1.0082435806657977,1200,200,1.2613173162338596,1.0082435806657977,-6.703047390046026,-6.094027547344016,4.292540494709724,0.75,3,channel_group,0.4904138546169518,1.4400073502245039,0.4733122545141426,0.827760904498476,2.16460579178752
count_random_n4,occlusion,kalman,1,,1,True,7.066692590134446,7.066692590134446,1200,200,5.089431330747126,7.066692590134446,-4.804290190515431,-5.162417964797904,5.378084411509548,0.7025,3,channel_group,3.8526474525759964,9.20923478156509,3.7699738570121313,0.8182410754930849,2.7477186662466115
count_random_n4,occlusion,latent_ode,1,17,1,True,0.0033364164482247408,0.0033364164482247408,1200,200,1.0007685334483782,0.0033364164482247408,0.002862261527504649,0.0032231598636370744,0.00819852273296268,0.20916666666666667,3,channel_group,0.0025882967034931174,0.0041840970258774715,0.98258742471536,0.006974395612224144,42.0177243232727
count_random_n4,occlusion,linear,1,,1,True,7.778303110055669,7.778303110055669,1200,200,5.995567696549891,7.778303110055669,-4.521441015730483,-4.881581337523015,5.811446575194911,0.69,3,channel_group,4.121775703309395,10.154713467633034,4.577145173630706,0.8121761683948959,2.9147530870019303
count_random_n4,occlusion,local_dynamics,1,17,1,True,0.32114335245744224,0.32114335245744224,1200,200,1.0767486483093913,0.32114335245744224,-6.816890941850556,-5.925185983056094,3.9057554147475835,0.7566666666666667,3,channel_group,0.15670654900976472,0.574133615542886,0.39892704226223336,0.8189647263238051,2.5310249617013807
count_random_n4,occlusion,neural_flow,1,17,1,True,0.003139585920844568,0.003139585920844568,1200,200,1.0007231777409713,0.003139585920844568,0.006215404567376826,0.000630018709493103,0.012432252075785813,0.48,3,channel_group,-0.0010753639209975284,0.007249672145150523,0.9703169228633245,0.0074994222411873535,37.044837842782336
count_random_n4,occlusion,observed_state_flow,1,17,1,True,-1.846695884477668,-1.846695884477668,1200,200,0.6536276439084516,-1.846695884477668,-3.9785970976225773,-2.2334965948464314,1.1193584553283147,0.8083333333333333,3,channel_group,-3.148332133648375,-0.6626491307039304,0.39726009475639634,0.8225854004019251,11.213604222166662
count_random_n4,occlusion,tpatchgnn,1,17,1,True,-0.0005928468256471035,-0.0005928468256471035,1200,200,0.9998635012904803,-0.0005928468256471035,-0.0010298614654487086,-0.0010857932317644356,0.004335546890537896,0.6208333333333333,3,channel_group,-0.0026760331601821293,0.0018585893336435142,0.9780934397876263,0.005160623531373431,40.211676141421
count_random_n4,sweep_turn,cru,1,17,1,True,-0.6985996428534359,-0.6985996428534359,1200,200,0.8514125269340972,-0.6985996428534359,0.5993050110251558,-1.2274387471504487,2.3969625931465877,0.5983333333333334,3,trajectory,-5.9197484305711665,1.285653317789509,0.1765888586981843,0.38116600324592137,1.8200680198035357
count_random_n4,sweep_turn,harmonic,1,,1,True,-3.4155155864262206,-3.4155155864262206,1200,200,0.45545811180613477,-3.4155155864262206,-1.889798744695987,-9.745276527008906,-1.2345010227728135,0.935,3,trajectory,-6.281809493294677,-2.0715625749491307,0.2007805191729464,0.8129844405152835,0.7163418136554841
count_random_n4,sweep_turn,hold,1,,1,True,-10.47133927570326,-10.47133927570326,1200,200,0.08971520884113181,-10.47133927570326,-8.61983315212212,-14.529856280883306,-6.520731894827099,0.9933333333333333,3,trajectory,-14.191720966741034,-9.144168258230438,0.016680123832744916,0.9211572487532733,0.19262027364414733
count_random_n4,sweep_turn,kalman,1,,1,True,-10.387400171787665,-10.387400171787665,1200,200,0.09146606232519233,-10.387400171787665,-7.984314519163221,-15.868507349507437,-7.725627934173894,0.9916666666666667,3,trajectory,-15.023214242384132,-8.390088474254965,0.03644283854083364,0.9437456887510295,0.384004299941674
count_random_n4,sweep_turn,latent_ode,1,17,1,True,-1.1542508835647787,-1.1542508835647787,1200,200,0.7666107617815335,-1.1542508835647787,-0.3563679806485953,-1.143419162125659,0.7889933762616784,0.56,3,trajectory,-4.104827818119635,-0.18374491248657482,0.2728210491438707,0.3158512197014426,4.568569779836495
count_random_n4,sweep_turn,linear,1,,1,True,-10.144589432784636,-10.144589432784636,1200,200,0.09672551633375098,-10.144589432784636,-7.741810111335731,-15.686577140520427,-7.327044013535812,0.9916666666666667,3,trajectory,-14.764150281761507,-8.170309999785012,0.0406098669850401,0.9432477984887858,0.44324699350860103
count_random_n4,sweep_turn,local_dynamics,1,17,1,True,-10.42764688224138,-10.42764688224138,1200,200,0.09062234827896035,-10.42764688224138,-8.567162267392916,-14.641208044321678,-7.009712876418924,0.9916666666666667,3,trajectory,-12.95446995751979,-9.206615581411699,0.019174797462226962,0.9250413067163511,0.18027080181486477
count_random_n4,sweep_turn,neural_flow,1,17,1,True,-0.0971397162850211,-0.0971397162850211,1200,200,0.9778810459375381,-0.0971397162850211,0.05726175631499548,-0.05830905812280139,0.32814584332382585,0.5216666666666666,3,trajectory,-0.463228070577711,0.0832347664698699,0.581815559292833,0.05926213545771283,10.806453269322713
count_random_n4,sweep_turn,observed_state_flow,1,17,1,True,-11.213426462535159,-11.213426462535159,1200,200,0.07562360104340461,-11.213426462535159,-9.197628285469756,-14.910842378387883,-7.980354774440873,0.9941666666666666,3,trajectory,-14.903817959620433,-9.5517282892394,0.01981409075069673,0.9338218995036247,0.30312136751837293
count_random_n4,sweep_turn,tpatchgnn,1,17,1,True,0.16423730169214637,0.16423730169214637,1200,200,1.0385412001113097,0.16423730169214637,0.1770116863344938,0.16348547926933188,0.39134840816652394,0.155,3,trajectory,0.14073550962141376,0.18287692236886904,0.6917135361830393,0.007703812218111684,12.593658790588378
count_random_n4,uturn,cru,1,17,1,True,-0.6586763318472055,-0.6586763318472055,1200,200,0.8592753765794138,-0.6586763318472055,-0.9201354462935435,-0.07430943984078962,1.236924205390707,0.5208333333333334,3,trajectory,-4.387108756419787,1.1057079686358338,0.25102006690731893,0.27047005392005097,3.865184381964306
count_random_n4,uturn,harmonic,1,,1,True,0.12521801996562637,0.12521801996562637,1200,200,1.0292521953378673,0.12521801996562637,1.6983578300923767,-8.39779386867675,0.2517919695698386,0.895,3,trajectory,-4.282722159670793,2.037045736590761,0.6313087531617081,0.7911621644565214,1.049035920209523
count_random_n4,uturn,hold,1,,1,True,-8.823353601154453,-8.823353601154453,1200,200,0.13111870156744768,-8.823353601154453,-8.773900838370082,-12.771054552021369,-4.668983275205253,0.9908333333333333,3,trajectory,-9.383022027573025,-7.890660876815705,0.0340232151701881,0.8889991957977569,0.2793513470043096
count_random_n4,uturn,kalman,1,,1,True,-7.796093841306763,-7.796093841306763,1200,200,0.16610802549897316,-7.796093841306763,-7.453411201728878,-12.949921873698766,-3.8235111450641286,0.9758333333333333,3,trajectory,-8.997798010384368,-7.091046770789218,0.07995431435599731,0.9036682415846735,0.6201192501883998
count_random_n4,uturn,latent_ode,1,17,1,True,-1.4611121667042382,-1.4611121667042382,1200,200,0.7143133771046997,-1.4611121667042382,-1.564410890195593,-0.1547653518828747,0.30951729808031464,0.5875,3,trajectory,-6.425028916967895,0.26747017460057165,0.30653821444449325,0.32936508492373223,5.496929710023881
count_random_n4,uturn,linear,1,,1,True,-7.485105885857553,-7.485105885857553,1200,200,0.17843884826207917,-7.485105885857553,-7.061167848234463,-12.747145239364903,-3.6226170709518186,0.9725,3,trajectory,-8.613484848563314,-6.992472593474997,0.08941202598627565,0.9025215841410682,0.6932185176516334
count_random_n4,uturn,local_dynamics,1,17,1,True,-9.023696146764202,-9.023696146764202,1200,200,0.1252075118737108,-9.023696146764202,-8.951964668066696,-13.065256787636345,-4.623550462665856,0.9916666666666667,3,trajectory,-9.911978528754105,-7.934702706003435,0.03694724882591188,0.8975274948224736,0.283767061004055
count_random_n4,uturn,neural_flow,1,17,1,True,-0.3380069434048185,-0.3380069434048185,1200,200,0.9251226321856181,-0.3380069434048185,-0.3900067951202455,0.19462312738404958,0.33715581810740236,0.42583333333333334,3,trajectory,-1.5059061193552858,0.3078318604612989,0.5582093664258718,0.13590170193880835,9.962765482266745
count_random_n4,uturn,observed_state_flow,1,17,1,True,-9.185445200273962,-9.185445200273962,1200,200,0.12063004226132756,-9.185445200273962,-9.183758618765223,-12.898675209040924,-4.871649357973979,0.9925,3,trajectory,-10.332226407584802,-7.867431732989986,0.04133309329809582,0.89625171977852,0.508530398698155
count_random_n4,uturn,tpatchgnn,1,17,1,True,0.10624005818436014,0.10624005818436014,1200,200,1.024764343549808,0.10624005818436014,0.07892531819400664,0.21558133258941564,0.3158817918826241,0.3358333333333333,3,trajectory,-0.21784029411576372,0.2923853547543253,0.6428669646382332,0.018300531401607666,11.542025219599406
count_random_n8,climb_descent,cru,1,17,1,True,-1.536260970686425,-1.536260970686425,1200,200,0.7020594717127582,-1.536260970686425,-2.4533798333460246,-6.0268486580827485,2.5873174012164855,0.6041666666666666,3,trajectory,-8.18081811313777,1.7147275234023474,0.14951003274104246,0.49710691808595886,1.9472308988372484
count_random_n8,climb_descent,harmonic,1,,1,True,-9.857213158104585,-9.857213158104585,1200,200,0.10334243352976041,-9.857213158104585,-8.399877856170338,-14.655238974836156,-6.872894587059035,0.9966666666666667,3,trajectory,-14.510567705309542,-7.264693383693648,0.04434422314624191,0.9390887564917405,0.42033140877087133
count_random_n8,climb_descent,hold,1,,1,True,-11.744502941564662,-11.744502941564662,1200,200,0.06691904057994781,-11.744502941564662,-10.571179893031527,-15.237701180053934,-8.054780130758903,1.0,3,trajectory,-15.846767285029115,-9.848986398382568,0.014962414212162259,0.9388331343233586,0.17640241940960852
count_random_n8,climb_descent,kalman,1,,1,True,-11.50534612532393,-11.50534612532393,1200,200,0.07070748457716639,-11.50534612532393,-10.343696164726161,-15.77404390493926,-7.597360476389693,0.9983333333333333,3,trajectory,-14.774274773046214,-9.72276961593064,0.03883585909067425,0.9542859919369221,0.44624415671774237
count_random_n8,climb_descent,latent_ode,1,17,1,True,-2.12511150502865,-2.12511150502865,1200,200,0.6130400521556536,-2.12511150502865,-2.625207862744228,-3.6258888788715122,0.7724997567276884,0.645,3,trajectory,-6.386096787412594,0.5243443263963944,0.2742108897957951,0.4481791434534777,4.826738150368135
count_random_n8,climb_descent,linear,1,,1,True,-12.46856162380125,-12.46856162380125,1200,200,0.0566426857621263,-12.46856162380125,-11.130625934191789,-16.200158349718464,-9.371622595777952,1.0,3,trajectory,-15.958306385779384,-10.383576613719192,0.029531940349625026,0.963356164842844,0.4213311002733826
count_random_n8,climb_descent,local_dynamics,1,17,1,True,-12.650485142265547,-12.650485142265547,1200,200,0.05431896494005433,-12.650485142265547,-11.439670495006773,-15.776328053181167,-8.97963004562015,1.0,3,trajectory,-17.0269662656329,-10.686938135937769,0.014823584076184441,0.9512339460849762,0.1815354088663904
count_random_n8,climb_descent,neural_flow,1,17,1,True,-1.2160644754244774,-1.2160644754244774,1200,200,0.7557767933234573,-1.2160644754244774,-1.5369666057260702,-0.6913316527535396,0.551892411427785,0.5775,3,trajectory,-2.5629674086891994,0.38573101736188,0.3908125331439078,0.2940580873567266,6.881223710576693
count_random_n8,climb_descent,observed_state_flow,1,17,1,True,-13.13345696856889,-13.13345696856889,1200,200,0.04860201813479454,-13.13345696856889,-12.034759297859281,-15.735930070396117,-9.340390991956507,1.0,3,trajectory,-16.703922572042835,-11.327559489167244,0.01979851970595817,0.9568785472214222,0.4570632512384327
count_random_n8,climb_descent,tpatchgnn,1,17,1,True,-0.08142692142301677,-0.08142692142301677,1200,200,0.9814254321157933,-0.08142692142301677,-0.15577737715417644,-0.15639697427502086,0.4668200528073645,0.5641666666666667,3,trajectory,-0.4285583756932832,0.36317903180741173,0.6639807121952375,0.06154383278208111,11.75556289990743
count_random_n8,cruise,cru,1,17,1,True,-5.213819307704618,-5.213819307704618,1200,200,0.30103574668057265,-5.213819307704618,-4.538986746413522,-5.668210718494056,-2.3812698019072247,0.9966666666666667,3,trajectory,-6.227357037959747,-4.645259451173952,0.10841010400249308,0.710682261052231,1.3773425720711627
count_random_n8,cruise,harmonic,1,,1,True,-10.69500544614932,-10.69500544614932,1200,200,0.08521174428043495,-10.69500544614932,-9.655852752998523,-18.248340760976205,-8.106741248872536,0.9966666666666667,3,trajectory,-15.414489810878946,-8.012376655016322,0.041345757265613986,0.9543223765554527,0.374489612825358
count_random_n8,cruise,hold,1,,1,True,-12.253963548329887,-12.253963548329887,1200,200,0.05951187659874748,-12.253963548329887,-11.50719604660971,-17.66730191147463,-7.124183109396147,1.0,3,trajectory,-13.955206402467617,-11.216855746713568,0.009163825941874721,0.9431185941398144,0.09464888587167324
count_random_n8,cruise,kalman,1,,1,True,-13.907929420388815,-13.907929420388815,1200,200,0.040663715477324586,-13.907929420388815,-12.651879097530593,-19.471314708654504,-9.587850743689355,1.0,3,trajectory,-16.76018901909903,-12.833603510526066,0.02236497559216024,0.9711793953677018,0.3776339413622069
count_random_n8,cruise,latent_ode,1,17,1,True,-4.242951607652792,-4.242951607652792,1200,200,0.3764478657146295,-4.242951607652792,-3.958269129060989,-4.250974064294542,-1.0885586266760068,0.995,3,trajectory,-4.495778207412137,-4.021024408328422,0.16029529909913734,0.633834558990784,2.9049781249665343
count_random_n8,cruise,linear,1,,1,True,-13.763245136279217,-13.763245136279217,1200,200,0.042041237035591573,-13.763245136279217,-12.557907834922679,-19.23121505657336,-9.485287890768948,1.0,3,trajectory,-16.530321079667303,-12.591433599473362,0.023952561401941495,0.9713263387481371,0.4271779563065017
count_random_n8,cruise,local_dynamics,1,17,1,True,-13.637184887829081,-13.637184887829081,1200,200,0.0432794278911751,-13.637184887829081,-12.646588085171944,-18.801981331772573,-9.080498613322993,1.0,3,trajectory,-15.868516796511301,-12.662836835278952,0.010926997177515003,0.959756229420503,0.0968738158390427
count_random_n8,cruise,neural_flow,1,17,1,True,-1.600869481803916,-1.600869481803916,1200,200,0.6916924763595065,-1.600869481803916,-1.1657875796961295,-1.3543585791203805,0.017251047030342127,0.8833333333333333,3,trajectory,-2.0181005079487986,-1.1526924026197385,0.34415471515928703,0.32899190007343576,6.196916012565295
count_random_n8,cruise,observed_state_flow,1,17,1,True,-14.187930995355185,-14.187930995355185,1200,200,0.03812474086606618,-14.187930995355185,-13.30214008924943,-18.693085212246547,-9.440808863603197,1.0,3,trajectory,-15.972662668246409,-13.397336753953347,0.015129818124805704,0.9648251090943814,0.429078075941264
count_random_n8,cruise,tpatchgnn,1,17,1,True,-0.11862901705151546,-0.11862901705151546,1200,200,0.9730543495714664,-0.11862901705151546,-0.10169673043957264,-0.150880799280128,0.029205117791201076,0.785,3,trajectory,-0.14148976894509013,-0.08074870325575086,0.8285246477027735,0.048894324911614856,19.57183639685313
count_random_n8,highspeed,cru,1,17,1,True,-2.790108942338926,-2.790108942338926,1200,200,0.526004071465383,-2.790108942338926,-2.2236817878434354,-4.203935160156209,0.40124673123639193,0.8233333333333334,3,trajectory,-6.2299488111881915,-0.8313790096095698,0.18246859944735963,0.5417142320165677,2.4155883179565234
count_random_n8,highspeed,harmonic,1,,1,True,-3.2502715014246766,-3.2502715014246766,1200,200,0.4731216805922122,-3.2502715014246766,-1.1702919003544197,-12.471587979150305,-1.5249386666763918,0.9266666666666666,3,trajectory,-8.155105635579577,-0.21147333805080923,0.24161481913394103,0.8804758956886508,1.0306927657354905
count_random_n8,highspeed,hold,1,,1,True,-7.802952836893481,-7.802952836893481,1200,200,0.1658458911556954,-7.80295283689348,-6.146230172259263,-12.68356330825516,-3.6317027234528667,0.9616666666666667,3,trajectory,-9.36830161359164,-6.539181321300852,0.021906579659268222,0.8765461389018689,0.3649525693304046
count_random_n8,highspeed,kalman,1,,1,True,-5.34919169542532,-5.34919169542532,1200,200,0.2917970053151718,-5.34919169542532,-3.3260084932412184,-13.989831931435276,-2.6898638553261187,0.9425,3,trajectory,-9.150312249811112,-3.024771038321979,0.11919213990390136,0.9005641434584141,0.8627780666943242
count_random_n8,highspeed,latent_ode,1,17,1,True,-2.2563035270767764,-2.2563035270767764,1200,200,0.5947982023532192,-2.2563035270767764,-1.937957813108032,-2.5247019526586403,0.08743705601907091,0.8675,3,trajectory,-5.210433440940348,-0.7182358376394472,0.251722968534256,0.439238328146054,4.518091994985589
count_random_n8,highspeed,linear,1,,1,True,-4.9188269026308244,-4.9188269026308244,1200,200,0.32219389698976253,-4.9188269026308244,-2.9038490164561015,-13.675577571679,-2.2063111949311227,0.9333333333333333,3,trajectory,-8.854767388892922,-2.5464100375285237,0.13575395190123493,0.896707017650358,0.958393789504662
count_random_n8,highspeed,local_dynamics,1,17,1,True,-8.031907288722278,-8.031907288722278,1200,200,0.15732917710294103,-8.031907288722278,-6.244259451110317,-13.248107354596621,-4.132410952864159,0.9641666666666666,3,trajectory,-9.73347596614558,-6.694007460996824,0.02597387757433348,0.8867005157780296,0.33876071354262727
count_random_n8,highspeed,neural_flow,1,17,1,True,-0.12440459681591466,-0.12440459681591466,1200,200,0.9717611676454544,-0.12440459681591466,-0.14241852694225593,-0.015469283654519928,0.15754685912886113,0.5625,3,trajectory,-0.4962108372530365,0.07569608560087827,0.7042795559763908,0.054316528897880544,13.543203775882722
count_random_n8,highspeed,observed_state_flow,1,17,1,True,-8.733634900660599,-8.733634900660599,1200,200,0.13385558916055737,-8.733634900660599,-7.032694329260455,-12.806238760738836,-5.211507121596953,0.97,3,trajectory,-10.541447742955148,-7.3915947336601695,0.03309722197022585,0.8928328638428441,0.6666270733503884
count_random_n8,highspeed,tpatchgnn,1,17,1,True,-0.10634447659248172,-0.10634447659248172,1200,200,0.9758106469611327,-0.10634447659248172,-0.12516759691437065,0.004599046007088535,0.18140641410048775,0.48583333333333334,3,trajectory,-0.49166421159092943,0.1276372830119216,0.6966787100334962,0.05143992896721173,13.29581770658493
count_random_n8,occlusion,cru,1,17,1,True,0.04910612828764694,0.04910612828764694,1200,200,1.0113712708155314,0.04910612828764694,0.039513892646594384,0.018761688376218992,0.08070696264194299,0.15083333333333335,3,channel_group,0.017190114506108474,0.10447129618712661,0.8673602383335431,0.003128482063037598,23.569303458134332
count_random_n8,occlusion,harmonic,1,,1,True,6.176882671296623,6.176882671296623,1200,200,4.146562990378588,6.176882671296623,-4.635383086175777,-4.784274940473299,7.225276246219649,0.6775,3,channel_group,4.124357799514557,6.930288520019757,2.8175427923272944,0.8172853887868889,3.8106715121757104
count_random_n8,occlusion,hold,1,,1,True,1.0082435552871702,1.0082435552871702,1200,200,1.261317308863169,1.0082435552871702,-6.703047390821109,-6.094028073662144,4.292540494709724,0.75,3,channel_group,0.4904137327718634,1.4400074016727935,0.4733122581879919,0.8277609044893567,2.1646057939696584
count_random_n8,occlusion,kalman,1,,1,True,7.013071337650873,7.013071337650873,1200,200,5.026979726689945,7.013071337650873,-4.625244910621547,-5.230964880907212,5.0535751690694095,0.68,3,channel_group,4.405290913599284,8.9220065143828,3.6932967236948997,0.8170305380939196,3.1303322989846736
count_random_n8,occlusion,latent_ode,1,17,1,True,0.0028380634183045057,0.0028380634183045057,1200,200,1.000653701821963,0.0028380634183045057,0.0016702610277492239,0.0022385592310248236,0.0076747205130684,0.23666666666666666,3,channel_group,0.002357514853471789,0.0032786931727927095,0.9827535450955232,0.005446241721586629,42.40286880493164
count_random_n8,occlusion,linear,1,,1,True,7.692868185070586,7.692868185070586,1200,200,5.878774727567992,7.692868185070586,-4.468250513395956,-4.7153560499372436,5.477537341138845,0.6725,3,channel_group,4.500903899103232,9.961688420903993,4.446769003384058,0.8064106311976017,3.325617783961352
count_random_n8,occlusion,local_dynamics,1,17,1,True,0.2760674469603026,0.2760674469603026,1200,200,1.0656307515276422,0.2760674469603026,-6.872026228487761,-5.959145770938278,3.7286147624579904,0.7575,3,channel_group,0.2032598664326599,0.41175668917954034,0.4000528686124744,0.8214308351293828,2.6601726832054586
count_random_n8,occlusion,neural_flow,1,17,1,True,0.0031179140593642005,0.0031179140593642005,1200,200,1.0007181840141615,0.0031179140593642005,0.006338984658258809,0.0008021320296117219,0.012321465658003726,0.4791666666666667,3,channel_group,-0.000995716394202428,0.007437254793669049,0.9702129617333413,0.007226975704183614,37.074026323954264
count_random_n8,occlusion,observed_state_flow,1,17,1,True,-1.8859309546767598,-1.8859309546767598,1200,200,0.6477492287079804,-1.8859309546767598,-3.9808814121376406,-2.2254746901484763,1.0066662152234038,0.8083333333333333,3,channel_group,-3.153958353925072,-0.7326605738053037,0.39813887660119995,0.8222853404848138,11.306569547150284
count_random_n8,occlusion,tpatchgnn,1,17,1,True,-0.0006428201090475686,-0.0006428201090475686,1200,200,0.9998519961535931,-0.0006428201090475686,-0.0007422377854852148,-0.000849272235329699,0.003990248586150873,0.6125,3,channel_group,-0.0026119282768510233,0.0014017957011793624,0.9797212380170822,0.005354690859225332,40.925541416803995
count_random_n8,sweep_turn,cru,1,17,1,True,-0.698880989592021,-0.698880989592021,1200,200,0.8513573721051216,-0.698880989592021,0.5978560661239941,-1.2270713471591652,2.389236377986119,0.5991666666666666,3,trajectory,-5.9216372291029185,1.2899733847668746,0.17652960922879474,0.38122431829454345,1.820430475048682
count_random_n8,sweep_turn,harmonic,1,,1,True,-9.656775580738104,-9.656775580738104,1200,200,0.10822371600397063,-9.656775580738104,-7.313422730440382,-14.759257623656165,-6.504385330187346,0.9908333333333333,3,trajectory,-14.39453651362373,-7.654499899984937,0.0376949908600363,0.9333301683577399,0.5307249864935754
count_random_n8,sweep_turn,hold,1,,1,True,-10.471339263019983,-10.471339263019983,1200,200,0.08971520910313903,-10.471339263019983,-8.61983315480673,-14.529856280307822,-6.520732418848621,0.9933333333333333,3,trajectory,-14.19172094019519,-9.144168197013006,0.01668012374337342,0.9211572462006007,0.19262026893739553
count_random_n8,sweep_turn,kalman,1,,1,True,-10.660985964916732,-10.660985964916732,1200,200,0.08588185245397952,-10.660985964916732,-8.121066650745407,-16.40012880056301,-7.992711519996056,0.9916666666666667,3,trajectory,-15.721326278799596,-8.42760393223515,0.0341233025828114,0.9494604256756914,0.4008720070535007
count_random_n8,sweep_turn,latent_ode,1,17,1,True,-1.1410778502127985,-1.1410778502127985,1200,200,0.7689395779619614,-1.1410778502127985,-0.33225704978976267,-1.1064956751614283,0.8266897996356012,0.5525,3,trajectory,-4.172421110692088,-0.16117704379732772,0.2657131014547,0.317025814487871,4.41330392648466
count_random_n8,sweep_turn,linear,1,,1,True,-10.424412734548563,-10.424412734548563,1200,200,0.09068985897206096,-10.424412734548563,-7.874700195505132,-16.117922565984472,-7.90997236326269,0.9916666666666667,3,trajectory,-15.388013394690468,-8.203027940789223,0.036957925979246846,0.9486143247759901,0.44793147362409097
count_random_n8,sweep_turn,local_dynamics,1,17,1,True,-10.778013625132205,-10.778013625132205,1200,200,0.08359852935182056,-10.778013625132205,-8.816654349354518,-14.719189296295887,-7.23911356476548,0.9933333333333333,3,trajectory,-14.665105030398681,-9.293588944018683,0.016423494024955545,0.9275556418556758,0.17205988342537842
count_random_n8,sweep_turn,neural_flow,1,17,1,True,-0.17016272894396983,-0.17016272894396983,1200,200,0.9615762477119764,-0.17016272894396983,0.04385953630037343,-0.08895433815000146,0.38396590051654794,0.555,3,trajectory,-0.7018277732605515,0.08663279046434545,0.5270302219937245,0.08114724637689848,9.8206192668279
count_random_n8,sweep_turn,observed_state_flow,1,17,1,True,-11.33847748925741,-11.33847748925741,1200,200,0.07347714125992141,-11.33847748925741,-9.302516039091001,-14.847370620730214,-8.156730935863305,0.9941666666666666,3,trajectory,-15.066776938185146,-9.624537547122433,0.019168380604223736,0.9356367566726598,0.3124004570814153
count_random_n8,sweep_turn,tpatchgnn,1,17,1,True,0.16036856363704197,0.16036856363704197,1200,200,1.0376164693137009,0.16036856363704197,0.17410621149443434,0.16272854866531866,0.37945389723093065,0.15916666666666668,3,trajectory,0.13593842972896206,0.177712155866761,0.6930953148504099,0.007803649411793335,12.639276768366496
count_random_n8,uturn,cru,1,17,1,True,-0.661134790666664,-0.661134790666664,1200,200,0.8587890947113435,-0.661134790666664,-0.9220394110022577,-0.07955809339276837,1.2328377328503133,0.5216666666666666,3,trajectory,-4.388949479312215,1.1015933943926783,0.25132922281200687,0.270500069001432,3.8745884985631953
count_random_n8,uturn,harmonic,1,,1,True,-7.604491392697977,-7.604491392697977,1200,200,0.17360045564731988,-7.604491392697975,-6.908275780537451,-12.441726132854278,-4.825225764178331,0.9725,3,trajectory,-8.46166355950076,-6.592693097115799,0.0831158202155044,0.9052229392272421,0.7125515362287842
count_random_n8,uturn,hold,1,,1,True,-8.823353575014822,-8.823353575014822,1200,200,0.13111870235663442,-8.823353575014822,-8.773900805857656,-12.77105424578953,-4.668982971746211,0.9908333333333333,3,trajectory,-9.383021983415283,-7.890660859944706,0.034023215166819935,0.8889991992480161,0.2793513777025631
count_random_n8,uturn,kalman,1,,1,True,-8.092463751183526,-8.092463751183526,1200,200,0.15515065910664508,-8.092463751183528,-7.533009795362169,-13.61574462478745,-4.609459623506001,0.9766666666666667,3,trajectory,-9.095738205666153,-7.359846725611162,0.07654062335963767,0.913152529397048,0.6430471645238139
count_random_n8,uturn,latent_ode,1,17,1,True,-1.4556985591203024,-1.4556985591203024,1200,200,0.7152043447891872,-1.4556985591203024,-1.5553738138498634,-0.1348674969462457,0.30924003658793137,0.5783333333333334,3,trajectory,-6.416092850236311,0.2648081311672248,0.3061389253831779,0.3289115664302517,5.481967332335189
count_random_n8,uturn,linear,1,,1,True,-7.7659368007112,-7.7659368007112,1200,200,0.16726547952461254,-7.7659368007112,-7.0621337811686615,-13.377487129027427,-4.711860503699129,0.9725,3,trajectory,-8.711844054065654,-6.720701270552286,0.08492138501815433,0.9127216390085717,0.7022406617487695
count_random_n8,uturn,local_dynamics,1,17,1,True,-9.20022850757177,-9.20022850757177,1200,200,0.12022011781610971,-9.20022850757177,-9.126961923007675,-13.208101340138889,-4.9217354919130685,0.9916666666666667,3,trajectory,-10.103797306630717,-8.100298352163874,0.035854288583495826,0.9010788044154955,0.28791230658745764
count_random_n8,uturn,neural_flow,1,17,1,True,-0.5458840349200799,-0.5458840349200799,1200,200,0.8818842705339194,-0.5458840349200799,-0.5945979039216814,0.19254424736698766,0.34785270794054884,0.4266666666666667,3,trajectory,-2.1630218311303655,0.32054583878623,0.46491334977249305,0.1816722164929994,8.24496431350708
count_random_n8,uturn,observed_state_flow,1,17,1,True,-9.39682919505601,-9.39682919505601,1200,200,0.11489922000775546,-9.39682919505601,-9.423707229518373,-13.18737872081396,-5.0616512295207645,0.9925,3,trajectory,-10.59632062946904,-8.040226306070922,0.039647557052855165,0.9004139651669538,0.5323714834310037
count_random_n8,uturn,tpatchgnn,1,17,1,True,0.10812112445686883,0.10812112445686883,1200,200,1.0252082974215349,0.10812112445686883,0.08017049898054936,0.21704301864933484,0.3211309336079669,0.3358333333333333,3,trajectory,-0.21685450794190628,0.2971425773145471,0.6422793891529243,0.018267440586831326,11.5206978170077
main,climb_descent,cru,3,"17,29,43",3,True,-2.03907404201923,-1.638612609083061,3600,600,0.6622207532788592,-1.7899721305350775,-2.66547839491193,-5.377683548769033,2.1891837469229407,0.6616666666666666,3,trajectory,-7.954740612511973,1.4298739175637176,0.15281365749960832,0.5050639141185153,2.0534558177787674
main,climb_descent,harmonic,1,,1,True,-5.81709563452819,-5.81709563452819,3600,600,0.26199345164401167,-5.81709563452819,-4.472389338375951,-13.909703675867386,-4.591498781349322,0.9697222222222223,3,trajectory,-11.100926193135852,-3.5592809081027372,0.12302506176621437,0.905071714286589,0.5665797304375441
main,climb_descent,hold,1,,1,True,-11.600129738744219,-11.600129738744219,3600,600,0.06918103038498274,-11.600129738744219,-10.511791681601313,-14.970302418503026,-7.857478076958696,1.0,3,trajectory,-15.553911643374839,-9.895612391400718,0.015657228327565616,0.9371741442879041,0.18142299048646793
main,climb_descent,kalman,1,,1,True,-11.302191512858721,-11.302191512858721,3600,600,0.07409362597822308,-11.302191512858721,-10.201090538057972,-16.056570259440612,-7.38211708847932,0.9938888888888889,3,trajectory,-13.829961762751836,-9.696734890256536,0.040577209234929246,0.9536116687539551,0.44137406531324813
main,climb_descent,latent_ode,3,"17,29,43",3,True,-2.221645386035095,-2.162079346357373,3600,600,0.6027099828201312,-2.1989161515596125,-2.7556534947651237,-4.025327417586238,0.7915885696755008,0.6497222222222222,3,trajectory,-6.457759924621641,0.5465074795859249,0.2576447314243005,0.46045360102366,4.550047267452497
main,climb_descent,linear,1,,1,True,-12.306573998852476,-12.306573998852476,3600,600,0.058795298570480006,-12.306573998852476,-11.118450480846601,-16.255112953975093,-8.858544108592005,0.9977777777777778,3,trajectory,-14.576866817199933,-10.575705169324216,0.03134178440164957,0.9639529877404371,0.45576892846298706
main,climb_descent,local_dynamics,3,"17,29,43",3,True,-12.520598071514083,-12.463432469434306,3600,600,0.056326303488528524,-12.492887491589498,-11.37786310714979,-15.476364843921434,-8.52029895230502,1.0,3,trajectory,-16.57443624012694,-10.759227450952189,0.015955264733928932,0.9499937101757086,0.18633727412495113
main,climb_descent,neural_flow,3,"17,29,43",3,True,-1.2450300764407338,-0.5629757117604914,3600,600,0.8168131673204955,-0.8787726988228685,-1.081521441842739,-0.907895268461874,0.7143157263848036,0.5730555555555555,3,trajectory,-2.353332359390772,0.5168367153253629,0.41369398367280763,0.2513785951860588,7.064260953444021
main,climb_descent,observed_state_flow,3,"17,29,43",3,True,-13.040721633648339,-13.01225427244452,3600,600,0.049833265678025734,-13.024806516715223,-12.036931861256663,-15.335275670865226,-9.234788342675472,1.0,3,trajectory,-16.215000572732635,-11.476916396700487,0.02101322941833868,0.9563776090161668,0.4773181816752587
main,climb_descent,tpatchgnn,3,"17,29,43",3,True,-12.73132017527675,-0.08952033056836922,3600,600,0.37683179736663414,-4.238524582193223,-4.251815336383197,-4.309408420929405,-3.6286291051691952,1.0,3,trajectory,-4.575139455598566,-3.860816196395408,0.2468984053658399,0.6478290966897206,4.6575560908361515
main,cruise,cru,3,"17,29,43",3,True,-5.3776338999642395,-5.059858703227963,3600,600,0.29963120992398923,-5.234129520145299,-4.7623620162557305,-5.667639626406638,-2.1921811150497574,1.0,3,trajectory,-6.012402636409048,-4.692731870109095,0.10765270629095738,0.7120625795996576,1.4805063413914834
main,cruise,harmonic,1,,1,True,-6.10320966621786,-6.10320966621786,3600,600,0.24528954260132094,-6.10320966621786,-5.708423355464113,-17.576718511488657,-5.724829623575881,0.9672222222222222,3,trajectory,-9.018100979102869,-4.111078208274513,0.12257689180272181,0.9211527090204051,0.5943448221360328
main,cruise,hold,1,,1,True,-12.375116492411486,-12.375116492411486,3600,600,0.057874646421094196,-12.375116492411486,-11.597613966235459,-17.995731563227746,-7.125304231183271,1.0,3,trajectory,-14.032538438271146,-11.3583255058204,0.007831978071145438,0.944587678561608,0.0931705221456588
main,cruise,kalman,1,,1,True,-14.201400001736156,-14.201400001736156,3600,600,0.038006685733950336,-14.201400001736156,-12.998105551141672,-20.075763441597392,-9.953060778155447,0.9994444444444445,3,trajectory,-16.78521568891557,-12.905382782267944,0.02122661059327781,0.9738294743001461,0.3860507841358789
main,cruise,latent_ode,3,"17,29,43",3,True,-4.981942858605856,-4.303891130720935,3600,600,0.34397293036217214,-4.634757337567032,-4.301857239572441,-4.911788239684795,-1.490446395545551,0.9947222222222222,3,trajectory,-5.086013070090452,-4.365460467533929,0.12688506427953983,0.6653722403512371,2.2247513137628925
main,cruise,linear,1,,1,True,-14.000847687987267,-14.000847687987267,3600,600,0.03980294726440555,-14.000847687987267,-12.845393147637502,-19.844786851696995,-9.733450151793296,0.9997222222222222,3,trajectory,-16.52281077796428,-12.64204853641202,0.022723489385142636,0.9734099478688505,0.4357007297335998
main,cruise,local_dynamics,3,"17,29,43",3,True,-13.85896041196041,-13.775451152301548,3600,600,0.04140045220472795,-13.829949151847657,-12.86417600007415,-19.04179172053907,-9.230722563940146,1.0,3,trajectory,-15.900569411083305,-12.803291575364904,0.009172259171527525,0.9612462898205827,0.08435191719338739
main,cruise,neural_flow,3,"17,29,43",3,True,-1.6103377369257377,-0.9776438394197141,3600,600,0.7576144813966972,-1.2055173261807737,-0.8294032729412083,-0.8664539639442965,0.0903334400888284,0.8769444444444444,3,trajectory,-1.621515103980711,-0.8160709937081525,0.39373655101215393,0.27179993583772144,7.206418925601024
main,cruise,observed_state_flow,3,"17,29,43",3,True,-14.457302542672297,-14.418178066564531,3600,600,0.03597480485204056,-14.440015532471406,-13.571449466348293,-19.13498208421877,-9.59406114461807,1.0,3,trajectory,-16.04737308673925,-13.642419914654981,0.014385692451525909,0.9673294236648965,0.44025781664494956
main,cruise,tpatchgnn,3,"17,29,43",3,True,-13.386631159949296,-0.12234705839482027,3600,600,0.36282592765844635,-4.40301685678502,-4.31676303028074,-4.571032705323825,-3.859290940255243,1.0,3,trajectory,-4.525571715466326,-4.288189232844592,0.29001613075651994,0.6477689497061937,6.93917615832706
main,highspeed,cru,3,"17,29,43",3,True,-2.5880987428258195,-2.3294393116872514,3600,600,0.5705552661294738,-2.4370228181092344,-2.08685884906517,-3.316771622346044,0.6251503987108629,0.7763888888888889,3,trajectory,-7.012804935443729,-0.2681547790281532,0.1847279173846322,0.5028793540450621,2.7047754040265124
main,highspeed,harmonic,1,,1,True,0.06213851812699452,0.06213851812699452,3600,600,1.0144107708074384,0.06213851812699452,1.2722858817189064,-11.300917440526128,0.5173863406620054,0.8869444444444444,3,trajectory,-2.8623164915229333,2.5205527475650675,0.6293084170019286,0.8447014714502105,1.4322536176874938
main,highspeed,hold,1,,1,True,-7.945273353110284,-7.945273353110284,3600,600,0.160499123375246,-7.945273353110284,-6.558648376927093,-12.514544782611694,-3.960127064041603,0.9647222222222223,3,trajectory,-9.178159182277492,-6.808044266442435,0.022259351502980234,0.8782509379221932,0.37034604023798895
main,highspeed,kalman,1,,1,True,-5.594308846833826,-5.594308846833826,3600,600,0.27578403108810257,-5.594308846833826,-3.8350947434826255,-14.06048967587779,-2.7501630843068994,0.9433333333333334,3,trajectory,-8.535953438309136,-3.448124875008054,0.11918425480790927,0.9049747507110543,0.8848816089089693
main,highspeed,latent_ode,3,"17,29,43",3,True,-2.3140296146651527,-2.132236951421091,3600,600,0.5990755677764752,-2.2251839197068546,-1.9491895192407753,-2.4804929374165714,0.14590021369514083,0.8411111111111111,3,trajectory,-5.516638393961993,-0.5306149843615262,0.2499105581194507,0.43780127230894844,4.414945252097117
main,highspeed,linear,1,,1,True,-5.060364024100744,-5.060364024100744,3600,600,0.31186281708265695,-5.060364024100744,-3.33551312049621,-13.609649772644794,-2.2911637456929115,0.9308333333333333,3,trajectory,-7.999303615868767,-2.838479101456387,0.1370219749427002,0.8987570470785631,0.9900784023947118
main,highspeed,local_dynamics,3,"17,29,43",3,True,-8.208331661340818,-8.191915939473333,3600,600,0.15127195617488823,-8.202415769825405,-6.672704366653315,-13.082965137493836,-4.439473268494369,0.9683333333333334,3,trajectory,-9.623768818897085,-7.024988141779524,0.026459675578482836,0.8888233512467004,0.3397717878658758
main,highspeed,neural_flow,3,"17,29,43",3,True,-0.685908383940711,-0.11221066032101289,3600,600,0.8969193554938667,-0.4724660382156087,-0.5395343177404589,-0.11159579281359264,0.2912119072705714,0.5877777777777777,3,trajectory,-1.783667024138171,0.17558271918846177,0.5615916967988704,0.13725049630376993,10.518750726171085
main,highspeed,observed_state_flow,3,"17,29,43",3,True,-8.923360062068848,-8.916619745212266,3600,600,0.12820801518769626,-8.920848231559205,-7.472761508836033,-12.776714605967792,-5.420030979539656,0.9738888888888889,3,trajectory,-10.388436884665452,-7.783863314837096,0.034003678570177144,0.8948796314902415,0.6734188029673169
main,highspeed,tpatchgnn,3,"17,29,43",3,True,-9.014324713759677,-0.09524198329526803,3600,600,0.4232418318880136,-3.734114145543921,-3.425617826875481,-4.074757054703005,-2.7401066538850056,0.9777777777777777,3,trajectory,-4.149168452913044,-3.4819488721966674,0.270991538791762,0.6002790563134005,5.381141349690178
main,occlusion,cru,3,"17,29,43",3,True,0.023055683871903602,0.053877070546405136,3600,600,1.009732143945164,0.04206181867130074,0.03855549511581715,0.024859662218135122,0.05792247289134593,0.05416666666666667,3,channel_group,0.02346562630397257,0.07016018813042037,0.8804593281641051,0.003006619414227137,24.26445133284286
main,occlusion,harmonic,1,,1,True,5.497423590948925,5.497423590948925,3600,600,3.5460296212349527,5.497423590948925,-3.459753207728652,-4.789282233884404,7.0275246096826205,0.6847222222222222,3,channel_group,3.7253694891979916,6.419273920223389,2.2811346552300447,0.8251208763663535,3.829291934899229
main,occlusion,hold,1,,1,True,1.577071784473236,1.577071784473236,3600,600,1.4378288002611468,1.577071784473236,-6.898873212118641,-6.525721569514585,4.240669391909687,0.7752777777777777,3,channel_group,-0.06741936490673545,2.8270426633160635,0.6223894502305605,0.8407158906629127,2.101489635797958
main,occlusion,kalman,1,,1,True,6.8621924327132655,6.8621924327132655,3600,600,4.855335484026032,6.8621924327132655,-4.630608367390012,-5.97060247061391,5.036090726282934,0.7072222222222222,3,channel_group,3.9179577066214515,8.796718646561263,3.600256169478461,0.8368184254745978,3.10962210041316
main,occlusion,latent_ode,3,"17,29,43",3,True,0.0011215217238694387,0.00283073068400024,3600,600,1.0004055688612992,0.0017610061044533941,0.0006516749927598405,0.001168162916047206,0.005294059252136932,0.27055555555555555,3,channel_group,0.00047420798268424017,0.00304694500526528,0.9831041052330424,0.0056181651463805115,42.57132567582307
main,occlusion,linear,1,,1,True,7.4863291605394995,7.4863291605394995,3600,600,5.60573955066182,7.4863291605394995,-4.501182508067978,-5.611372122243742,5.330357314959679,0.6908333333333333,3,channel_group,3.9317258062406433,9.877298128918563,4.2942153898992705,0.8293039902253239,3.4073607557624848
main,occlusion,local_dynamics,3,"17,29,43",3,True,0.623149863235702,0.7993687762682211,3600,600,1.1706869625170766,0.6844078181346176,-7.037614974353742,-6.351411153344073,3.6235359495452073,0.7836111111111111,3,channel_group,-0.3018706123579196,1.4936522542559776,0.4779928515459215,0.8387823202577258,2.591760513704623
main,occlusion,neural_flow,3,"17,29,43",3,True,-0.0008824847899343565,0.003037458471574192,3600,600,1.000350403112394,0.0015215148253443394,0.002940138173871837,0.0002692057264489651,0.005441194336212977,0.4688888888888889,3,channel_group,0.00013186783179058251,0.0032506042891871684,0.9840585201150841,0.008150068706212748,43.793806818149704
main,occlusion,observed_state_flow,3,"17,29,43",3,True,-1.8439378074176258,-1.809040015371302,3600,600,0.6570395967274627,-1.8240845673847308,-4.0430694536382745,-2.9563727438254768,0.6113200481711976,0.8333333333333334,3,channel_group,-3.3729609872195736,-0.5124119000157688,0.4032045547966738,0.8343577233714825,10.855615092364422
main,occlusion,tpatchgnn,3,"17,29,43",3,True,-0.019851281417075334,0.0064548039072048445,3600,600,0.9989215103730008,-0.004686348481554391,-0.02516748888422637,-0.01796339119866584,0.019897434699642114,0.7552777777777778,3,channel_group,-0.016677459151225416,0.004269593041254127,0.9430050259249078,0.020125559944491955,32.95215880389567
main,sweep_turn,cru,3,"17,29,43",3,True,-0.4894187300484845,-0.3820457971252559,3600,600,0.9029005671803046,-0.44360074163369845,0.8071196854552555,-0.6295336077801925,2.412144157909463,0.5394444444444444,3,trajectory,-5.7743640861710075,1.5223340378641614,0.1827135278884735,0.3557889333838218,1.8578215588312514
main,sweep_turn,harmonic,1,,1,True,-4.7779482731490495,-4.7779482731490495,3600,600,0.3328167479657613,-4.7779482731490495,-3.235855991191869,-14.671596874440688,-3.6270397326592234,0.9575,3,trajectory,-7.631693905963125,-2.3326178000145017,0.167404008366195,0.9049037625130344,0.7715328441558005
main,sweep_turn,hold,1,,1,True,-10.505404956935138,-10.505404956935138,3600,600,0.08901424330048532,-10.505404956935138,-8.59900201651448,-14.958570876749365,-6.653935801094478,0.9936111111111111,3,trajectory,-14.689723440731692,-9.201733253821558,0.01509797356455031,0.9224621091353523,0.18413527731740942
main,sweep_turn,kalman,1,,1,True,-10.777725411462317,-10.777725411462317,3600,600,0.08360407743945564,-10.777725411462317,-8.009907331620528,-17.00180547774043,-8.264131767951724,0.9927777777777778,3,trajectory,-17.2347019738842,-8.336440711616683,0.033156632578121445,0.9543887761685383,0.42356657204860715
main,sweep_turn,latent_ode,3,"17,29,43",3,True,-1.0167783164026398,-0.9259877950133076,3600,600,0.7998367960502704,-0.9699862026501318,-0.1648283390444977,-0.3177420913992854,0.9355760732811862,0.5302777777777777,3,trajectory,-4.414913059025017,0.11144076804585054,0.2682876667818399,0.2964499964254766,4.496247119492375
main,sweep_turn,linear,1,,1,True,-10.468778177053874,-10.468778177053874,3600,600,0.0897681308266328,-10.468778177053874,-7.701918181046126,-16.79996887484885,-8.071303515836732,0.9925,3,trajectory,-17.06318915468014,-8.070577362834323,0.0360398221427759,0.9528405203894686,0.477496827618998
main,sweep_turn,local_dynamics,3,"17,29,43",3,True,-10.860554916920833,-10.610071489572109,3600,600,0.0838936724248213,-10.762707940534778,-8.758256917365767,-15.195780424441823,-7.094346501548867,0.9936111111111111,3,trajectory,-15.113331398181218,-9.307955025711829,0.015032767663854349,0.927893447329664,0.1647418304554034
main,sweep_turn,neural_flow,3,"17,29,43",3,True,-0.20826390539395928,-0.06301405330403526,3600,600,0.9725999531398217,-0.12065755692288611,0.11596240728241106,-0.0035894941452009567,0.4165929310260349,0.5066666666666667,3,trajectory,-0.7721807278364139,0.2930246166520822,0.5160016397862799,0.07884608035094356,9.442835479886442
main,sweep_turn,observed_state_flow,3,"17,29,43",3,True,-11.383435006117663,-11.13712136968285,3600,600,0.07422433348927467,-11.294536935396614,-9.195521787366745,-15.331958211337279,-8.051201752188867,0.9938888888888889,3,trajectory,-15.578824623390275,-9.593596956146833,0.018020196115449888,0.9356956423255097,0.31740104772858335
main,sweep_turn,tpatchgnn,3,"17,29,43",3,True,-9.85651118549383,0.16732285580850662,3600,600,0.4470634264113485,-3.496308576592064,-3.195612480026763,-3.772157246944984,-2.7661086263695913,0.9933333333333333,3,trajectory,-3.816597566029318,-3.312074864545213,0.2615511363257085,0.5770409028728806,4.6786082769034145
main,uturn,cru,3,"17,29,43",3,True,-0.6181436721663961,-0.48052427946981,3600,600,0.884236497686555,-0.5343156315018388,-0.7627210550601962,0.13961189200326357,1.5070068528424359,0.42583333333333334,3,trajectory,-4.814930189792905,1.4008839143490528,0.23206193975172937,0.27911295030201133,3.394950037290788
main,uturn,harmonic,1,,1,True,-2.302323468795747,-2.302323468795747,3600,600,0.5885287091613969,-2.302323468795747,-1.0237444023210454,-12.050026227069928,-2.9441907664096774,0.9411111111111111,3,trajectory,-8.077264594521552,-0.8984740829620901,0.37303036250584837,0.8825035275966446,0.9632403279097819
main,uturn,hold,1,,1,True,-9.069707569982244,-9.069707569982244,3600,600,0.12388800030874536,-9.069707569982244,-9.0278334319971,-13.40538527812646,-4.706495749631317,0.9925,3,trajectory,-10.082596377277914,-8.009012969017727,0.03309028762822836,0.8958454551382198,0.28853059465281555
main,uturn,kalman,1,,1,True,-8.568505020565881,-8.568505020565881,3600,600,0.13904311793814686,-8.568505020565881,-7.868201830827198,-14.090160986684646,-5.320111816039693,0.9780555555555556,3,trajectory,-9.246398745468822,-7.8967880103317025,0.07045521888500134,0.9243354618906354,0.629733993022527
main,uturn,latent_ode,3,"17,29,43",3,True,-1.5031237930085806,-1.4402360464279438,3600,600,0.7132243428786319,-1.4677384244922553,-1.5263205534343234,-0.21653856643690705,0.35051285677343896,0.5561111111111111,3,trajectory,-6.7876781091778255,0.29490457350068017,0.29932007836402147,0.33506677881777597,5.269751880572963
main,uturn,linear,1,,1,True,-8.195347714738956,-8.195347714738956,3600,600,0.15151834867711134,-8.195347714738956,-7.329919605800285,-13.614978446262452,-5.379467527263717,0.9755555555555555,3,trajectory,-8.875430555347656,-7.192948807169141,0.0783873283965916,0.9229916716918038,0.6870268296397449
main,uturn,local_dynamics,3,"17,29,43",3,True,-9.606554575441136,-9.587522929387427,3600,600,0.10965936413467375,-9.599542767235853,-9.489308567716673,-13.750164863275625,-5.382993936333667,0.9925,3,trajectory,-10.384438886821886,-8.500791141819013,0.03253911673560899,0.9098381113064372,0.294281974890072
main,uturn,neural_flow,3,"17,29,43",3,True,-0.4755362266693066,0.1818549337321518,3600,600,0.9921273010969162,-0.034325994014052875,-0.06521272805496234,0.26342240503413294,0.45725230642931103,0.3958333333333333,3,trajectory,-0.7767658694881556,0.4239800747348217,0.5499631247841926,0.07121462803110265,9.778987732452373
main,uturn,observed_state_flow,3,"17,29,43",3,True,-9.8242164620202,-9.809920439766884,3600,600,0.10432240343475344,-9.816224159907291,-9.844094619942672,-13.614857661422384,-5.476660887692357,0.9936111111111111,3,trajectory,-10.80212222051233,-8.356545439052635,0.03721538195193206,0.91068113036167,0.5333348048685352
main,uturn,tpatchgnn,3,"17,29,43",3,True,-9.697835550044486,0.11061329777881054,3600,600,0.42081268862799603,-3.7591117351676724,-3.743280922065436,-4.056448864069591,-2.8797952035334453,0.9933333333333333,3,trajectory,-4.155142724972128,-3.430351448412506,0.2441146664461983,0.6040497352377642,4.419385298958984
offgrid,climb_descent,cru,3,"17,29,43",3,True,-1.8045799998161252,-1.4090225180394722,288,72,0.6975941897533765,-1.563971452895883,-2.271532774632867,-4.4880333734,2.245101397272639,0.6458333333333334,3,trajectory,-7.458982176025385,1.4788272632370068,0.15523747059611465,0.4830641293572392,2.0516986422137253
offgrid,climb_descent,harmonic,1,,1,True,-5.221877144393549,-5.221877144393549,288,72,0.30047772716271637,-5.221877144393549,-3.372156888313908,-11.103546987544117,-4.431605639380048,0.9791666666666666,3,trajectory,-9.653470094182367,-1.9527679467867498,0.13443409180530982,0.8825793594846295,0.7076103048113711
offgrid,climb_descent,hold,1,,1,True,-10.023935292464433,-10.023935292464433,288,72,0.0994503854615484,-10.023935292464433,-8.972779224105816,-11.80925494364988,-6.024765162936646,1.0,3,trajectory,-13.128368240309907,-8.433288094259808,0.018267996025012154,0.9107503806137376,0.27039683300123823
offgrid,climb_descent,kalman,1,,1,True,-9.291076787331082,-9.291076787331082,288,72,0.1177314034741559,-9.291076787331084,-8.327143302643462,-13.984326914894663,-4.652787943658019,0.9965277777777778,3,trajectory,-11.702232680487565,-8.143297972738207,0.06733200705093617,0.9294074848294258,0.8099076905988719
offgrid,climb_descent,latent_ode,3,"17,29,43",3,True,-1.9749070364220342,-1.9259336754023513,288,72,0.6372102078490166,-1.957172755937707,-2.374621107054285,-3.1892396631687476,0.8482457354555716,0.6145833333333334,3,trajectory,-5.881126294746695,0.5826858337119903,0.258796930317422,0.4315401048245412,4.540907517972368
offgrid,climb_descent,linear,1,,1,True,-11.103160466495961,-11.103160466495961,288,72,0.07756824282296287,-11.103160466495961,-10.0153012665963,-14.771366697148292,-6.622676313216253,1.0,3,trajectory,-12.523917733267824,-9.649999408664055,0.044594847479149546,0.9554441900302967,0.7224203540515899
offgrid,climb_descent,local_dynamics,3,"17,29,43",3,True,-11.139361660609236,-11.039463389214818,288,72,0.07757673448476347,-11.102685055441103,-9.984986325359294,-13.61283826046731,-7.029473111175147,1.0,3,trajectory,-14.441463496141285,-9.378117860920522,0.018617673044765793,0.9325007893559005,0.30073108130892684
offgrid,climb_descent,neural_flow,3,"17,29,43",3,True,-1.0869189048691232,-0.5283072728797418,288,72,0.8359714916355355,-0.7780853265246919,-0.9352355143668185,-0.5136780515562063,0.750471879745579,0.5520833333333334,3,trajectory,-2.1480875713357515,0.5118252884068485,0.4200309228531464,0.23598315897648459,7.177949217872487
offgrid,climb_descent,observed_state_flow,3,"17,29,43",3,True,-11.84098002478862,-11.824882960357732,288,72,0.06558172793484113,-11.832171448078494,-10.89561723050778,-13.439781906648625,-8.157691961582865,1.0,3,trajectory,-13.875260894724878,-10.370381341772944,0.027260150362828243,0.9458209771524976,0.8051635619782178
offgrid,climb_descent,tpatchgnn,3,"17,29,43",3,True,-11.932769248202215,-0.07190860001683773,288,72,0.3862282903945824,-4.13155918251414,-4.121740997803428,-4.149485737619655,-3.4627721196861683,1.0,3,trajectory,-4.492289183754975,-3.7603884154079292,0.2514588270000617,0.6425055919133195,4.80855059053876
offgrid,cruise,cru,3,"17,29,43",3,True,-4.996138931669332,-4.731300059308754,288,72,0.32843041983303717,-4.835566245313171,-4.350994705027094,-5.049714193573554,-2.0208789610661246,1.0,3,trajectory,-5.93909833896821,-4.007105708055425,0.10736800122389531,0.6850333496781619,1.522593113946102
offgrid,cruise,harmonic,1,,1,True,-6.291575577818763,-6.291575577818763,288,72,0.2348780551694492,-6.291575577818763,-5.936679330721607,-13.246044826740501,-4.8758071567328285,0.9756944444444444,3,trajectory,-9.402517291201228,-3.7801618356563793,0.11342543298289656,0.9046673600613657,0.741185414384947
offgrid,cruise,hold,1,,1,True,-10.442450890269324,-10.442450890269324,288,72,0.0903139653547542,-10.442450890269324,-9.792878508428903,-11.792368090445411,-6.783815717736219,1.0,3,trajectory,-11.9966026089085,-9.309323239406877,0.009578258873590182,0.9128000237461593,0.15582322724973585
offgrid,cruise,kalman,1,,1,True,-12.876446607136675,-12.876446607136675,288,72,0.05156503766213261,-12.876446607136675,-11.861917835441842,-16.025588319643305,-9.065365423177228,1.0,3,trajectory,-14.802972785266476,-11.600078970190562,0.029722262516669467,0.9653642763280206,0.6328536080529577
offgrid,cruise,latent_ode,3,"17,29,43",3,True,-4.459067558568683,-3.902725617780318,288,72,0.38201054058218786,-4.179246537021013,-3.806504747953377,-4.145599196060092,-1.445320921555056,0.9965277777777778,3,trajectory,-5.092043083772976,-3.5044593046855015,0.12329949041681913,0.6274336429390436,2.1350198261444113
offgrid,cruise,linear,1,,1,True,-12.37752442515199,-12.37752442515199,288,72,0.057842566890839255,-12.37752442515199,-11.376924998679831,-15.528958222303292,-8.488762393214872,1.0,3,trajectory,-13.995305885384239,-11.290904369358344,0.033958484111887274,0.9629457679887613,0.7079535395282114
offgrid,cruise,local_dynamics,3,"17,29,43",3,True,-12.18506497588339,-12.055223520311515,288,72,0.06108017418266706,-12.140997331338992,-11.3561287619423,-13.961268232352086,-8.46222341030214,1.0,3,trajectory,-13.957290048944635,-10.994162740414062,0.01090566278253386,0.9422180057261829,0.13257157881229495
offgrid,cruise,neural_flow,3,"17,29,43",3,True,-1.398692859547811,-0.9170330419198885,288,72,0.7779222434835025,-1.0906381035436883,-0.6983981560393446,-0.6976315456815638,0.21675597666175717,0.8472222222222222,3,trajectory,-1.6161157844187155,-0.7066677970983948,0.3961805194029929,0.257702845224584,7.274871432946788
offgrid,cruise,observed_state_flow,3,"17,29,43",3,True,-12.81410013777408,-12.78581511113548,288,72,0.05251108123076371,-12.797490392692193,-12.121614355852671,-14.150453513499606,-9.345730344687889,1.0,3,trajectory,-14.1297785663924,-11.928002129830027,0.020199080561159988,0.953355122771528,0.7582276747012251
offgrid,cruise,tpatchgnn,3,"17,29,43",3,True,-12.752805295282792,-0.11743833348767949,288,72,0.3696202969079389,-4.322441884446548,-4.2316890331196975,-4.427991439678689,-3.790006420619233,1.0,3,trajectory,-4.480698634946215,-4.175874779171927,0.2938046935246179,0.6421838515363425,7.149127699623394
offgrid,highspeed,cru,3,"17,29,43",3,True,-2.3248743583467233,-2.1215122155286847,288,72,0.6041809415306757,-2.188329783652965,-1.7793886758039603,-2.924927094123678,0.8407091360509947,0.7604166666666666,3,trajectory,-6.126183337383657,-0.1909259917154449,0.1858005454263615,0.49036790264217167,2.663413261369661
offgrid,highspeed,harmonic,1,,1,True,-0.0876227117587306,-0.0876227117587306,288,72,0.9800262960334294,-0.0876227117587306,3.60950860349904,-8.185700770893416,1.0552305371009423,0.875,3,trajectory,-4.903011890685759,2.9974285669834337,0.6023142710119929,0.808788065537783,1.682960625395127
offgrid,highspeed,hold,1,,1,True,-6.102374074125301,-6.102374074125301,288,72,0.24533674138683637,-6.102374074125301,-4.6720628571265115,-9.482517120780763,-2.054196089513554,0.9583333333333334,3,trajectory,-6.614607724157729,-5.417534219179543,0.028757019753053663,0.8033100579330797,0.650422465236463
offgrid,highspeed,kalman,1,,1,True,-4.299152623597109,-4.299152623597109,288,72,0.37160772849913176,-4.299152623597109,-2.3288439288256195,-10.417544179142954,-0.10771558827497404,0.9097222222222222,3,trajectory,-6.058452656730513,-2.946400788903939,0.17514522443943606,0.8545542831642605,1.422281263890707
offgrid,highspeed,latent_ode,3,"17,29,43",3,True,-2.0779795478082623,-1.9401853954462445,288,72,0.6291974619444873,-2.0121303790146383,-1.6975333852733157,-2.2490277157820064,0.4782328960106959,0.7951388888888888,3,trajectory,-5.0475859896656585,-0.43714172676500823,0.23593766224372237,0.42518063766945696,4.046247505067522
offgrid,highspeed,linear,1,,1,True,-3.647318324852074,-3.647318324852074,288,72,0.43178561287120626,-3.647318324852074,-1.6711937144117164,-10.427116520432504,0.6136734702291703,0.8819444444444444,3,trajectory,-5.5033333298796006,-2.2062255811380966,0.2047542063915494,0.8431207959855619,1.5575515049720505
offgrid,highspeed,local_dynamics,3,"17,29,43",3,True,-6.518843257285161,-6.4869074920770675,288,72,0.2235718423310876,-6.505828943914743,-4.9358067713810385,-9.345826352645217,-2.383516586133447,0.9583333333333334,3,trajectory,-7.2842684966155,-5.817383448321851,0.0365918712721656,0.8255161258243368,0.6020192351050153
offgrid,highspeed,neural_flow,3,"17,29,43",3,True,-0.6073802770979687,-0.10828987179772878,288,72,0.9051365630304511,-0.43285891406704413,-0.5028620856145681,-0.1336215150761349,0.33233630395778363,0.5868055555555556,3,trajectory,-1.6729287201839946,0.19085066580712468,0.5603728183778003,0.13156118018185506,10.47781026408861
offgrid,highspeed,observed_state_flow,3,"17,29,43",3,True,-7.263062980741262,-7.25466385225674,288,72,0.18795089040250548,-7.259556125094727,-5.824684738814913,-9.474711659740766,-3.7048711196679127,0.9791666666666666,3,trajectory,-8.110970800204267,-6.568256397885709,0.04782288509911971,0.838639986320265,1.1456332680415169
offgrid,highspeed,tpatchgnn,3,"17,29,43",3,True,-7.908069995167991,-0.09235826051955026,288,72,0.4535382308477657,-3.4338609835821323,-3.0329101964305414,-3.8275962680651183,-2.0881177998684706,0.9861111111111112,3,trajectory,-3.8864844547576842,-3.210915847915044,0.2806204247956177,0.5718433790075371,5.6639729398415914
offgrid,occlusion,cru,3,"17,29,43",3,True,0.03265179858132742,0.0721968094809862,864,216,1.0133836270298486,0.05773883230721407,0.03998904007123838,0.02477549771010193,0.11372841664476956,0.07291666666666667,3,channel_group,0.03016827099592137,0.10365725764749445,0.873544026384659,0.0032317860019595683,24.644262746712304
offgrid,occlusion,harmonic,1,,1,True,8.111303945298378,8.111303945298378,864,216,6.473369459318982,8.111303945298378,-1.6950343489096324,-1.5732685930182593,10.554643843941623,0.5972222222222222,3,channel_group,5.863025860637138,8.997462755258377,4.555946229485723,0.8158254267586421,5.7349162415363635
offgrid,occlusion,hold,1,,1,True,3.1414382878061557,3.1414382878061557,864,216,2.0613124615924283,3.1414382878061557,-4.405466303855088,-4.368280867316853,6.653144405217026,0.6909722222222222,3,channel_group,2.784822702761854,3.6149625122551408,0.9260023339777237,0.8239111578171745,3.64969355315447
offgrid,occlusion,kalman,1,,1,True,8.81196641143528,8.81196641143528,864,216,7.606706176767249,8.81196641143528,-2.5252890560585612,-2.4889907621156246,9.573301263335985,0.6087962962962963,3,channel_group,5.891009831248133,10.106469469342716,5.739952360185338,0.8304529060152601,4.332097096845785
offgrid,occlusion,latent_ode,3,"17,29,43",3,True,0.001252766076261613,0.0025749772174907433,864,216,1.0003985046282595,0.0017303388595326249,0.0007115494710767725,0.0010503255708353917,0.0056810139132873,0.26967592592592593,3,channel_group,0.000390204454216983,0.0027404241974284035,0.9826321118499761,0.005714202807732864,43.71247274787338
offgrid,occlusion,linear,1,,1,True,9.355849606966348,9.355849606966348,864,216,8.62154224779375,9.355849606966348,-2.4011748519183813,-2.026178226202584,10.764891435616994,0.5972222222222222,3,channel_group,6.076626000099717,10.645783219447953,6.6083300370026805,0.8204830364082698,4.911769937235308
offgrid,occlusion,local_dynamics,3,"17,29,43",3,True,2.3143285929229624,2.4665981899208353,864,216,1.7283671882467413,2.3763601296281935,-4.5115134789924545,-4.4978116420209195,5.974740764941485,0.6875,3,channel_group,1.9373815816185012,2.88906206704935,0.7559783087738842,0.8260627974382203,4.750504884642766
offgrid,occlusion,neural_flow,3,"17,29,43",3,True,-0.0008225616921761136,0.0028861507601402915,864,216,1.0003150867091284,0.0013681886532426824,0.0027042823617789025,8.663082525552372e-05,0.005629722989389254,0.49189814814814814,3,channel_group,0.0004869671573246569,0.002544792022121625,0.9839756977916868,0.008707708096775317,45.0285982909026
offgrid,occlusion,observed_state_flow,3,"17,29,43",3,True,-0.8933115748259984,-0.7938365633430776,864,216,0.8256751184173347,-0.8319080259903584,-1.6003830986206526,-0.4501294410486467,0.5146356378829029,0.7893518518518519,3,channel_group,-1.255713945272827,-0.31021946336365136,0.6546495644155428,0.8134055346317725,18.771282786116817
offgrid,occlusion,tpatchgnn,3,"17,29,43",3,True,-0.01695401768296002,0.009168975583656676,864,216,0.9993995248029629,-0.0026086139283170657,-0.023072435390215692,-0.014960519320243709,0.03682962322737736,0.7303240740740741,3,channel_group,-0.009342968071697077,0.0007894245158172259,0.9464731304043973,0.02396113705227981,35.13154865267836
offgrid,sweep_turn,cru,3,"17,29,43",3,True,-0.5793973406082545,-0.47340153284817826,288,72,0.8843381188602911,-0.5338165458015942,0.6927813144164047,-0.7334195022634991,2.3174586766179313,0.5451388888888888,3,trajectory,-5.802022737938311,1.3688007231429467,0.18365540402441247,0.35761377061654936,1.9117770757096102
offgrid,sweep_turn,harmonic,1,,1,True,-5.999978550426449,-5.999978550426449,288,72,0.2511898837613747,-5.999978550426449,-4.267287840798646,-12.14759669768546,-3.8471326233505287,0.9618055555555556,3,trajectory,-7.547025418125996,-5.029070816477301,0.08967281743990593,0.887688442232704,0.9143431676479344
offgrid,sweep_turn,hold,1,,1,True,-8.4807594057731,-8.4807594057731,288,72,0.14188094074931235,-8.480759405773101,-6.096846471896761,-11.901552969190474,-5.0122818079943805,0.9791666666666666,3,trajectory,-12.948616153758461,-6.624310274033066,0.014944870358426118,0.882195234991539,0.2910860171929623
offgrid,sweep_turn,kalman,1,,1,True,-8.384093821188682,-8.384093821188682,288,72,0.14507434481553594,-8.384093821188682,-5.050348897509566,-14.142957709360235,-6.090645452506614,0.9791666666666666,3,trajectory,-15.520421950146488,-5.224729865158393,0.05121099921896324,0.9313414246896881,0.7013985359931717
offgrid,sweep_turn,latent_ode,3,"17,29,43",3,True,-0.9944202688944139,-0.9495884222423479,288,72,0.7999523587490397,-0.969358766936793,-0.16148582349468055,-0.3815041476648315,0.9114349030754203,0.5347222222222222,3,trajectory,-4.5032682273667355,0.09903042037331483,0.25957322619958884,0.29767651667997774,4.280776150851764
offgrid,sweep_turn,linear,1,,1,True,-8.05231298584289,-8.05231298584289,288,72,0.15659168646652685,-8.05231298584289,-4.704743131605294,-14.101150112195691,-5.431882184270739,0.9791666666666666,3,trajectory,-15.93751739444339,-4.914892475751874,0.05581115405422876,0.9291158845740028,0.767456416161925
offgrid,sweep_turn,local_dynamics,3,"17,29,43",3,True,-8.837280392755495,-8.59461233384745,288,72,0.13355881963186925,-8.743274278149643,-6.2422089302396975,-12.1231354633318,-5.5428556354940675,0.9791666666666666,3,trajectory,-13.41944037124128,-6.710451805271161,0.015095801915764297,0.89134326039923,0.2578263360489317
offgrid,sweep_turn,neural_flow,3,"17,29,43",3,True,-0.2611355656091174,-0.055473298839283654,288,72,0.9666375560617004,-0.14736335543603685,0.07607438651277536,-0.009363043561446963,0.41136172078480976,0.5347222222222222,3,trajectory,-0.7909404686253398,0.24797219861242917,0.5196347228009943,0.08197242679972984,9.528427246406121
offgrid,sweep_turn,observed_state_flow,3,"17,29,43",3,True,-9.451843744190846,-9.194636739044721,288,72,0.11585295067591145,-9.360929006228428,-6.730054022717492,-12.803567115649107,-6.667854687920199,0.9791666666666666,3,trajectory,-14.171492261464298,-7.040524541230009,0.019962700712013653,0.9053727745595432,0.5147735211480469
offgrid,sweep_turn,tpatchgnn,3,"17,29,43",3,True,-7.852315722814099,0.1608082999106017,288,72,0.4839289465173217,-3.152183995141181,-2.574851197057666,-3.6196899796494577,-2.256479469738067,0.9791666666666666,3,trajectory,-3.72856139100868,-2.7936591916717504,0.26344625841388564,0.5478433888566053,4.826884288700293
offgrid,uturn,cru,3,"17,29,43",3,True,-0.5769670783157814,-0.4209019826909394,288,72,0.8947902318021212,-0.4827876563217225,-0.7019530708844315,0.12362391918658518,1.5065312794942909,0.4201388888888889,3,trajectory,-4.4376345925190295,1.4235984563137485,0.23138299174994847,0.27262548544116494,3.3587499049630156
offgrid,uturn,harmonic,1,,1,True,-3.4209103168133232,-3.4209103168133232,288,72,0.45489270091957223,-3.4209103168133232,-2.3289946696926607,-9.906691777406675,-2.963921625450915,0.9583333333333334,3,trajectory,-7.973056541810889,-0.5577260000160151,0.2871564497221344,0.8824263475188572,1.1754252024762133
offgrid,uturn,hold,1,,1,True,-7.397571449958752,-7.397571449958752,288,72,0.18207187095418298,-7.39757144995875,-6.905186510858945,-9.742112532398538,-3.804916286713504,0.9895833333333334,3,trajectory,-7.606473789701926,-7.102824001427072,0.03574618363162088,0.8446881544659846,0.4034467046496704
offgrid,uturn,kalman,1,,1,True,-6.480326895068613,-6.480326895068613,288,72,0.22488853250317536,-6.480326895068613,-5.521463593618608,-10.072175675043653,-3.430553809061276,0.9652777777777778,3,trajectory,-7.448370936104006,-5.352344699511065,0.11680377454121699,0.8842685510300927,1.0226131186112373
offgrid,uturn,latent_ode,3,"17,29,43",3,True,-1.4422093222671895,-1.3928703998372625,288,72,0.7221307479862674,-1.4138416255763437,-1.4561593050578117,-0.22128000963945238,0.3567302403642435,0.5520833333333334,3,trajectory,-6.107813196352603,0.2991107720618557,0.2934613492301044,0.3263939893875881,5.1246563912265835
offgrid,uturn,linear,1,,1,True,-5.974502492836525,-5.974502492836525,288,72,0.2526677137704812,-5.974502492836525,-5.007441107568592,-9.780547540942209,-2.985190328597787,0.9548611111111112,3,trajectory,-6.937883992516156,-4.850320959444887,0.13202700051088967,0.8789117415823663,1.109318736818548
offgrid,uturn,local_dynamics,3,"17,29,43",3,True,-7.9426619820841635,-7.909693335958985,288,72,0.16115696363208876,-7.927509237746715,-7.292644499159737,-10.049238580921845,-4.400193454587758,0.9895833333333334,3,trajectory,-8.11855520543394,-7.70530736215484,0.036305789396785075,0.8670178202489667,0.4158783803577366
offgrid,uturn,neural_flow,3,"17,29,43",3,True,-0.4152575933586552,0.18147934124648432,288,72,0.9963805072906394,-0.015747773809348845,-0.035262440168191064,0.24821850383885907,0.4380683315450907,0.3958333333333333,3,trajectory,-0.6886079816646438,0.4187059030311168,0.5488211333372252,0.06701341004256248,9.720482780701584
offgrid,uturn,observed_state_flow,3,"17,29,43",3,True,-8.141767939627828,-8.118679305782694,288,72,0.15392139817703096,-8.12701000284099,-7.724187371158239,-9.966432439238506,-4.647222330723054,0.9895833333333334,3,trajectory,-8.82369312271576,-7.436946956904041,0.04799308889914751,0.866602783393184,0.8078380151280188
offgrid,uturn,tpatchgnn,3,"17,29,43",3,True,-8.490755377009808,0.11022107499079584,288,72,0.4450325207726564,-3.5160825176949926,-3.429474698114306,-3.7615167148942543,-2.5385186491900074,0.9895833333333334,3,trajectory,-3.782200319310979,-3.2846318912950556,0.2478291224898486,0.5830230661443938,4.518185130756508
pattern_bursty_n16,climb_descent,cru,1,17,1,True,-1.536341671726481,-1.536341671726481,1200,200,0.7020464260938267,-1.536341671726481,-2.4542028053239187,-6.0240890610264275,2.5943735250651394,0.605,3,trajectory,-8.176824380104584,1.7144454362795882,0.15007572142096856,0.49707174704517154,1.9576822259277105
pattern_bursty_n16,climb_descent,harmonic,1,,1,True,-9.335464888492655,-9.335464888492655,1200,200,0.1165342300640016,-9.335464888492655,-7.987476077116231,-13.417618351549333,-5.002269583929233,0.9941666666666666,3,trajectory,-13.933135797907362,-7.234929313895671,0.021075818261833728,0.9024630546445648,0.32019290885133767
pattern_bursty_n16,climb_descent,hold,1,,1,True,-11.744502946385808,-11.744502946385808,1200,200,0.06691904050566028,-11.744502946385808,-10.571179890445153,-15.23770117907289,-8.054780171927291,1.0,3,trajectory,-15.846767336733507,-9.848986403769738,0.0149624142756268,0.9388331426680088,0.1764024285940983
pattern_bursty_n16,climb_descent,kalman,1,,1,True,-11.095640218842375,-11.095640218842375,1200,200,0.07770267643000499,-11.095640218842375,-10.001405655734821,-15.83352171611767,-7.08007529306027,0.9983333333333333,3,trajectory,-14.461302744609599,-9.438067970146985,0.04215133817066084,0.9498606615016858,0.4619926488121685
pattern_bursty_n16,climb_descent,latent_ode,1,17,1,True,-2.117894734087392,-2.117894734087392,1200,200,0.6140596017303566,-2.117894734087392,-2.6163770400612743,-3.566058548217314,0.778437617452655,0.645,3,trajectory,-6.360423726542692,0.5279476882891397,0.2735623296846946,0.4475044135158184,4.806346293376992
pattern_bursty_n16,climb_descent,linear,1,,1,True,-12.049827118689825,-12.049827118689825,1200,200,0.062375966523419826,-12.049827118689825,-10.774300009877338,-16.07812785244003,-8.993637083326025,1.0,3,trajectory,-15.185641320410056,-10.124375092753183,0.03259046091954583,0.9606984799603621,0.45871232572042575
pattern_bursty_n16,climb_descent,local_dynamics,1,17,1,True,-12.422695491243497,-12.422695491243497,1200,200,0.05724406298213575,-12.422695491243497,-11.23759012376321,-15.52434343966912,-8.657051244848327,1.0,3,trajectory,-16.846142960864693,-10.50757278580965,0.016736374175670744,0.9489544883867105,0.189108458567595
pattern_bursty_n16,climb_descent,neural_flow,1,17,1,True,-1.1780396124123824,-1.1780396124123824,1200,200,0.7624230870356162,-1.1780396124123824,-1.5022097889935517,-0.6249398229620858,0.6295005259481086,0.5675,3,trajectory,-2.4838383208418113,0.41313612296415286,0.36360550673678516,0.2900984330725775,6.3148788006107015
pattern_bursty_n16,climb_descent,observed_state_flow,1,17,1,True,-12.927492278874206,-12.927492278874206,1200,200,0.05096250559179069,-12.927492278874206,-11.887900597369242,-15.376085169817022,-9.106116665807066,1.0,3,trajectory,-16.46338839049642,-11.25543480784241,0.021697523410760623,0.9546196679274241,0.4580953123053526
pattern_bursty_n16,climb_descent,tpatchgnn,1,17,1,True,-0.08152001524202672,-0.08152001524202672,1200,200,0.9814043948551019,-0.08152001524202672,-0.1558596504457082,-0.1576069478081751,0.46773754742316875,0.5641666666666667,3,trajectory,-0.4272367069592547,0.36194901404167856,0.664133217483759,0.061391896501918335,11.760914940834045
pattern_bursty_n16,cruise,cru,1,17,1,True,-5.216143344986516,-5.216143344986516,1200,200,0.3008746967092156,-5.216143344986516,-4.541352732864975,-5.669753929332158,-2.380483028507578,0.9966666666666667,3,trajectory,-6.227036397643363,-4.64798369012012,0.10833577475665754,0.7107791238029798,1.3799574308081841
pattern_bursty_n16,cruise,harmonic,1,,1,True,-11.504762842341638,-11.504762842341638,1200,200,0.0707169816451399,-11.504762842341638,-10.430748096913414,-17.200751392141253,-6.887711335116321,1.0,3,trajectory,-13.917972893883295,-10.108678214825632,0.022544381824239536,0.943236160253485,0.3508434983542429
pattern_bursty_n16,cruise,hold,1,,1,True,-12.253963484960265,-12.253963484960265,1200,200,0.059511877467108766,-12.253963484960265,-11.507195998048482,-17.667301911615283,-7.124183109396147,1.0,3,trajectory,-13.955206376672177,-11.216855692496203,0.009163825980979963,0.9431185891727606,0.09464888466909613
pattern_bursty_n16,cruise,kalman,1,,1,True,-13.697840204916176,-13.697840204916176,1200,200,0.042679171433167795,-13.697840204916176,-12.458102613812683,-19.021075653967397,-9.441971830306997,1.0,3,trajectory,-16.314385000586075,-12.787531058827726,0.023207731980461735,0.9695043981571992,0.38781260270816953
pattern_bursty_n16,cruise,latent_ode,1,17,1,True,-4.195702540320162,-4.195702540320162,1200,200,0.38056579005904495,-4.195702540320162,-3.896542978738343,-4.2127990003959335,-1.084033636883104,0.995,3,trajectory,-4.515597081248134,-3.936661400839459,0.15496420825753976,0.6293518436451753,2.726308461568163
pattern_bursty_n16,cruise,linear,1,,1,True,-13.342101227914876,-13.342101227914876,1200,200,0.04632227464836125,-13.342101227914876,-12.113725308606504,-18.544656203005253,-9.223223275315904,1.0,3,trajectory,-15.817025389114672,-12.438149281356587,0.02628064981601099,0.9682875515520573,0.45696295522745156
pattern_bursty_n16,cruise,local_dynamics,1,17,1,True,-13.448241707819351,-13.448241707819351,1200,200,0.045203892059471354,-13.448241707819351,-12.434679829556963,-18.547182226573526,-8.8957074362166,1.0,3,trajectory,-15.742714366418525,-12.480590452372978,0.011954055324676978,0.9580470969279608,0.09807220979824095
pattern_bursty_n16,cruise,neural_flow,1,17,1,True,-1.5454594351520523,-1.5454594351520523,1200,200,0.7005740660180648,-1.5454594351520523,-1.0987590761162545,-1.3134113580141613,0.08525996268261246,0.8316666666666667,3,trajectory,-2.0459898150033218,-1.071366831690914,0.3343141668351988,0.3227944664704713,5.989039506713549
pattern_bursty_n16,cruise,observed_state_flow,1,17,1,True,-13.877688331926592,-13.877688331926592,1200,200,0.04094785594901618,-13.877688331926592,-12.92877755938995,-18.400343905088192,-9.066499972049142,1.0,3,trajectory,-15.750106912945931,-13.167476231083263,0.016863319213055804,0.9621176357070605,0.43294063662169113
pattern_bursty_n16,cruise,tpatchgnn,1,17,1,True,-0.11848454165382742,-0.11848454165382742,1200,200,0.9730867204070092,-0.11848454165382742,-0.10179918934944339,-0.15061927713901935,0.030267839040823228,0.7816666666666666,3,trajectory,-0.14206730448907418,-0.08016159121945707,0.8279648192226887,0.04858621062008595,19.543387106259665
pattern_bursty_n16,highspeed,cru,1,17,1,True,-2.788404699718137,-2.788404699718137,1200,200,0.5262105245764057,-2.788404699718137,-2.2205478188002257,-4.1848845096654665,0.3985990151681007,0.8208333333333333,3,trajectory,-6.228015981987757,-0.8300367125442056,0.18237428004853426,0.5417184892533496,2.4149955076089826
pattern_bursty_n16,highspeed,harmonic,1,,1,True,-4.273087295449377,-4.273087295449377,1200,200,0.3738447365205866,-4.273087295449377,-2.4562916583127468,-10.988158207159268,-1.3118551686394655,0.9275,3,trajectory,-7.074729174398935,-2.2969422914201774,0.1308080177773414,0.8556800500735698,1.0509070140201462
pattern_bursty_n16,highspeed,hold,1,,1,True,-7.802952835347465,-7.802952835347465,1200,200,0.16584589121473373,-7.802952835347465,-6.146230200660061,-12.683563458408205,-3.63170269392975,0.9616666666666667,3,trajectory,-9.36830163736963,-6.5391813050588485,0.021906579663279094,0.8765461413043037,0.3649525730385479
pattern_bursty_n16,highspeed,kalman,1,,1,True,-5.320099003807756,-5.320099003807756,1200,200,0.2937582684685064,-5.320099003807756,-3.254612849814133,-13.720647020548572,-2.750972381769795,0.9425,3,trajectory,-8.965159237735257,-3.1029189153719243,0.1191112585610699,0.8978669351974774,0.8816542626223478
pattern_bursty_n16,highspeed,latent_ode,1,17,1,True,-2.243968068581399,-2.243968068581399,1200,200,0.5964900355848173,-2.243968068581399,-1.9248222001336814,-2.4969299599931034,0.09339363191356026,0.8633333333333333,3,trajectory,-5.188390106861403,-0.7090041387924773,0.25099175843410193,0.43804238809150625,4.490198025212933
pattern_bursty_n16,highspeed,linear,1,,1,True,-4.733739708466977,-4.733739708466977,1200,200,0.3362219240897563,-4.733739708466977,-2.6892374099578498,-13.405125494605896,-2.2164432434798083,0.9266666666666666,3,trajectory,-8.53395933566448,-2.4492222627881532,0.14266779279480335,0.8922574638360826,1.0106898448016242
pattern_bursty_n16,highspeed,local_dynamics,1,17,1,True,-8.052905830045873,-8.052905830045873,1200,200,0.15657031199795404,-8.052905830045873,-6.284020025443363,-13.278442196534971,-4.099050690470029,0.9666666666666667,3,trajectory,-9.731959165487057,-6.732827166248048,0.02701718183415319,0.886791336139729,0.33092934463706114
pattern_bursty_n16,highspeed,neural_flow,1,17,1,True,-0.12424535502198436,-0.12424535502198436,1200,200,0.9717967996497949,-0.12424535502198436,-0.1423670436047681,-0.014992599791188891,0.15543862139771103,0.5575,3,trajectory,-0.4971478753174339,0.07629409526896219,0.7036804823080699,0.054391438455958646,13.525828713575999
pattern_bursty_n16,highspeed,observed_state_flow,1,17,1,True,-8.74887635367377,-8.74887635367377,1200,200,0.13338664976380335,-8.74887635367377,-7.0785783356573395,-12.790909918667133,-5.059762266584539,0.9725,3,trajectory,-10.462044787080595,-7.458418384807967,0.03433494096208349,0.8921643459379993,0.6677902253563904
pattern_bursty_n16,highspeed,tpatchgnn,1,17,1,True,-0.10623084421553472,-0.10623084421553472,1200,200,0.9758361792067687,-0.10623084421553472,-0.12454681180248178,0.004711788837616195,0.17807673371712435,0.48583333333333334,3,trajectory,-0.49103209031953077,0.1275245473198282,0.6964949496090412,0.051359272852875365,13.289859238465628
pattern_bursty_n16,occlusion,cru,1,17,1,True,0.0495103782724747,0.0495103782724747,1200,200,1.0114654156565666,0.0495103782724747,0.039583079264013346,0.018728439895092062,0.07768494214913617,0.14,3,channel_group,0.016581866756055212,0.10975638482088956,0.8673592006911834,0.003031753671177313,23.66543234149615
pattern_bursty_n16,occlusion,harmonic,1,,1,True,6.276755492948299,6.276755492948299,1200,200,4.24302459599101,6.276755492948299,-4.501431389527905,-4.531098469961549,7.092724723620575,0.6916666666666667,3,channel_group,4.430375735672171,7.308647185497181,3.0316288456636054,0.8138613423602268,3.929172464941027
pattern_bursty_n16,occlusion,hold,1,,1,True,1.0082435645153218,1.0082435645153218,1200,200,1.2613173115432923,1.0082435645153218,-6.703047456482886,-6.094027942197097,4.29254122728801,0.75,3,channel_group,0.4904138097740734,1.4400073842441583,0.47331225513347214,0.827760904506237,2.1646058008242592
pattern_bursty_n16,occlusion,kalman,1,,1,True,7.375200038296633,7.375200038296633,1200,200,5.464117173100628,7.375200038296633,-4.329073640768758,-4.503456566186791,5.702883377901647,0.6691666666666667,3,channel_group,4.7223279450461275,9.404386429468943,4.071304061930714,0.799417717923352,3.385714318364089
pattern_bursty_n16,occlusion,latent_ode,1,17,1,True,0.002723308486988325,0.002723308486988325,1200,200,1.000627261598905,0.002723308486988325,0.0014703554043798447,0.0018835722547141656,0.007875546223401978,0.25666666666666665,3,channel_group,0.0024572120684848687,0.0030140377238552537,0.9824837577839692,0.004966203949534389,42.38983857472738
pattern_bursty_n16,occlusion,linear,1,,1,True,8.256082699705868,8.256082699705868,1200,200,6.692806514648061,8.256082699705868,-3.9311516063927217,-4.08068089462967,6.910839423448177,0.6466666666666666,3,channel_group,5.221434600808826,10.589853142026618,5.135024600974769,0.7961209723904782,3.527405415107011
pattern_bursty_n16,occlusion,local_dynamics,1,17,1,True,0.48443698199359253,0.48443698199359253,1200,200,1.1180048773867506,0.48443698199359253,-6.8260177483948405,-5.91671808530927,3.676607460461097,0.7525,3,channel_group,0.34741498409678284,0.65013547178783,0.43675441504009843,0.8224218905710343,2.7837706702448
pattern_bursty_n16,occlusion,neural_flow,1,17,1,True,0.002966749510449767,0.002966749510449767,1200,200,1.0006833526988823,0.002966749510449767,0.0061951861832947475,0.00046307490751895767,0.012117902487499896,0.48333333333333334,3,channel_group,-0.0014031122452934407,0.007209444649668352,0.9705154994130134,0.007253534766743188,37.33805860360464
pattern_bursty_n16,occlusion,observed_state_flow,1,17,1,True,-1.8534594282265706,-1.8534594282265706,1200,200,0.6526105003091894,-1.8534594282265706,-3.9793775500569484,-2.3257223475037243,1.0236860478507928,0.8075,3,channel_group,-3.1534839986098824,-0.7160037647516805,0.3975145601500602,0.8220229467655493,11.256216103984043
pattern_bursty_n16,occlusion,tpatchgnn,1,17,1,True,-0.0005710584909922273,-0.0005710584909922273,1200,200,0.9998685175677141,-0.0005710584909922273,-0.0008189665857110701,-0.0008349027259052305,0.004070575816369618,0.62,3,channel_group,-0.002538724027847403,0.001660196903865055,0.9794273839890957,0.005224110213954747,41.00810764312744
pattern_bursty_n16,sweep_turn,cru,1,17,1,True,-0.6997516112460596,-0.6997516112460596,1200,200,0.8511867192635933,-0.6997516112460596,0.5965610867157275,-1.218135661665603,2.392741863831593,0.6,3,trajectory,-5.920698771287398,1.2899209364068267,0.17681442553487917,0.38118041749413245,1.8289205606347727
pattern_bursty_n16,sweep_turn,harmonic,1,,1,True,-9.05008493782297,-9.05008493782297,1200,200,0.1244490272220112,-9.05008493782297,-6.79240168898564,-13.791076270739502,-5.362757865668046,0.9891666666666666,3,trajectory,-13.815561068315736,-7.176060299875915,0.03281008826718482,0.9151186699637522,0.5505047527623295
pattern_bursty_n16,sweep_turn,hold,1,,1,True,-10.47133923762158,-10.47133923762158,1200,200,0.08971520962781138,-10.47133923762158,-8.619833087197243,-14.529856280883306,-6.5207316328163625,0.9933333333333333,3,trajectory,-14.191720990050161,-9.144168173226738,0.016680123852242965,0.9211572419501317,0.19262025454669887
pattern_bursty_n16,sweep_turn,kalman,1,,1,True,-10.560963088141557,-10.560963088141557,1200,200,0.08788276070781037,-10.560963088141557,-8.060765902479515,-16.194853238103132,-7.770049560955066,0.9916666666666667,3,trajectory,-15.455144181204929,-8.38452436034365,0.035110311445547826,0.9476734100452935,0.41128022963059874
pattern_bursty_n16,sweep_turn,latent_ode,1,17,1,True,-1.1201097549769785,-1.1201097549769785,1200,200,0.7726610581452648,-1.1201097549769785,-0.30098411434257133,-1.0680952522995497,0.8619244717600852,0.55,3,trajectory,-4.219596654224574,-0.12295823285815136,0.25996036069778106,0.31751422202175206,4.268956529528756
pattern_bursty_n16,sweep_turn,linear,1,,1,True,-10.237325789100641,-10.237325789100641,1200,200,0.09468199956099847,-10.237325789100641,-7.731607517476614,-15.825600600897086,-7.448491210747014,0.9916666666666667,3,trajectory,-15.196283413137394,-8.080446513386173,0.03905141168534702,0.9461711629464602,0.4742544392253391
pattern_bursty_n16,sweep_turn,local_dynamics,1,17,1,True,-10.729128227304168,-10.729128227304168,1200,200,0.08454485376183882,-10.729128227304168,-8.79248809462733,-14.632632139115763,-7.11821488838584,0.9933333333333333,3,trajectory,-14.548769875468935,-9.265876164375321,0.01740260596809544,0.9267422722957175,0.16977188425408407
pattern_bursty_n16,sweep_turn,neural_flow,1,17,1,True,-0.15662003274844252,-0.15662003274844252,1200,200,0.9645794311662516,-0.15662003274844252,0.08450834978157207,-0.024537902451503762,0.4066327933758263,0.5208333333333334,3,trajectory,-0.760848008465055,0.1710728284664479,0.4973401658857862,0.08589390027652008,9.264887595574061
pattern_bursty_n16,sweep_turn,observed_state_flow,1,17,1,True,-11.21485857469148,-11.21485857469148,1200,200,0.07559866781760921,-11.21485857469148,-9.26095641652523,-14.666289755652581,-7.808937336583738,0.9941666666666666,3,trajectory,-14.788401377609809,-9.596413453750296,0.020979027146284607,0.9332272745665008,0.31087754752534236
pattern_bursty_n16,sweep_turn,tpatchgnn,1,17,1,True,0.16078190333850917,0.16078190333850917,1200,200,1.037715229143699,0.16078190333850917,0.1744679001301748,0.16184629524362726,0.37975690526055017,0.16333333333333333,3,trajectory,0.1363807956331525,0.17784380121099425,0.6928381213545799,0.007811361696239249,12.631565312544504
pattern_bursty_n16,uturn,cru,1,17,1,True,-0.6610965869068401,-0.6610965869068401,1200,200,0.8587966492896278,-0.6610965869068401,-0.9216503292387136,-0.07773903755189635,1.2235176143355049,0.5208333333333334,3,trajectory,-4.386488803949361,1.1007747568687758,0.25119825050855676,0.27047089870621344,3.87273606841142
pattern_bursty_n16,uturn,harmonic,1,,1,True,-7.177153748982673,-7.177153748982673,1200,200,0.1915510888847954,-7.177153748982673,-6.396217535237404,-11.496675635831572,-4.4829478356088,0.97,3,trajectory,-8.121546193146699,-6.057602763091808,0.07958403332961698,0.8894665035213499,0.7010203651817816
pattern_bursty_n16,uturn,hold,1,,1,True,-8.823353565265732,-8.823353565265732,1200,200,0.13111870265097114,-8.823353565265732,-8.773900795650535,-12.77105424578953,-4.6689833131038565,0.9908333333333333,3,trajectory,-9.383021974562412,-7.890660888198454,0.03402321502291666,0.8889991987472361,0.27935135179821374
pattern_bursty_n16,uturn,kalman,1,,1,True,-7.971511651093963,-7.971511651093963,1200,200,0.1595323765401796,-7.971511651093963,-7.398522745160722,-13.03187230934273,-4.742834735508686,0.9741666666666666,3,trajectory,-8.919651226702346,-7.206587622197772,0.0781759317110936,0.9110352496585499,0.6710896627296431
pattern_bursty_n16,uturn,latent_ode,1,17,1,True,-1.4477224782856712,-1.4477224782856712,1200,200,0.7165190677406887,-1.4477224782856712,-1.543211550449474,-0.12001990315404357,0.30789702553050097,0.5708333333333333,3,trajectory,-6.383942802299197,0.2643655598633711,0.30535109364738067,0.32815706907292225,5.452236021199108
pattern_bursty_n16,uturn,linear,1,,1,True,-7.46497619125077,-7.46497619125077,1200,200,0.1792678380101036,-7.464976191250771,-6.727874592904079,-12.514145311143874,-4.33253244772754,0.9708333333333333,3,trajectory,-8.3196942276827,-6.402420804581286,0.09110286329780436,0.908054588769252,0.7538774863616952
pattern_bursty_n16,uturn,local_dynamics,1,17,1,True,-9.120401856833908,-9.120401856833908,1200,200,0.1224502889600383,-9.120401856833908,-9.087957054660476,-13.009670024741375,-4.771716940124406,0.9925,3,trajectory,-10.064793848608682,-7.945366340034532,0.03633716072494579,0.8980310929209615,0.27633517349772624
pattern_bursty_n16,uturn,neural_flow,1,17,1,True,-0.4711535090219967,-0.4711535090219967,1200,200,0.8971904643376668,-0.4711535090219967,-0.5007218352339856,0.3297489727321266,0.5526256725272383,0.42333333333333334,3,trajectory,-2.2992004240051784,0.4813663754283597,0.3911932263399164,0.18480576763981013,6.941026463508606
pattern_bursty_n16,uturn,observed_state_flow,1,17,1,True,-9.296564039408135,-9.296564039408135,1200,200,0.11758274537072183,-9.296564039408135,-9.448731674389773,-12.950862737175363,-4.861254714124956,0.9933333333333333,3,trajectory,-10.687053506470662,-7.6510930277990035,0.04216115209089059,0.8966582940053195,0.5123157440699531
pattern_bursty_n16,uturn,tpatchgnn,1,17,1,True,0.10728524651668293,0.10728524651668293,1200,200,1.0250109966099261,0.10728524651668293,0.0798349084872041,0.21852586576478109,0.3189164885278579,0.3358333333333333,3,trajectory,-0.21647122982323064,0.2940352479619788,0.642681364864111,0.018229465925566755,11.53508263985316
pattern_dropout_n16,climb_descent,cru,1,17,1,True,-1.533631663033298,-1.533631663033298,1200,200,0.7024846415718397,-1.533631663033298,-2.4535348767217333,-6.029321535711446,2.583257177431326,0.6008333333333333,3,trajectory,-8.18214083562637,1.720649145717653,0.1490144196230297,0.4970985851544401,1.9329078250626723
pattern_dropout_n16,climb_descent,harmonic,1,,1,True,-11.130273347273,-11.130273347273,1200,200,0.07708549495141288,-11.130273347273,-9.894772548535508,-15.121180338454081,-7.0495525617570935,0.9958333333333333,3,trajectory,-14.785366119726328,-9.167157640586247,0.02663169311127902,0.9433366476496061,0.3948613723312447
pattern_dropout_n16,climb_descent,hold,1,,1,True,-11.744502957258971,-11.744502957258971,1200,200,0.06691904033811923,-11.744502957258971,-10.571179920001587,-15.237701043481728,-8.054779758420269,1.0,3,trajectory,-15.846767293306169,-9.848986436985555,0.014962414162479594,0.9388331406066815,0.1764024296044863
pattern_dropout_n16,climb_descent,kalman,1,,1,True,-11.49899049764424,-11.49899049764424,1200,200,0.07081103630363937,-11.49899049764424,-10.432910599805872,-15.89676180429278,-7.433050201215932,0.9983333333333333,3,trajectory,-14.141684281391553,-9.887809728507492,0.038692047194793557,0.9543256491422654,0.44822688371607605
pattern_dropout_n16,climb_descent,latent_ode,1,17,1,True,-2.1184602177695884,-2.1184602177695884,1200,200,0.6139796518130849,-2.1184602177695884,-2.6170261293411867,-3.5771703336536893,0.7748014840964176,0.6408333333333334,3,trajectory,-6.3632493256026725,0.5285882353029525,0.2734885530018558,0.44754935330386386,4.796052814731374
pattern_dropout_n16,climb_descent,linear,1,,1,True,-12.794323876285048,-12.794323876285048,1200,200,0.05254938193218545,-12.794323876285048,-11.43544828708795,-16.7071277003936,-9.773371486843642,0.9991666666666666,3,trajectory,-16.010078633814093,-10.683608238042828,0.027385725949473708,0.9666554960608482,0.41548662879695863
pattern_dropout_n16,climb_descent,local_dynamics,1,17,1,True,-12.704610866842856,-12.704610866842856,1200,200,0.05364619369313,-12.704610866842856,-11.499474815786,-15.83995997922197,-8.91019703553091,1.0,3,trajectory,-17.07463220966101,-10.76059136083284,0.014376944526393298,0.9517466688652834,0.17895202900221796
pattern_dropout_n16,climb_descent,neural_flow,1,17,1,True,-1.199994692443687,-1.199994692443687,1200,200,0.758578502094994,-1.199994692443687,-1.5439146186787667,-0.7029509183655918,0.6400952351595596,0.5733333333333334,3,trajectory,-2.5221186020515156,0.42215962933278484,0.3623988687433302,0.2931572229619951,6.27864313364029
pattern_dropout_n16,climb_descent,observed_state_flow,1,17,1,True,-13.295326226167871,-13.295326226167871,1200,200,0.046823877766413065,-13.295326226167871,-12.220620931438233,-15.80171989569877,-9.618597689599419,1.0,3,trajectory,-16.737329021491345,-11.561143076678821,0.018879893687323252,0.9585992355644702,0.45900711112167
pattern_dropout_n16,climb_descent,tpatchgnn,1,17,1,True,-0.08066985586805903,-0.08066985586805903,1200,200,0.9815965298811594,-0.08066985586805903,-0.15510213278798468,-0.15662744677332777,0.4658559512293968,0.565,3,trajectory,-0.4277793460715923,0.3645729950236487,0.6634701792895794,0.061392042442481955,11.738609016736348
pattern_dropout_n16,cruise,cru,1,17,1,True,-5.213019517686242,-5.213019517686242,1200,200,0.30109119006432594,-5.213019517686242,-4.537871511557256,-5.666432016391584,-2.377995234436609,0.9966666666666667,3,trajectory,-6.228595189342738,-4.644630667581102,0.10839838149491693,0.7106677210330963,1.3767063770480066
pattern_dropout_n16,cruise,harmonic,1,,1,True,-12.640551204143469,-12.640551204143469,1200,200,0.05444335492536382,-12.640551204143469,-11.391057225459578,-18.58230941800022,-8.343114144832068,0.9991666666666666,3,trajectory,-15.048879618492192,-11.75491641472114,0.023460082739329615,0.9595471255481243,0.36280491159631006
pattern_dropout_n16,cruise,hold,1,,1,True,-12.25396351865834,-12.25396351865834,1200,200,0.059511877005340115,-12.25396351865834,-11.507196014348901,-17.667301911615283,-7.1241831426792235,1.0,3,trajectory,-13.955206434633753,-11.216855726632755,0.009163825913986583,0.9431185878813266,0.09464886806271271
pattern_dropout_n16,cruise,kalman,1,,1,True,-13.870551258691286,-13.870551258691286,1200,200,0.0410152038261973,-13.870551258691286,-12.577354238139913,-19.510853626905167,-9.763690566653326,1.0,3,trajectory,-16.499271807078046,-12.885689586482002,0.02327736732232244,0.9714876435200374,0.3964190851246288
pattern_dropout_n16,cruise,latent_ode,1,17,1,True,-4.198223500366054,-4.198223500366054,1200,200,0.38034494618574777,-4.198223500366054,-3.899266458643653,-4.21730219581849,-1.0791840238437846,0.995,3,trajectory,-4.504729099857757,-3.9473784269128043,0.15481885992533834,0.6296764178108424,2.713433307072701
pattern_dropout_n16,cruise,linear,1,,1,True,-13.765065722849688,-13.765065722849688,1200,200,0.042023616809213564,-13.765065722849688,-12.521917480832677,-19.335871881928455,-9.667787014413216,1.0,3,trajectory,-16.349586730126592,-12.857287358235904,0.023938493089080973,0.9713071304063002,0.4286285943412804
pattern_dropout_n16,cruise,local_dynamics,1,17,1,True,-13.713272499820073,-13.713272499820073,1200,200,0.042527783661729046,-13.713272499820073,-12.755324309764983,-18.688305610111648,-9.157657260965616,1.0,3,trajectory,-15.85794571182213,-12.745575167707603,0.010253952782695658,0.9602454700569312,0.09126514796285236
pattern_dropout_n16,cruise,neural_flow,1,17,1,True,-1.575218394113716,-1.575218394113716,1200,200,0.6957899645591775,-1.575218394113716,-1.1281703348633998,-1.4250429852943622,0.09121127211375216,0.8316666666666667,3,trajectory,-2.0404754469007473,-1.0816061476431538,0.3362197649106383,0.3270001989371667,6.026068736513456
pattern_dropout_n16,cruise,observed_state_flow,1,17,1,True,-14.375275551303687,-14.375275551303687,1200,200,0.03651509584099884,-14.375275551303687,-13.532993726551496,-18.730637519627194,-9.680646023211095,1.0,3,trajectory,-15.98015631920215,-13.680989251866762,0.014289054687275543,0.9664188498755296,0.4325241290934112
pattern_dropout_n16,cruise,tpatchgnn,1,17,1,True,-0.11819103603909972,-0.11819103603909972,1200,200,0.9731524859368801,-0.11819103603909972,-0.10172639049042075,-0.15107874510731462,0.03027570366390483,0.79,3,trajectory,-0.14214256146702864,-0.07985444659495436,0.8281555752952894,0.04850426569596489,19.552891964912416
pattern_dropout_n16,highspeed,cru,1,17,1,True,-2.793331902637175,-2.793331902637175,1200,200,0.5256138612702489,-2.793331902637175,-2.227373134728606,-4.227925809197861,0.4037291353931161,0.8216666666666667,3,trajectory,-6.238880218258239,-0.831539506409969,0.18236288964282718,0.5416850625057975,2.4116549016381033
pattern_dropout_n16,highspeed,harmonic,1,,1,True,-4.7600340340120155,-4.7600340340120155,1200,200,0.3341924210765501,-4.7600340340120155,-2.781556062741512,-13.24546729829086,-1.8208878089816118,0.9241666666666667,3,trajectory,-8.45282179494663,-2.558257326372628,0.1348544363578154,0.8897485624140488,1.0023677399691466
pattern_dropout_n16,highspeed,hold,1,,1,True,-7.80295281661952,-7.80295281661952,1200,200,0.1658458919299058,-7.80295281661952,-6.146230180961078,-12.683563458590221,-3.6317029926109896,0.9616666666666667,3,trajectory,-9.368301586772409,-6.539181332205382,0.02190657968246337,0.8765461421980156,0.36495256067970333
pattern_dropout_n16,highspeed,kalman,1,,1,True,-5.310997661738508,-5.310997661738508,1200,200,0.2943745318637351,-5.310997661738508,-3.2138917066650494,-14.429803591871334,-2.7378607627669993,0.94,3,trajectory,-9.24278716157292,-2.9826013650559693,0.12463177654260406,0.9060609189180469,0.8872924923095039
pattern_dropout_n16,highspeed,latent_ode,1,17,1,True,-2.2452526922247547,-2.2452526922247547,1200,200,0.5963136225938797,-2.2452526922247547,-1.925903191813951,-2.508269041418683,0.08151747771998819,0.865,3,trajectory,-5.190038235917673,-0.7117472225430845,0.2509796527416135,0.43807621420445686,4.494715910673355
pattern_dropout_n16,highspeed,linear,1,,1,True,-4.947793997771124,-4.947793997771124,1200,200,0.3200520403722385,-4.947793997771124,-2.8704873704892493,-14.114441288460696,-2.1760277884422075,0.93,3,trajectory,-8.921633196797261,-2.5693826947797604,0.13464332546502797,0.9008810201449027,0.9544729443257286
pattern_dropout_n16,highspeed,local_dynamics,1,17,1,True,-8.021958558246109,-8.021958558246109,1200,200,0.15768999673286693,-8.021958558246109,-6.224005928873918,-13.266607620971978,-4.149738826448589,0.9633333333333334,3,trajectory,-9.761616317475351,-6.6791295444385455,0.025317987077790604,0.8862299430989939,0.33609641433897197
pattern_dropout_n16,highspeed,neural_flow,1,17,1,True,-0.12440102086102392,-0.12440102086102392,1200,200,0.97176196778814,-0.12440102086102392,-0.14241296318972083,-0.015002598912738804,0.16032803503858953,0.5625,3,trajectory,-0.49591252213869147,0.07569406014077594,0.7045146300892036,0.054398616486283,13.553760286172231
pattern_dropout_n16,highspeed,observed_state_flow,1,17,1,True,-8.742158295969732,-8.742158295969732,1200,200,0.13359314390277477,-8.742158295969732,-7.023093821089226,-12.907924116002794,-5.26765142372717,0.9683333333333334,3,trajectory,-10.56841144413986,-7.393022426674223,0.03264324345870889,0.8935957045915105,0.6706298287835428
pattern_dropout_n16,highspeed,tpatchgnn,1,17,1,True,-0.1060845818785045,-0.1060845818785045,1200,200,0.975869044115146,-0.1060845818785045,-0.12459669060961938,0.005654422993450264,0.17974566068431697,0.48583333333333334,3,trajectory,-0.48923252185838273,0.1267444667604729,0.6972785671552022,0.0512659251095836,13.313540832996368
pattern_dropout_n16,occlusion,cru,1,17,1,True,0.04762752247561933,0.04762752247561933,1200,200,1.0110269963741303,0.04762752247561933,0.039556597373014896,0.01816187743525611,0.0803884190916132,0.16166666666666665,3,channel_group,0.014815062244534046,0.10134538935584397,0.868983678544561,0.0033773524082702016,23.68375356197357
pattern_dropout_n16,occlusion,harmonic,1,,1,True,5.4027217724901515,5.4027217724901515,1200,200,3.469542224542238,5.4027217724901515,-5.0503379829171795,-5.2377945242653645,5.559502426291725,0.6916666666666667,3,channel_group,3.942488822343595,6.231664976995695,2.3115326101756364,0.8256672546653621,3.807361988948154
pattern_dropout_n16,occlusion,hold,1,,1,True,1.0082435761406576,1.0082435761406576,1200,200,1.2613173149196275,1.0082435761406576,-6.7030474327178124,-6.094027678809041,4.292540841922615,0.75,3,channel_group,0.49041379902692717,1.4400073535740496,0.47331225490609846,0.8277609020719926,2.1646058084079414
pattern_dropout_n16,occlusion,kalman,1,,1,True,6.784929757957816,6.784929757957816,1200,200,4.769720995921719,6.784929757957816,-4.479961277266241,-5.136166448073649,4.794911177492063,0.6925,3,channel_group,4.86602262855543,8.251020989717905,3.478365988787991,0.8332664982190666,3.3005441295030566
pattern_dropout_n16,occlusion,latent_ode,1,17,1,True,0.002701298455379979,0.002701298455379979,1200,200,1.0006221904357275,0.002701298455379979,0.0013034636641181291,0.0021912120564158656,0.0077817495744209935,0.2625,3,channel_group,0.002345696073820279,0.0031861759440986745,0.982653644879659,0.006061536932395719,42.39697586854299
pattern_dropout_n16,occlusion,linear,1,,1,True,7.201141873462854,7.201141873462854,1200,200,5.249454639603598,7.201141873462854,-4.523409572169692,-4.686341292251612,4.871448066349071,0.68,3,channel_group,4.654317337322495,9.107842806174336,3.907713525068636,0.8276206868347556,3.5610425124862863
pattern_dropout_n16,occlusion,local_dynamics,1,17,1,True,0.19905173585745278,0.19905173585745278,1200,200,1.0468999367974174,0.19905173585745278,-6.935010387056735,-5.9460427685378905,3.5010783970050916,0.7558333333333334,3,channel_group,0.047244785343001576,0.31921646925936786,0.39953251893546016,0.8242801928991684,2.6525158149451697
pattern_dropout_n16,occlusion,neural_flow,1,17,1,True,0.00300079657510334,0.00300079657510334,1200,200,1.0006911977132162,0.00300079657510334,0.006146102335175389,0.000491546719867064,0.012193691277912913,0.48833333333333334,3,channel_group,-0.0009798468437439757,0.007177357404525857,0.9705326426029205,0.007185329537250736,37.135246567726135
pattern_dropout_n16,occlusion,observed_state_flow,1,17,1,True,-1.880841539404209,-1.880841539404209,1200,200,0.6485087587870657,-1.880841539404209,-3.987054397090541,-2.3154793268837945,0.9640046553222408,0.8083333333333333,3,channel_group,-3.1540420063917725,-0.7392070519588916,0.3962877332352218,0.8234970118681667,11.217601751945914
pattern_dropout_n16,occlusion,tpatchgnn,1,17,1,True,-0.0007764409332201017,-0.0007764409332201017,1200,200,0.9998212338487307,-0.0007764409332201017,-0.0009654627527276946,-0.001002808751028819,0.004328099176837284,0.6233333333333333,3,channel_group,-0.0027728179190266962,0.0013826364221968149,0.9792401191592216,0.005539666847942752,40.75027362028758
pattern_dropout_n16,sweep_turn,cru,1,17,1,True,-0.6990791345381218,-0.6990791345381218,1200,200,0.851318530185769,-0.6990791345381218,0.598915805949639,-1.2267766875296862,2.397122020218571,0.5991666666666666,3,trajectory,-5.930341697729618,1.2895808938455224,0.17660339853105445,0.38130414907776033,1.820372295001677
pattern_dropout_n16,sweep_turn,harmonic,1,,1,True,-9.99886389374446,-9.99886389374446,1200,200,0.10002616323525819,-9.99886389374446,-7.515090443428669,-15.542061856802682,-7.060989228773949,0.9891666666666666,3,trajectory,-14.935697458414964,-7.820217188170689,0.03494620624036083,0.9398036846448667,0.532594252961632
pattern_dropout_n16,sweep_turn,hold,1,,1,True,-10.471339240938569,-10.471339240938569,1200,200,0.08971520955929004,-10.471339240938569,-8.619833109046178,-14.529856280307822,-6.520732128387555,0.9933333333333333,3,trajectory,-14.19172095029949,-9.144168155073993,0.016680123842431036,0.9211572422501922,0.19262024607375372
pattern_dropout_n16,sweep_turn,kalman,1,,1,True,-11.018828229159258,-11.018828229159258,1200,200,0.07908919899464607,-11.018828229159258,-8.327669230062147,-16.762174614230098,-8.916389329353468,0.9925,3,trajectory,-16.916548800831023,-8.578722210922692,0.031927873174186015,0.9556827993993647,0.408499005316941
pattern_dropout_n16,sweep_turn,latent_ode,1,17,1,True,-1.1221257826937745,-1.1221257826937745,1200,200,0.7723024662956596,-1.1221257826937745,-0.3041257380209758,-1.0749802920900833,0.861098740144223,0.55,3,trajectory,-4.2113941129266195,-0.13066723466055222,0.26027076054364445,0.3172135838473569,4.2772649844052895
pattern_dropout_n16,sweep_turn,linear,1,,1,True,-10.818243090124664,-10.818243090124664,1200,200,0.08282771700484465,-10.818243090124664,-8.102009140052166,-16.554455700062814,-8.60069869782103,0.9916666666666667,3,trajectory,-16.840826545443864,-8.38288698485211,0.03307199935745753,0.9546509573531027,0.4398921831029869
pattern_dropout_n16,sweep_turn,local_dynamics,1,17,1,True,-10.800863677220377,-10.800863677220377,1200,200,0.08315983754954985,-10.800863677220377,-8.836869150078519,-14.78305113006656,-7.339624513262293,0.9933333333333333,3,trajectory,-14.683988666270448,-9.307082345653072,0.016372353632221604,0.9279424777387855,0.17022905659979487
pattern_dropout_n16,sweep_turn,neural_flow,1,17,1,True,-0.1503953511999761,-0.1503953511999761,1200,200,0.9659629405041535,-0.1503953511999761,0.09211590608275928,-0.01995220373540082,0.41347273845635896,0.515,3,trajectory,-0.7542906755442145,0.17953155451673092,0.49700782148788375,0.08565901745954525,9.243698185483614
pattern_dropout_n16,sweep_turn,observed_state_flow,1,17,1,True,-11.421860692641657,-11.421860692641657,1200,200,0.07207985938423306,-11.421860692641657,-9.34057421805861,-15.05668827213145,-8.285450554103319,0.9941666666666666,3,trajectory,-15.285055136496215,-9.664161257250775,0.01827113917239932,0.9371729167063071,0.3174616428470472
pattern_dropout_n16,sweep_turn,tpatchgnn,1,17,1,True,0.16103112053944357,0.16103112053944357,1200,200,1.0377747794985772,0.16103112053944357,0.17478535639267714,0.16257495364886107,0.37749848951557846,0.1625,3,trajectory,0.13756856744646687,0.17718003456878095,0.6928407702843348,0.007770155982870268,12.631289060910543
pattern_dropout_n16,uturn,cru,1,17,1,True,-0.6647018573148288,-0.6647018573148288,1200,200,0.8580840200744569,-0.6647018573148288,-0.9246054758644979,-0.08105240556257949,1.2267761039022713,0.5208333333333334,3,trajectory,-4.390979619043446,1.0951819381353765,0.25148455685159815,0.27057213010664155,3.8822841338440774
pattern_dropout_n16,uturn,harmonic,1,,1,True,-7.858680222877244,-7.858680222877244,1200,200,0.16373140090448332,-7.858680222877244,-7.002032030794413,-12.842079770870637,-5.5124918000979,0.9725,3,trajectory,-8.690698093480185,-6.5616020689687815,0.07954209617924178,0.9148181871448954,0.7053545584008316
pattern_dropout_n16,uturn,hold,1,,1,True,-8.823353618912043,-8.823353618912043,1200,200,0.1311187010313248,-8.823353618912043,-8.773900815447657,-12.77105455247191,-4.668982630388597,0.9908333333333333,3,trajectory,-9.383022104933186,-7.8906608767354225,0.03402321511612167,0.8889991974673467,0.2793513696661345
pattern_dropout_n16,uturn,kalman,1,,1,True,-8.461652186658231,-8.461652186658231,1200,200,0.1425065352801478,-8.461652186658231,-7.63941018130166,-13.596886234910393,-5.729556010537678,0.9775,3,trajectory,-9.33438633135081,-7.248372189358305,0.0728284904698845,0.9245393366289014,0.6497169670198248
pattern_dropout_n16,uturn,latent_ode,1,17,1,True,-1.4473097513515922,-1.4473097513515922,1200,200,0.7165871645696461,-1.4473097513515922,-1.5436163552105295,-0.12420508416438517,0.30786037601456584,0.5716666666666667,3,trajectory,-6.385804899110453,0.265936623446956,0.30509722825683033,0.328248444423028,5.4458368146326395
pattern_dropout_n16,uturn,linear,1,,1,True,-8.132402011124153,-8.132402011124153,1200,200,0.15373041475682836,-8.132402011124153,-7.161497024802403,-13.431014953846436,-5.838491574360466,0.9733333333333334,3,trajectory,-9.563874170510859,-6.605532682702188,0.07960251885006675,0.9239646521008884,0.6849568629611107
pattern_dropout_n16,uturn,local_dynamics,1,17,1,True,-9.497134241123748,-9.497134241123748,1200,200,0.11227590797506001,-9.497134241123748,-9.31063818335422,-13.459818415957834,-5.636604967129798,0.9925,3,trajectory,-10.205926131448946,-8.746783918277904,0.03194549279641853,0.9074652135325596,0.2885170270821315
pattern_dropout_n16,uturn,neural_flow,1,17,1,True,-0.4984491418821934,-0.4984491418821934,1200,200,0.8915692591418822,-0.4984491418821934,-0.5483635784644492,0.3230874655569561,0.5448533251442832,0.42583333333333334,3,trajectory,-2.3972841844165775,0.48251045152419797,0.3915910813274483,0.18747718946747566,6.965767323275407
pattern_dropout_n16,uturn,observed_state_flow,1,17,1,True,-9.624633729308986,-9.624633729308986,1200,200,0.109027643909006,-9.624633729308986,-9.56668364816934,-13.436908769342878,-5.571376778497044,0.9925,3,trajectory,-10.667428047817333,-8.468232850087947,0.03688207749278561,0.9061739130433367,0.5523197419737699
pattern_dropout_n16,uturn,tpatchgnn,1,17,1,True,0.10740360164725972,0.10740360164725972,1200,200,1.025038930873076,0.10740360164725972,0.07984683000069841,0.21845865787766,0.31576755446726423,0.3358333333333333,3,trajectory,-0.21655993391751116,0.2944618981984831,0.6424513984223207,0.01826014389247632,11.526536982854207
pattern_random_n16,climb_descent,cru,1,17,1,True,-1.5362079435493057,-1.5362079435493057,1200,200,0.7020680438758184,-1.5362079435493057,-2.4537975823672147,-6.025171658693697,2.580226527091531,0.6041666666666666,3,trajectory,-8.181088412741747,1.7152808475055845,0.14940105119564878,0.4970891193332348,1.9445622734973829
pattern_random_n16,climb_descent,harmonic,1,,1,True,-10.815785603012246,-10.815785603012246,1200,200,0.08287459893772994,-10.815785603012246,-9.529004892348462,-14.666941187062177,-6.581908064033586,0.9966666666666667,3,trajectory,-14.805912467673803,-8.685892001872562,0.0262729976805106,0.9372856889913479,0.39361330239507275
pattern_random_n16,climb_descent,hold,1,,1,True,-11.744502933676582,-11.744502933676582,1200,200,0.06691904070149268,-11.744502933676582,-10.57117988283119,-15.237701314664053,-8.054780171927291,1.0,3,trajectory,-15.846767320632525,-9.848986380563,0.014962414153790888,0.9388331450273594,0.17640240958629871
pattern_random_n16,climb_descent,kalman,1,,1,True,-11.785772616445062,-11.785772616445062,1200,200,0.06628614131336988,-11.785772616445062,-10.695855587174758,-16.050927007730955,-7.942719219805741,0.9983333333333333,3,trajectory,-14.23440225475022,-10.134844759813115,0.03622219673236633,0.9562501747906208,0.4265440932246717
pattern_random_n16,climb_descent,latent_ode,1,17,1,True,-2.1198423694751485,-2.1198423694751485,1200,200,0.613784282533452,-2.1198423694751485,-2.618246515584495,-3.5848422796910397,0.7758936393243293,0.6408333333333334,3,trajectory,-6.364811142745726,0.5266831349504967,0.2736744014111658,0.4475908679765871,4.803273611284482
pattern_random_n16,climb_descent,linear,1,,1,True,-12.6954122620212,-12.6954122620212,1200,200,0.05375993980887865,-12.6954122620212,-11.317037169803951,-16.50657561829172,-9.509538311094838,0.9991666666666666,3,trajectory,-15.951392133985934,-10.536400631888963,0.027877934651284353,0.9658206570645174,0.41791008856415524
pattern_random_n16,climb_descent,local_dynamics,1,17,1,True,-12.676023236197764,-12.676023236197764,1200,200,0.054000486985338846,-12.676023236197764,-11.47782726272595,-15.750499176667507,-8.885465161945296,1.0,3,trajectory,-16.993852580455254,-10.756635297370627,0.014665537166159339,0.9514785825709502,0.1803490843316649
pattern_random_n16,climb_descent,neural_flow,1,17,1,True,-1.1994528924058896,-1.1994528924058896,1200,200,0.7586731437531611,-1.1994528924058896,-1.5380293480824356,-0.6831666248961881,0.6345817089467625,0.5691666666666667,3,trajectory,-2.5303177391076233,0.41869661507531475,0.3618768791357676,0.2929906381955152,6.28146318813165
pattern_random_n16,climb_descent,observed_state_flow,1,17,1,True,-13.298425301511077,-13.298425301511077,1200,200,0.04679047670590075,-13.298425301511077,-12.211785925946756,-15.772630577090354,-9.40444659353011,1.0,3,trajectory,-16.797984371447754,-11.53494490029481,0.0192512089488991,0.9586173082888126,0.46465845965268576
pattern_random_n16,climb_descent,tpatchgnn,1,17,1,True,-0.08182695745918708,-0.08182695745918708,1200,200,0.9813350355128447,-0.08182695745918708,-0.156014356906302,-0.1565114813365257,0.46656013441222327,0.5641666666666667,3,trajectory,-0.43036962589604755,0.3634491961067954,0.6641621982554594,0.061696295574923427,11.761545061270397
pattern_random_n16,cruise,cru,1,17,1,True,-5.212588949265249,-5.212588949265249,1200,200,0.3011210423397521,-5.212588949265249,-4.537307643991009,-5.664934895734865,-2.379389399765198,0.9966666666666667,3,trajectory,-6.228933495929274,-4.644610926460199,0.10841421735861023,0.7106290532710652,1.376364966166099
pattern_random_n16,cruise,harmonic,1,,1,True,-12.333640697464217,-12.333640697464217,1200,200,0.05843000591213539,-12.333640697464217,-10.988758776200086,-18.573895901885116,-7.763068462473409,1.0,3,trajectory,-15.380262441309567,-11.230620176408113,0.021910797501065293,0.9545713867992163,0.35505252472522747
pattern_random_n16,cruise,hold,1,,1,True,-12.253963530045013,-12.253963530045013,1200,200,0.059511876849307206,-12.253963530045013,-11.507196023826411,-17.66730167530349,-7.124183109396147,1.0,3,trajectory,-13.95520644761746,-11.216855720382986,0.00916382595914906,0.9431185889244079,0.09464887273818093
pattern_random_n16,cruise,kalman,1,,1,True,-14.068746999189619,-14.068746999189619,1200,200,0.03918549164683398,-14.068746999189619,-12.821308117922294,-19.460625449681288,-10.070599095661356,1.0,3,trajectory,-16.705239695705085,-13.093910049577275,0.022164141701869033,0.9726915882527828,0.38987746425763664
pattern_random_n16,cruise,latent_ode,1,17,1,True,-4.1949470595772915,-4.1949470595772915,1200,200,0.3806319974704335,-4.1949470595772915,-3.8954627619217383,-4.221996690663159,-1.0804354650460346,0.995,3,trajectory,-4.50665862783325,-3.9408846153300225,0.15485921501570066,0.6293702620873227,2.71467176026296
pattern_random_n16,cruise,linear,1,,1,True,-13.91454513962342,-13.91454513962342,1200,200,0.040601818553113796,-13.91454513962342,-12.730438484425264,-19.23585483835381,-9.753059578638165,0.9991666666666666,3,trajectory,-16.532736737036384,-12.768914783165968,0.023252748775727573,0.9725539991259575,0.4334807017826339
pattern_random_n16,cruise,local_dynamics,1,17,1,True,-13.693406910450086,-13.693406910450086,1200,200,0.042722760736760346,-13.693406910450086,-12.717019250720291,-18.731956400467503,-9.225135218885534,1.0,3,trajectory,-15.886203133735652,-12.730887370662396,0.010454264914987969,0.960071830401818,0.09195984064270604
pattern_random_n16,cruise,neural_flow,1,17,1,True,-1.5700011527124347,-1.5700011527124347,1200,200,0.6966263292108973,-1.5700011527124347,-1.1242009581568315,-1.397674378360521,0.0857965232917334,0.8308333333333333,3,trajectory,-2.040713374551334,-1.0834648908003144,0.33538815341268974,0.3261693479099116,6.016977747778098
pattern_random_n16,cruise,observed_state_flow,1,17,1,True,-14.298561489626827,-14.298561489626827,1200,200,0.03716583128173317,-14.298561489626827,-13.421323411137971,-18.7309607000201,-9.582115977866907,1.0,3,trajectory,-15.99495413328157,-13.587259196055687,0.014834330988887767,0.9658604452013969,0.43712253503385
pattern_random_n16,cruise,tpatchgnn,1,17,1,True,-0.11877943586678992,-0.11877943586678992,1200,200,0.9730206482112408,-0.11877943586678992,-0.10163053895759035,-0.15088669589212067,0.029719491989169986,0.7841666666666667,3,trajectory,-0.1410508325443231,-0.08105563033928989,0.829223108192285,0.04921576644210892,19.607673099835715
pattern_random_n16,highspeed,cru,1,17,1,True,-2.7913967711563448,-2.7913967711563448,1200,200,0.5258481167381008,-2.7913967711563448,-2.2240408852766786,-4.203071568093092,0.4010442249394055,0.8233333333333334,3,trajectory,-6.236195833980343,-0.8314198220531167,0.18236678909976034,0.541727979088516,2.4117621359813106
pattern_random_n16,highspeed,harmonic,1,,1,True,-4.666359065994556,-4.666359065994556,1200,200,0.3414790726946861,-4.666359065994556,-2.7068349612407094,-12.761421289190016,-1.8748170041378491,0.9266666666666666,3,trajectory,-8.403412651512049,-2.4771695720181155,0.13626605318344442,0.8858420655452726,1.0363838953004354
pattern_random_n16,highspeed,hold,1,,1,True,-7.802952801801467,-7.802952801801467,1200,200,0.16584589249576914,-7.8029528018014656,-6.146230176398353,-12.683563308619195,-3.6317029630878728,0.9616666666666667,3,trajectory,-9.368301570120089,-6.539181274613109,0.02190657973693604,0.8765461359515287,0.36495254402348415
pattern_random_n16,highspeed,kalman,1,,1,True,-5.361984293025056,-5.361984293025056,1200,200,0.29093875141564546,-5.361984293025056,-3.274992800054448,-14.309873172163917,-3.078766851795691,0.9441666666666667,3,trajectory,-9.247532936442852,-3.0519220795953,0.12243272908742708,0.905169056313025,0.8827457733522017
pattern_random_n16,highspeed,latent_ode,1,17,1,True,-2.245042387695288,-2.245042387695288,1200,200,0.5963424994268766,-2.245042387695288,-1.9254960335859077,-2.5069541405931366,0.0888846593673304,0.8658333333333333,3,trajectory,-5.1901363076605165,-0.7114919206588048,0.25104588478493195,0.43808678879710444,4.495282864989325
pattern_random_n16,highspeed,linear,1,,1,True,-4.874774748258294,-4.874774748258294,1200,200,0.32547866437907336,-4.874774748258294,-2.791456930733304,-13.807277003975528,-2.4733831793912233,0.93,3,trajectory,-8.886318244015564,-2.505713563805671,0.13695705883898573,0.898941111527763,0.9742428564886602
pattern_random_n16,highspeed,local_dynamics,1,17,1,True,-8.038237974068046,-8.038237974068046,1200,200,0.15710000634963459,-8.038237974068045,-6.2485646359938265,-13.262162732625502,-4.062774760073299,0.9633333333333334,3,trajectory,-9.756920356843683,-6.69530016525648,0.025319278428102384,0.8863058260687648,0.3319294121400162
pattern_random_n16,highspeed,neural_flow,1,17,1,True,-0.12441539573362968,-0.12441539573362968,1200,200,0.9717587513228257,-0.12441539573362968,-0.1426579377286834,-0.015026496562130051,0.15813017089212184,0.5583333333333333,3,trajectory,-0.4961514825579069,0.07566097684965149,0.7043257846434912,0.05441134158615517,13.547047627766927
pattern_random_n16,highspeed,observed_state_flow,1,17,1,True,-8.752297879840183,-8.752297879840183,1200,200,0.13328160440860903,-8.752297879840183,-7.05283277251122,-12.876775988292454,-5.308920498412643,0.9691666666666666,3,trajectory,-10.54279484783571,-7.425234478311166,0.03330603902601065,0.8931905461148563,0.6705789550413708
pattern_random_n16,highspeed,tpatchgnn,1,17,1,True,-0.1061741929438255,-0.1061741929438255,1200,200,0.9758489085237185,-0.1061741929438255,-0.12511312077238793,0.005742110622579805,0.18070886887298532,0.4816666666666667,3,trajectory,-0.4926467595621883,0.12839923082418014,0.6962800098955632,0.0515217763796935,13.283299814860026
pattern_random_n16,occlusion,cru,1,17,1,True,0.048232346868527544,0.048232346868527544,1200,200,1.0111678078273931,0.048232346868527544,0.03932957716185925,0.018337937430134836,0.08026664709881311,0.14666666666666667,3,channel_group,0.01528579211747215,0.10357212390421275,0.8684301354487737,0.003288202607173644,23.646201155384382
pattern_random_n16,occlusion,harmonic,1,,1,True,5.666202293784307,5.666202293784307,1200,200,3.6865508560166926,5.666202293784307,-4.850670255030724,-4.658864553609202,6.463137049190158,0.6783333333333333,3,channel_group,4.221694187693645,6.277208148841172,2.5141646657174475,0.827290556661513,3.901662393866961
pattern_random_n16,occlusion,hold,1,,1,True,1.0082435743119966,1.0082435743119966,1200,200,1.2613173143885312,1.0082435743119966,-6.703047402707271,-6.094027810503064,4.2925408800751494,0.75,3,channel_group,0.49041375433458056,1.4400074042543722,0.4733122538966078,0.827760903948753,2.1646057811345116
pattern_random_n16,occlusion,kalman,1,,1,True,7.019819147649703,7.019819147649703,1200,200,5.0347964205304745,7.019819147649703,-4.425819590708834,-5.210333492484237,4.644791779850439,0.6841666666666667,3,channel_group,4.944055277208019,8.639565718388264,3.7227845381614557,0.8294628783856751,3.457080825774877
pattern_random_n16,occlusion,latent_ode,1,17,1,True,0.002885712236539762,0.002885712236539762,1200,200,1.0006646806001662,0.002885712236539762,0.0015426154810057858,0.002231832342021807,0.008156408004583556,0.2525,3,channel_group,0.0026520449181170773,0.003226508598327539,0.9826156789064407,0.006066269444018578,42.39086647987366
pattern_random_n16,occlusion,linear,1,,1,True,7.698830091387149,7.698830091387149,1200,200,5.886850531827465,7.698830091387149,-4.388895916533829,-4.714185476244925,5.19137872868494,0.6725,3,channel_group,4.897942055560289,9.862146049980316,4.467921683870566,0.8231267298257444,3.8256897514277566
pattern_random_n16,occlusion,local_dynamics,1,17,1,True,0.13146296553814232,0.13146296553814232,1200,200,1.0307332750501519,0.13146296553814232,-6.89853287510302,-5.965835932909508,3.5939233472290604,0.76,3,channel_group,-0.0356825550242997,0.2909856814822648,0.38493026210334697,0.8219272852539629,2.717614957388601
pattern_random_n16,occlusion,neural_flow,1,17,1,True,0.002988376210284725,0.002988376210284725,1200,200,1.0006883358458678,0.002988376210284725,0.006103614438311856,0.0006634066455481958,0.012306339332145519,0.48583333333333334,3,channel_group,-0.0011260257017416523,0.007096702957766944,0.9702471093336741,0.007205442331188149,37.11558913548787
pattern_random_n16,occlusion,observed_state_flow,1,17,1,True,-1.9011800887936179,-1.9011800887936179,1200,200,0.6454788121588838,-1.9011800887936179,-3.979982531505233,-2.2797490867361474,0.9766880581309412,0.8091666666666667,3,channel_group,-3.153307100126053,-0.7656435077644801,0.4011900225483502,0.8236509362446668,11.459147554809073
pattern_random_n16,occlusion,tpatchgnn,1,17,1,True,-0.0006630869076119637,-0.0006630869076119637,1200,200,0.9998473302523295,-0.0006630869076119637,-0.0006539927105616893,-0.0007035081665016142,0.003556621386112013,0.6058333333333333,3,channel_group,-0.0026451547487836304,0.0013077942498682178,0.9804372612138589,0.00538159364355877,41.21352199713389
pattern_random_n16,sweep_turn,cru,1,17,1,True,-0.697468347533706,-0.697468347533706,1200,200,0.8516343405904869,-0.697468347533706,0.6015276676737085,-1.2293894404595096,2.3950348622687385,0.5991666666666666,3,trajectory,-5.926438359610474,1.2894561402752176,0.17661904302425682,0.38127173322002783,1.8213303488008143
pattern_random_n16,sweep_turn,harmonic,1,,1,True,-9.995016052782077,-9.995016052782077,1200,200,0.10011482549973755,-9.995016052782077,-7.516248267817257,-15.45803631175055,-7.1379790147595195,0.9891666666666666,3,trajectory,-14.769839351742494,-7.797122741090111,0.035084480647086164,0.9395607368073736,0.5379787738852367
pattern_random_n16,sweep_turn,hold,1,,1,True,-10.471339258570769,-10.471339258570769,1200,200,0.08971520919504954,-10.471339258570769,-8.619833188387107,-14.529856510733287,-6.5207316328163625,0.9933333333333333,3,trajectory,-14.19172094762716,-9.144168215710515,0.016680123833649863,0.9211572467777539,0.19262024417314025
pattern_random_n16,sweep_turn,kalman,1,,1,True,-10.976222947348596,-10.976222947348596,1200,200,0.07986890039402468,-10.976222947348596,-8.321745630086903,-16.68290261755188,-8.771447518229877,0.9916666666666667,3,trajectory,-16.77452377323458,-8.622187425790266,0.032168130152582866,0.954925727036316,0.407605645757914
pattern_random_n16,sweep_turn,latent_ode,1,17,1,True,-1.1216687838947017,-1.1216687838947017,1200,200,0.772383738309145,-1.1216687838947017,-0.3033778882717841,-1.0678590662114948,0.8638924366106522,0.55,3,trajectory,-4.21288026748805,-0.12844106914801484,0.2603028535159926,0.3172510343271146,4.278048846917227
pattern_random_n16,sweep_turn,linear,1,,1,True,-10.778873845414099,-10.778873845414099,1200,200,0.08358197237679023,-10.778873845414099,-8.091294695555574,-16.47191619579082,-8.281068545343988,0.9916666666666667,3,trajectory,-16.868401827795367,-8.415016759622741,0.03341224117956694,0.9541606111917644,0.44802866732041974
pattern_random_n16,sweep_turn,local_dynamics,1,17,1,True,-10.802142175021952,-10.802142175021952,1200,200,0.08313536014401199,-10.802142175021952,-8.840792314346128,-14.795504223784718,-7.350227165932977,0.9933333333333333,3,trajectory,-14.664426926167721,-9.313353741812904,0.01643091705723838,0.9279643761383098,0.17017495942956878
pattern_random_n16,sweep_turn,neural_flow,1,17,1,True,-0.1511183498863189,-0.1511183498863189,1200,200,0.965802143663168,-0.1511183498863189,0.09149566533197338,-0.0218823600844019,0.4095410598851805,0.5175,3,trajectory,-0.7566580737986821,0.18152801473808958,0.4967961621036132,0.08573182052712652,9.245173461437226
pattern_random_n16,sweep_turn,observed_state_flow,1,17,1,True,-11.397612615197694,-11.397612615197694,1200,200,0.07248343033487795,-11.397612615197694,-9.35591045700591,-14.944944870884733,-8.224013030017026,0.9941666666666666,3,trajectory,-15.198776356989654,-9.679507461007464,0.018889470762457325,0.9365297022470137,0.31849206241252737
pattern_random_n16,sweep_turn,tpatchgnn,1,17,1,True,0.15856936783246672,0.15856936783246672,1200,200,1.0371866944432258,0.15856936783246672,0.17303411812003175,0.16038063036724626,0.3765948386624738,0.1725,3,trajectory,0.13397028587483356,0.1747575252873288,0.6937358792126179,0.00786024238429107,12.659924054940541
pattern_random_n16,uturn,cru,1,17,1,True,-0.6626036299791572,-0.6626036299791572,1200,200,0.8584986904015144,-0.6626036299791572,-0.922928418923761,-0.08132363157457873,1.2264488349678793,0.5216666666666666,3,trajectory,-4.389753467662857,1.0982100175944303,0.25123084981615346,0.27053285575235597,3.8759141232453596
pattern_random_n16,uturn,harmonic,1,,1,True,-7.710883595457972,-7.710883595457972,1200,200,0.1693993113383597,-7.710883595457973,-6.882055336467752,-12.650941278270361,-5.239208033616761,0.9733333333333334,3,trajectory,-8.54962672634281,-6.425369998077009,0.08118565778516612,0.910584840788118,0.721973628624631
pattern_random_n16,uturn,hold,1,,1,True,-8.823353585766657,-8.823353585766657,1200,200,0.13111870203202364,-8.823353585766657,-8.773900782019625,-12.771054399581265,-4.668983009644818,0.9908333333333333,3,trajectory,-9.38302199922764,-7.890660889552622,0.03402321506000585,0.8889991986819465,0.2793513698702494
pattern_random_n16,uturn,kalman,1,,1,True,-8.187990329775442,-8.187990329775442,1200,200,0.15177525353634336,-8.187990329775442,-7.566765450182994,-13.532057476759498,-4.968269272088493,0.9775,3,trajectory,-9.163623303004298,-7.354808690989855,0.07684315865586082,0.917494431141143,0.6638278565065896
pattern_random_n16,uturn,latent_ode,1,17,1,True,-1.4460240139102756,-1.4460240139102756,1200,200,0.716799343029658,-1.4460240139102756,-1.5421998400192,-0.12621341291276134,0.3119885446320394,0.5708333333333333,3,trajectory,-6.380565381444122,0.2668141620101861,0.30504957166578,0.32812741549763963,5.444326672802369
pattern_random_n16,uturn,linear,1,,1,True,-7.799555018308525,-7.799555018308525,1200,200,0.1659756958786177,-7.799555018308525,-6.996922448324331,-13.251808876748951,-5.096928554290669,0.9725,3,trajectory,-8.69936814041967,-6.569424067517785,0.08553150386427352,0.9163407632533926,0.7127052620172526
pattern_random_n16,uturn,local_dynamics,1,17,1,True,-9.326051632827543,-9.326051632827543,1200,200,0.11678708987092246,-9.326051632827543,-9.236752334904585,-13.279935301361329,-5.273647518184068,0.9925,3,trajectory,-10.222637103309713,-8.274780738112527,0.03426622386730737,0.9034782569661426,0.2870812781313604
pattern_random_n16,uturn,neural_flow,1,17,1,True,-0.4945441918458782,-0.4945441918458782,1200,200,0.8923712723453839,-0.4945441918458782,-0.544531622813661,0.31979977670253135,0.5499859980910339,0.4266666666666667,3,trajectory,-2.394352312653826,0.482822921356705,0.39183736201375724,0.18667618250297766,6.955969724357129
pattern_random_n16,uturn,observed_state_flow,1,17,1,True,-9.556024284563872,-9.556024284563872,1200,200,0.11076372980465138,-9.556024284563872,-9.580185971840432,-13.189238412487747,-5.361722424414673,0.9925,3,trajectory,-10.77465796127994,-8.1729997082174,0.03850979565460871,0.9039709662556803,0.5520412758387768
pattern_random_n16,uturn,tpatchgnn,1,17,1,True,0.10923129968000432,0.10923129968000432,1200,200,1.025470402141412,0.10923129968000432,0.08083159769224663,0.21891256874809514,0.3204268669872636,0.3358333333333333,3,trajectory,-0.21608495639659178,0.2998903898256922,0.6418736115594705,0.018250668020415663,11.505615395704906
pattern_uniform_n16,climb_descent,cru,1,17,1,True,-1.5373381876367773,-1.5373381876367773,1200,200,0.7018853556209554,-1.5373381876367773,-2.454793699283119,-6.026551159938302,2.5823376461483365,0.605,3,trajectory,-8.184616155135293,1.7144991450388993,0.14959398437291382,0.4971351791140811,1.9494734438012045
pattern_uniform_n16,climb_descent,harmonic,1,,1,True,-8.128817947419165,-8.128817947419165,1200,200,0.15385733486206543,-8.128817947419165,-6.9671710990907965,-11.583392176204395,-3.823947190773352,0.9858333333333333,3,trajectory,-11.332412896873445,-6.409465791877706,0.03889212953073482,0.8797920300066471,0.3928478679479546
pattern_uniform_n16,climb_descent,hold,1,,1,True,-11.744502955867556,-11.744502955867556,1200,200,0.06691904035955905,-11.744502955867556,-10.571179904276145,-15.237701449274187,-8.054780544265963,1.0,3,trajectory,-15.846767279265386,-9.848986411725987,0.014962414251755594,0.9388331463932991,0.1764024241997352
pattern_uniform_n16,climb_descent,kalman,1,,1,True,-12.199370154100233,-12.199370154100233,1200,200,0.06026469800483023,-12.199370154100233,-11.277111363429388,-16.515589636920936,-8.671010010922338,0.9991666666666666,3,trajectory,-14.605708035345446,-11.127121396513655,0.03290052528431256,0.960337401603659,0.4100394109839423
pattern_uniform_n16,climb_descent,latent_ode,1,17,1,True,-2.1193683134884393,-2.1193683134884393,1200,200,0.6138512840742866,-2.1193683134884393,-2.617617095519294,-3.5734342503474963,0.7767229729005196,0.64,3,trajectory,-6.364703985384432,0.5271434070500182,0.2736540438467637,0.4475728265401184,4.802219576987748
pattern_uniform_n16,climb_descent,linear,1,,1,True,-13.045139897791442,-13.045139897791442,1200,200,0.04960049495013659,-13.045139897791442,-11.75208527128462,-16.376478160809558,-9.918677666852853,0.9991666666666666,3,trajectory,-15.943673451005964,-11.13917183160002,0.025490405668776125,0.9689555458227793,0.41065362468070815
pattern_uniform_n16,climb_descent,local_dynamics,1,17,1,True,-12.731595460097116,-12.731595460097116,1200,200,0.053313900115802684,-12.731595460097116,-11.547660149304324,-15.700966647248855,-9.05051207849451,1.0,3,trajectory,-17.0423910942925,-10.84567521445901,0.014363555366695993,0.9519593218465646,0.17862270999386962
pattern_uniform_n16,climb_descent,neural_flow,1,17,1,True,-1.203549883435989,-1.203549883435989,1200,200,0.7579577739909291,-1.203549883435989,-1.5435396040215654,-0.6913550292474064,0.6415838373475712,0.5741666666666667,3,trajectory,-2.546116501455411,0.4199708991106128,0.3621664136151473,0.2935833698286327,6.285476446648439
pattern_uniform_n16,climb_descent,observed_state_flow,1,17,1,True,-13.375909502021486,-13.375909502021486,1200,200,0.045963072231885796,-13.375909502021486,-12.321575488543093,-15.778989034803864,-9.761832435108698,1.0,3,trajectory,-16.8614616203635,-11.691400644646315,0.019027143780531285,0.9595585995912552,0.4726013473187777
pattern_uniform_n16,climb_descent,tpatchgnn,1,17,1,True,-0.08191048894560074,-0.08191048894560074,1200,200,0.9813161608576775,-0.08191048894560074,-0.15601139638283607,-0.15639622910434176,0.46635521088242293,0.5641666666666667,3,trajectory,-0.430551290015117,0.3633520236101581,0.6642764618992806,0.061717556988017605,11.766692578792572
pattern_uniform_n16,cruise,cru,1,17,1,True,-5.212328872140369,-5.212328872140369,1200,200,0.3011390755046159,-5.212328872140369,-4.5375380745771166,-5.662920746299715,-2.3782561857752893,0.9966666666666667,3,trajectory,-6.227299716925039,-4.645166893645672,0.10841264342190693,0.7106516380173464,1.3756674044697623
pattern_uniform_n16,cruise,harmonic,1,,1,True,-10.44356139236866,-10.44356139236866,1200,200,0.09029087479507623,-10.44356139236866,-9.359325035387814,-15.633004304533365,-5.839554283454746,1.0,3,trajectory,-11.997790718129531,-9.81334799671271,0.026560943051202487,0.9245446092387041,0.33482740494861596
pattern_uniform_n16,cruise,hold,1,,1,True,-12.253963510152184,-12.253963510152184,1200,200,0.05951187712190096,-12.253963510152184,-11.507196019869085,-17.66730167530349,-7.1241831426792235,1.0,3,trajectory,-13.95520641675673,-11.216855711578386,0.009163825969453636,0.9431185911595822,0.09464887288471871
pattern_uniform_n16,cruise,kalman,1,,1,True,-14.325458501846393,-14.325458501846393,1200,200,0.036936364711994685,-14.325458501846393,-13.155066015823245,-19.814404429221526,-10.39652457394497,1.0,3,trajectory,-16.62091999456323,-13.361689541359175,0.0209278861812102,0.9743578332165878,0.3834966675902736
pattern_uniform_n16,cruise,latent_ode,1,17,1,True,-4.197167358948322,-4.197167358948322,1200,200,0.38043745182765026,-4.197167358948322,-3.899125387014904,-4.239793238109915,-1.0735862825049474,0.995,3,trajectory,-4.5069817346913235,-3.9422021306540636,0.1548137475845093,0.6295639834351217,2.7128840906694434
pattern_uniform_n16,cruise,linear,1,,1,True,-14.139837298477653,-14.139837298477653,1200,200,0.03854927992700439,-14.139837298477653,-13.028895714421683,-19.889933366871006,-10.06477491748261,1.0,3,trajectory,-16.371308713789315,-13.063607905946938,0.022146203859398715,0.973991446296374,0.4276912580360173
pattern_uniform_n16,cruise,local_dynamics,1,17,1,True,-13.737340871042322,-13.737340871042322,1200,200,0.042292748803738456,-13.737340871042322,-12.78327468923932,-18.711110596702873,-9.236302639440078,1.0,3,trajectory,-15.881874083415727,-12.752930287479959,0.010274684934720375,0.9603677878777186,0.08909965265554996
pattern_uniform_n16,cruise,neural_flow,1,17,1,True,-1.5745921085311998,-1.5745921085311998,1200,200,0.6958903099844853,-1.5745921085311998,-1.1298924472579253,-1.4101183543499252,0.08659362210792287,0.8325,3,trajectory,-2.0426122668918065,-1.0860722447014792,0.3360374384994308,0.3267052432449479,6.0282633033394815
pattern_uniform_n16,cruise,observed_state_flow,1,17,1,True,-14.375249627056508,-14.375249627056508,1200,200,0.0365153138104263,-14.375249627056508,-13.53238497936082,-18.6731879788422,-9.642978897706184,1.0,3,trajectory,-16.024518348924342,-13.616967240427282,0.01463702864983129,0.9665932102004687,0.44287036917929073
pattern_uniform_n16,cruise,tpatchgnn,1,17,1,True,-0.11896862125315671,-0.11896862125315671,1200,200,0.9729782628516356,-0.11896862125315671,-0.10177754778051011,-0.1508561427596954,0.029876213487582085,0.7858333333333334,3,trajectory,-0.14111186478459226,-0.08122165554005378,0.8292728732029597,0.0493328631237424,19.610149567921955
pattern_uniform_n16,highspeed,cru,1,17,1,True,-2.79274000077375,-2.79274000077375,1200,200,0.5256855022969346,-2.79274000077375,-2.2228781725438083,-4.215534908802452,0.3997394003109176,0.82,3,trajectory,-6.230307036558919,-0.8340143910368312,0.18233322736962385,0.5417780323179127,2.4123369470018465
pattern_uniform_n16,highspeed,harmonic,1,,1,True,-3.750660667194377,-3.750660667194377,1200,200,0.42163235804624494,-3.750660667194377,-2.1749712361492564,-10.000877894864434,-0.45274356456141757,0.9066666666666666,3,trajectory,-5.662874006134208,-2.0445978265149978,0.15205873691593297,0.8322478871861798,1.215214657631538
pattern_uniform_n16,highspeed,hold,1,,1,True,-7.802952845497942,-7.802952845497942,1200,200,0.16584589082711315,-7.802952845497941,-6.146230202715282,-12.683563458590221,-3.6317029926109896,0.9616666666666667,3,trajectory,-9.368301584950975,-6.539181339864557,0.02190657972715594,0.8765461391822995,0.3649525994590052
pattern_uniform_n16,highspeed,kalman,1,,1,True,-5.359721202822131,-5.359721202822131,1200,200,0.29109039787797275,-5.359721202822131,-3.2534830758751943,-14.703355927023441,-2.761619901616648,0.9433333333333334,3,trajectory,-9.394866784585266,-2.9867833726198825,0.12238675845806782,0.9065783435150904,0.8877599279250838
pattern_uniform_n16,highspeed,latent_ode,1,17,1,True,-2.2455854901406553,-2.2455854901406553,1200,200,0.5962679290988793,-2.2455854901406553,-1.9264092242702886,-2.511027374766245,0.09176338614980033,0.8658333333333333,3,trajectory,-5.1904060136139805,-0.7115339971158827,0.2510515650936092,0.4380983924885201,4.496534695515098
pattern_uniform_n16,highspeed,linear,1,,1,True,-4.849269214708453,-4.849269214708453,1200,200,0.32739578097884686,-4.849269214708453,-2.751100986990837,-14.325025466273862,-2.2009637554004735,0.925,3,trajectory,-8.974019956403898,-2.4479770600970157,0.13827303757010057,0.8997739969117508,0.9834986507603631
pattern_uniform_n16,highspeed,local_dynamics,1,17,1,True,-8.031795803166771,-8.031795803166771,1200,200,0.15733321587307725,-8.03179580316677,-6.244667537142816,-13.247195595055697,-4.122329981141494,0.9641666666666666,3,trajectory,-9.736481392100684,-6.69613065467972,0.025554448200376355,0.8862217001142805,0.33183218524223773
pattern_uniform_n16,highspeed,neural_flow,1,17,1,True,-0.12456310587782903,-0.12456310587782903,1200,200,0.9717257008949916,-0.12456310587782903,-0.1428696711416712,-0.015394329651165183,0.159207099348948,0.56,3,trajectory,-0.4960898238042637,0.07525667867416802,0.7043966807425022,0.05439509483747841,13.548631918430328
pattern_uniform_n16,highspeed,observed_state_flow,1,17,1,True,-8.769112716017746,-8.769112716017746,1200,200,0.13276656783439342,-8.769112716017746,-7.073561953972502,-12.897696505480477,-5.2821516007771026,0.97,3,trajectory,-10.533663601239741,-7.44725198533248,0.033410094768854176,0.8933963940225386,0.6716174554133129
pattern_uniform_n16,highspeed,tpatchgnn,1,17,1,True,-0.10648384186483983,-0.10648384186483983,1200,200,0.9757793336609999,-0.10648384186483983,-0.12557042049439196,0.005827926045607222,0.18038039280332638,0.4825,3,trajectory,-0.4931237420382807,0.12798325463744714,0.696312448879083,0.05153098840078234,13.284134488900502
pattern_uniform_n16,occlusion,cru,1,17,1,True,0.04797531646343289,0.04797531646343289,1200,200,1.0111079652110735,0.04797531646343289,0.03999127075080992,0.01773961445551546,0.07870526049195782,0.15333333333333332,3,channel_group,0.014052462722747695,0.10344103876497726,0.8696584199865659,0.00325975007006543,23.830579311847686
pattern_uniform_n16,occlusion,harmonic,1,,1,True,5.590986382939,5.590986382939,1200,200,3.6232528150066114,5.590986382939,-3.799382966840275,-3.4870533003997415,7.652745593687358,0.6433333333333333,3,channel_group,4.944491186849052,6.458933608378676,2.3205040419031864,0.8136491385207045,4.062629953885141
pattern_uniform_n16,occlusion,hold,1,,1,True,1.0082435995324597,1.0082435995324597,1200,200,1.2613173217132863,1.0082435995324597,-6.703047510061285,-6.094027678809041,4.2925408800751494,0.75,3,channel_group,0.49041382403137657,1.4400074695333978,0.4733122603831483,0.8277609036817254,2.1646057953313114
pattern_uniform_n16,occlusion,kalman,1,,1,True,6.828072126949767,6.828072126949767,1200,200,4.817339040542235,6.828072126949767,-4.379865324609354,-4.2302406911699855,4.138630490838755,0.6833333333333333,3,channel_group,5.01849727108294,8.324353956779397,3.586348768359603,0.8072091201075818,3.750669228879948
pattern_uniform_n16,occlusion,latent_ode,1,17,1,True,0.0027172989419434425,0.0027172989419434425,1200,200,1.0006258769830068,0.0027172989419434425,0.0014978906120239842,0.0021782755872099793,0.00764159317598868,0.2625,3,channel_group,0.002530717372420951,0.002977107352085406,0.982512591034174,0.005890848202605762,42.40076211134593
pattern_uniform_n16,occlusion,linear,1,,1,True,7.506450646001902,7.506450646001902,1200,200,5.631772004484082,7.506450646001902,-4.369671572131584,-3.8517944514296234,4.389637432139951,0.6591666666666667,3,channel_group,4.858394318532618,9.585292464419787,4.307387686408086,0.7953400898528828,4.058911973062544
pattern_uniform_n16,occlusion,local_dynamics,1,17,1,True,0.1510282143967469,0.1510282143967469,1200,200,1.035387270894959,0.1510282143967469,-6.912846443113562,-5.966197270820221,3.6540746085306655,0.7591666666666667,3,channel_group,0.03104472870650169,0.2626682225419812,0.38515228568165183,0.8247446681376702,2.7307807589097015
pattern_uniform_n16,occlusion,neural_flow,1,17,1,True,0.0030044607882732744,0.0030044607882732744,1200,200,1.0006920420130094,0.0030044607882732744,0.0061724946768427,0.0006256187375819654,0.012713128879466684,0.48333333333333334,3,channel_group,-0.0012186856793617677,0.0071962190009137155,0.9702908916274706,0.007206579308009345,37.10945240577062
pattern_uniform_n16,occlusion,observed_state_flow,1,17,1,True,-1.9124968554684407,-1.9124968554684407,1200,200,0.6437990247322402,-1.9124968554684407,-3.981747027382523,-2.2696055092518606,0.9353592898760019,0.8091666666666667,3,channel_group,-3.154085722121715,-0.788527036495918,0.401619173179303,0.8231049762792342,11.510386625042496
pattern_uniform_n16,occlusion,tpatchgnn,1,17,1,True,-0.0007037085992762089,-0.0007037085992762089,1200,200,0.9998379782338938,-0.0007037085992762089,-0.0006558344800429883,-0.0007028609124621514,0.003483423335924064,0.6066666666666667,3,channel_group,-0.002688624814549409,0.0012426846670255441,0.9805321914454301,0.005416118581801989,41.24968235174815
pattern_uniform_n16,sweep_turn,cru,1,17,1,True,-0.6984602864955565,-0.6984602864955565,1200,200,0.8514398474867145,-0.6984602864955565,0.599096852722104,-1.2273737844795292,2.3940140252699487,0.5991666666666666,3,trajectory,-5.924776329701898,1.289262734044394,0.17649262722271183,0.3812261125243828,1.8198700657517959
pattern_uniform_n16,sweep_turn,harmonic,1,,1,True,-7.46381061241202,-7.46381061241202,1200,200,0.1793159571664,-7.46381061241202,-5.44577197630018,-12.38642461871372,-3.2932329000349987,0.9766666666666667,3,trajectory,-12.229218160093378,-5.651082977591938,0.04897640391644013,0.8755442612550299,0.5744625846808776
pattern_uniform_n16,sweep_turn,hold,1,,1,True,-10.471339236189237,-10.471339236189237,1200,200,0.08971520965740026,-10.471339236189237,-8.619833049783638,-14.529856051608856,-6.520731951727699,0.9933333333333333,3,trajectory,-14.191720967342567,-9.144168177313754,0.01668012375343243,0.9211572465594023,0.19262026775324104
pattern_uniform_n16,sweep_turn,kalman,1,,1,True,-10.98597952061155,-10.98597952061155,1200,200,0.07968967358745427,-10.98597952061155,-8.338415227078638,-16.50082997861427,-8.95166149258515,0.9925,3,trajectory,-16.17354716600086,-8.616282281638387,0.03185463824000176,0.9552581275588212,0.4098691004881645
pattern_uniform_n16,sweep_turn,latent_ode,1,17,1,True,-1.1201317988175243,-1.1201317988175243,1200,200,0.7726571362962326,-1.1201317988175243,-0.30188043425029265,-1.0751731738080772,0.8670374609150996,0.55,3,trajectory,-4.211235555954306,-0.12651971805136214,0.26011391742775836,0.31720009604549215,4.273827337905144
pattern_uniform_n16,sweep_turn,linear,1,,1,True,-10.742130630692174,-10.742130630692174,1200,200,0.08429211227065626,-10.742130630692174,-8.061068577293177,-16.408064298838784,-8.829926538117151,0.9916666666666667,3,trajectory,-16.286384313809577,-8.376085750588016,0.033637704845435365,0.9541677171833969,0.45164038983732707
pattern_uniform_n16,sweep_turn,local_dynamics,1,17,1,True,-10.79122830478063,-10.79122830478063,1200,200,0.08334454298884333,-10.79122830478063,-8.835612947188542,-14.702150984024872,-7.280615181294244,0.9933333333333333,3,trajectory,-14.643022246239138,-9.302181371759717,0.016599502533235815,0.9277355300345032,0.1698693047709093
pattern_uniform_n16,sweep_turn,neural_flow,1,17,1,True,-0.15002168523530107,-0.15002168523530107,1200,200,0.966046055306991,-0.15002168523530107,0.09355194672037297,-0.023323552808892735,0.41408978685872844,0.5166666666666667,3,trajectory,-0.7562594466099772,0.18285803312619156,0.49586521110186976,0.08572007372912062,9.230489238500596
pattern_uniform_n16,sweep_turn,observed_state_flow,1,17,1,True,-11.3932031858272,-11.3932031858272,1200,200,0.07255706075997594,-11.3932031858272,-9.366033758870637,-14.923232401912449,-8.315288841557255,0.9941666666666666,3,trajectory,-15.074678256811218,-9.68394375468735,0.018990367581735227,0.9363532832002965,0.31887564891155
pattern_uniform_n16,sweep_turn,tpatchgnn,1,17,1,True,0.1584796489868074,0.1584796489868074,1200,200,1.0371652679145336,0.1584796489868074,0.17306392807575025,0.15991458636213823,0.37643060989998806,0.1725,3,trajectory,0.13391967173110197,0.17450147059342572,0.6936861596008141,0.007856665371610488,12.658032269477845
pattern_uniform_n16,uturn,cru,1,17,1,True,-0.6627538546877489,-0.6627538546877489,1200,200,0.858468995001167,-0.6627538546877489,-0.9230399162635538,-0.08009696912942676,1.229653765704324,0.5216666666666666,3,trajectory,-4.39143755928312,1.0985362039119473,0.2511681120314946,0.27059162205844095,3.8756181642059526
pattern_uniform_n16,uturn,harmonic,1,,1,True,-6.795955697946805,-6.795955697946805,1200,200,0.20912426626554706,-6.795955697946805,-6.0280067692830475,-11.327691501460905,-3.233036394341381,0.955,3,trajectory,-8.319573463170842,-5.607441426281435,0.08552296865478028,0.8835960582294501,0.7550117609140944
pattern_uniform_n16,uturn,hold,1,,1,True,-8.823353589903554,-8.823353589903554,1200,200,0.13111870190712574,-8.823353589903554,-8.773900787991067,-12.77105455247191,-4.668983009644818,0.9908333333333333,3,trajectory,-9.383022002714652,-7.8906608682622,0.03402321523058461,0.88899920253801,0.27935138371872503
pattern_uniform_n16,uturn,kalman,1,,1,True,-8.477393504458018,-8.477393504458018,1200,200,0.141990944991309,-8.477393504458018,-7.707864709845341,-13.84967488708475,-5.397506019899147,0.9766666666666667,3,trajectory,-9.102334007394468,-7.454449418973711,0.07251082427726482,0.9238840708307301,0.6515670003533524
pattern_uniform_n16,uturn,latent_ode,1,17,1,True,-1.4462218245263099,-1.4462218245263099,1200,200,0.7167666952994962,-1.4462218245263099,-1.5422406434188902,-0.1252414530307167,0.31197038590578463,0.5733333333333334,3,trajectory,-6.380785715832257,0.26620280285783526,0.3050550785016579,0.32814357371699165,5.444055423387327
pattern_uniform_n16,uturn,linear,1,,1,True,-8.079219750301839,-8.079219750301839,1200,200,0.15562452001532312,-8.079219750301839,-7.184372665137541,-13.52842600020999,-5.258122173296611,0.9733333333333334,3,trajectory,-9.165235725807152,-6.7786568902193265,0.08040937397619922,0.9218831150443293,0.7001474732859909
pattern_uniform_n16,uturn,local_dynamics,1,17,1,True,-9.441015436774899,-9.441015436774899,1200,200,0.11373613249163095,-9.441015436774899,-9.285501935991238,-13.431063856687231,-5.468191210165635,0.9925,3,trajectory,-10.212821391369417,-8.538832339328534,0.03294217051081124,0.9062168381386436,0.28406369585512947
pattern_uniform_n16,uturn,neural_flow,1,17,1,True,-0.4921394427046162,-0.4921394427046162,1200,200,0.8928655275950829,-0.4921394427046162,-0.5379452964820356,0.3244648535349571,0.5466512459617078,0.4275,3,trajectory,-2.3803199242741773,0.4825107603773877,0.3911376511864364,0.18668862801446984,6.9523631038268405
pattern_uniform_n16,uturn,observed_state_flow,1,17,1,True,-9.637022940610686,-9.637022940610686,1200,200,0.10871706163709552,-9.637022940610686,-9.61287628448176,-13.327657874505753,-5.4916486903449115,0.9925,3,trajectory,-10.783396844827509,-8.343240606888594,0.03754464533483159,0.9061188431670113,0.5546582502548699
pattern_uniform_n16,uturn,tpatchgnn,1,17,1,True,0.10905738736704496,0.10905738736704496,1200,200,1.0254293382167816,0.10905738736704496,0.08074821855664259,0.21827379680072842,0.3227164321537871,0.3358333333333333,3,trajectory,-0.21599867618907284,0.2994166062901676,0.6419924143453439,0.01824589547252567,11.50948521455129
stale_100,climb_descent,cru,1,17,1,True,-1.4846853232592494,-1.4846853232592494,1200,200,0.7104466449686636,-1.4846853232592494,-2.3690761523071973,-5.323095475441302,2.595362269602232,0.6125,3,trajectory,-7.629582340439941,1.699333409511736,0.15052510215435175,0.48870245895486125,2.0366981737564007
stale_100,climb_descent,harmonic,1,,1,True,-8.229291776758558,-8.229291776758558,1200,200,0.15033871100938992,-8.229291776758558,-6.924994159288426,-10.860144524551437,-4.439846683540997,0.9925,3,trajectory,-12.279964929859721,-6.207027483154665,0.028176766159861727,0.8767285176490744,0.37237255550297654
stale_100,climb_descent,hold,1,,1,True,-9.968683368778787,-9.968683368778787,1200,200,0.10072369821151364,-9.968683368778787,-8.802688941639204,-12.774555554370611,-6.393916927704499,1.0,3,trajectory,-13.333577428477286,-8.06141487581548,0.017728640679318487,0.9107816542685032,0.25429975391173987
stale_100,climb_descent,kalman,1,,1,True,-9.229906520773492,-9.229906520773492,1200,200,0.11940138046033094,-9.229906520773492,-8.010795446692935,-13.84818463340197,-5.3728846161720725,0.9858333333333333,3,trajectory,-11.829317811407787,-7.379963871558032,0.06359409361806073,0.9333270651598772,0.6681929968182522
stale_100,climb_descent,latent_ode,1,17,1,True,-1.9846666263379502,-1.9846666263379502,1200,200,0.6331889647742113,-1.9846666263379502,-2.4327039236017662,-3.0600784783029154,0.7635715709426473,0.6358333333333334,3,trajectory,-5.805919086208782,0.5343235950904647,0.2838293840984503,0.43354667987038437,5.039555702572688
stale_100,climb_descent,linear,1,,1,True,-10.46972524715284,-10.46972524715284,1200,200,0.08974855713944024,-10.46972524715284,-9.186078418480365,-14.79401816445277,-6.751139709060296,0.9916666666666667,3,trajectory,-12.591427160707045,-8.528568472148603,0.04722485082122143,0.9489231395969788,0.6480477662145858
stale_100,climb_descent,local_dynamics,1,17,1,True,-10.952669012622067,-10.952669012622067,1200,200,0.08030324565775417,-10.952669012622067,-9.724663502011262,-13.697449630021348,-7.338932578009912,1.0,3,trajectory,-14.576433031950803,-8.94200159624696,0.018889789356459564,0.9311485183984041,0.258759042211459
stale_100,climb_descent,neural_flow,1,17,1,True,-1.1504654139567991,-1.1504654139567991,1200,200,0.7672792590719958,-1.1504654139567991,-1.4774855965727327,-0.5283949558387195,0.6525790588162731,0.565,3,trajectory,-2.406312182777973,0.42323308359941525,0.3632558886210124,0.2861708728710043,6.32356082846721
stale_100,climb_descent,observed_state_flow,1,17,1,True,-11.655413953577076,-11.655413953577076,1200,200,0.06830596081388644,-11.655413953577076,-10.614831905150186,-13.592275844504186,-8.14210827838843,1.0,3,trajectory,-14.179930053264444,-9.936415313416648,0.027974456622808504,0.942311046347022,0.7835069778840988
stale_100,climb_descent,tpatchgnn,1,17,1,True,-0.08087017572007948,-0.08087017572007948,1200,200,0.9815512544413407,-0.08087017572007948,-0.15528764489984778,-0.1564867955017703,0.4698036288909354,0.5641666666666667,3,trajectory,-0.4307359559377151,0.3657294734681267,0.6643659320970376,0.06172466017245213,11.773939437866211
stale_100,cruise,cru,1,17,1,True,-5.026458416395457,-5.026458416395457,1200,200,0.3143070759670809,-5.026458416395457,-4.39429140504271,-5.612769910148141,-2.10990065870183,0.9941666666666666,3,trajectory,-6.053481432043477,-4.514151116607788,0.10266612676903601,0.6987284216812502,1.4066580155507835
stale_100,cruise,harmonic,1,,1,True,-10.080021700591749,-10.080021700591749,1200,200,0.09817430374872245,-10.080021700591749,-9.098096665797756,-14.748327310692957,-5.728443083523166,0.9975,3,trajectory,-11.55758718102913,-9.08996147229689,0.033346463254129,0.9236662815262874,0.46378683918759633
stale_100,cruise,hold,1,,1,True,-10.214771517502456,-10.214771517502456,1200,200,0.0951749918396429,-10.214771517502456,-9.521906643587196,-13.513021294452125,-5.796986364201023,1.0,3,trajectory,-11.729126303142268,-9.268020215511486,0.01115225560753359,0.9097734775394202,0.14359274949504952
stale_100,cruise,kalman,1,,1,True,-11.936534698941664,-11.936534698941664,1200,200,0.06402454932433703,-11.936534698941664,-10.753765607488834,-17.066489240499564,-7.722922419424644,0.9966666666666667,3,trajectory,-14.196827156841243,-10.976074243644227,0.035170059348310995,0.9578229488929113,0.5661490402810644
stale_100,cruise,latent_ode,1,17,1,True,-3.873751546750664,-3.873751546750664,1200,200,0.40984991119864084,-3.873751546750664,-3.54681137884822,-3.853219476772149,-0.9391435235744221,0.9933333333333333,3,trajectory,-4.435751753598124,-3.478895288329848,0.15936353890380509,0.6023458476395657,2.942700875114145
stale_100,cruise,linear,1,,1,True,-11.68462890662294,-11.68462890662294,1200,200,0.06784800923865983,-11.68462890662294,-10.539462999747338,-16.85150224357202,-7.381236554680518,0.9958333333333333,3,trajectory,-13.862211896745896,-10.646284136071584,0.0387953104745732,0.9571921036144098,0.6301724000143197
stale_100,cruise,local_dynamics,1,17,1,True,-11.76789999393835,-11.76789999393835,1200,200,0.06655949230092417,-11.76789999393835,-10.84336233035166,-14.994053346109059,-7.86067655871007,1.0,3,trajectory,-13.71191011515198,-10.908859358402324,0.014607450911316799,0.9386556726694107,0.1373448047072573
stale_100,cruise,neural_flow,1,17,1,True,-1.5123678892170873,-1.5123678892170873,1200,200,0.7059325560803215,-1.5123678892170873,-1.0698927415054298,-1.3174302027517382,0.09558110210471789,0.815,3,trajectory,-2.026686881655518,-1.0469297892084155,0.335764727126807,0.3183522207139868,6.03555155903101
stale_100,cruise,observed_state_flow,1,17,1,True,-12.34448933790927,-12.34448933790927,1200,200,0.058284230386683046,-12.34448933790927,-11.515409243876846,-15.253127023525472,-8.330989698728882,1.0,3,trajectory,-13.742714735954761,-11.732662786314334,0.02320849410015697,0.9471163284281889,0.7468541869862626
stale_100,cruise,tpatchgnn,1,17,1,True,-0.11861878961786011,-0.11861878961786011,1200,200,0.9730566410720348,-0.11861878961786011,-0.10151364022824545,-0.1509279700706762,0.030047172070719497,0.7858333333333334,3,trajectory,-0.14067895430872052,-0.08082400187309684,0.8296204555034637,0.0493225068614583,19.629631258646647
stale_100,highspeed,cru,1,17,1,True,-2.6123537679340627,-2.6123537679340627,1200,200,0.5479798929703732,-2.6123537679340627,-2.0023655766877537,-3.903861088559406,0.4316880189049213,0.815,3,trajectory,-5.7483571096689365,-0.79520365680705,0.19274894362005093,0.5219440956636165,2.6615948357770685
stale_100,highspeed,harmonic,1,,1,True,-2.882271280098761,-2.882271280098761,1200,200,0.5149592599441772,-2.882271280098761,-0.9951527245063235,-9.433751513054585,-0.16906978572434045,0.9025,3,trajectory,-6.510428361555918,-0.6835117944222888,0.20506009609674947,0.8313329117534886,1.3884894314038683
stale_100,highspeed,hold,1,,1,True,-5.918231423905526,-5.918231423905526,1200,200,0.25596280312379044,-5.918231423905526,-4.250538569941542,-9.647668342346652,-1.926659402565539,0.9375,3,trajectory,-7.658418729309641,-4.572637817383846,0.02534091039323049,0.8139240182743758,0.602315604817777
stale_100,highspeed,kalman,1,,1,True,-3.6015016281454266,-3.6015016281454266,1200,200,0.43636492745574895,-3.6015016281454266,-1.5323364640823414,-12.296442018997524,-0.9787564188046595,0.915,3,trajectory,-7.545827889605585,-1.227424299552311,0.1869666029378944,0.8705825593066364,1.24553383392756
stale_100,highspeed,latent_ode,1,17,1,True,-2.0365414709497127,-2.0365414709497127,1200,200,0.6256707509296636,-2.0365414709497127,-1.6158772278602942,-2.273647740662745,0.1943172849904207,0.8533333333333334,3,trajectory,-4.465349386445344,-0.664808662279551,0.26234888018264124,0.41434396305948346,4.737145888066346
stale_100,highspeed,linear,1,,1,True,-3.1917554872086518,-3.1917554872086518,1200,200,0.4795395719511119,-3.1917554872086518,-1.1360267367948944,-11.926894524801606,-0.4319183097749357,0.9091666666666667,3,trajectory,-7.186526131635395,-0.7930176753686176,0.21523040777030475,0.8664068392869861,1.3563073612657899
stale_100,highspeed,local_dynamics,1,17,1,True,-6.252064980464935,-6.252064980464935,1200,200,0.23702464345144109,-6.252064980464935,-4.441956873554146,-10.545858890186448,-2.4659147195302897,0.945,3,trajectory,-8.234028387361679,-4.807372509871253,0.03297134116374456,0.8354472251705193,0.5475317559021642
stale_100,highspeed,neural_flow,1,17,1,True,-0.12472402744095631,-0.12472402744095631,1200,200,0.9716896956662336,-0.12472402744095631,-0.14271852375768898,-0.014208606181137704,0.15487472723526075,0.5575,3,trajectory,-0.49927696017699974,0.07680381035204004,0.7037887259821097,0.054398976861598905,13.53699718316396
stale_100,highspeed,observed_state_flow,1,17,1,True,-7.065717227743997,-7.065717227743997,1200,200,0.19652973892555262,-7.065717227743997,-5.369160430366212,-10.080538746044846,-3.4417327715021684,0.9658333333333333,3,trajectory,-9.059754746303014,-5.659493677240603,0.04730159401408547,0.8447599882337696,1.1503210550461276
stale_100,highspeed,tpatchgnn,1,17,1,True,-0.10646019198682696,-0.10646019198682696,1200,200,0.9757846473654112,-0.10646019198682696,-0.12539965429932656,0.005846808179514109,0.1831579514572411,0.4875,3,trajectory,-0.4959967739227497,0.1296866120422384,0.6957340887685617,0.05150657388415117,13.273084576129913
stale_100,occlusion,cru,1,17,1,True,0.06826004468706116,0.06826004468706116,1200,200,1.015841625034809,0.06826004468706116,0.04103230408585536,0.01959334847291936,0.09334160899235822,0.16916666666666666,3,channel_group,0.025699068409222946,0.14192527237891472,0.8595596230526765,0.0038058302532535007,23.605906933148702
stale_100,occlusion,harmonic,1,,1,True,6.722269419127907,6.722269419127907,1200,200,4.7013971737828495,6.722269419127907,-3.0674626823935296,-2.497905886446385,9.226300051141909,0.5808333333333333,3,channel_group,6.327018173118933,7.420243922592212,3.038940873564667,0.7934388359812147,4.593597778378365
stale_100,occlusion,hold,1,,1,True,3.6377467362956435,3.6377467362956435,1200,200,2.3108655254729094,3.6377467362956435,-5.1766819681600476,-4.187359791426097,5.515235841558157,0.6441666666666667,3,channel_group,2.2750092505878965,4.960718962850307,1.069538915187683,0.8081256413902156,3.2237032626445097
stale_100,occlusion,kalman,1,,1,True,9.963363673066937,9.963363673066937,1200,200,9.915996557118682,9.963363673066937,-2.624637530977259,-2.4410981742386983,8.961234534851224,0.5766666666666667,3,channel_group,6.735988088400761,12.432992882540928,7.807947535514734,0.8031599301703681,3.7722380617543725
stale_100,occlusion,latent_ode,1,17,1,True,0.002751826118180506,0.002751826118180506,1200,200,1.0006338321665922,0.002751826118180506,0.0012728363320136367,0.0019285940666357582,0.008121268851453011,0.2658333333333333,3,channel_group,0.0024770395202711524,0.003205287672602543,0.9823319768408935,0.005473254081651125,42.47395445187887
stale_100,occlusion,linear,1,,1,True,10.384261195746706,10.384261195746706,1200,200,10.925117576866178,10.384261195746706,-2.505810215631261,-2.2845186109380933,9.649493989796765,0.5658333333333333,3,channel_group,6.686801134719024,12.948057596288535,8.720447399568512,0.7933362421311904,4.020654044334273
stale_100,occlusion,local_dynamics,1,17,1,True,2.2555279307393064,2.2555279307393064,1200,200,1.6809422495456723,2.2555279307393064,-5.336828029930735,-3.87836092572458,4.381103562071184,0.67,3,channel_group,2.0762480412259365,2.3486967862567596,0.7207243471374386,0.8023217718489468,4.191664155358351
stale_100,occlusion,neural_flow,1,17,1,True,0.003311413352066068,0.003311413352066068,1200,200,1.000762771864732,0.003311413352066068,0.0061181267934125975,0.0003737772905158056,0.012409743974068568,0.4866666666666667,3,channel_group,-0.0009409375938994255,0.007272565144834288,0.9698015751938025,0.007188437578902975,37.358227980136874
stale_100,occlusion,observed_state_flow,1,17,1,True,0.12277487174320158,0.12277487174320158,1200,200,1.0286733465145033,0.12277487174320158,-1.66061908899747,-0.5911835995252437,1.056467221249236,0.745,3,channel_group,-1.3797975324932408,1.6450049885791183,0.7492813507777949,0.7878172390838154,18.773450565586487
stale_100,occlusion,tpatchgnn,1,17,1,True,-0.0005764221250149099,-0.0005764221250149099,1200,200,0.9998672827084859,-0.0005764221250149099,-0.0006545791228304755,-0.000671922283632443,0.003680253262875732,0.6041666666666666,3,channel_group,-0.0025344192409831397,0.0014301041506404487,0.9801779995858669,0.005412371981807713,41.47597616195679
stale_100,sweep_turn,cru,1,17,1,True,-0.777764636325869,-0.777764636325869,1200,200,0.8360332234265904,-0.777764636325869,0.482239723031166,-1.1588952972008828,2.2722186645286007,0.5983333333333334,3,trajectory,-5.971900459392431,1.2096054552478215,0.17666328488849103,0.3790302550539972,1.9567960516990084
stale_100,sweep_turn,harmonic,1,,1,True,-8.170371722592542,-8.170371722592542,1200,200,0.15239223122144413,-8.170371722592542,-5.903444632072975,-12.666597400453007,-4.592527489572963,0.9841666666666666,3,trajectory,-13.013772641956065,-6.23550773378849,0.0482821839474066,0.9048921447920051,0.6988779049865116
stale_100,sweep_turn,hold,1,,1,True,-8.910446895762046,-8.910446895762046,1200,200,0.12851544087561095,-8.910446895762046,-7.122896020887353,-12.355729222835976,-4.957985783176555,0.9891666666666666,3,trajectory,-12.58123374736564,-7.802836419495266,0.017464507363729308,0.8882405630535989,0.30161353154289827
stale_100,sweep_turn,kalman,1,,1,True,-9.512395655199752,-9.512395655199752,1200,200,0.11188205494299225,-9.512395655199752,-6.912279372374311,-15.300453916150136,-6.535246043197662,0.9883333333333333,3,trajectory,-14.93238142274585,-7.2879156629822734,0.04446856369601539,0.9390439145488805,0.5624982465141026
stale_100,sweep_turn,latent_ode,1,17,1,True,-1.1127019764360682,-1.1127019764360682,1200,200,0.7739801138763627,-1.1127019764360682,-0.3011446613486423,-1.0273261716642825,0.7792267967933822,0.5525,3,trajectory,-4.11731254977867,-0.10709637321867826,0.27382776914785306,0.3093658619761506,4.563978369068354
stale_100,sweep_turn,linear,1,,1,True,-9.2897644023582,-9.2897644023582,1200,200,0.11776698584485222,-9.2897644023582,-6.685758829596064,-15.181814924170512,-6.383172836948259,0.9883333333333333,3,trajectory,-14.771343796248857,-7.054459785118617,0.049003020688778584,0.9385213644240882,0.622245332384579
stale_100,sweep_turn,local_dynamics,1,17,1,True,-9.299340987793792,-9.299340987793792,1200,200,0.11750758511441134,-9.299340987793792,-7.385560865660821,-12.766175398293754,-5.537550746903763,0.9891666666666666,3,trajectory,-13.084793616634405,-8.019125991681332,0.017803026309235623,0.8993656775478788,0.26248563111374096
stale_100,sweep_turn,neural_flow,1,17,1,True,-0.142690769512601,-0.142690769512601,1200,200,0.9676781236628691,-0.142690769512601,0.10637918819835387,-0.015339065871708177,0.4047853974608131,0.5191666666666667,3,trajectory,-0.7578162550425507,0.20651733631329897,0.49554365035146475,0.08546684912461695,9.22655696650346
stale_100,sweep_turn,observed_state_flow,1,17,1,True,-10.033540656190922,-10.033540656190922,1200,200,0.09923067244097178,-10.033540656190922,-8.07063881265217,-13.176506630648024,-6.600455049883456,0.9925,3,trajectory,-13.515705745470628,-8.53139913209986,0.023239773120427902,0.9128426878517105,0.5246795837129563
stale_100,sweep_turn,tpatchgnn,1,17,1,True,0.15836865909385706,0.15836865909385706,1200,200,1.0371387620766959,0.15836865909385706,0.17186600289141915,0.15826781513770002,0.3778594338417917,0.17333333333333334,3,trajectory,0.13084760695163866,0.17774314418119003,0.694181541254123,0.007855106577824195,12.677819176514943
stale_100,uturn,cru,1,17,1,True,-0.5841366429103596,-0.5841366429103596,1200,200,0.8741507523941497,-0.5841366429103596,-0.8036848105549594,-0.001416331031457737,1.2279331179860484,0.5016666666666667,3,trajectory,-4.009865003637733,1.1037743385762995,0.2540999366793161,0.258588401845769,3.917308526401757
stale_100,uturn,harmonic,1,,1,True,-6.37894570053256,-6.37894570053256,1200,200,0.23020005865217777,-6.37894570053256,-5.337676954383755,-10.930530594831325,-4.547701978816378,0.9575,3,trajectory,-8.110535955719858,-4.6584702242529925,0.11214398282756514,0.889172763525227,0.9232717333066618
stale_100,uturn,hold,1,,1,True,-7.636253117597179,-7.636253117597179,1200,200,0.17233547607916988,-7.636253117597179,-7.179179894643673,-10.880654964023933,-4.346944042747661,0.975,3,trajectory,-8.136522837126686,-7.3323501520302194,0.032859750113905906,0.8591779449341508,0.38705435066835586
stale_100,uturn,kalman,1,,1,True,-6.668356471310676,-6.668356471310676,1200,200,0.21535965800099802,-6.668356471310676,-5.7768430152874695,-11.982151065435374,-3.504193508590095,0.9641666666666666,3,trajectory,-7.580470587504625,-5.458124038382671,0.11049312204229556,0.8977377167060331,0.85915889381511
stale_100,uturn,latent_ode,1,17,1,True,-1.3632179607046475,-1.3632179607046475,1200,200,0.730597537253052,-1.3632179607046475,-1.4065408168932212,-0.15616201303320487,0.3076488385011107,0.5641666666666667,3,trajectory,-5.706928821198476,0.24386240273810134,0.30928579420161745,0.31475646690239956,5.530555507680401
stale_100,uturn,linear,1,,1,True,-6.293623074440085,-6.293623074440085,1200,200,0.23476734718249645,-6.293623074440085,-5.340451853159463,-11.850653178521341,-3.0397426696896557,0.9591666666666666,3,trajectory,-7.408033803202269,-4.956280734459107,0.12487521261180211,0.8950410163538618,0.9314307776909846
stale_100,uturn,local_dynamics,1,17,1,True,-8.296652452093099,-8.296652452093099,1200,200,0.1480248926478816,-8.296652452093099,-7.722381983541286,-11.625128169833934,-5.081389960693741,0.9833333333333333,3,trajectory,-8.813901137782914,-7.865797742016331,0.035903875593006236,0.8845561914074157,0.3954452356370651
stale_100,uturn,neural_flow,1,17,1,True,-0.4589843044322388,-0.4589843044322388,1200,200,0.8997079739222924,-0.4589843044322388,-0.4824269520837287,0.3292134045678984,0.5521245071147678,0.41833333333333333,3,trajectory,-2.242121464617216,0.4804127049717508,0.39211704809839526,0.1819119021682263,6.982459748784701
stale_100,uturn,observed_state_flow,1,17,1,True,-8.675290113582811,-8.675290113582811,1200,200,0.1356659900870484,-8.675290113582811,-8.283182131492566,-11.661120828665489,-5.136118801922816,0.99,3,trajectory,-8.974668967412775,-8.499950395568888,0.04159071340274138,0.884813807625178,0.8320118778202837
stale_100,uturn,tpatchgnn,1,17,1,True,0.1093930583475193,0.1093930583475193,1200,200,1.0255085978408653,0.1093930583475193,0.08111864747345579,0.21642559708063352,0.32333420699681126,0.3358333333333333,3,trajectory,-0.2150451091185693,0.2999870864535585,0.6419401939213276,0.01824480847638365,11.50984309911728
stale_50,climb_descent,cru,1,17,1,True,-1.5227702387888384,-1.5227702387888384,1200,200,0.7042437089886516,-1.5227702387888384,-2.4293543409974765,-5.660085203892999,2.5750608571225366,0.6066666666666667,3,trajectory,-7.9168588382978395,1.7014713418899117,0.14968639859619237,0.4938248559471928,1.9938531838605802
stale_50,climb_descent,harmonic,1,,1,True,-9.487327043216563,-9.487327043216563,1200,200,0.11252973488112422,-9.487327043216563,-8.192257617341381,-13.166860205630709,-5.488031246112397,0.995,3,trajectory,-13.285872318947689,-7.412941798447186,0.028869146798557826,0.9124273138244947,0.4126761360694218
stale_50,climb_descent,hold,1,,1,True,-10.797000871313582,-10.797000871313582,1200,200,0.08323383646632763,-10.797000871313582,-9.657392271348806,-14.003808357085859,-7.078374191677738,1.0,3,trajectory,-14.314469059225026,-8.967283878473854,0.016659955544982896,0.9250702880322933,0.22910374340749817
stale_50,climb_descent,kalman,1,,1,True,-10.531045507318415,-10.531045507318415,1200,200,0.08849025554387477,-10.531045507318415,-9.380136968445065,-14.957749170963798,-6.596176791652802,0.9908333333333333,3,trajectory,-13.05440595615142,-8.796171811691387,0.04757547313874961,0.9467592808852593,0.520995619908305
stale_50,climb_descent,latent_ode,1,17,1,True,-2.053633359823857,-2.053633359823857,1200,200,0.6232132296450437,-2.053633359823857,-2.528055341955444,-3.324247832714509,0.7654592174585912,0.6391666666666667,3,trajectory,-6.068563438157623,0.5301356967816674,0.2792453386634588,0.4409038077034711,4.93296407591862
stale_50,climb_descent,linear,1,,1,True,-11.651594983819729,-11.651594983819729,1200,200,0.06836605209665621,-11.651594983819729,-10.369181649246439,-15.970122132042878,-8.156291882926162,0.9991666666666666,3,trajectory,-14.239978340359354,-9.735487767824601,0.03535823648768802,0.959194941719373,0.5185010915861827
stale_50,climb_descent,local_dynamics,1,17,1,True,-11.843919906354882,-11.843919906354882,1200,200,0.06540455714052461,-11.843919906354882,-10.673504958584077,-14.568313224825825,-8.34874222954618,1.0,3,trajectory,-15.466984735784546,-9.970692470202609,0.01619251403656861,0.9423579195638497,0.22343810343081713
stale_50,climb_descent,neural_flow,1,17,1,True,-1.179707852589075,-1.179707852589075,1200,200,0.7621302763683101,-1.179707852589075,-1.5126008497312564,-0.6454682967832939,0.6441587336863626,0.5716666666666667,3,trajectory,-2.480219269664753,0.4197363712522001,0.3628593759797514,0.29012631097979463,6.30438700179259
stale_50,climb_descent,observed_state_flow,1,17,1,True,-12.518763699856756,-12.518763699856756,1200,200,0.05599169696060315,-12.518763699856756,-11.506201653737902,-14.778316489955987,-9.158388497737281,1.0,3,trajectory,-15.331413307278732,-10.89134017186332,0.022759007931163023,0.9516160753866036,0.6306520522332478
stale_50,climb_descent,tpatchgnn,1,17,1,True,-0.08121659792319047,-0.08121659792319047,1200,200,0.9814729624986649,-0.08121659792319047,-0.15548567918278394,-0.156552542765847,0.4672562531800908,0.565,3,trajectory,-0.43069191939923945,0.3650037196347875,0.6642088498175144,0.06171497527968308,11.766310299237569
stale_50,cruise,cru,1,17,1,True,-5.148321289066504,-5.148321289066504,1200,200,0.3056102182964484,-5.148321289066504,-4.494612530518677,-5.668021230419347,-2.2551742235043855,0.995,3,trajectory,-6.1724110371091445,-4.61180090925149,0.10521415397447219,0.706543538843592,1.3931517795679005
stale_50,cruise,harmonic,1,,1,True,-11.108058056731089,-11.108058056731089,1200,200,0.07748081750270401,-11.108058056731089,-9.920889068315894,-16.767506331395495,-6.600753529495486,1.0,3,trajectory,-13.454263379073367,-9.933137286627677,0.02694702549813272,0.9391733565926552,0.407549232483337
stale_50,cruise,hold,1,,1,True,-11.109484147597497,-11.109484147597497,1200,200,0.07745537933777082,-11.109484147597497,-10.349830804934541,-15.147698008198157,-6.548673007670256,1.0,3,trajectory,-12.760728365659002,-10.182152211378682,0.011142963958870145,0.9262115842103958,0.11821114575530368
stale_50,cruise,kalman,1,,1,True,-13.073099111377822,-13.073099111377822,1200,200,0.04928220022605572,-13.073099111377822,-11.9736822317595,-18.340812404876424,-8.774813692817672,1.0,3,trajectory,-15.281635564948354,-11.991323271239997,0.027570267341579847,0.9664554985860984,0.4745729347473146
stale_50,cruise,latent_ode,1,17,1,True,-4.041407491865854,-4.041407491865854,1200,200,0.39432948431310555,-4.041407491865854,-3.7243270799016233,-4.017080348484237,-1.052460393473284,0.995,3,trajectory,-4.484089576705605,-3.7058854587123307,0.15678705273351318,0.6166869948913033,2.8288619683512177
stale_50,cruise,linear,1,,1,True,-12.902458389963837,-12.902458389963837,1200,200,0.051257115315772005,-12.902458389963837,-11.8469699041561,-18.03075619042464,-8.638563303590145,0.9991666666666666,3,trajectory,-15.048907827447442,-11.721251060537307,0.02935478908099559,0.9661707165340583,0.5222667534650343
stale_50,cruise,local_dynamics,1,17,1,True,-12.601543218609482,-12.601543218609482,1200,200,0.05493456351240937,-12.601543218609482,-11.634126055844243,-16.51532447516714,-8.634342905061262,1.0,3,trajectory,-14.656306447016235,-11.760636654772414,0.013072429602240494,0.9488275669515133,0.11269978060867283
stale_50,cruise,neural_flow,1,17,1,True,-1.5438425918915557,-1.5438425918915557,1200,200,0.7008349326377113,-1.5438425918915557,-1.1006524159150048,-1.3307215858047123,0.08140585930433052,0.8266666666666667,3,trajectory,-2.034794963704033,-1.0655371066431356,0.3352530802972615,0.32264237725562755,6.0227278087536495
stale_50,cruise,observed_state_flow,1,17,1,True,-13.189990377205795,-13.189990377205795,1200,200,0.047973451159778004,-13.189990377205799,-12.319734729496632,-16.7418182295849,-8.94106281495106,1.0,3,trajectory,-14.76986082223944,-12.546944860518046,0.01924057902649409,0.9561372335255146,0.5935288232782234
stale_50,cruise,tpatchgnn,1,17,1,True,-0.11882249464353357,-0.11882249464353357,1200,200,0.9730110011001428,-0.11882249464353357,-0.10173213161365066,-0.15087115099815696,0.029865107178504786,0.7858333333333334,3,trajectory,-0.14103044093632053,-0.0810758226179139,0.8294178491830826,0.04931074175348381,19.61832044760386
stale_50,highspeed,cru,1,17,1,True,-2.7259557215636327,-2.7259557215636327,1200,200,0.5338317840111753,-2.7259557215636327,-2.142566253232955,-4.111138913115203,0.4137595017384712,0.8158333333333333,3,trajectory,-6.06791913140161,-0.8179123191798745,0.18729232457932085,0.5343863511262003,2.5356081456764756
stale_50,highspeed,harmonic,1,,1,True,-3.7608443456624734,-3.7608443456624734,1200,200,0.42064483960092425,-3.7608443456624734,-1.8328871123448875,-11.229267284537231,-0.8373877049687624,0.9141666666666667,3,trajectory,-7.640883521640055,-1.5206575038041226,0.16797114297204943,0.8610721918100899,1.2084204291615848
stale_50,highspeed,hold,1,,1,True,-6.878095944345352,-6.878095944345352,1200,200,0.2052061656800409,-6.878095944345352,-5.206213468864039,-11.202691248044367,-2.63349734584509,0.9533333333333334,3,trajectory,-8.553973431198855,-5.584104059199921,0.023333306675922313,0.8494262839531984,0.48084779199392264
stale_50,highspeed,kalman,1,,1,True,-4.434217569802406,-4.434217569802406,1200,200,0.36022864377759106,-4.434217569802406,-2.351575014778426,-13.379652334878328,-1.7945182040140166,0.9233333333333333,3,trajectory,-8.559041950902218,-2.058564193244568,0.15386665617838535,0.8891028623236585,1.0662733447886907
stale_50,highspeed,latent_ode,1,17,1,True,-2.152535324715507,-2.152535324715507,1200,200,0.6091811655803273,-2.152535324715507,-1.7870607496604616,-2.4233961365136434,0.10890546683513139,0.86,3,trajectory,-4.85187516809866,-0.6890303415943626,0.25699290168937294,0.4277834680620947,4.624791676115929
stale_50,highspeed,linear,1,,1,True,-4.036631428651915,-4.036631428651915,1200,200,0.3947633784991558,-4.036631428651915,-1.9543990243738383,-12.850599171285491,-1.4762985174646746,0.9175,3,trajectory,-8.226089802392057,-1.6478068757864326,0.1719599246543688,0.883878234049868,1.1579827771610387
stale_50,highspeed,local_dynamics,1,17,1,True,-7.142884366376654,-7.142884366376654,1200,200,0.19306856264447558,-7.142884366376654,-5.328090265544199,-11.894834885163903,-3.221343329755592,0.9616666666666667,3,trajectory,-9.03528882966672,-5.781785892657122,0.028780731312350885,0.8635419000624945,0.43794477381580993
stale_50,highspeed,neural_flow,1,17,1,True,-0.12467987959328901,-0.12467987959328901,1200,200,0.9716995733479659,-0.12467987959328901,-0.14278978648509952,-0.014633783647167654,0.15769405543817466,0.5575,3,trajectory,-0.49775084469724146,0.07615092361339561,0.7041300256550312,0.05439341595318216,13.544355047543844
stale_50,highspeed,observed_state_flow,1,17,1,True,-7.928356939359285,-7.928356939359285,1200,200,0.16112551039201206,-7.9283569393592845,-6.222495787503002,-11.569557496673177,-4.527337573790657,0.9675,3,trajectory,-9.885049010567556,-6.577395339332974,0.03937630767419852,0.872107021312986,0.9007788401261011
stale_50,highspeed,tpatchgnn,1,17,1,True,-0.10655107888484769,-0.10655107888484769,1200,200,0.9757642268637816,-0.10655107888484769,-0.12547261091938214,0.0057904488033178195,0.1824755253044887,0.4841666666666667,3,trajectory,-0.49476911809825413,0.1288346170647914,0.6960852753122647,0.05152745957484585,13.280961614449819
stale_50,occlusion,cru,1,17,1,True,0.059033853886761356,0.059033853886761356,1200,200,1.0136858526865642,0.059033853886761356,0.04057713425875163,0.01968276776021205,0.08833810447597659,0.14416666666666667,3,channel_group,0.01987415760740955,0.12517623776170916,0.8624496652434269,0.00386349857710679,23.496278802355132
stale_50,occlusion,harmonic,1,,1,True,6.533958886511748,6.533958886511748,1200,200,4.501900464344072,6.533958886511748,-3.929918158345958,-3.3601707472022753,8.105302174954462,0.6108333333333333,3,channel_group,5.077725056172321,7.446741308685474,2.9910471065435558,0.8156962262916689,4.279291575466753
stale_50,occlusion,hold,1,,1,True,2.5474440055611893,2.5474440055611893,1200,200,1.7978125200793147,2.5474440055611893,-5.732369240186619,-4.755728869401548,5.324093328349418,0.6808333333333333,3,channel_group,1.6248448542542713,3.5694268457281675,0.7391869224233475,0.816077766660601,2.7168677697260866
stale_50,occlusion,kalman,1,,1,True,8.303940831482805,8.303940831482805,1200,200,6.766967382581012,8.303940831482805,-3.558294886656585,-3.1722275687781476,6.345449285485455,0.6175,3,channel_group,5.647905594213177,10.200212587656782,5.096325930889677,0.8152482772397343,3.484463579381894
stale_50,occlusion,latent_ode,1,17,1,True,0.002858335442460162,0.002858335442460162,1200,200,1.0006583726902802,0.002858335442460162,0.0013754131468353696,0.002091341474585435,0.007659888078559377,0.2608333333333333,3,channel_group,0.00256956338300723,0.0034162370210226887,0.9824127452572187,0.005841085771055295,42.422547942797344
stale_50,occlusion,linear,1,,1,True,8.848107389123909,8.848107389123909,1200,200,7.670271539385625,8.848107389123909,-3.516368742629056,-3.0637588155525366,7.078001516684043,0.6008333333333333,3,channel_group,5.5678041597882135,11.067109459981273,5.9126800771195365,0.8064349016081542,3.7629337143409067
stale_50,occlusion,local_dynamics,1,17,1,True,1.6092161444102726,1.6092161444102726,1200,200,1.4485103891502755,1.6092161444102726,-5.895449789757459,-4.622162582278343,4.497202774823274,0.6883333333333334,3,channel_group,1.3769725076013928,2.020337785997101,0.5688193300028798,0.8105687669827603,3.4917137614878935
stale_50,occlusion,neural_flow,1,17,1,True,0.0032578015779357954,0.0032578015779357954,1200,200,1.0007504179577034,0.0032578015779357954,0.006124717794666498,0.0006494300023519022,0.012586243401169142,0.47833333333333333,3,channel_group,-0.0009748626733093439,0.007330434690359061,0.9699425731102626,0.0072042257533693034,37.222513270378116
stale_50,occlusion,observed_state_flow,1,17,1,True,-0.673248882495797,-0.673248882495797,1200,200,0.856396949676176,-0.673248882495797,-2.6570031291947482,-1.0688949159064274,1.6898624713335308,0.7575,3,channel_group,-2.2561913425269635,0.730342913319244,0.5481573476813113,0.8072475310676964,15.129991689368616
stale_50,occlusion,tpatchgnn,1,17,1,True,-0.0006040311050009299,-0.0006040311050009299,1200,200,0.999860926369826,-0.0006040311050009299,-0.0006551161214833033,-0.0006852556435738698,0.003525221386206783,0.6033333333333334,3,channel_group,-0.002569875931477978,0.001395670021187733,0.9802838690578938,0.005390786093379679,41.35166626930237
stale_50,sweep_turn,cru,1,17,1,True,-0.7416526549148672,-0.7416526549148672,1200,200,0.843013898016264,-0.7416526549148672,0.5387055461180924,-1.2062806317451265,2.3191297015649988,0.5975,3,trajectory,-5.965164709438088,1.2501760041394785,0.17769806179217995,0.38078341144409744,1.880237080605487
stale_50,sweep_turn,harmonic,1,,1,True,-9.02587679539976,-9.02587679539976,1200,200,0.12514465934715793,-9.025876795399759,-6.630632648780653,-14.055166482286785,-5.907771374748016,0.9891666666666666,3,trajectory,-14.001574258027736,-6.9145007033151344,0.04200874010418067,0.9228757912161746,0.6365251964006227
stale_50,sweep_turn,hold,1,,1,True,-9.778931875966565,-9.778931875966565,1200,200,0.10522206300342073,-9.778931875966565,-7.9255371278856215,-13.760450355537039,-5.968420834326548,0.99,3,trajectory,-13.4920116137042,-8.503220354054283,0.01644140876895406,0.9084115732073648,0.2447632206626319
stale_50,sweep_turn,kalman,1,,1,True,-10.185457983118411,-10.185457983118411,1200,200,0.09581956649238535,-10.185457983118411,-7.539039012680689,-16.289523391435914,-7.504467322840467,0.9908333333333333,3,trajectory,-15.910573058521587,-7.854815651412331,0.03871977384831851,0.9477532298589358,0.49000258775498273
stale_50,sweep_turn,latent_ode,1,17,1,True,-1.1225343125283551,-1.1225343125283551,1200,200,0.7722298211728533,-1.1225343125283551,-0.3066726353057703,-1.0342625573423914,0.8113965750904538,0.5525,3,trajectory,-4.176532558532488,-0.11818894072299821,0.2673522065455715,0.3138653275242151,4.431009858232768
stale_50,sweep_turn,linear,1,,1,True,-9.964293907310992,-9.964293907310992,1200,200,0.10082555221037177,-9.964293907310992,-7.328018085457071,-16.02635161643616,-7.300476909942164,0.9916666666666667,3,trajectory,-15.765031267059218,-7.684996936512016,0.041416552410313015,0.9465846409961038,0.5359539133440133
stale_50,sweep_turn,local_dynamics,1,17,1,True,-10.139432105812858,-10.139432105812858,1200,200,0.09684044789429506,-10.139432105812858,-8.158364466314826,-14.065860871595888,-6.717881619936795,0.9908333333333333,3,trajectory,-13.9945362466171,-8.677472317924886,0.016509704601688355,0.9170393882953795,0.21438190790150352
stale_50,sweep_turn,neural_flow,1,17,1,True,-0.14595703186815645,-0.14595703186815645,1200,200,0.9669506213565667,-0.14595703186815645,0.10025847213042408,-0.02016769875830502,0.41224454917026965,0.5183333333333333,3,trajectory,-0.7556975578095422,0.1948906550462401,0.4962019515037537,0.08547972902806844,9.2371112459898
stale_50,sweep_turn,observed_state_flow,1,17,1,True,-10.814735814342047,-10.814735814342047,1200,200,0.08289463403707482,-10.814735814342047,-8.769670603497211,-14.554742307661517,-7.705512561140667,0.9925,3,trajectory,-14.45950214729401,-9.129190661066989,0.020191562268191725,0.9277141813131069,0.4160765511054099
stale_50,sweep_turn,tpatchgnn,1,17,1,True,0.15852496090332885,0.15852496090332885,1200,200,1.037176089187463,0.15852496090332885,0.17246646786632985,0.15835092143645113,0.37701179185708733,0.1725,3,trajectory,0.1323244095746131,0.17630610618669454,0.6938895084460577,0.007851877139125869,12.666555571556092
stale_50,uturn,cru,1,17,1,True,-0.6273144134747297,-0.6273144134747297,1200,200,0.8655029623148341,-0.6273144134747297,-0.8743393629760281,-0.004053047195723053,1.2344717784268295,0.5008333333333334,3,trajectory,-4.2416751194870495,1.1067282639956584,0.25266985919636986,0.2657495306564879,3.9019945534644647
stale_50,uturn,harmonic,1,,1,True,-7.12943238317382,-7.12943238317382,1200,200,0.19366750681343545,-7.12943238317382,-6.209346708441107,-11.81287015730792,-5.026510194297351,0.9658333333333333,3,trajectory,-8.454977773736502,-5.598266116247821,0.09329636571266742,0.9012345207633916,0.8038289798529392
stale_50,uturn,hold,1,,1,True,-8.202023066330165,-8.202023066330165,1200,200,0.15128563530604874,-8.202023066330165,-7.978619206964643,-11.616498817808024,-4.572865684363145,0.9791666666666666,3,trajectory,-8.487314956142654,-7.861807384449579,0.03435071776272399,0.8754910450239549,0.3466850146012439
stale_50,uturn,kalman,1,,1,True,-7.438059207613001,-7.438059207613001,1200,200,0.1803823660633861,-7.438059207613001,-6.714736172610969,-12.80433817941955,-4.20078420557946,0.9658333333333333,3,trajectory,-8.21713969358918,-6.369431400983928,0.09236493080172291,0.9111966833208377,0.7656536412242834
stale_50,uturn,latent_ode,1,17,1,True,-1.4108152370518678,-1.4108152370518678,1200,200,0.722634141407907,-1.4108152370518678,-1.485396456593112,-0.13393345480204677,0.31118072732965807,0.5666666666666667,3,trajectory,-6.0807187372989535,0.25565640718314964,0.3070577367201137,0.3225340670476483,5.490365753249886
stale_50,uturn,linear,1,,1,True,-7.09383377650634,-7.09383377650634,1200,200,0.19526150049851515,-7.09383377650634,-6.287466588538023,-12.582222381336408,-4.199860080915089,0.9608333333333333,3,trajectory,-7.902959810939461,-5.86234865659107,0.10218372940833124,0.9088260848176045,0.8215571362646976
stale_50,uturn,local_dynamics,1,17,1,True,-8.912939011609351,-8.912939011609351,1200,200,0.1284417159019358,-8.912939011609351,-8.562068164872178,-12.353014464272722,-5.630814421013989,0.9883333333333333,3,trajectory,-9.213788666236836,-8.690127055307633,0.033712386591117395,0.8979900721822923,0.35207680430358473
stale_50,uturn,neural_flow,1,17,1,True,-0.48153030150559595,-0.48153030150559595,1200,200,0.8950493259727955,-0.48153030150559595,-0.522103170124057,0.3314240974119959,0.543980373524048,0.42583333333333334,3,trajectory,-2.3374109458490184,0.4841965871040526,0.39067809721454977,0.18525949676596798,6.947973325053851
stale_50,uturn,observed_state_flow,1,17,1,True,-9.204621162325301,-9.204621162325301,1200,200,0.120098583115808,-9.204621162325301,-8.995532943049042,-12.456927232952516,-5.443984550289845,0.9925,3,trajectory,-9.836741462841935,-8.513462777681523,0.0388031296501867,0.8981380444233703,0.7107601995975028
stale_50,uturn,tpatchgnn,1,17,1,True,0.10910762248456947,0.10910762248456947,1200,200,1.0254411994914214,0.10910762248456947,0.0807381678665601,0.21722596387766516,0.322137167261859,0.3358333333333333,3,trajectory,-0.2156198873027867,0.2996960609771313,0.6420681112507979,0.018249334303666227,11.512706428368887
timestamps_jitter_20,climb_descent,cru,1,17,1,True,-1.5401181942446622,-1.5401181942446622,1200,200,0.7014362084120512,-1.5401181942446622,-2.4573981328854395,-6.028747852395658,2.579984766790095,0.605,3,trajectory,-8.178644810383233,1.71082783647286,0.14940610677159077,0.49716240582122434,1.9508895725260178
timestamps_jitter_20,climb_descent,harmonic,1,,1,True,-11.813129643964881,-11.813129643964881,1200,200,0.06586990477507541,-11.813129643964881,-10.552757199309857,-15.758491402811707,-8.227328541964653,0.9975,3,trajectory,-15.23997857350799,-9.856857739517991,0.029564885119422447,0.955391053184867,0.41728535627922003
timestamps_jitter_20,climb_descent,hold,1,,1,True,-11.744502933676582,-11.744502933676582,1200,200,0.06691904070149268,-11.744502933676582,-10.57117988283119,-15.237701314664053,-8.054780171927291,1.0,3,trajectory,-15.846767320632525,-9.848986380563,0.014962414153790888,0.9388331450273594,0.17640240958629871
timestamps_jitter_20,climb_descent,kalman,1,,1,True,-11.91702432659853,-11.91702432659853,1200,200,0.06431282212028838,-11.91702432659853,-10.764234048342525,-16.22107565067791,-8.42330817028244,0.9991666666666666,3,trajectory,-14.515601472933406,-10.13582981512371,0.034667134757049356,0.9571469831218322,0.41023632711062724
timestamps_jitter_20,climb_descent,latent_ode,1,17,1,True,-2.1198802545297384,-2.1198802545297384,1200,200,0.6137789282978823,-2.1198802545297384,-2.6182671732443428,-3.582358798580974,0.7746669909521493,0.64,3,trajectory,-6.36459025010158,0.5266430787286444,0.2736532230194037,0.4475843649262151,4.802568799547541
timestamps_jitter_20,climb_descent,linear,1,,1,True,-12.72534583189718,-12.72534583189718,1200,200,0.053390675649279684,-12.72534583189718,-11.35015570576744,-16.526828456903644,-9.58513849650246,1.0,3,trajectory,-15.990919473718854,-10.577288184309019,0.027218526361296683,0.9656779940923055,0.4081036984803359
timestamps_jitter_20,climb_descent,local_dynamics,1,17,1,True,-12.648413872865458,-12.648413872865458,1200,200,0.054344877321685345,-12.648413872865458,-11.44190263987988,-15.754961638949062,-8.849131475493921,1.0,3,trajectory,-16.99825310902713,-10.705959209623135,0.014707126207261606,0.9511088869472345,0.17858224679703802
timestamps_jitter_20,climb_descent,neural_flow,1,17,1,True,-1.1988864431262707,-1.1988864431262707,1200,200,0.7587721037678421,-1.1988864431262707,-1.5376317535591955,-0.6883609887992416,0.6354087781946473,0.5708333333333333,3,trajectory,-2.529417350522384,0.41933767429141094,0.3618692643195391,0.2929427147789769,6.280699542959531
timestamps_jitter_20,climb_descent,observed_state_flow,1,17,1,True,-13.244150937199503,-13.244150937199503,1200,200,0.04737889267201045,-13.244150937199503,-12.154785249288931,-15.754083454408585,-9.372058426694533,1.0,3,trajectory,-16.77084230977878,-11.480431852462768,0.01943380849178837,0.9580435113608837,0.4638329516041025
timestamps_jitter_20,climb_descent,tpatchgnn,1,17,1,True,-0.08181765317668933,-0.08181765317668933,1200,200,0.9813371379176775,-0.08181765317668933,-0.1560193878744668,-0.1565114813365257,0.46656013441222327,0.5641666666666667,3,trajectory,-0.43043061331467847,0.3635188458371216,0.6641621645291647,0.06170230007663723,11.761544728279114
timestamps_jitter_20,cruise,cru,1,17,1,True,-5.215692346670224,-5.215692346670224,1200,200,0.3009059430255244,-5.215692346670224,-4.541269284705846,-5.681964096433264,-2.3491670916993206,0.9966666666666667,3,trajectory,-6.230183214595163,-4.6485134483950254,0.10822964073857287,0.7107646176591516,1.3784788885982926
timestamps_jitter_20,cruise,harmonic,1,,1,True,-12.901766470466091,-12.901766470466091,1200,200,0.0512652822679956,-12.901766470466091,-11.674167612817515,-18.64110217701895,-8.573743141525895,1.0,3,trajectory,-15.479021019596962,-11.889245518047948,0.02269741327140456,0.962053895543019,0.3656080871050775
timestamps_jitter_20,cruise,hold,1,,1,True,-12.253963530045013,-12.253963530045013,1200,200,0.059511876849307206,-12.253963530045013,-11.507196023826411,-17.66730167530349,-7.124183109396147,1.0,3,trajectory,-13.95520644761746,-11.216855720382986,0.00916382595914906,0.9431185889244079,0.09464887273818093
timestamps_jitter_20,cruise,kalman,1,,1,True,-14.1228789456542,-14.1228789456542,1200,200,0.0387001016226228,-14.1228789456542,-12.892605323295985,-19.408916183251307,-9.998446237356532,1.0,3,trajectory,-16.72797494537673,-13.135297183060747,0.02147915840847413,0.9726474145551522,0.3765782785093082
timestamps_jitter_20,cruise,latent_ode,1,17,1,True,-4.195324166969257,-4.195324166969257,1200,200,0.3805989477969706,-4.195324166969257,-3.8958838431295337,-4.221386076202582,-1.0778796552848313,0.995,3,trajectory,-4.506387561305702,-3.941063014605095,0.1548148949638319,0.6294035716742898,2.7140327126830623
timestamps_jitter_20,cruise,linear,1,,1,True,-13.985682842441046,-13.985682842441046,1200,200,0.03994217551754744,-13.985682842441046,-12.81331757856234,-19.253302407008846,-9.844642159368668,0.9991666666666666,3,trajectory,-16.57875527112268,-12.842514990463673,0.0224008375985431,0.9725408547123273,0.4175479038763297
timestamps_jitter_20,cruise,local_dynamics,1,17,1,True,-13.67778596148658,-13.67778596148658,1200,200,0.042876705064942705,-13.67778596148658,-12.717176779398596,-18.70000945473054,-9.17571560230508,1.0,3,trajectory,-15.84764615624537,-12.697262956305602,0.010403616352420262,0.9598820086320241,0.0911857070838929
timestamps_jitter_20,cruise,neural_flow,1,17,1,True,-1.569087999491616,-1.569087999491616,1200,200,0.6967728181680044,-1.569087999491616,-1.1230158730170958,-1.3854718899997271,0.08741594708972533,0.8266666666666667,3,trajectory,-2.040424037490075,-1.0822501792013062,0.33530573022241394,0.3260853601092155,6.015111753642559
timestamps_jitter_20,cruise,observed_state_flow,1,17,1,True,-14.282178079491297,-14.282178079491297,1200,200,0.03730630118103965,-14.282178079491297,-13.415689894693173,-18.69601702817892,-9.531279231642234,1.0,3,trajectory,-15.96805406211381,-13.552296215849244,0.014852422614828005,0.9657100294530392,0.4382350008117889
timestamps_jitter_20,cruise,tpatchgnn,1,17,1,True,-0.11892232568597019,-0.11892232568597019,1200,200,0.9729886348048846,-0.11892232568597019,-0.1017294484547554,-0.15088669589212067,0.029719491989169986,0.7858333333333334,3,trajectory,-0.14106650547587057,-0.08109772666865708,0.8292313496768474,0.049280172527596686,19.608101574579873
timestamps_jitter_20,highspeed,cru,1,17,1,True,-2.7993546731264,-2.7993546731264,1200,200,0.5248854482360185,-2.7993546731264,-2.2335955844806725,-4.199249240150529,0.4008691848047519,0.8233333333333334,3,trajectory,-6.254629024518772,-0.836463078161872,0.1825605241426577,0.5419792973333228,2.4189780964615055
timestamps_jitter_20,highspeed,harmonic,1,,1,True,-4.835277401549301,-4.835277401549301,1200,200,0.32845226405103556,-4.835277401549301,-2.8222407629505257,-13.323168432343092,-1.965385174579352,0.9266666666666666,3,trajectory,-8.496656177811285,-2.606118909085215,0.13244463841068863,0.8912422830872947,0.9917853972857847
timestamps_jitter_20,highspeed,hold,1,,1,True,-7.802952801801467,-7.802952801801467,1200,200,0.16584589249576914,-7.8029528018014656,-6.146230176398353,-12.683563308619195,-3.6317029630878728,0.9616666666666667,3,trajectory,-9.368301570120089,-6.539181274613109,0.02190657973693604,0.8765461359515287,0.36495254402348415
timestamps_jitter_20,highspeed,kalman,1,,1,True,-5.435228899764546,-5.435228899764546,1200,200,0.2860731578595914,-5.435228899764546,-3.3452534362530333,-14.334535970785902,-2.9740595330763333,0.945,3,trajectory,-9.299778668510125,-3.1392264197147535,0.11824009834789947,0.904939563367631,0.8644114414199547
timestamps_jitter_20,highspeed,latent_ode,1,17,1,True,-2.244934977312921,-2.244934977312921,1200,200,0.5963572484441102,-2.244934977312921,-1.9256121020645132,-2.5083725727989794,0.09242983171955702,0.8658333333333333,3,trajectory,-5.190055268971773,-0.7115383044294292,0.25106410528843603,0.4380863974481296,4.495940773571686
timestamps_jitter_20,highspeed,linear,1,,1,True,-4.959270966907778,-4.959270966907778,1200,200,0.31920736509971903,-4.959270966907778,-2.8763522291797967,-13.99644798466911,-2.5126207533510554,0.9316666666666666,3,trajectory,-8.948306082344017,-2.5936825135137926,0.13173501811815638,0.8988863113414057,0.9530537390465239
timestamps_jitter_20,highspeed,local_dynamics,1,17,1,True,-8.025037706204149,-8.025037706204149,1200,200,0.1575782341467493,-8.025037706204149,-6.233915943947953,-13.243780470455992,-4.039763817254613,0.9641666666666666,3,trajectory,-9.737143574142276,-6.691188830663223,0.025424131127522998,0.8859826729538327,0.33175889487363747
timestamps_jitter_20,highspeed,neural_flow,1,17,1,True,-0.12434794750135364,-0.12434794750135364,1200,200,0.9717738433678945,-0.12434794750135364,-0.1425841311768413,-0.015396665422772713,0.15773773658350568,0.56,3,trajectory,-0.496019321946555,0.07567996861674992,0.7043203311165174,0.05438955197673119,13.546899514198303
timestamps_jitter_20,highspeed,observed_state_flow,1,17,1,True,-8.746164076699737,-8.746164076699737,1200,200,0.13346997905951863,-8.746164076699737,-7.047267910988152,-12.864125258926506,-5.3091011511372574,0.9691666666666666,3,trajectory,-10.528528711277133,-7.422730575473846,0.03334977461462884,0.8929978687841018,0.6695003951571804
timestamps_jitter_20,highspeed,tpatchgnn,1,17,1,True,-0.10618330484564627,-0.10618330484564627,1200,200,0.9758468611041705,-0.10618330484564627,-0.1251882625363735,0.005742110622579805,0.18070886887298532,0.4816666666666667,3,trajectory,-0.49271468938933355,0.1284397627273465,0.6962811142206192,0.05152011659891395,13.28340900182724
timestamps_jitter_20,occlusion,cru,1,17,1,True,0.04803596854581711,0.04803596854581711,1200,200,1.0111220860977967,0.04803596854581711,0.03916991166366537,0.018244108285670926,0.0801300813146009,0.145,3,channel_group,0.015298328738707487,0.10296686546088912,0.8685945253074169,0.0032882528421928204,23.68770613193512
timestamps_jitter_20,occlusion,harmonic,1,,1,True,5.616642263018701,5.616642263018701,1200,200,3.6447204730811062,5.616642263018701,-4.95144348631851,-5.316851769181094,6.01059006083481,0.6916666666666667,3,channel_group,4.161083600486289,6.203161029473385,2.517316892919674,0.8226354226943416,4.1860722469733265
timestamps_jitter_20,occlusion,hold,1,,1,True,1.0082435743119966,1.0082435743119966,1200,200,1.2613173143885312,1.0082435743119966,-6.703047402707271,-6.094027810503064,4.2925408800751494,0.75,3,channel_group,0.49041375433458056,1.4400074042543722,0.4733122538966078,0.827760903948753,2.1646057811345116
timestamps_jitter_20,occlusion,kalman,1,,1,True,6.869993451328396,6.869993451328396,1200,200,4.864064722447365,6.869993451328396,-4.533279822621826,-5.310358440325494,4.529902620651274,0.68,3,channel_group,4.796155897530296,8.540364269257944,3.576826045935644,0.8292690683614152,3.4716135740539174
timestamps_jitter_20,occlusion,latent_ode,1,17,1,True,0.002839207692804408,0.002839207692804408,1200,200,1.000653965473175,0.002839207692804408,0.0015394169599060414,0.002248132093162348,0.008173925720661213,0.24916666666666668,3,channel_group,0.0026629848486635996,0.003144313705586835,0.9826601035396259,0.005683366690292512,42.41619366645813
timestamps_jitter_20,occlusion,linear,1,,1,True,7.492643807762081,7.492643807762081,1200,200,5.613896231485608,7.492643807762081,-4.482651532189441,-4.779092327965319,4.8060015620680225,0.6716666666666666,3,channel_group,4.8266164041788135,9.6728887892387,4.225077404002077,0.8235155179464103,3.8196102940130126
timestamps_jitter_20,occlusion,local_dynamics,1,17,1,True,0.17462795878573414,0.17462795878573414,1200,200,1.0410289233783745,0.17462795878573414,-6.879483220577471,-5.941595665958567,3.6573535745253567,0.7608333333333334,3,channel_group,0.012670217085979105,0.30680800327605556,0.3899162544343199,0.8215228617951895,2.7381161718821327
timestamps_jitter_20,occlusion,neural_flow,1,17,1,True,0.0030096315961275245,0.0030096315961275245,1200,200,1.000693233460188,0.0030096315961275245,0.00608558401337796,0.0006383010676301549,0.01223958709021339,0.4875,3,channel_group,-0.0011145123587777256,0.007079751152180752,0.9702379274368286,0.00717802270998234,37.113909807205204
timestamps_jitter_20,occlusion,observed_state_flow,1,17,1,True,-1.8983565306301564,-1.8983565306301564,1200,200,0.6458986055563825,-1.8983565306301564,-3.979882861958048,-2.2820901411064107,0.9539830736311355,0.81,3,channel_group,-3.153188857907438,-0.7615304234339926,0.40145207648834913,0.8236588512794212,11.467899545966647
timestamps_jitter_20,occlusion,tpatchgnn,1,17,1,True,-0.0006684948839626203,-0.0006684948839626203,1200,200,0.9998460852106412,-0.0006684948839626203,-0.0006516277151542155,-0.000692116513541341,0.0035563110088660302,0.605,3,channel_group,-0.0026681019730122693,0.0013144768258319683,0.9804356057941913,0.005376468253693879,41.22105233669281
timestamps_jitter_20,sweep_turn,cru,1,17,1,True,-0.7046764243575891,-0.7046764243575891,1200,200,0.8502220375090838,-0.7046764243575891,0.5915448506370268,-1.2221211699053949,2.3848171494902326,0.5991666666666666,3,trajectory,-5.928540931407244,1.2809161801896998,0.1763743295085927,0.38118856312418753,1.8331493772151104
timestamps_jitter_20,sweep_turn,harmonic,1,,1,True,-10.194326374500147,-10.194326374500147,1200,200,0.09562410041504937,-10.194326374500147,-7.722874270206283,-15.799119402549586,-7.43854305041168,0.9916666666666667,3,trajectory,-15.093372055714367,-8.06724454390722,0.03444533062060444,0.9437298389578549,0.49824843231786264
timestamps_jitter_20,sweep_turn,hold,1,,1,True,-10.471339258570769,-10.471339258570769,1200,200,0.08971520919504954,-10.471339258570769,-8.619833188387107,-14.529856510733287,-6.5207316328163625,0.9933333333333333,3,trajectory,-14.19172094762716,-9.144168215710515,0.016680123833649863,0.9211572467777539,0.19262024417314025
timestamps_jitter_20,sweep_turn,kalman,1,,1,True,-11.001734270201649,-11.001734270201649,1200,200,0.07940110985811767,-11.001734270201647,-8.337779396699208,-16.65902868067053,-8.742766953024178,0.9916666666666667,3,trajectory,-16.737866040872703,-8.61067794937888,0.03139971876231049,0.9547350058091494,0.39876032862221716
timestamps_jitter_20,sweep_turn,latent_ode,1,17,1,True,-1.1216357223560307,-1.1216357223560307,1200,200,0.7723896182576815,-1.1216357223560307,-0.30336354486265726,-1.0666751181555196,0.8625940396553486,0.55,3,trajectory,-4.2131955031128,-0.12826391954525246,0.2603146125562489,0.3172391513930524,4.2774398829291265
timestamps_jitter_20,sweep_turn,linear,1,,1,True,-10.810727311763857,-10.810727311763857,1200,200,0.08297118042730285,-10.810727311763857,-8.116245877322857,-16.41930757459555,-8.299639998370413,0.9916666666666667,3,trajectory,-16.865827219457298,-8.411922043471717,0.032537170847923895,0.9539544446153255,0.4380519006716107
timestamps_jitter_20,sweep_turn,local_dynamics,1,17,1,True,-10.79532430406778,-10.79532430406778,1200,200,0.08326597458203039,-10.79532430406778,-8.833206081583182,-14.723393517887375,-7.284904738443569,0.9933333333333333,3,trajectory,-14.670602008362465,-9.301142037347208,0.01647754521541169,0.9278412070072954,0.16983045382736842
timestamps_jitter_20,sweep_turn,neural_flow,1,17,1,True,-0.1507896595461679,-0.1507896595461679,1200,200,0.9658752419551213,-0.1507896595461679,0.09204884913215776,-0.022188696170314704,0.4065710364064478,0.5191666666666667,3,trajectory,-0.7569545560653916,0.1827753679725991,0.49671730120976765,0.08574272896605516,9.243377992709478
timestamps_jitter_20,sweep_turn,observed_state_flow,1,17,1,True,-11.386758262760141,-11.386758262760141,1200,200,0.07266481525442633,-11.386758262760141,-9.345964670542692,-14.879832121149974,-8.235121315655725,0.9941666666666666,3,trajectory,-15.19746684718859,-9.664047389074993,0.01894166037229444,0.9363496729484178,0.3195508735578793
timestamps_jitter_20,sweep_turn,tpatchgnn,1,17,1,True,0.15863165473627344,0.15863165473627344,1200,200,1.0372015699744224,0.15863165473627344,0.1730472573493958,0.16016482961505218,0.3765948386624738,0.17166666666666666,3,trajectory,0.1342528835729806,0.17463688624622706,0.6937338583668073,0.007843674714163883,12.659857517083486
timestamps_jitter_20,uturn,cru,1,17,1,True,-0.6611651708628992,-0.6611651708628992,1200,200,0.85878308724612,-0.6611651708628992,-0.9213768453795635,-0.08570956552321238,1.2289600621705399,0.52,3,trajectory,-4.385804961280551,1.0995953207020372,0.25142397288543483,0.2703844365128949,3.8794292693709336
timestamps_jitter_20,uturn,harmonic,1,,1,True,-7.819231395146994,-7.819231395146994,1200,200,0.16522541846786523,-7.819231395146994,-7.033567849968665,-13.01285344063627,-5.124258904611378,0.9741666666666666,3,trajectory,-8.637584361074282,-6.6927996477828255,0.07878065575290137,0.9126271319466953,0.7100455867688773
timestamps_jitter_20,uturn,hold,1,,1,True,-8.823353585766657,-8.823353585766657,1200,200,0.13111870203202364,-8.823353585766657,-8.773900782019625,-12.771054399581265,-4.668983009644818,0.9908333333333333,3,trajectory,-9.38302199922764,-7.890660889552622,0.03402321506000585,0.8889991986819465,0.2793513698702494
timestamps_jitter_20,uturn,kalman,1,,1,True,-8.291460278933867,-8.291460278933867,1200,200,0.14820196846143513,-8.291460278933867,-7.68637792525352,-13.711959190996126,-5.059112677788402,0.9766666666666667,3,trajectory,-9.213186709225376,-7.526981946051434,0.0737015712045437,0.9178651378427942,0.6462403199242848
timestamps_jitter_20,uturn,latent_ode,1,17,1,True,-1.4461625937985123,-1.4461625937985123,1200,200,0.7167764709020654,-1.4461625937985123,-1.5424300242283515,-0.12618152208992794,0.31320004693968095,0.5725,3,trajectory,-6.381459130030011,0.26680324375555087,0.30505062592293447,0.32813925783333614,5.4447533336374905
timestamps_jitter_20,uturn,linear,1,,1,True,-7.9017236638248045,-7.9017236638248045,1200,200,0.1621166547683848,-7.901723663824805,-7.11157415459093,-13.358757883140822,-5.062063836859001,0.9733333333333334,3,trajectory,-8.74435920739807,-6.721349767715408,0.08230041243847755,0.9167588034210106,0.6961614948676917
timestamps_jitter_20,uturn,local_dynamics,1,17,1,True,-9.330078483061596,-9.330078483061596,1200,200,0.11667885313766112,-9.330078483061596,-9.217398580436448,-13.341699956623222,-5.211228295705495,0.9916666666666667,3,trajectory,-10.210740974466612,-8.323925923460582,0.033927707079998634,0.9034780266908152,0.2859679917284196
timestamps_jitter_20,uturn,neural_flow,1,17,1,True,-0.4944080126955882,-0.4944080126955882,1200,200,0.8923992543419202,-0.4944080126955882,-0.5440149165912845,0.3201219879676224,0.5515094011649868,0.4266666666666667,3,trajectory,-2.392198777397156,0.4824316897864349,0.39173472171028456,0.186627208979415,6.954019150137901
timestamps_jitter_20,uturn,observed_state_flow,1,17,1,True,-9.52052167430326,-9.52052167430326,1200,200,0.11167290982831517,-9.52052167430326,-9.552151985920009,-13.353227203205952,-5.229196791415701,0.9925,3,trajectory,-10.778562467788102,-8.12619830804191,0.038730800908985306,0.9031787888845428,0.5515535207066569
timestamps_jitter_20,uturn,tpatchgnn,1,17,1,True,0.10921500464992426,0.10921500464992426,1200,200,1.0254665545125803,0.10921500464992426,0.08076995878878167,0.21891256874809514,0.322356941776,0.3358333333333333,3,trajectory,-0.2161029299093614,0.29985102402289276,0.6418707489967346,0.018248346481808113,11.505592659314473
timestamps_none,climb_descent,cru,1,17,1,True,-1.5362079435493057,-1.5362079435493057,1200,200,0.7020680438758184,-1.5362079435493057,-2.4537975823672147,-6.025171658693697,2.580226527091531,0.6041666666666666,3,trajectory,-8.181088412741747,1.7152808475055845,0.14940105119564878,0.4970891193332348,1.9445622734973829
timestamps_none,climb_descent,harmonic,1,,1,True,-10.815785603012246,-10.815785603012246,1200,200,0.08287459893772994,-10.815785603012246,-9.529004892348462,-14.666941187062177,-6.581908064033586,0.9966666666666667,3,trajectory,-14.805912467673803,-8.685892001872562,0.0262729976805106,0.9372856889913479,0.39361330239507275
timestamps_none,climb_descent,hold,1,,1,True,-11.744502933676582,-11.744502933676582,1200,200,0.06691904070149268,-11.744502933676582,-10.57117988283119,-15.237701314664053,-8.054780171927291,1.0,3,trajectory,-15.846767320632525,-9.848986380563,0.014962414153790888,0.9388331450273594,0.17640240958629871
timestamps_none,climb_descent,kalman,1,,1,True,-11.785772616445062,-11.785772616445062,1200,200,0.06628614131336988,-11.785772616445062,-10.695855587174758,-16.050927007730955,-7.942719219805741,0.9983333333333333,3,trajectory,-14.23440225475022,-10.134844759813115,0.03622219673236633,0.9562501747906208,0.4265440932246717
timestamps_none,climb_descent,latent_ode,1,17,1,True,-2.1198423694751485,-2.1198423694751485,1200,200,0.613784282533452,-2.1198423694751485,-2.618246515584495,-3.5848422796910397,0.7758936393243293,0.6408333333333334,3,trajectory,-6.364811142745726,0.5266831349504967,0.2736744014111658,0.4475908679765871,4.803273611284482
timestamps_none,climb_descent,linear,1,,1,True,-12.6954122620212,-12.6954122620212,1200,200,0.05375993980887865,-12.6954122620212,-11.317037169803951,-16.50657561829172,-9.509538311094838,0.9991666666666666,3,trajectory,-15.951392133985934,-10.536400631888963,0.027877934651284353,0.9658206570645174,0.41791008856415524
timestamps_none,climb_descent,local_dynamics,1,17,1,True,-12.676023236197764,-12.676023236197764,1200,200,0.054000486985338846,-12.676023236197764,-11.47782726272595,-15.750499176667507,-8.885465161945296,1.0,3,trajectory,-16.993852580455254,-10.756635297370627,0.014665537166159339,0.9514785825709502,0.1803490843316649
timestamps_none,climb_descent,neural_flow,1,17,1,True,-1.1994528924058896,-1.1994528924058896,1200,200,0.7586731437531611,-1.1994528924058896,-1.5380293480824356,-0.6831666248961881,0.6345817089467625,0.5691666666666667,3,trajectory,-2.5303177391076233,0.41869661507531475,0.3618768791357676,0.2929906381955152,6.28146318813165
timestamps_none,climb_descent,observed_state_flow,1,17,1,True,-13.298425301511077,-13.298425301511077,1200,200,0.04679047670590075,-13.298425301511077,-12.211785925946756,-15.772630577090354,-9.40444659353011,1.0,3,trajectory,-16.797984371447754,-11.53494490029481,0.0192512089488991,0.9586173082888126,0.46465845965268576
timestamps_none,climb_descent,tpatchgnn,1,17,1,True,-0.08182695745918708,-0.08182695745918708,1200,200,0.9813350355128447,-0.08182695745918708,-0.156014356906302,-0.1565114813365257,0.46656013441222327,0.5641666666666667,3,trajectory,-0.43036962589604755,0.3634491961067954,0.6641621982554594,0.061696295574923427,11.761545061270397
timestamps_none,cruise,cru,1,17,1,True,-5.212588949265249,-5.212588949265249,1200,200,0.3011210423397521,-5.212588949265249,-4.537307643991009,-5.664934895734865,-2.379389399765198,0.9966666666666667,3,trajectory,-6.228933495929274,-4.644610926460199,0.10841421735861023,0.7106290532710652,1.376364966166099
timestamps_none,cruise,harmonic,1,,1,True,-12.333640697464217,-12.333640697464217,1200,200,0.05843000591213539,-12.333640697464217,-10.988758776200086,-18.573895901885116,-7.763068462473409,1.0,3,trajectory,-15.380262441309567,-11.230620176408113,0.021910797501065293,0.9545713867992163,0.35505252472522747
timestamps_none,cruise,hold,1,,1,True,-12.253963530045013,-12.253963530045013,1200,200,0.059511876849307206,-12.253963530045013,-11.507196023826411,-17.66730167530349,-7.124183109396147,1.0,3,trajectory,-13.95520644761746,-11.216855720382986,0.00916382595914906,0.9431185889244079,0.09464887273818093
timestamps_none,cruise,kalman,1,,1,True,-14.068746999189619,-14.068746999189619,1200,200,0.03918549164683398,-14.068746999189619,-12.821308117922294,-19.460625449681288,-10.070599095661356,1.0,3,trajectory,-16.705239695705085,-13.093910049577275,0.022164141701869033,0.9726915882527828,0.38987746425763664
timestamps_none,cruise,latent_ode,1,17,1,True,-4.1949470595772915,-4.1949470595772915,1200,200,0.3806319974704335,-4.1949470595772915,-3.8954627619217383,-4.221996690663159,-1.0804354650460346,0.995,3,trajectory,-4.50665862783325,-3.9408846153300225,0.15485921501570066,0.6293702620873227,2.71467176026296
timestamps_none,cruise,linear,1,,1,True,-13.91454513962342,-13.91454513962342,1200,200,0.040601818553113796,-13.91454513962342,-12.730438484425264,-19.23585483835381,-9.753059578638165,0.9991666666666666,3,trajectory,-16.532736737036384,-12.768914783165968,0.023252748775727573,0.9725539991259575,0.4334807017826339
timestamps_none,cruise,local_dynamics,1,17,1,True,-13.693406910450086,-13.693406910450086,1200,200,0.042722760736760346,-13.693406910450086,-12.717019250720291,-18.731956400467503,-9.225135218885534,1.0,3,trajectory,-15.886203133735652,-12.730887370662396,0.010454264914987969,0.960071830401818,0.09195984064270604
timestamps_none,cruise,neural_flow,1,17,1,True,-1.5700011527124347,-1.5700011527124347,1200,200,0.6966263292108973,-1.5700011527124347,-1.1242009581568315,-1.397674378360521,0.0857965232917334,0.8308333333333333,3,trajectory,-2.040713374551334,-1.0834648908003144,0.33538815341268974,0.3261693479099116,6.016977747778098
timestamps_none,cruise,observed_state_flow,1,17,1,True,-14.298561489626827,-14.298561489626827,1200,200,0.03716583128173317,-14.298561489626827,-13.421323411137971,-18.7309607000201,-9.582115977866907,1.0,3,trajectory,-15.99495413328157,-13.587259196055687,0.014834330988887767,0.9658604452013969,0.43712253503385
timestamps_none,cruise,tpatchgnn,1,17,1,True,-0.11877943586678992,-0.11877943586678992,1200,200,0.9730206482112408,-0.11877943586678992,-0.10163053895759035,-0.15088669589212067,0.029719491989169986,0.7841666666666667,3,trajectory,-0.1410508325443231,-0.08105563033928989,0.829223108192285,0.04921576644210892,19.607673099835715
timestamps_none,highspeed,cru,1,17,1,True,-2.7913967711563448,-2.7913967711563448,1200,200,0.5258481167381008,-2.7913967711563448,-2.2240408852766786,-4.203071568093092,0.4010442249394055,0.8233333333333334,3,trajectory,-6.236195833980343,-0.8314198220531167,0.18236678909976034,0.541727979088516,2.4117621359813106
timestamps_none,highspeed,harmonic,1,,1,True,-4.666359065994556,-4.666359065994556,1200,200,0.3414790726946861,-4.666359065994556,-2.7068349612407094,-12.761421289190016,-1.8748170041378491,0.9266666666666666,3,trajectory,-8.403412651512049,-2.4771695720181155,0.13626605318344442,0.8858420655452726,1.0363838953004354
timestamps_none,highspeed,hold,1,,1,True,-7.802952801801467,-7.802952801801467,1200,200,0.16584589249576914,-7.8029528018014656,-6.146230176398353,-12.683563308619195,-3.6317029630878728,0.9616666666666667,3,trajectory,-9.368301570120089,-6.539181274613109,0.02190657973693604,0.8765461359515287,0.36495254402348415
timestamps_none,highspeed,kalman,1,,1,True,-5.361984293025056,-5.361984293025056,1200,200,0.29093875141564546,-5.361984293025056,-3.274992800054448,-14.309873172163917,-3.078766851795691,0.9441666666666667,3,trajectory,-9.247532936442852,-3.0519220795953,0.12243272908742708,0.905169056313025,0.8827457733522017
timestamps_none,highspeed,latent_ode,1,17,1,True,-2.245042387695288,-2.245042387695288,1200,200,0.5963424994268766,-2.245042387695288,-1.9254960335859077,-2.5069541405931366,0.0888846593673304,0.8658333333333333,3,trajectory,-5.1901363076605165,-0.7114919206588048,0.25104588478493195,0.43808678879710444,4.495282864989325
timestamps_none,highspeed,linear,1,,1,True,-4.874774748258294,-4.874774748258294,1200,200,0.32547866437907336,-4.874774748258294,-2.791456930733304,-13.807277003975528,-2.4733831793912233,0.93,3,trajectory,-8.886318244015564,-2.505713563805671,0.13695705883898573,0.898941111527763,0.9742428564886602
timestamps_none,highspeed,local_dynamics,1,17,1,True,-8.038237974068046,-8.038237974068046,1200,200,0.15710000634963459,-8.038237974068045,-6.2485646359938265,-13.262162732625502,-4.062774760073299,0.9633333333333334,3,trajectory,-9.756920356843683,-6.69530016525648,0.025319278428102384,0.8863058260687648,0.3319294121400162
timestamps_none,highspeed,neural_flow,1,17,1,True,-0.12441539573362968,-0.12441539573362968,1200,200,0.9717587513228257,-0.12441539573362968,-0.1426579377286834,-0.015026496562130051,0.15813017089212184,0.5583333333333333,3,trajectory,-0.4961514825579069,0.07566097684965149,0.7043257846434912,0.05441134158615517,13.547047627766927
timestamps_none,highspeed,observed_state_flow,1,17,1,True,-8.752297879840183,-8.752297879840183,1200,200,0.13328160440860903,-8.752297879840183,-7.05283277251122,-12.876775988292454,-5.308920498412643,0.9691666666666666,3,trajectory,-10.54279484783571,-7.425234478311166,0.03330603902601065,0.8931905461148563,0.6705789550413708
timestamps_none,highspeed,tpatchgnn,1,17,1,True,-0.1061741929438255,-0.1061741929438255,1200,200,0.9758489085237185,-0.1061741929438255,-0.12511312077238793,0.005742110622579805,0.18070886887298532,0.4816666666666667,3,trajectory,-0.4926467595621883,0.12839923082418014,0.6962800098955632,0.0515217763796935,13.283299814860026
timestamps_none,occlusion,cru,1,17,1,True,0.048232346868527544,0.048232346868527544,1200,200,1.0111678078273931,0.048232346868527544,0.03932957716185925,0.018337937430134836,0.08026664709881311,0.14666666666666667,3,channel_group,0.01528579211747215,0.10357212390421275,0.8684301354487737,0.003288202607173644,23.646201155384382
timestamps_none,occlusion,harmonic,1,,1,True,5.666202293784307,5.666202293784307,1200,200,3.6865508560166926,5.666202293784307,-4.850670255030724,-4.658864553609202,6.463137049190158,0.6783333333333333,3,channel_group,4.221694187693645,6.277208148841172,2.5141646657174475,0.827290556661513,3.901662393866961
timestamps_none,occlusion,hold,1,,1,True,1.0082435743119966,1.0082435743119966,1200,200,1.2613173143885312,1.0082435743119966,-6.703047402707271,-6.094027810503064,4.2925408800751494,0.75,3,channel_group,0.49041375433458056,1.4400074042543722,0.4733122538966078,0.827760903948753,2.1646057811345116
timestamps_none,occlusion,kalman,1,,1,True,7.019819147649703,7.019819147649703,1200,200,5.0347964205304745,7.019819147649703,-4.425819590708834,-5.210333492484237,4.644791779850439,0.6841666666666667,3,channel_group,4.944055277208019,8.639565718388264,3.7227845381614557,0.8294628783856751,3.457080825774877
timestamps_none,occlusion,latent_ode,1,17,1,True,0.002885712236539762,0.002885712236539762,1200,200,1.0006646806001662,0.002885712236539762,0.0015426154810057858,0.002231832342021807,0.008156408004583556,0.2525,3,channel_group,0.0026520449181170773,0.003226508598327539,0.9826156789064407,0.006066269444018578,42.39086647987366
timestamps_none,occlusion,linear,1,,1,True,7.698830091387149,7.698830091387149,1200,200,5.886850531827465,7.698830091387149,-4.388895916533829,-4.714185476244925,5.19137872868494,0.6725,3,channel_group,4.897942055560289,9.862146049980316,4.467921683870566,0.8231267298257444,3.8256897514277566
timestamps_none,occlusion,local_dynamics,1,17,1,True,0.13146296553814232,0.13146296553814232,1200,200,1.0307332750501519,0.13146296553814232,-6.89853287510302,-5.965835932909508,3.5939233472290604,0.76,3,channel_group,-0.0356825550242997,0.2909856814822648,0.38493026210334697,0.8219272852539629,2.717614957388601
timestamps_none,occlusion,neural_flow,1,17,1,True,0.002988376210284725,0.002988376210284725,1200,200,1.0006883358458678,0.002988376210284725,0.006103614438311856,0.0006634066455481958,0.012306339332145519,0.48583333333333334,3,channel_group,-0.0011260257017416523,0.007096702957766944,0.9702471093336741,0.007205442331188149,37.11558913548787
timestamps_none,occlusion,observed_state_flow,1,17,1,True,-1.9011800887936179,-1.9011800887936179,1200,200,0.6454788121588838,-1.9011800887936179,-3.979982531505233,-2.2797490867361474,0.9766880581309412,0.8091666666666667,3,channel_group,-3.153307100126053,-0.7656435077644801,0.4011900225483502,0.8236509362446668,11.459147554809073
timestamps_none,occlusion,tpatchgnn,1,17,1,True,-0.0006630869076119637,-0.0006630869076119637,1200,200,0.9998473302523295,-0.0006630869076119637,-0.0006539927105616893,-0.0007035081665016142,0.003556621386112013,0.6058333333333333,3,channel_group,-0.0026451547487836304,0.0013077942498682178,0.9804372612138589,0.00538159364355877,41.21352199713389
timestamps_none,sweep_turn,cru,1,17,1,True,-0.697468347533706,-0.697468347533706,1200,200,0.8516343405904869,-0.697468347533706,0.6015276676737085,-1.2293894404595096,2.3950348622687385,0.5991666666666666,3,trajectory,-5.926438359610474,1.2894561402752176,0.17661904302425682,0.38127173322002783,1.8213303488008143
timestamps_none,sweep_turn,harmonic,1,,1,True,-9.995016052782077,-9.995016052782077,1200,200,0.10011482549973755,-9.995016052782077,-7.516248267817257,-15.45803631175055,-7.1379790147595195,0.9891666666666666,3,trajectory,-14.769839351742494,-7.797122741090111,0.035084480647086164,0.9395607368073736,0.5379787738852367
timestamps_none,sweep_turn,hold,1,,1,True,-10.471339258570769,-10.471339258570769,1200,200,0.08971520919504954,-10.471339258570769,-8.619833188387107,-14.529856510733287,-6.5207316328163625,0.9933333333333333,3,trajectory,-14.19172094762716,-9.144168215710515,0.016680123833649863,0.9211572467777539,0.19262024417314025
timestamps_none,sweep_turn,kalman,1,,1,True,-10.976222947348596,-10.976222947348596,1200,200,0.07986890039402468,-10.976222947348596,-8.321745630086903,-16.68290261755188,-8.771447518229877,0.9916666666666667,3,trajectory,-16.77452377323458,-8.622187425790266,0.032168130152582866,0.954925727036316,0.407605645757914
timestamps_none,sweep_turn,latent_ode,1,17,1,True,-1.1216687838947017,-1.1216687838947017,1200,200,0.772383738309145,-1.1216687838947017,-0.3033778882717841,-1.0678590662114948,0.8638924366106522,0.55,3,trajectory,-4.21288026748805,-0.12844106914801484,0.2603028535159926,0.3172510343271146,4.278048846917227
timestamps_none,sweep_turn,linear,1,,1,True,-10.778873845414099,-10.778873845414099,1200,200,0.08358197237679023,-10.778873845414099,-8.091294695555574,-16.47191619579082,-8.281068545343988,0.9916666666666667,3,trajectory,-16.868401827795367,-8.415016759622741,0.03341224117956694,0.9541606111917644,0.44802866732041974
timestamps_none,sweep_turn,local_dynamics,1,17,1,True,-10.802142175021952,-10.802142175021952,1200,200,0.08313536014401199,-10.802142175021952,-8.840792314346128,-14.795504223784718,-7.350227165932977,0.9933333333333333,3,trajectory,-14.664426926167721,-9.313353741812904,0.01643091705723838,0.9279643761383098,0.17017495942956878
timestamps_none,sweep_turn,neural_flow,1,17,1,True,-0.1511183498863189,-0.1511183498863189,1200,200,0.965802143663168,-0.1511183498863189,0.09149566533197338,-0.0218823600844019,0.4095410598851805,0.5175,3,trajectory,-0.7566580737986821,0.18152801473808958,0.4967961621036132,0.08573182052712652,9.245173461437226
timestamps_none,sweep_turn,observed_state_flow,1,17,1,True,-11.397612615197694,-11.397612615197694,1200,200,0.07248343033487795,-11.397612615197694,-9.35591045700591,-14.944944870884733,-8.224013030017026,0.9941666666666666,3,trajectory,-15.198776356989654,-9.679507461007464,0.018889470762457325,0.9365297022470137,0.31849206241252737
timestamps_none,sweep_turn,tpatchgnn,1,17,1,True,0.15856936783246672,0.15856936783246672,1200,200,1.0371866944432258,0.15856936783246672,0.17303411812003175,0.16038063036724626,0.3765948386624738,0.1725,3,trajectory,0.13397028587483356,0.1747575252873288,0.6937358792126179,0.00786024238429107,12.659924054940541
timestamps_none,uturn,cru,1,17,1,True,-0.6626036299791572,-0.6626036299791572,1200,200,0.8584986904015144,-0.6626036299791572,-0.922928418923761,-0.08132363157457873,1.2264488349678793,0.5216666666666666,3,trajectory,-4.389753467662857,1.0982100175944303,0.25123084981615346,0.27053285575235597,3.8759141232453596
timestamps_none,uturn,harmonic,1,,1,True,-7.710883595457972,-7.710883595457972,1200,200,0.1693993113383597,-7.710883595457973,-6.882055336467752,-12.650941278270361,-5.239208033616761,0.9733333333333334,3,trajectory,-8.54962672634281,-6.425369998077009,0.08118565778516612,0.910584840788118,0.721973628624631
timestamps_none,uturn,hold,1,,1,True,-8.823353585766657,-8.823353585766657,1200,200,0.13111870203202364,-8.823353585766657,-8.773900782019625,-12.771054399581265,-4.668983009644818,0.9908333333333333,3,trajectory,-9.38302199922764,-7.890660889552622,0.03402321506000585,0.8889991986819465,0.2793513698702494
timestamps_none,uturn,kalman,1,,1,True,-8.187990329775442,-8.187990329775442,1200,200,0.15177525353634336,-8.187990329775442,-7.566765450182994,-13.532057476759498,-4.968269272088493,0.9775,3,trajectory,-9.163623303004298,-7.354808690989855,0.07684315865586082,0.917494431141143,0.6638278565065896
timestamps_none,uturn,latent_ode,1,17,1,True,-1.4460240139102756,-1.4460240139102756,1200,200,0.716799343029658,-1.4460240139102756,-1.5421998400192,-0.12621341291276134,0.3119885446320394,0.5708333333333333,3,trajectory,-6.380565381444122,0.2668141620101861,0.30504957166578,0.32812741549763963,5.444326672802369
timestamps_none,uturn,linear,1,,1,True,-7.799555018308525,-7.799555018308525,1200,200,0.1659756958786177,-7.799555018308525,-6.996922448324331,-13.251808876748951,-5.096928554290669,0.9725,3,trajectory,-8.69936814041967,-6.569424067517785,0.08553150386427352,0.9163407632533926,0.7127052620172526
timestamps_none,uturn,local_dynamics,1,17,1,True,-9.326051632827543,-9.326051632827543,1200,200,0.11678708987092246,-9.326051632827543,-9.236752334904585,-13.279935301361329,-5.273647518184068,0.9925,3,trajectory,-10.222637103309713,-8.274780738112527,0.03426622386730737,0.9034782569661426,0.2870812781313604
timestamps_none,uturn,neural_flow,1,17,1,True,-0.4945441918458782,-0.4945441918458782,1200,200,0.8923712723453839,-0.4945441918458782,-0.544531622813661,0.31979977670253135,0.5499859980910339,0.4266666666666667,3,trajectory,-2.394352312653826,0.482822921356705,0.39183736201375724,0.18667618250297766,6.955969724357129
timestamps_none,uturn,observed_state_flow,1,17,1,True,-9.556024284563872,-9.556024284563872,1200,200,0.11076372980465138,-9.556024284563872,-9.580185971840432,-13.189238412487747,-5.361722424414673,0.9925,3,trajectory,-10.77465796127994,-8.1729997082174,0.03850979565460871,0.9039709662556803,0.5520412758387768
timestamps_none,uturn,tpatchgnn,1,17,1,True,0.10923129968000432,0.10923129968000432,1200,200,1.025470402141412,0.10923129968000432,0.08083159769224663,0.21891256874809514,0.3204268669872636,0.3358333333333333,3,trajectory,-0.21608495639659178,0.2998903898256922,0.6418736115594705,0.018250668020415663,11.505615395704906
timestamps_uniform_times,climb_descent,cru,1,17,1,True,-1.5358924652413706,-1.5358924652413706,1200,200,0.702119045049573,-1.5358924652413706,-2.4535026569940745,-6.031861978746182,2.581955775605911,0.6041666666666666,3,trajectory,-8.180580874212401,1.715567680718432,0.14943270362758385,0.4970800226222082,1.944424532353878
timestamps_uniform_times,climb_descent,harmonic,1,,1,True,5.981084432889259,5.981084432889259,1200,200,3.9637699719617374,5.981084432889259,7.110391551407788,3.016708478292637,10.340550630803651,0.36,3,trajectory,3.489105648505822,7.937894273125821,2.26730754049262,0.4725889823609032,4.852135213436559
timestamps_uniform_times,climb_descent,hold,1,,1,True,-11.744502933676582,-11.744502933676582,1200,200,0.06691904070149268,-11.744502933676582,-10.57117988283119,-15.237701314664053,-8.054780171927291,1.0,3,trajectory,-15.846767320632525,-9.848986380563,0.014962414153790888,0.9388331450273594,0.17640240958629871
timestamps_uniform_times,climb_descent,kalman,1,,1,True,-11.501061129408408,-11.501061129408408,1200,200,0.07077728302353833,-11.501061129408408,-10.392035154199133,-15.841789533784985,-8.09466181806052,0.9975,3,trajectory,-14.030755512871577,-9.82831071641141,0.03852838614871866,0.9544765038291613,0.4352583771224696
timestamps_uniform_times,climb_descent,latent_ode,1,17,1,True,-2.1193758056356566,-2.1193758056356566,1200,200,0.6138502251015355,-2.1193758056356566,-2.617681902761537,-3.576925102209043,0.7758931719978124,0.64,3,trajectory,-6.362526721905439,0.5267502918631394,0.27369274432150026,0.4475380591796966,4.803275565433626
timestamps_uniform_times,climb_descent,linear,1,,1,True,-12.495499091194542,-12.495499091194542,1200,200,0.05629244224054365,-12.495499091194542,-11.159508502972828,-16.25631850118985,-9.339422622655746,1.0,3,trajectory,-15.434480664908833,-10.43736188151473,0.02901310062989064,0.9646431126693884,0.4368850908950844
timestamps_uniform_times,climb_descent,local_dynamics,1,17,1,True,-12.674179162799096,-12.674179162799096,1200,200,0.054023421194821473,-12.674179162799096,-11.466545705750839,-15.693649832801762,-8.9187376660367,1.0,3,trajectory,-17.036637133552034,-10.72434889230503,0.014685447143201552,0.9513730409244696,0.17843452458427536
timestamps_uniform_times,climb_descent,neural_flow,1,17,1,True,-1.1992815638555314,-1.1992815638555314,1200,200,0.7587030738902588,-1.1992815638555314,-1.5384391240535613,-0.675270015055631,0.6410147773044707,0.5716666666666667,3,trajectory,-2.529468420236576,0.41936004923444686,0.3618992188324531,0.2930052488157101,6.282260081171989
timestamps_uniform_times,climb_descent,observed_state_flow,1,17,1,True,-13.299572706365176,-13.299572706365176,1200,200,0.04677811630740805,-13.299572706365176,-12.211294310592084,-15.793453670745375,-9.5249428086365,1.0,3,trajectory,-16.814631059144258,-11.522151100892897,0.019272262558479223,0.9586447285115719,0.4664900794622372
timestamps_uniform_times,climb_descent,tpatchgnn,1,17,1,True,-0.0818751471778878,-0.0818751471778878,1200,200,0.9813241465886434,-0.0818751471778878,-0.1560518326690213,-0.1565114813365257,0.46656013441222327,0.5641666666666667,3,trajectory,-0.43054466883471526,0.3634971774676848,0.6641757156451543,0.06171755669964715,11.761945713361104
timestamps_uniform_times,cruise,cru,1,17,1,True,-5.210936914824128,-5.210936914824128,1200,200,0.30123560906387864,-5.210936914824128,-4.535461110090013,-5.667743316163325,-2.3757922755234056,0.9966666666666667,3,trajectory,-6.228462729757376,-4.642611861406777,0.10846066116588185,0.7105312292650342,1.376026477208555
timestamps_uniform_times,cruise,harmonic,1,,1,True,5.9981947434519505,5.9981947434519505,1200,200,3.979417214729668,5.9981947434519505,6.281780152707201,4.533537312327543,9.652646019081727,0.275,3,trajectory,4.2960865758268,7.511180472050237,2.1572804755719455,0.41222178330800185,5.340033631323216
timestamps_uniform_times,cruise,hold,1,,1,True,-12.253963530045013,-12.253963530045013,1200,200,0.059511876849307206,-12.253963530045013,-11.507196023826411,-17.66730167530349,-7.124183109396147,1.0,3,trajectory,-13.95520644761746,-11.216855720382986,0.00916382595914906,0.9431185889244079,0.09464887273818093
timestamps_uniform_times,cruise,kalman,1,,1,True,-13.894196680105807,-13.894196680105807,1200,200,0.04079250091885716,-13.894196680105807,-12.68827574994161,-19.0512910156974,-9.842334970084751,1.0,3,trajectory,-16.53170863281967,-12.822384361833347,0.02298348868384584,0.9717285067339738,0.39952278320808543
timestamps_uniform_times,cruise,latent_ode,1,17,1,True,-4.194830368544574,-4.194830368544574,1200,200,0.3806422248482704,-4.194830368544574,-3.894936794388453,-4.231762511362433,-1.0795131202526183,0.995,3,trajectory,-4.506607066669548,-3.9407461381122695,0.15479456794758634,0.6293856798329701,2.713110706311557
timestamps_uniform_times,cruise,linear,1,,1,True,-13.760980427225658,-13.760980427225658,1200,200,0.04206316593481456,-13.760980427225658,-12.630772129145251,-18.73166350066104,-9.827364389152374,0.9991666666666666,3,trajectory,-16.28848346940505,-12.574542024868249,0.023722602137616632,0.9714360748231411,0.4388692201907785
timestamps_uniform_times,cruise,local_dynamics,1,17,1,True,-13.666336729660058,-13.666336729660058,1200,200,0.04298988932319233,-13.666336729660058,-12.696478315826996,-18.640665515154247,-9.090934896920723,1.0,3,trajectory,-15.886295240508545,-12.668519955011604,0.010646313473795648,0.9598500802616279,0.09417247557933778
timestamps_uniform_times,cruise,neural_flow,1,17,1,True,-1.5707851772704187,-1.5707851772704187,1200,200,0.6965005797768633,-1.5707851772704187,-1.1256202090789653,-1.3896921140594132,0.08509157311971997,0.8308333333333333,3,trajectory,-2.0407979231274718,-1.0852550785647386,0.33550647024065255,0.32619552247456646,6.020172479947408
timestamps_uniform_times,cruise,observed_state_flow,1,17,1,True,-14.289079383134906,-14.289079383134906,1200,200,0.03724706541663177,-14.289079383134906,-13.433858793100534,-18.733379127738786,-9.455981158409996,1.0,3,trajectory,-16.01819381504324,-13.498971764622416,0.014906389130671063,0.965784217764934,0.438474850380638
timestamps_uniform_times,cruise,tpatchgnn,1,17,1,True,-0.11896789006247832,-0.11896789006247832,1200,200,0.9729784266650676,-0.11896789006247832,-0.10178165471434407,-0.15088669589212067,0.029797750178789682,0.7858333333333334,3,trajectory,-0.14113710257091577,-0.08121131957928646,0.8292884089549383,0.049332863016503886,19.610998670260113
timestamps_uniform_times,highspeed,cru,1,17,1,True,-2.7912412451806397,-2.7912412451806397,1200,200,0.5258669483164946,-2.7912412451806397,-2.2234360136000904,-4.205285799927861,0.4015736554567658,0.8233333333333334,3,trajectory,-6.233566147220358,-0.8310463458793051,0.18237905700535822,0.5416832754498775,2.411281386662352
timestamps_uniform_times,highspeed,harmonic,1,,1,True,12.378764450417954,12.378764450417954,1200,200,17.293243037147914,12.378764450417954,14.247035154312586,7.919752285702701,16.853406689844782,0.1325,3,trajectory,9.549279592364071,14.371098055375509,12.666005286327175,0.3651163373309828,9.146564065427713
timestamps_uniform_times,highspeed,hold,1,,1,True,-7.802952801801467,-7.802952801801467,1200,200,0.16584589249576914,-7.8029528018014656,-6.146230176398353,-12.683563308619195,-3.6317029630878728,0.9616666666666667,3,trajectory,-9.368301570120089,-6.539181274613109,0.02190657973693604,0.8765461359515287,0.36495254402348415
timestamps_uniform_times,highspeed,kalman,1,,1,True,-5.164154668816358,-5.164154668816358,1200,200,0.3044980621678527,-5.164154668816358,-3.073604559930336,-13.950835337053206,-3.0976976367573865,0.9408333333333333,3,trajectory,-8.988639550031094,-2.8663013727008613,0.13082422864730384,0.9031542391423014,0.9167712722179324
timestamps_uniform_times,highspeed,latent_ode,1,17,1,True,-2.245114930387653,-2.245114930387653,1200,200,0.5963325384600708,-2.245114930387653,-1.9251977660621016,-2.501553306826387,0.08993137666969422,0.865,3,trajectory,-5.188798955817328,-0.7118636011495123,0.2510932895184184,0.43805431231911673,4.496863060612231
timestamps_uniform_times,highspeed,linear,1,,1,True,-4.742273474013447,-4.742273474013447,1200,200,0.33556190604916386,-4.742273474013447,-2.674970531887938,-13.697495555233996,-2.4383489767437725,0.93,3,trajectory,-8.637907508538248,-2.381114841802276,0.14298115954045892,0.8965612077861684,1.002917045514235
timestamps_uniform_times,highspeed,local_dynamics,1,17,1,True,-8.01973032162653,-8.01973032162653,1200,200,0.1577709235680595,-8.01973032162653,-6.228524011007821,-13.248781680922562,-4.010084585157031,0.9633333333333334,3,trajectory,-9.751862762846237,-6.688412484927605,0.02554838205195054,0.8855514444583938,0.33204254677447653
timestamps_uniform_times,highspeed,neural_flow,1,17,1,True,-0.12440820540557193,-0.12440820540557193,1200,200,0.9717603602011998,-0.12440820540557193,-0.14259299284745613,-0.015616190352714079,0.15761616823752367,0.5608333333333333,3,trajectory,-0.49607441087679083,0.07559702195785115,0.7043443334599336,0.05440063235795715,13.547469380696615
timestamps_uniform_times,highspeed,observed_state_flow,1,17,1,True,-8.738566869735603,-8.738566869735603,1200,200,0.1337036653068207,-8.738566869735603,-7.034107456241694,-12.880321695297003,-5.296438806866177,0.97,3,trajectory,-10.522421039791872,-7.4219023614983515,0.03349649563038833,0.8928981646205284,0.6698398634265686
timestamps_uniform_times,highspeed,tpatchgnn,1,17,1,True,-0.10625820487252699,-0.10625820487252699,1200,200,0.9758300314346949,-0.10625820487252699,-0.12522040339540683,0.005742110622579805,0.18070886887298532,0.4816666666666667,3,trajectory,-0.49297492270161425,0.12840053564942788,0.6962512418131034,0.05153098820483246,13.282633055051168
timestamps_uniform_times,occlusion,cru,1,17,1,True,0.049068906713496056,0.049068906713496056,1200,200,1.0113626028100648,0.049068906713496056,0.03959532982684441,0.01934698578259006,0.08047176538907051,0.13916666666666666,3,channel_group,0.015534738173197567,0.10602130174643282,0.867808581367135,0.003273030709239747,23.605383110046386
timestamps_uniform_times,occlusion,harmonic,1,,1,True,11.087874547717291,11.087874547717291,1200,200,12.846577900849903,11.087874547717291,6.190486342273807,0.5916202393138499,10.072136845693697,0.45416666666666666,3,channel_group,6.228755408081908,14.725304227882333,10.396963580112981,0.6928821513442865,6.2807641568640245
timestamps_uniform_times,occlusion,hold,1,,1,True,1.0082435743119966,1.0082435743119966,1200,200,1.2613173143885312,1.0082435743119966,-6.703047402707271,-6.094027810503064,4.2925408800751494,0.75,3,channel_group,0.49041375433458056,1.4400074042543722,0.4733122538966078,0.827760903948753,2.1646057811345116
timestamps_uniform_times,occlusion,kalman,1,,1,True,6.832605532731715,6.832605532731715,1200,200,4.822370270707567,6.832605532731715,-4.486251169499079,-4.966426540117948,4.801577052495521,0.675,3,channel_group,4.585539586169246,8.102914348735592,3.5201661388627445,0.824702736690427,3.3627366059451016
timestamps_uniform_times,occlusion,latent_ode,1,17,1,True,0.0028918386045858925,0.0028918386045858925,1200,200,1.0006660921871662,0.0028918386045858925,0.0014615637525645993,0.0022088056056677368,0.008076052941206929,0.25833333333333336,3,channel_group,0.0026726443153681214,0.00323951993144909,0.9826659147441387,0.005955017645629016,42.42073816776276
timestamps_uniform_times,occlusion,linear,1,,1,True,7.396098872916176,7.396098872916176,1200,200,5.490474606787514,7.396098872916176,-4.343746544449463,-4.498278699440994,5.006522962527924,0.655,3,channel_group,4.869961277791165,9.174013498508279,4.090121754526626,0.82055425413729,3.668304371963395
timestamps_uniform_times,occlusion,local_dynamics,1,17,1,True,0.2752307804613787,0.2752307804613787,1200,200,1.0654254779836143,0.2752307804613787,-6.860718597397693,-5.94361901702895,3.6380226434966665,0.7608333333333334,3,channel_group,0.26126587003655094,0.3010675036647127,0.4135396672264081,0.823054890477409,2.7569163091465696
timestamps_uniform_times,occlusion,neural_flow,1,17,1,True,0.0029689948775424783,0.0029689948775424783,1200,200,1.0006838700671992,0.0029689948775424783,0.006130532239843971,0.0005818775824085287,0.012656655502200543,0.485,3,channel_group,-0.0012078816142891105,0.00708356963781983,0.9702381659050783,0.007256106716962779,37.11494353930156
timestamps_uniform_times,occlusion,observed_state_flow,1,17,1,True,-1.896872720244132,-1.896872720244132,1200,200,0.6461193209556707,-1.896872720244132,-3.9790142235447883,-2.2978113163850873,0.9391622122040267,0.8083333333333333,3,channel_group,-3.1533692810094944,-0.7546889309202742,0.40239536810292825,0.8235284328877849,11.51199602586062
timestamps_uniform_times,occlusion,tpatchgnn,1,17,1,True,-0.0006752424582489506,-0.0006752424582489506,1200,200,0.9998445317645868,-0.0006752424582489506,-0.0006543076749739334,-0.0006998835456724884,0.003514099483159514,0.605,3,channel_group,-0.0026631577647261533,0.001295211296066097,0.9805115164319674,0.005416118463907222,41.25147469679514
timestamps_uniform_times,sweep_turn,cru,1,17,1,True,-0.6975210211174921,-0.6975210211174921,1200,200,0.8516240115712086,-0.6975210211174921,0.6011443191490519,-1.228264462191089,2.3957563449393757,0.5991666666666666,3,trajectory,-5.925359047560424,1.289693127173053,0.17656092115057012,0.38123650751033017,1.82163536694569
timestamps_uniform_times,sweep_turn,harmonic,1,,1,True,7.7533331454768994,7.7533331454768994,1200,200,5.961194808313739,7.7533331454768994,9.356450918601764,4.595172927824257,11.785080706332867,0.34,3,trajectory,3.5879492831906235,9.005479460450239,3.679444862644644,0.49191975300510726,5.8002347128399805
timestamps_uniform_times,sweep_turn,hold,1,,1,True,-10.471339258570769,-10.471339258570769,1200,200,0.08971520919504954,-10.471339258570769,-8.619833188387107,-14.529856510733287,-6.5207316328163625,0.9933333333333333,3,trajectory,-14.19172094762716,-9.144168215710515,0.016680123833649863,0.9211572467777539,0.19262024417314025
timestamps_uniform_times,sweep_turn,kalman,1,,1,True,-10.804362739408806,-10.804362739408806,1200,200,0.08309286357992576,-10.804362739408806,-8.153099379006237,-16.504661451219135,-8.622973319610711,0.9916666666666667,3,trajectory,-16.670369547365034,-8.394687833804195,0.03424785212532389,0.9543795178023478,0.4307242577062546
timestamps_uniform_times,sweep_turn,latent_ode,1,17,1,True,-1.1210624446754367,-1.1210624446754367,1200,200,0.7724915820111831,-1.1210624446754367,-0.302695119245277,-1.0697192389904293,0.8635420046475742,0.55,3,trajectory,-4.212354463055801,-0.12747185249748602,0.2602516496150444,0.31719905839334483,4.276792207990463
timestamps_uniform_times,sweep_turn,linear,1,,1,True,-10.577448174121313,-10.577448174121313,1200,200,0.08754980489376366,-10.577448174121313,-7.900766453078533,-16.176516241643554,-8.459353448431955,0.9916666666666667,3,trajectory,-16.669571229284447,-8.155501205347722,0.0358480731781916,0.9531815980076014,0.4732840164777978
timestamps_uniform_times,sweep_turn,local_dynamics,1,17,1,True,-10.78592923147476,-10.78592923147476,1200,200,0.08344629845923913,-10.78592923147476,-8.829263492196212,-14.72909786746456,-7.063040189598518,0.9933333333333333,3,trajectory,-14.646944302265064,-9.304651599109041,0.016671885763924622,0.9277097645048829,0.16954078932776456
timestamps_uniform_times,sweep_turn,neural_flow,1,17,1,True,-0.1502095717850526,-0.1502095717850526,1200,200,0.9660042626659076,-0.1502095717850526,0.09243724894959479,-0.020102918707002697,0.40867483388703085,0.5183333333333333,3,trajectory,-0.7554298595575486,0.18295180471847539,0.49700228376934924,0.085661913983537,9.247920813163121
timestamps_uniform_times,sweep_turn,observed_state_flow,1,17,1,True,-11.395652948078347,-11.395652948078347,1200,200,0.07251614441552794,-11.395652948078347,-9.362688242649702,-14.907832253437132,-8.213566307373135,0.9941666666666666,3,trajectory,-15.145553009594435,-9.690950482257568,0.018977686609481025,0.9364601565068976,0.318813950199401
timestamps_uniform_times,sweep_turn,tpatchgnn,1,17,1,True,0.15839374533358405,0.15839374533358405,1200,200,1.0371447529395421,0.15839374533358405,0.1729356377729202,0.16016482961505218,0.37624281667645665,0.1725,3,trajectory,0.133734211782635,0.17442085111693428,0.6937653722862402,0.007856665419760656,12.66089958190918
timestamps_uniform_times,uturn,cru,1,17,1,True,-0.6603716756750486,-0.6603716756750486,1200,200,0.8589400089966754,-0.6603716756750486,-0.9210362429793982,-0.0800923249982172,1.2275131732693665,0.5208333333333334,3,trajectory,-4.387631282269485,1.1018789935771136,0.25114315550463895,0.2704622624168522,3.8728215321541453
timestamps_uniform_times,uturn,harmonic,1,,1,True,9.12523622127669,9.12523622127669,1200,200,8.175675058325773,9.12523622127669,10.648363437836217,0.009926887164719622,13.68258363932283,0.5,3,trajectory,-0.32598543155634696,10.902385096275452,5.64231351390806,0.5798782927892171,5.4838447262246826
timestamps_uniform_times,uturn,hold,1,,1,True,-8.823353585766657,-8.823353585766657,1200,200,0.13111870203202364,-8.823353585766657,-8.773900782019625,-12.771054399581265,-4.668983009644818,0.9908333333333333,3,trajectory,-9.38302199922764,-7.890660889552622,0.03402321506000585,0.8889991986819465,0.2793513698702494
timestamps_uniform_times,uturn,kalman,1,,1,True,-8.181045068412633,-8.181045068412633,1200,200,0.1520181675437682,-8.181045068412633,-7.588319993973233,-13.297828771893244,-5.089756279909556,0.975,3,trajectory,-9.037367953591334,-7.412135949769563,0.07526466448462084,0.9158758296227704,0.6572322649088165
timestamps_uniform_times,uturn,latent_ode,1,17,1,True,-1.4458459574705682,-1.4458459574705682,1200,200,0.716828731695811,-1.4458459574705682,-1.5419551207328774,-0.12331150540598156,0.3131762982873825,0.5716666666666667,3,trajectory,-6.380753929359574,0.2670907413727628,0.3050241883401759,0.3281192968090227,5.443781363894232
timestamps_uniform_times,uturn,linear,1,,1,True,-7.788403184895515,-7.788403184895515,1200,200,0.16640243668263788,-7.788403184895515,-7.06554012951258,-12.991044319408838,-5.133140429332496,0.97,3,trajectory,-8.54504954963065,-6.712423629510003,0.08353867516827142,0.9139163849002216,0.7075019320426145
timestamps_uniform_times,uturn,local_dynamics,1,17,1,True,-9.308643704426228,-9.308643704426228,1200,200,0.11725614976844852,-9.308643704426228,-9.173479391289018,-13.260046981474314,-5.250023601924672,0.9925,3,trajectory,-10.172522634751983,-8.331021160214183,0.03400350508824578,0.9032616491689502,0.2858017668873009
timestamps_uniform_times,uturn,neural_flow,1,17,1,True,-0.49408083271108993,-0.49408083271108993,1200,200,0.8924664866427581,-0.49408083271108993,-0.543125281972807,0.32232058257467855,0.5483171201795104,0.4266666666666667,3,trajectory,-2.391615190331478,0.4817311173185925,0.3918354249062638,0.1866509016323916,6.955835529764493
timestamps_uniform_times,uturn,observed_state_flow,1,17,1,True,-9.533235586723087,-9.533235586723087,1200,200,0.11134646695171488,-9.533235586723087,-9.522587561950544,-13.255760341336368,-5.350533718961763,0.9925,3,trajectory,-10.720333890088533,-8.22696835931794,0.038279118502765976,0.9037949730843441,0.5617607809461576
timestamps_uniform_times,uturn,tpatchgnn,1,17,1,True,0.10935390707655557,0.10935390707655557,1200,200,1.0254993530114491,0.10935390707655557,0.08087490993830976,0.21891256874809514,0.3232472701811522,0.3358333333333333,3,trajectory,-0.2159909479130056,0.30023694421498903,0.6418520445624988,0.018245895461410887,11.504958555698394
