experiment,family,model,seed_count,seeds,expected_seed_count,seeds_complete,seed_nmse_db_min,seed_nmse_db_max,reference,pair_status,paired_targets,paired_clusters,delta_nmse_db,delta_ci_low,delta_ci_high
count_random_n32,climb_descent,cru,1,17,1,True,-1.537154617318832,-1.537154617318832,hold,matched,1200,3,10.207348323192825,3.2883426064157897,17.561662168727366
count_random_n32,climb_descent,harmonic,1,,1,True,-10.71479056722151,-10.71479056722151,hold,matched,1200,3,1.0297123732901479,0.41574334495887943,1.3735391937802064
count_random_n32,climb_descent,kalman,1,,1,True,-11.728303378019888,-11.728303378019888,hold,matched,1200,3,0.016199562491769053,-0.6629076401610676,2.37613732865308
count_random_n32,climb_descent,latent_ode,1,17,1,True,-2.1062422609919316,-2.1062422609919316,hold,matched,1200,3,9.638260679519725,5.156061831681644,16.379493494290255
count_random_n32,climb_descent,linear,1,,1,True,-12.946308189240943,-12.946308189240943,hold,matched,1200,3,-1.2018052487292867,-2.259352917205271,0.31173303531393975
count_random_n32,climb_descent,local_dynamics,1,17,1,True,-12.738161923298554,-12.738161923298554,hold,matched,1200,3,-0.9936589827868976,-1.125686344573924,-0.9492821564935329
count_random_n32,climb_descent,neural_flow,1,17,1,True,-1.1460579632854944,-1.1460579632854944,hold,matched,1200,3,10.598444977226162,7.776131108723536,16.313978700946958
count_random_n32,climb_descent,observed_state_flow,1,17,1,True,-13.385006339510607,-13.385006339510607,hold,matched,1200,3,-1.640503398998951,-1.8203310694233987,-0.9636496899927895
count_random_n32,climb_descent,tpatchgnn,1,17,1,True,-0.08185126712628317,-0.08185126712628317,hold,matched,1200,3,11.662651673385373,9.625822424648504,16.210312014229356
count_random_n32,cruise,cru,1,17,1,True,-5.210547523619948,-5.210547523619948,hold,matched,1200,3,7.043416013182558,6.304777387725158,7.728511182488709
count_random_n32,cruise,harmonic,1,,1,True,-12.10716555327422,-12.10716555327422,hold,matched,1200,3,0.1467979835282848,-1.1572903154467544,0.49396307313376575
count_random_n32,cruise,kalman,1,,1,True,-13.889088323700069,-13.889088323700069,hold,matched,1200,3,-1.6351247868975651,-2.4005931949853796,-0.8973575670936019
count_random_n32,cruise,latent_ode,1,17,1,True,-4.117087143502221,-4.117087143502221,hold,matched,1200,3,8.136876393300284,7.40329957690294,9.468604674033392
count_random_n32,cruise,linear,1,,1,True,-13.919752477732736,-13.919752477732736,hold,matched,1200,3,-1.6657889409302309,-2.354229407263268,-1.2152408741831011
count_random_n32,cruise,local_dynamics,1,17,1,True,-13.665788856328252,-13.665788856328252,hold,matched,1200,3,-1.4118253195257457,-1.8563211256366499,-1.06753963113754
count_random_n32,cruise,neural_flow,1,17,1,True,-1.4562803146073917,-1.4562803146073917,hold,matched,1200,3,10.797683222195113,9.629041425333734,12.030284666934518
count_random_n32,cruise,observed_state_flow,1,17,1,True,-14.309127450443658,-14.309127450443658,hold,matched,1200,3,-2.055163913641153,-2.3574295684113866,-1.7113655494526578
count_random_n32,cruise,tpatchgnn,1,17,1,True,-0.11895938316238891,-0.11895938316238891,hold,matched,1200,3,12.135004153640116,11.13565340390659,13.820053911189866
count_random_n32,highspeed,cru,1,17,1,True,-2.791906056717297,-2.791906056717297,hold,matched,1200,3,5.011046791742,1.7443086942981605,8.534682736831016
count_random_n32,highspeed,harmonic,1,,1,True,-4.66592405309264,-4.66592405309264,hold,matched,1200,3,3.137028795366657,0.6420533447050191,4.164289389358498
count_random_n32,highspeed,kalman,1,,1,True,-5.574853294189931,-5.574853294189931,hold,matched,1200,3,2.228099554269366,-0.2727718364491,3.343024089187194
count_random_n32,highspeed,latent_ode,1,17,1,True,-2.225806245131145,-2.225806245131145,hold,matched,1200,3,5.577146603328153,2.8255551607012857,8.66932793075529
count_random_n32,highspeed,linear,1,,1,True,-4.890108990380805,-4.890108990380805,hold,matched,1200,3,2.912843858078493,0.3154850579862816,4.075453876745189
count_random_n32,highspeed,local_dynamics,1,17,1,True,-8.042857250368359,-8.042857250368359,hold,matched,1200,3,-0.23990440190906018,-0.4029061235097983,-0.1581662219391467
count_random_n32,highspeed,neural_flow,1,17,1,True,-0.1244795145137461,-0.1244795145137461,hold,matched,1200,3,7.6784733339455515,6.566874557587942,9.443643147783417
count_random_n32,highspeed,observed_state_flow,1,17,1,True,-8.77414683368004,-8.77414683368004,hold,matched,1200,3,-0.9711939852207424,-1.1756335360795593,-0.8992349660622277
count_random_n32,highspeed,tpatchgnn,1,17,1,True,-0.10633454376550196,-0.10633454376550196,hold,matched,1200,3,7.6966183046937955,6.563540551973278,9.49645112898901
count_random_n32,occlusion,cru,1,17,1,True,0.0476057190036169,0.0476057190036169,hold,matched,1200,3,-0.9606378667672011,-1.4256710770537424,-0.388690715725446
count_random_n32,occlusion,harmonic,1,,1,True,5.704329426122159,5.704329426122159,hold,matched,1200,3,4.6960858403513415,3.8985367000631506,5.137758547149362
count_random_n32,occlusion,kalman,1,,1,True,6.694662433204942,6.694662433204942,hold,matched,1200,3,5.6864188474341235,4.592794091911006,6.816655579364533
count_random_n32,occlusion,latent_ode,1,17,1,True,0.0029410934790703837,0.0029410934790703837,hold,matched,1200,3,-1.0053024922917477,-1.4372289516457464,-0.4877289984879382
count_random_n32,occlusion,linear,1,,1,True,7.514884548148203,7.514884548148203,hold,matched,1200,3,6.506640962377385,4.143133209693275,8.555535987229167
count_random_n32,occlusion,local_dynamics,1,17,1,True,0.1891130977833364,0.1891130977833364,hold,matched,1200,3,-0.8191304879874814,-1.1405754018762773,-0.24390028311299855
count_random_n32,occlusion,neural_flow,1,17,1,True,0.0030261601616737004,0.0030261601616737004,hold,matched,1200,3,-1.0052174256091442,-1.4366965643295802,-0.48317342966585386
count_random_n32,occlusion,observed_state_flow,1,17,1,True,-1.9005381436385007,-1.9005381436385007,hold,matched,1200,3,-2.908781729409319,-3.6449397536687833,-2.1986021344522193
count_random_n32,occlusion,tpatchgnn,1,17,1,True,-0.0006646362039066486,-0.0006646362039066486,hold,matched,1200,3,-1.008908221974725,-1.4386494368905658,-0.49100498140071813
count_random_n32,sweep_turn,cru,1,17,1,True,-0.6981997512914107,-0.6981997512914107,hold,matched,1200,3,9.77313951481985,8.261927647380777,10.893691879160809
count_random_n32,sweep_turn,harmonic,1,,1,True,-9.887929818759414,-9.887929818759414,hold,matched,1200,3,0.5834094473518461,-0.5345757323692079,1.4370285861385315
count_random_n32,sweep_turn,kalman,1,,1,True,-11.182945111984779,-11.182945111984779,hold,matched,1200,3,-0.7116058458735168,-2.7486281975380904,0.4741883318427571
count_random_n32,sweep_turn,latent_ode,1,17,1,True,-1.0979114500692249,-1.0979114500692249,hold,matched,1200,3,9.373427816042035,9.034068183342601,9.973618841855675
count_random_n32,sweep_turn,linear,1,,1,True,-10.834673292923503,-10.834673292923503,hold,matched,1200,3,-0.363334026812243,-2.692175850931201,0.7832002948596711
count_random_n32,sweep_turn,local_dynamics,1,17,1,True,-10.80632665310061,-10.80632665310061,hold,matched,1200,3,-0.33498738698934993,-0.4822294971876435,-0.16638768813453317
count_random_n32,sweep_turn,neural_flow,1,17,1,True,-0.09485055809235031,-0.09485055809235031,hold,matched,1200,3,10.37648870801891,9.234136739927974,13.449751182883343
count_random_n32,sweep_turn,observed_state_flow,1,17,1,True,-11.409667550764881,-11.409667550764881,hold,matched,1200,3,-0.9383282846536224,-1.4069697434588213,-0.5562250175253429
count_random_n32,sweep_turn,tpatchgnn,1,17,1,True,0.15835698075214788,0.15835698075214788,hold,matched,1200,3,10.629696246863409,9.277973359175112,14.366079939072412
count_random_n32,uturn,cru,1,17,1,True,-0.6683451049564372,-0.6683451049564372,hold,matched,1200,3,8.155008478710945,4.993049933419792,8.999874190000506
count_random_n32,uturn,harmonic,1,,1,True,-7.992846472418972,-7.992846472418972,hold,matched,1200,3,0.8305071112484107,-1.1654436120825935,2.7462869948588873
count_random_n32,uturn,kalman,1,,1,True,-8.751778926636055,-8.751778926636055,hold,matched,1200,3,0.07157465703132906,-1.5033275427812522,1.6374904520620532
count_random_n32,uturn,latent_ode,1,17,1,True,-1.434649278716307,-1.434649278716307,hold,matched,1200,3,7.388704304951076,3.0630478898457696,8.68449191301518
count_random_n32,uturn,linear,1,,1,True,-8.279257251621765,-8.279257251621765,hold,matched,1200,3,0.5440963320456166,-2.01669319740836,2.61355552083179
count_random_n32,uturn,local_dynamics,1,17,1,True,-9.546118852749734,-9.546118852749734,hold,matched,1200,3,-0.7227652690823511,-0.9207717103761417,-0.36515585439763754
count_random_n32,uturn,neural_flow,1,17,1,True,-0.44140651245346857,-0.44140651245346857,hold,matched,1200,3,8.381947071213915,7.0196339046494245,9.31842032826276
count_random_n32,uturn,observed_state_flow,1,17,1,True,-9.685026236195014,-9.685026236195014,hold,matched,1200,3,-0.8616726525276309,-1.4412731316248004,-0.5179496675013745
count_random_n32,uturn,tpatchgnn,1,17,1,True,0.10907930754388757,0.10907930754388757,hold,matched,1200,3,8.93243289121127,8.189972218762032,9.602443257773013
count_random_n4,climb_descent,cru,1,17,1,True,-1.5348639887904065,-1.5348639887904065,hold,matched,1200,3,10.209638953562825,3.2941414418604626,17.562856178266134
count_random_n4,climb_descent,harmonic,1,,1,True,-4.273767943061257,-4.273767943061257,hold,matched,1200,3,7.470734999291975,6.250435327438684,8.611797859729434
count_random_n4,climb_descent,kalman,1,,1,True,-11.14914125574012,-11.14914125574012,hold,matched,1200,3,0.5953616866131107,0.3353748168198244,0.8691231981604337
count_random_n4,climb_descent,latent_ode,1,17,1,True,-2.127185320390346,-2.127185320390346,hold,matched,1200,3,9.617317621962885,5.079582153059365,16.37038176441316
count_random_n4,climb_descent,linear,1,,1,True,-12.087016204582273,-12.087016204582273,hold,matched,1200,3,-0.3425132622290414,-0.4539508836205078,-0.2685509644781777
count_random_n4,climb_descent,local_dynamics,1,17,1,True,-12.363781713805466,-12.363781713805466,hold,matched,1200,3,-0.6192787714522342,-1.105830103803883,-0.3350533903383996
count_random_n4,climb_descent,neural_flow,1,17,1,True,-1.0876103591995123,-1.0876103591995123,hold,matched,1200,3,10.656892583153718,8.144338082156576,16.229712498870608
count_random_n4,climb_descent,observed_state_flow,1,17,1,True,-12.802588019474154,-12.802588019474154,hold,matched,1200,3,-1.0580850771209236,-1.2123986780490883,-0.607891385882591
count_random_n4,climb_descent,tpatchgnn,1,17,1,True,-0.08076155772847649,-0.08076155772847649,hold,matched,1200,3,11.663741384624755,9.625888946910921,16.20950326990926
count_random_n4,cruise,cru,1,17,1,True,-5.216561676964657,-5.216561676964657,hold,matched,1200,3,7.037401848640554,6.292014284949628,7.728583446352296
count_random_n4,cruise,harmonic,1,,1,True,-2.856994496716601,-2.856994496716601,hold,matched,1200,3,9.396969028888611,6.7356232233812205,10.71395985777841
count_random_n4,cruise,kalman,1,,1,True,-13.769852328407472,-13.769852328407472,hold,matched,1200,3,-1.515888802802261,-2.8486673252641275,-0.9091255506236856
count_random_n4,cruise,latent_ode,1,17,1,True,-4.256746763498999,-4.256746763498999,hold,matched,1200,3,7.997216762106212,7.16170782865722,9.494667509685048
count_random_n4,cruise,linear,1,,1,True,-13.484019886990517,-13.484019886990517,hold,matched,1200,3,-1.230056361385305,-2.613099711172195,-0.6261313244037248
count_random_n4,cruise,local_dynamics,1,17,1,True,-13.552706574274374,-13.552706574274374,hold,matched,1200,3,-1.2987430486691618,-1.9139465775937856,-0.9577280791159543
count_random_n4,cruise,neural_flow,1,17,1,True,-1.3340133435152888,-1.3340133435152888,hold,matched,1200,3,10.919950182089922,9.763726167387535,12.250327390036219
count_random_n4,cruise,observed_state_flow,1,17,1,True,-14.008744861880263,-14.008744861880263,hold,matched,1200,3,-1.7547813362750506,-1.9909900887738425,-1.4160317555154303
count_random_n4,cruise,tpatchgnn,1,17,1,True,-0.11761816674734404,-0.11761816674734404,hold,matched,1200,3,12.136345358857866,11.138523421150296,13.822481135529795
count_random_n4,highspeed,cru,1,17,1,True,-2.79034642301946,-2.79034642301946,hold,matched,1200,3,5.012606370340134,1.7458374431260504,8.536236966721042
count_random_n4,highspeed,harmonic,1,,1,True,2.9145354312893215,2.9145354312893215,hold,matched,1200,3,10.717488224648914,7.237843845434874,12.351386399129504
count_random_n4,highspeed,kalman,1,,1,True,-5.45783827247861,-5.45783827247861,hold,matched,1200,3,2.3451145208809825,0.49762977651317203,3.291168613178942
count_random_n4,highspeed,latent_ode,1,17,1,True,-2.2593638976547843,-2.2593638976547843,hold,matched,1200,3,5.543588895704809,2.7661997314265907,8.651210895856469
count_random_n4,highspeed,linear,1,,1,True,-4.994082764516096,-4.994082764516096,hold,matched,1200,3,2.8088700288434962,0.87127382381392,3.796045433519569
count_random_n4,highspeed,local_dynamics,1,17,1,True,-7.929611947988533,-7.929611947988533,hold,matched,1200,3,-0.12665915462894073,-0.21217474442226783,-0.04142842822963931
count_random_n4,highspeed,neural_flow,1,17,1,True,-0.12377433057342964,-0.12377433057342964,hold,matched,1200,3,7.6791784627861635,6.567019756592039,9.44417969642409
count_random_n4,highspeed,observed_state_flow,1,17,1,True,-8.703502637293072,-8.703502637293072,hold,matched,1200,3,-0.9005498439334796,-1.1988332607106653,-0.8005983465232784
count_random_n4,highspeed,tpatchgnn,1,17,1,True,-0.10614088934846173,-0.10614088934846173,hold,matched,1200,3,7.69681190401113,6.561786039994648,9.494143184679796
count_random_n4,occlusion,cru,1,17,1,True,0.04936946026625279,0.04936946026625279,hold,matched,1200,3,-0.9588741203995448,-1.4219577205425673,-0.3853394020886431
count_random_n4,occlusion,harmonic,1,,1,True,7.37861549848922,7.37861549848922,hold,matched,1200,3,6.370371917823422,4.852178204204581,7.805951302307208
count_random_n4,occlusion,kalman,1,,1,True,7.066692590134446,7.066692590134446,hold,matched,1200,3,6.0584490094686485,3.362233597959044,8.167929150800747
count_random_n4,occlusion,latent_ode,1,17,1,True,0.0033364164482247408,0.0033364164482247408,hold,matched,1200,3,-1.0049071642175729,-1.437419053521011,-0.48720283777447126
count_random_n4,occlusion,linear,1,,1,True,7.778303110055669,7.778303110055669,hold,matched,1200,3,6.770059529389871,3.631361848692443,9.113407836868689
count_random_n4,occlusion,local_dynamics,1,17,1,True,0.32114335245744224,0.32114335245744224,hold,matched,1200,3,-0.687100228208355,-0.8658737346816177,-0.3337073056071874
count_random_n4,occlusion,neural_flow,1,17,1,True,0.003139585920844568,0.003139585920844568,hold,matched,1200,3,-1.0051039947449532,-1.436639233079096,-0.48316418247180143
count_random_n4,occlusion,observed_state_flow,1,17,1,True,-1.846695884477668,-1.846695884477668,hold,matched,1200,3,-2.854939465143465,-3.638745988265326,-2.102656480928434
count_random_n4,occlusion,tpatchgnn,1,17,1,True,-0.0005928468256471035,-0.0005928468256471035,hold,matched,1200,3,-1.0088364274914445,-1.43814876089086,-0.4913130418969045
count_random_n4,sweep_turn,cru,1,17,1,True,-0.6985996428534359,-0.6985996428534359,hold,matched,1200,3,9.772739632849825,8.271972536169867,10.888798604510123
count_random_n4,sweep_turn,harmonic,1,,1,True,-3.4155155864262206,-3.4155155864262206,hold,matched,1200,3,7.05582368927704,6.243540933404017,7.909911473446359
count_random_n4,sweep_turn,kalman,1,,1,True,-10.387400171787665,-10.387400171787665,hold,matched,1200,3,0.08393910391559552,-0.8314932756430955,0.754079783975473
count_random_n4,sweep_turn,latent_ode,1,17,1,True,-1.1542508835647787,-1.1542508835647787,hold,matched,1200,3,9.317088392138482,8.946524260978483,10.0868931486214
count_random_n4,sweep_turn,linear,1,,1,True,-10.144589432784636,-10.144589432784636,hold,matched,1200,3,0.3267498429186249,-0.572429315020472,0.9738582584454246
count_random_n4,sweep_turn,local_dynamics,1,17,1,True,-10.42764688224138,-10.42764688224138,hold,matched,1200,3,0.04369239346188032,-0.3391914019175127,1.237251009221245
count_random_n4,sweep_turn,neural_flow,1,17,1,True,-0.0971397162850211,-0.0971397162850211,hold,matched,1200,3,10.37419955941824,9.227403024700308,13.728492896163324
count_random_n4,sweep_turn,observed_state_flow,1,17,1,True,-11.213426462535159,-11.213426462535159,hold,matched,1200,3,-0.7420871868318983,-1.165016530862228,-0.4075600310089606
count_random_n4,sweep_turn,tpatchgnn,1,17,1,True,0.16423730169214637,0.16423730169214637,hold,matched,1200,3,10.635576577395407,9.284903767851851,14.374597889109904
count_random_n4,uturn,cru,1,17,1,True,-0.6586763318472055,-0.6586763318472055,hold,matched,1200,3,8.164677269307248,4.995913271153238,9.001336772798755
count_random_n4,uturn,harmonic,1,,1,True,0.12521801996562637,0.12521801996562637,hold,matched,1200,3,8.94857162112008,3.6079387171449118,11.420067764163786
count_random_n4,uturn,kalman,1,,1,True,-7.796093841306763,-7.796093841306763,hold,matched,1200,3,1.0272597598476898,0.3829955389682592,1.8663252743724028
count_random_n4,uturn,latent_ode,1,17,1,True,-1.4611121667042382,-1.4611121667042382,hold,matched,1200,3,7.362241434450215,2.95799311060513,8.646196929414193
count_random_n4,uturn,linear,1,,1,True,-7.485105885857553,-7.485105885857553,hold,matched,1200,3,1.3382477152969,0.7673087007893132,2.3524710352015936
count_random_n4,uturn,local_dynamics,1,17,1,True,-9.023696146764202,-9.023696146764202,hold,matched,1200,3,-0.2003425456097488,-0.5311849794014774,-0.044041829187729656
count_random_n4,uturn,neural_flow,1,17,1,True,-0.3380069434048185,-0.3380069434048185,hold,matched,1200,3,8.485346657749634,7.877115908217739,9.344487358320979
count_random_n4,uturn,observed_state_flow,1,17,1,True,-9.185445200273962,-9.185445200273962,hold,matched,1200,3,-0.36209159911950917,-0.9514328582321736,0.023229143825719344
count_random_n4,uturn,tpatchgnn,1,17,1,True,0.10624005818436014,0.10624005818436014,hold,matched,1200,3,8.929593659338813,8.18304623157003,9.602904725698854
count_random_n8,climb_descent,cru,1,17,1,True,-1.536260970686425,-1.536260970686425,hold,matched,1200,3,10.208241970878236,3.2905643315493576,17.561494808431462
count_random_n8,climb_descent,harmonic,1,,1,True,-9.857213158104585,-9.857213158104585,hold,matched,1200,3,1.8872897834600744,0.8492898234970734,2.58429301468892
count_random_n8,climb_descent,kalman,1,,1,True,-11.50534612532393,-11.50534612532393,hold,matched,1200,3,0.23915681624073062,0.05939629353972521,1.0724925119829019
count_random_n8,climb_descent,latent_ode,1,17,1,True,-2.12511150502865,-2.12511150502865,hold,matched,1200,3,9.61939143653601,5.085285657274533,16.371111611425512
count_random_n8,climb_descent,linear,1,,1,True,-12.46856162380125,-12.46856162380125,hold,matched,1200,3,-0.724058682236592,-1.2886972507404038,-0.11153910075026753
count_random_n8,climb_descent,local_dynamics,1,17,1,True,-12.650485142265547,-12.650485142265547,hold,matched,1200,3,-0.9059822007008864,-1.180198980603782,-0.837951737555203
count_random_n8,climb_descent,neural_flow,1,17,1,True,-1.2160644754244774,-1.2160644754244774,hold,matched,1200,3,10.528438466140182,7.753203489477251,16.232498302390994
count_random_n8,climb_descent,observed_state_flow,1,17,1,True,-13.13345696856889,-13.13345696856889,hold,matched,1200,3,-1.3889540270042313,-1.4785730907846766,-0.8571552870137165
count_random_n8,climb_descent,tpatchgnn,1,17,1,True,-0.08142692142301677,-0.08142692142301677,hold,matched,1200,3,11.663076020141643,9.625749538295587,16.20994631683653
count_random_n8,cruise,cru,1,17,1,True,-5.213819307704618,-5.213819307704618,hold,matched,1200,3,7.040144240625269,6.298334631596854,7.727849364507872
count_random_n8,cruise,harmonic,1,,1,True,-10.69500544614932,-10.69500544614932,hold,matched,1200,3,1.5589581021805674,-1.459283408411327,3.2044790916972463
count_random_n8,cruise,kalman,1,,1,True,-13.907929420388815,-13.907929420388815,hold,matched,1200,3,-1.653965872058927,-2.8049826166314134,-1.081593300182693
count_random_n8,cruise,latent_ode,1,17,1,True,-4.242951607652792,-4.242951607652792,hold,matched,1200,3,8.011011940677093,7.195831338385147,9.45942819505548
count_random_n8,cruise,linear,1,,1,True,-13.763245136279217,-13.763245136279217,hold,matched,1200,3,-1.509281587949331,-2.5751146771996853,-1.0834339730004743
count_random_n8,cruise,local_dynamics,1,17,1,True,-13.637184887829081,-13.637184887829081,hold,matched,1200,3,-1.3832213394991955,-1.9133103940436815,-1.000045236122242
count_random_n8,cruise,neural_flow,1,17,1,True,-1.600869481803916,-1.600869481803916,hold,matched,1200,3,10.65309406652597,9.548203728791364,11.937105894518819
count_random_n8,cruise,observed_state_flow,1,17,1,True,-14.187930995355185,-14.187930995355185,hold,matched,1200,3,-1.9339674470252972,-2.180481007239778,-1.6005908707412366
count_random_n8,cruise,tpatchgnn,1,17,1,True,-0.11862901705151546,-0.11862901705151546,hold,matched,1200,3,12.135334531278371,11.136107043457816,13.820963736278465
count_random_n8,highspeed,cru,1,17,1,True,-2.790108942338926,-2.790108942338926,hold,matched,1200,3,5.012843894554554,1.7486930721218685,8.53692260398207
count_random_n8,highspeed,harmonic,1,,1,True,-3.2502715014246766,-3.2502715014246766,hold,matched,1200,3,4.552681335468804,1.2131959780120625,6.327707983250042
count_random_n8,highspeed,kalman,1,,1,True,-5.34919169542532,-5.34919169542532,hold,matched,1200,3,2.453761141468159,0.21798936378052797,3.514410282978872
count_random_n8,highspeed,latent_ode,1,17,1,True,-2.2563035270767764,-2.2563035270767764,hold,matched,1200,3,5.546649309816703,2.768208442369712,8.650065775952193
count_random_n8,highspeed,linear,1,,1,True,-4.9188269026308244,-4.9188269026308244,hold,matched,1200,3,2.8841259342626557,0.5135342246987176,3.9927712837723277
count_random_n8,highspeed,local_dynamics,1,17,1,True,-8.031907288722278,-8.031907288722278,hold,matched,1200,3,-0.2289544518287988,-0.3651743525539384,-0.15482613969597225
count_random_n8,highspeed,neural_flow,1,17,1,True,-0.12440459681591466,-0.12440459681591466,hold,matched,1200,3,7.678548240077565,6.566698023927458,9.44399769919252
count_random_n8,highspeed,observed_state_flow,1,17,1,True,-8.733634900660599,-8.733634900660599,hold,matched,1200,3,-0.9306820637671198,-1.1731461293635068,-0.8524134123593184
count_random_n8,highspeed,tpatchgnn,1,17,1,True,-0.10634447659248172,-0.10634447659248172,hold,matched,1200,3,7.696608360300998,6.562782624664409,9.495938896603562
count_random_n8,occlusion,cru,1,17,1,True,0.04910612828764694,0.04910612828764694,hold,matched,1200,3,-0.9591374269995234,-1.4228172871666849,-0.385942436584737
count_random_n8,occlusion,harmonic,1,,1,True,6.176882671296623,6.176882671296623,hold,matched,1200,3,5.1686391160094525,3.6339440667426937,5.888982913896049
count_random_n8,occlusion,kalman,1,,1,True,7.013071337650873,7.013071337650873,hold,matched,1200,3,6.004827782363703,3.9148771808274203,7.88070090825909
count_random_n8,occlusion,latent_ode,1,17,1,True,0.0028380634183045057,0.0028380634183045057,hold,matched,1200,3,-1.005405491868866,-1.4376498868193215,-0.4875491526574435
count_random_n8,occlusion,linear,1,,1,True,7.692868185070586,7.692868185070586,hold,matched,1200,3,6.684624629783416,4.010490166331369,8.920382814780284
count_random_n8,occlusion,local_dynamics,1,17,1,True,0.2760674469603026,0.2760674469603026,hold,matched,1200,3,-0.7321761083268673,-1.0282507124932525,-0.2782568594647212
count_random_n8,occlusion,neural_flow,1,17,1,True,0.0031179140593642005,0.0031179140593642005,hold,matched,1200,3,-1.0051256412278058,-1.4369746985217984,-0.4829764779781945
count_random_n8,occlusion,observed_state_flow,1,17,1,True,-1.8859309546767598,-1.8859309546767598,hold,matched,1200,3,-2.8941745099639293,-3.6443720866969356,-2.172667975478097
count_random_n8,occlusion,tpatchgnn,1,17,1,True,-0.0006428201090475686,-0.0006428201090475686,hold,matched,1200,3,-1.008886375396218,-1.4386056059716135,-0.49107333183780105
count_random_n8,sweep_turn,cru,1,17,1,True,-0.698880989592021,-0.698880989592021,hold,matched,1200,3,9.772458273427961,8.270083711092273,10.89311871845814
count_random_n8,sweep_turn,harmonic,1,,1,True,-9.656775580738104,-9.656775580738104,hold,matched,1200,3,0.8145636822818783,-0.20281557342853915,1.4896682970280692
count_random_n8,sweep_turn,kalman,1,,1,True,-10.660985964916732,-10.660985964916732,hold,matched,1200,3,-0.18964670189674945,-1.529605338604405,0.7165642647778546
count_random_n8,sweep_turn,latent_ode,1,17,1,True,-1.1410778502127985,-1.1410778502127985,hold,matched,1200,3,9.330261412807184,8.982885560110777,10.019299829503103
count_random_n8,sweep_turn,linear,1,,1,True,-10.424412734548563,-10.424412734548563,hold,matched,1200,3,0.04692652847141898,-1.1962924544952767,0.9411402562237816
count_random_n8,sweep_turn,local_dynamics,1,17,1,True,-10.778013625132205,-10.778013625132205,hold,matched,1200,3,-0.3066743621122226,-0.47338409020349076,-0.14942074700567654
count_random_n8,sweep_turn,neural_flow,1,17,1,True,-0.17016272894396983,-0.17016272894396983,hold,matched,1200,3,10.301176534076014,9.207437035153518,13.489893166934639
count_random_n8,sweep_turn,observed_state_flow,1,17,1,True,-11.33847748925741,-11.33847748925741,hold,matched,1200,3,-0.8671382262374271,-1.3462453049565337,-0.4803693501094265
count_random_n8,sweep_turn,tpatchgnn,1,17,1,True,0.16036856363704197,0.16036856363704197,hold,matched,1200,3,10.631707826657024,9.280106626741969,14.369433096061952
count_random_n8,uturn,cru,1,17,1,True,-0.661134790666664,-0.661134790666664,hold,matched,1200,3,8.162218784348159,4.994072504103068,9.00096684830689
count_random_n8,uturn,harmonic,1,,1,True,-7.604491392697977,-7.604491392697977,hold,matched,1200,3,1.218862182316847,-0.07274501626374215,2.790328886299485
count_random_n8,uturn,kalman,1,,1,True,-8.092463751183526,-8.092463751183526,hold,matched,1200,3,0.7308898238312939,-0.09346959516906464,2.0231752578041204
count_random_n8,uturn,latent_ode,1,17,1,True,-1.4556985591203024,-1.4556985591203024,hold,matched,1200,3,7.3676550158945195,2.966929133178973,8.660826390011506
count_random_n8,uturn,linear,1,,1,True,-7.7659368007112,-7.7659368007112,hold,matched,1200,3,1.0574167743036211,-0.2013368748594616,2.6623207128629964
count_random_n8,uturn,local_dynamics,1,17,1,True,-9.20022850757177,-9.20022850757177,hold,matched,1200,3,-0.3768749325569482,-0.7230037787402201,-0.2096374922191664
count_random_n8,uturn,neural_flow,1,17,1,True,-0.5458840349200799,-0.5458840349200799,hold,matched,1200,3,8.277469540094742,7.220000152284918,9.191038952615768
count_random_n8,uturn,observed_state_flow,1,17,1,True,-9.39682919505601,-9.39682919505601,hold,matched,1200,3,-0.5734756200411875,-1.215527101578544,-0.14956544612621558
count_random_n8,uturn,tpatchgnn,1,17,1,True,0.10812112445686883,0.10812112445686883,hold,matched,1200,3,8.931474699471691,8.187803437259253,9.602658077903936
main,climb_descent,cru,3,"17,29,43",3,True,-2.03907404201923,-1.638612609083061,hold,matched,3600,3,9.81015760820914,3.1649125635316766,16.983785560938557
main,climb_descent,harmonic,1,,1,True,-5.81709563452819,-5.81709563452819,hold,matched,3600,3,5.7830341042160285,4.452985450238984,6.33633148329798
main,climb_descent,kalman,1,,1,True,-11.302191512858721,-11.302191512858721,hold,matched,3600,3,0.2979382258854972,-0.2087357009226071,1.7239498806230003
main,climb_descent,latent_ode,3,"17,29,43",3,True,-2.221645386035095,-2.162079346357373,hold,matched,3600,3,9.401213587184605,4.661893251422008,16.100419122960762
main,climb_descent,linear,1,,1,True,-12.306573998852476,-12.306573998852476,hold,matched,3600,3,-0.706444260108259,-1.5610703152246639,0.9770448261749032
main,climb_descent,local_dynamics,3,"17,29,43",3,True,-12.520598071514083,-12.463432469434306,hold,matched,3600,3,-0.8927577528452788,-1.0205245967521017,-0.863615059551472
main,climb_descent,neural_flow,3,"17,29,43",3,True,-1.2450300764407338,-0.5629757117604914,hold,matched,3600,3,10.72135703992135,8.602027288681072,16.0707483587002
main,climb_descent,observed_state_flow,3,"17,29,43",3,True,-13.040721633648339,-13.01225427244452,hold,matched,3600,3,-1.4246767779710066,-1.5813040052997707,-0.6610889293577995
main,climb_descent,tpatchgnn,3,"17,29,43",3,True,-12.73132017527675,-0.08952033056836922,hold,matched,3600,3,7.361605156550994,5.585786089301889,11.693095446979429
main,cruise,cru,3,"17,29,43",3,True,-5.3776338999642395,-5.059858703227963,hold,matched,3600,3,7.140986972266187,6.665593635711304,8.0201358018621
main,cruise,harmonic,1,,1,True,-6.10320966621786,-6.10320966621786,hold,matched,3600,3,6.271906826193625,5.014437459168279,7.247247297545886
main,cruise,kalman,1,,1,True,-14.201400001736156,-14.201400001736156,hold,matched,3600,3,-1.8262835093246688,-2.7526772506444215,-1.547057276447545
main,cruise,latent_ode,3,"17,29,43",3,True,-4.981942858605856,-4.303891130720935,hold,matched,3600,3,7.740359154844455,6.992865038286471,8.946525368180696
main,cruise,linear,1,,1,True,-14.000847687987267,-14.000847687987267,hold,matched,3600,3,-1.6257311955757814,-2.4902723396931354,-1.2837230305916196
main,cruise,local_dynamics,3,"17,29,43",3,True,-13.85896041196041,-13.775451152301548,hold,matched,3600,3,-1.454832659436172,-1.8680309728121562,-1.2178201966649342
main,cruise,neural_flow,3,"17,29,43",3,True,-1.6103377369257377,-0.9776438394197141,hold,matched,3600,3,11.169599166230713,10.14204857438604,12.411023334290439
main,cruise,observed_state_flow,3,"17,29,43",3,True,-14.457302542672297,-14.418178066564531,hold,matched,3600,3,-2.0648990400599203,-2.2840944088345814,-1.8466720075492051
main,cruise,tpatchgnn,3,"17,29,43",3,True,-13.386631159949296,-0.12234705839482027,hold,matched,3600,3,7.972099635626466,7.070136272975808,9.506966722804822
main,highspeed,cru,3,"17,29,43",3,True,-2.5880987428258195,-2.3294393116872514,hold,matched,3600,3,5.50825053500105,1.1652804583845198,8.91000440324934
main,highspeed,harmonic,1,,1,True,0.06213851812699452,0.06213851812699452,hold,matched,3600,3,8.00741187123728,5.315768902305314,9.328597014007503
main,highspeed,kalman,1,,1,True,-5.594308846833826,-5.594308846833826,hold,matched,3600,3,2.3509645062764593,0.6422057439683564,3.3599193914343815
main,highspeed,latent_ode,3,"17,29,43",3,True,-2.3140296146651527,-2.132236951421091,hold,matched,3600,3,5.72008943340343,2.6614469998662544,8.647544197915966
main,highspeed,linear,1,,1,True,-5.060364024100744,-5.060364024100744,hold,matched,3600,3,2.884909329009542,1.1788555664087255,3.969565164986048
main,highspeed,local_dynamics,3,"17,29,43",3,True,-8.208331661340818,-8.191915939473333,hold,matched,3600,3,-0.25714241671511956,-0.44560963661959324,-0.166948778695061
main,highspeed,neural_flow,3,"17,29,43",3,True,-0.685908383940711,-0.11221066032101289,hold,matched,3600,3,7.472807314894676,6.394418369690077,9.353741901465956
main,highspeed,observed_state_flow,3,"17,29,43",3,True,-8.923360062068848,-8.916619745212266,hold,matched,3600,3,-0.9755748784489198,-1.2102777023879594,-0.7974629978958256
main,highspeed,tpatchgnn,3,"17,29,43",3,True,-9.014324713759677,-0.09524198329526803,hold,matched,3600,3,4.211159207566364,3.3260953942457676,5.578160904568998
main,occlusion,cru,3,"17,29,43",3,True,0.023055683871903602,0.053877070546405136,hold,matched,3600,3,-1.535009965801935,-2.7947708529393545,0.13757955303715574
main,occlusion,harmonic,1,,1,True,5.497423590948925,5.497423590948925,hold,matched,3600,3,3.920351806475688,3.084547599729008,4.90041425380899
main,occlusion,kalman,1,,1,True,6.8621924327132655,6.8621924327132655,hold,matched,3600,3,5.28512064824003,3.720511695843382,7.277858980146866
main,occlusion,latent_ode,3,"17,29,43",3,True,0.0011215217238694387,0.00283073068400024,hold,matched,3600,3,-1.5753107783687823,-2.825281171764076,0.06789357288941976
main,occlusion,linear,1,,1,True,7.4863291605394995,7.4863291605394995,hold,matched,3600,3,5.9092573760662646,3.808271551510636,8.358438462504164
main,occlusion,local_dynamics,3,"17,29,43",3,True,0.623149863235702,0.7993687762682211,hold,matched,3600,3,-0.892663966338618,-1.3333904090600857,-0.23445124745118398
main,occlusion,neural_flow,3,"17,29,43",3,True,-0.0008824847899343565,0.003037458471574192,hold,matched,3600,3,-1.5755502696478918,-2.825866322887677,0.07066996919592225
main,occlusion,observed_state_flow,3,"17,29,43",3,True,-1.8439378074176258,-1.809040015371302,hold,matched,3600,3,-3.401156351857967,-3.553628289617117,-3.305541622312838
main,occlusion,tpatchgnn,3,"17,29,43",3,True,-0.019851281417075334,0.0064548039072048445,hold,matched,3600,3,-1.5817581329547905,-2.8227730702748097,0.05074190575550955
main,sweep_turn,cru,3,"17,29,43",3,True,-0.4894187300484845,-0.3820457971252559,hold,matched,3600,3,10.06180421530144,8.915359354560685,10.9954112077676
main,sweep_turn,harmonic,1,,1,True,-4.7779482731490495,-4.7779482731490495,hold,matched,3600,3,5.727456683786088,3.030833741179962,7.140459369888937
main,sweep_turn,kalman,1,,1,True,-10.777725411462317,-10.777725411462317,hold,matched,3600,3,-0.272320454527178,-2.5449785331525083,0.8652925422048745
main,sweep_turn,latent_ode,3,"17,29,43",3,True,-1.0167783164026398,-0.9259877950133076,hold,matched,3600,3,9.535418754285006,9.252185126934359,10.274810381706676
main,sweep_turn,linear,1,,1,True,-10.468778177053874,-10.468778177053874,hold,matched,3600,3,0.03662677988126463,-2.3734657139484447,1.1311558909872352
main,sweep_turn,local_dynamics,3,"17,29,43",3,True,-10.860554916920833,-10.610071489572109,hold,matched,3600,3,-0.2573029835996376,-0.4236079574495261,-0.10622177189027085
main,sweep_turn,neural_flow,3,"17,29,43",3,True,-0.20826390539395928,-0.06301405330403526,hold,matched,3600,3,10.384747400012253,9.248778041166574,13.91754271289528
main,sweep_turn,observed_state_flow,3,"17,29,43",3,True,-11.383435006117663,-11.13712136968285,hold,matched,3600,3,-0.789131978461476,-1.2232152914972416,-0.39186370232527423
main,sweep_turn,tpatchgnn,3,"17,29,43",3,True,-9.85651118549383,0.16732285580850662,hold,matched,3600,3,7.009096380343075,5.824347706713075,10.873125874702376
main,uturn,cru,3,"17,29,43",3,True,-0.6181436721663961,-0.48052427946981,hold,matched,3600,3,8.535391938480405,5.267666187485009,9.40989688336678
main,uturn,harmonic,1,,1,True,-2.302323468795747,-2.302323468795747,hold,matched,3600,3,6.767384101186496,-0.06825162550382458,9.184122294315825
main,uturn,kalman,1,,1,True,-8.568505020565881,-8.568505020565881,hold,matched,3600,3,0.5012025494163611,-0.6594464775371014,2.1858083669462127
main,uturn,latent_ode,3,"17,29,43",3,True,-1.5031237930085806,-1.4402360464279438,hold,matched,3600,3,7.6019691454899885,3.2949182681000893,8.722839519978784
main,uturn,linear,1,,1,True,-8.195347714738956,-8.195347714738956,hold,matched,3600,3,0.8743598552432881,-0.866417586329929,2.8896475701087736
main,uturn,local_dynamics,3,"17,29,43",3,True,-9.606554575441136,-9.587522929387427,hold,matched,3600,3,-0.5298351972536103,-0.7888474575375917,-0.3018425095439729
main,uturn,neural_flow,3,"17,29,43",3,True,-0.4755362266693066,0.1818549337321518,hold,matched,3600,3,9.035381575968191,8.432993043752548,9.538755471400565
main,uturn,observed_state_flow,3,"17,29,43",3,True,-9.8242164620202,-9.809920439766884,hold,matched,3600,3,-0.7465165899250481,-1.4236961715605347,-0.34753247003490717
main,uturn,tpatchgnn,3,"17,29,43",3,True,-9.697835550044486,0.11061329777881054,hold,matched,3600,3,5.3105958348145705,4.578661520605221,5.927453652305786
offgrid,climb_descent,cru,3,"17,29,43",3,True,-1.8045799998161252,-1.4090225180394722,hold,matched,288,3,8.459963839568548,2.277652619362674,14.607195503546915
offgrid,climb_descent,harmonic,1,,1,True,-5.221877144393549,-5.221877144393549,hold,matched,288,3,4.802058148070883,1.64751705071977,6.480520147473058
offgrid,climb_descent,kalman,1,,1,True,-9.291076787331082,-9.291076787331082,hold,matched,288,3,0.7328585051333482,0.289990121521602,1.4261355598223426
offgrid,climb_descent,latent_ode,3,"17,29,43",3,True,-1.9749070364220342,-1.9259336754023513,hold,matched,288,3,8.066762536526724,3.8555085006413643,13.711054074021899
offgrid,climb_descent,linear,1,,1,True,-11.103160466495961,-11.103160466495961,hold,matched,288,3,-1.079225174031528,-1.9136465310032482,0.6044505070420845
offgrid,climb_descent,local_dynamics,3,"17,29,43",3,True,-11.139361660609236,-11.039463389214818,hold,matched,288,3,-1.0787497629766722,-1.313095255831378,-0.9448297666607139
offgrid,climb_descent,neural_flow,3,"17,29,43",3,True,-1.0869189048691232,-0.5283072728797418,hold,matched,288,3,9.24584996593974,7.315259307812349,13.640193528716756
offgrid,climb_descent,observed_state_flow,3,"17,29,43",3,True,-11.84098002478862,-11.824882960357732,hold,matched,288,3,-1.8082361556140623,-2.2050114816658137,-0.7468926544149725
offgrid,climb_descent,tpatchgnn,3,"17,29,43",3,True,-11.932769248202215,-0.07190860001683773,hold,matched,288,3,5.892376109950293,4.260192362287495,9.367979824901978
offgrid,cruise,cru,3,"17,29,43",3,True,-4.996138931669332,-4.731300059308754,hold,matched,288,3,5.6068846449561525,5.302217531351453,6.0575042699402895
offgrid,cruise,harmonic,1,,1,True,-6.291575577818763,-6.291575577818763,hold,matched,288,3,4.150875312450561,1.0281675053931625,5.529161403750499
offgrid,cruise,kalman,1,,1,True,-12.876446607136675,-12.876446607136675,hold,matched,288,3,-2.433995716867353,-2.8063701763579774,-2.290755730783683
offgrid,cruise,latent_ode,3,"17,29,43",3,True,-4.459067558568683,-3.902725617780318,hold,matched,288,3,6.263204353248311,5.804863934721376,6.904559525135523
offgrid,cruise,linear,1,,1,True,-12.37752442515199,-12.37752442515199,hold,matched,288,3,-1.935073534882665,-1.9987032764757409,-1.8323656696757105
offgrid,cruise,local_dynamics,3,"17,29,43",3,True,-12.18506497588339,-12.055223520311515,hold,matched,288,3,-1.6985464410696685,-1.960687440036136,-1.5418034404249228
offgrid,cruise,neural_flow,3,"17,29,43",3,True,-1.398692859547811,-0.9170330419198885,hold,matched,288,3,9.351812786725635,8.311169406336186,10.380486824489783
offgrid,cruise,observed_state_flow,3,"17,29,43",3,True,-12.81410013777408,-12.78581511113548,hold,matched,288,3,-2.355039502422869,-2.6186788904231486,-2.1331759574838998
offgrid,cruise,tpatchgnn,3,"17,29,43",3,True,-12.752805295282792,-0.11743833348767949,hold,matched,288,3,6.120009005822775,5.13344846023495,7.515903973962285
offgrid,highspeed,cru,3,"17,29,43",3,True,-2.3248743583467233,-2.1215122155286847,hold,matched,288,3,3.914044290472336,0.2428213114162921,6.423681732442285
offgrid,highspeed,harmonic,1,,1,True,-0.0876227117587306,-0.0876227117587306,hold,matched,288,3,6.014751362366571,1.7115958334719694,9.366433215783383
offgrid,highspeed,kalman,1,,1,True,-4.299152623597109,-4.299152623597109,hold,matched,288,3,1.8032214505281914,0.556155067427216,2.4711334302756036
offgrid,highspeed,latent_ode,3,"17,29,43",3,True,-2.0779795478082623,-1.9401853954462445,hold,matched,288,3,4.090243695110663,1.3214186591342911,6.17746599739272
offgrid,highspeed,linear,1,,1,True,-3.647318324852074,-3.647318324852074,hold,matched,288,3,2.4550557492732272,1.111274394278128,3.211308638041446
offgrid,highspeed,local_dynamics,3,"17,29,43",3,True,-6.518843257285161,-6.4869074920770675,hold,matched,288,3,-0.40345486978944256,-0.6696607724577717,-0.17030324807287778
offgrid,highspeed,neural_flow,3,"17,29,43",3,True,-0.6073802770979687,-0.10828987179772878,hold,matched,288,3,5.669515160058257,4.696075928615954,6.805458389964853
offgrid,highspeed,observed_state_flow,3,"17,29,43",3,True,-7.263062980741262,-7.25466385225674,hold,matched,288,3,-1.1571820509694257,-1.4963630760465396,-0.8668217772967303
offgrid,highspeed,tpatchgnn,3,"17,29,43",3,True,-7.908069995167991,-0.09235826051955026,hold,matched,288,3,2.6685130905431693,2.2066183712644984,3.3772999453190673
offgrid,occlusion,cru,3,"17,29,43",3,True,0.03265179858132742,0.0721968094809862,hold,matched,864,3,-3.0836994554989423,-3.5759427648705766,-2.7546544317659323
offgrid,occlusion,harmonic,1,,1,True,8.111303945298378,8.111303945298378,hold,matched,864,3,4.969865657492221,2.8824676864492367,6.037003359938242
offgrid,occlusion,kalman,1,,1,True,8.81196641143528,8.81196641143528,hold,matched,864,3,5.670528123629124,2.910451657060232,6.60513889683237
offgrid,occlusion,latent_ode,3,"17,29,43",3,True,0.001252766076261613,0.0025749772174907433,hold,matched,864,3,-3.1397079489466235,-3.6129024610628364,-2.782082278564425
offgrid,occlusion,linear,1,,1,True,9.355849606966348,9.355849606966348,hold,matched,864,3,6.214411319160192,3.0960678259118164,7.305211822312133
offgrid,occlusion,local_dynamics,3,"17,29,43",3,True,2.3143285929229624,2.4665981899208353,hold,matched,864,3,-0.7650781581779625,-1.3671566031632056,-0.09149610713855053
offgrid,occlusion,neural_flow,3,"17,29,43",3,True,-0.0008225616921761136,0.0028861507601402915,hold,matched,864,3,-3.1400700991529136,-3.613889964333867,-2.7843357356045297
offgrid,occlusion,observed_state_flow,3,"17,29,43",3,True,-0.8933115748259984,-0.7938365633430776,hold,matched,864,3,-3.973346313796515,-4.236272119460728,-3.769932732605796
offgrid,occlusion,tpatchgnn,3,"17,29,43",3,True,-0.01695401768296002,0.009168975583656676,hold,matched,864,3,-3.144046901734473,-3.6141730877393243,-2.7841028251126554
offgrid,sweep_turn,cru,3,"17,29,43",3,True,-0.5793973406082545,-0.47340153284817826,hold,matched,288,3,7.946942859971506,6.708637404965124,9.399508356845377
offgrid,sweep_turn,harmonic,1,,1,True,-5.999978550426449,-5.999978550426449,hold,matched,288,3,2.480780855346651,0.4836822155764353,7.157061398009451
offgrid,sweep_turn,kalman,1,,1,True,-8.384093821188682,-8.384093821188682,hold,matched,288,3,0.09666558458441918,-2.5718057963880265,1.3995804088746735
offgrid,sweep_turn,latent_ode,3,"17,29,43",3,True,-0.9944202688944139,-0.9495884222423479,hold,matched,288,3,7.5114006388363075,6.723340694406382,8.445347926391726
offgrid,sweep_turn,linear,1,,1,True,-8.05231298584289,-8.05231298584289,hold,matched,288,3,0.42844641993021093,-2.98890124068493,1.709417798281193
offgrid,sweep_turn,local_dynamics,3,"17,29,43",3,True,-8.837280392755495,-8.59461233384745,hold,matched,288,3,-0.26251487237654236,-0.47082421748282005,-0.08614153123809433
offgrid,sweep_turn,neural_flow,3,"17,29,43",3,True,-0.2611355656091174,-0.055473298839283654,hold,matched,288,3,8.333396050337065,6.657419188537045,12.157675685133123
offgrid,sweep_turn,observed_state_flow,3,"17,29,43",3,True,-9.451843744190846,-9.194636739044721,hold,matched,288,3,-0.8801696004553273,-1.4920106254444196,-0.41621426719694243
offgrid,sweep_turn,tpatchgnn,3,"17,29,43",3,True,-7.852315722814099,0.1608082999106017,hold,matched,288,3,5.328575410631919,3.8306510823613165,9.22005476274978
offgrid,uturn,cru,3,"17,29,43",3,True,-0.5769670783157814,-0.4209019826909394,hold,matched,288,3,6.91478379363703,3.1688391971828973,8.923385305438053
offgrid,uturn,harmonic,1,,1,True,-3.4209103168133232,-3.4209103168133232,hold,matched,288,3,3.976661133145428,-0.4732696926865843,6.545098001411056
offgrid,uturn,kalman,1,,1,True,-6.480326895068613,-6.480326895068613,hold,matched,288,3,0.917244554890138,-0.34554693467693365,2.254129090190861
offgrid,uturn,latent_ode,3,"17,29,43",3,True,-1.4422093222671895,-1.3928703998372625,hold,matched,288,3,5.983729824382408,1.4986605933493233,7.7988976211861605
offgrid,uturn,linear,1,,1,True,-5.974502492836525,-5.974502492836525,hold,matched,288,3,1.423068957122227,0.16494000891091515,2.7561528302570393
offgrid,uturn,local_dynamics,3,"17,29,43",3,True,-7.9426619820841635,-7.909693335958985,hold,matched,288,3,-0.529937787787964,-0.8659603217456323,-0.09883357245291344
offgrid,uturn,neural_flow,3,"17,29,43",3,True,-0.4152575933586552,0.18147934124648432,hold,matched,288,3,7.381823676149403,6.917865808037282,7.918492752155421
offgrid,uturn,observed_state_flow,3,"17,29,43",3,True,-8.141767939627828,-8.118679305782694,hold,matched,288,3,-0.7294385528822399,-1.7208691212886884,0.06283989222026361
offgrid,uturn,tpatchgnn,3,"17,29,43",3,True,-8.490755377009808,0.11022107499079584,hold,matched,288,3,3.881488932263758,3.60709316950863,4.215154957829249
pattern_bursty_n16,climb_descent,cru,1,17,1,True,-1.536341671726481,-1.536341671726481,hold,matched,1200,3,10.208161274659329,3.294558051190442,17.561212773013096
pattern_bursty_n16,climb_descent,harmonic,1,,1,True,-9.335464888492655,-9.335464888492655,hold,matched,1200,3,2.4090380578931523,1.9136315388261458,2.614057089874065
pattern_bursty_n16,climb_descent,kalman,1,,1,True,-11.095640218842375,-11.095640218842375,hold,matched,1200,3,0.6488627275434332,0.41091843362275104,1.3854645921239086
pattern_bursty_n16,climb_descent,latent_ode,1,17,1,True,-2.117894734087392,-2.117894734087392,hold,matched,1200,3,9.626608212298418,5.110958704752334,16.374715025022645
pattern_bursty_n16,climb_descent,linear,1,,1,True,-12.049827118689825,-12.049827118689825,hold,matched,1200,3,-0.30532417230401476,-0.7754033328888971,0.6611260163234499
pattern_bursty_n16,climb_descent,local_dynamics,1,17,1,True,-12.422695491243497,-12.422695491243497,hold,matched,1200,3,-0.6781925448576882,-0.9993756241311874,-0.5932531417413069
pattern_bursty_n16,climb_descent,neural_flow,1,17,1,True,-1.1780396124123824,-1.1780396124123824,hold,matched,1200,3,10.566463333973426,7.773439959756523,16.25990345969766
pattern_bursty_n16,climb_descent,observed_state_flow,1,17,1,True,-12.927492278874206,-12.927492278874206,hold,matched,1200,3,-1.1829893324883982,-1.4064484040726712,-0.6166210537629122
pattern_bursty_n16,climb_descent,tpatchgnn,1,17,1,True,-0.08152001524202672,-0.08152001524202672,hold,matched,1200,3,11.662982931143782,9.625628057205489,16.208716350775184
pattern_bursty_n16,cruise,cru,1,17,1,True,-5.216143344986516,-5.216143344986516,hold,matched,1200,3,7.037820139973747,6.29447294158417,7.728169979028813
pattern_bursty_n16,cruise,harmonic,1,,1,True,-11.504762842341638,-11.504762842341638,hold,matched,1200,3,0.7492006426186265,0.03723348278888101,1.1081774776705715
pattern_bursty_n16,cruise,kalman,1,,1,True,-13.697840204916176,-13.697840204916176,hold,matched,1200,3,-1.4438767199559117,-2.359178623913901,-0.8041233665395022
pattern_bursty_n16,cruise,latent_ode,1,17,1,True,-4.195702540320162,-4.195702540320162,hold,matched,1200,3,8.058260944640104,7.280194291656745,9.439609295424042
pattern_bursty_n16,cruise,linear,1,,1,True,-13.342101227914876,-13.342101227914876,hold,matched,1200,3,-1.0881377429546109,-1.8618190124424983,-0.41755920036112393
pattern_bursty_n16,cruise,local_dynamics,1,17,1,True,-13.448241707819351,-13.448241707819351,hold,matched,1200,3,-1.1942782228590858,-1.7875079897463486,-0.7708832919581415
pattern_bursty_n16,cruise,neural_flow,1,17,1,True,-1.5454594351520523,-1.5454594351520523,hold,matched,1200,3,10.708504049808212,9.650649940430982,11.909216561668854
pattern_bursty_n16,cruise,observed_state_flow,1,17,1,True,-13.877688331926592,-13.877688331926592,hold,matched,1200,3,-1.6237248469663275,-1.9506205385870587,-1.1560415583504788
pattern_bursty_n16,cruise,tpatchgnn,1,17,1,True,-0.11848454165382742,-0.11848454165382742,hold,matched,1200,3,12.135478943306437,11.136694101276747,13.82137002243182
pattern_bursty_n16,highspeed,cru,1,17,1,True,-2.788404699718137,-2.788404699718137,hold,matched,1200,3,5.014548135629328,1.7506259021326782,8.538264924825425
pattern_bursty_n16,highspeed,harmonic,1,,1,True,-4.273087295449377,-4.273087295449377,hold,matched,1200,3,3.529865539898087,2.293572462970695,4.242239013638671
pattern_bursty_n16,highspeed,kalman,1,,1,True,-5.320099003807756,-5.320099003807756,hold,matched,1200,3,2.4828538315397095,0.4031423996343729,3.4362623896869247
pattern_bursty_n16,highspeed,latent_ode,1,17,1,True,-2.243968068581399,-2.243968068581399,hold,matched,1200,3,5.558984766766066,2.7902517772590314,8.659297498577153
pattern_bursty_n16,highspeed,linear,1,,1,True,-4.733739708466977,-4.733739708466977,hold,matched,1200,3,3.0692131268804896,0.8343423017051494,4.089959042270695
pattern_bursty_n16,highspeed,local_dynamics,1,17,1,True,-8.052905830045873,-8.052905830045873,hold,matched,1200,3,-0.24995299469840682,-0.36365752811742563,-0.19364586118919913
pattern_bursty_n16,highspeed,neural_flow,1,17,1,True,-0.12424535502198436,-0.12424535502198436,hold,matched,1200,3,7.678707480325481,6.567391768029941,9.444595732638593
pattern_bursty_n16,highspeed,observed_state_flow,1,17,1,True,-8.74887635367377,-8.74887635367377,hold,matched,1200,3,-0.9459235183263042,-1.093743149710966,-0.8797585664821329
pattern_bursty_n16,highspeed,tpatchgnn,1,17,1,True,-0.10623084421553472,-0.10623084421553472,hold,matched,1200,3,7.6967219911319305,6.562664114577616,9.49582618468946
pattern_bursty_n16,occlusion,cru,1,17,1,True,0.0495103782724747,0.0495103782724747,hold,matched,1200,3,-0.958733186242847,-1.4234255174881034,-0.38065742495318367
pattern_bursty_n16,occlusion,harmonic,1,,1,True,6.276755492948299,6.276755492948299,hold,matched,1200,3,5.268511928432977,3.9399619258980985,6.267341599728995
pattern_bursty_n16,occlusion,kalman,1,,1,True,7.375200038296633,7.375200038296633,hold,matched,1200,3,6.366956473781311,4.231914135272055,8.363080843700757
pattern_bursty_n16,occlusion,latent_ode,1,17,1,True,0.002723308486988325,0.002723308486988325,hold,matched,1200,3,-1.0055202560283336,-1.4375501721756736,-0.48739977205021845
pattern_bursty_n16,occlusion,linear,1,,1,True,8.256082699705868,8.256082699705868,hold,matched,1200,3,7.247839135190546,4.731020791034753,9.54854755625843
pattern_bursty_n16,occlusion,local_dynamics,1,17,1,True,0.48443698199359253,0.48443698199359253,hold,matched,1200,3,-0.5238065825217292,-0.9948830480505435,-0.1429988256772903
pattern_bursty_n16,occlusion,neural_flow,1,17,1,True,0.002966749510449767,0.002966749510449767,hold,matched,1200,3,-1.005276815004872,-1.4367853929530259,-0.4832043651244048
pattern_bursty_n16,occlusion,observed_state_flow,1,17,1,True,-1.8534594282265706,-1.8534594282265706,hold,matched,1200,3,-2.861702992741892,-3.6438978083839553,-2.156011148995839
pattern_bursty_n16,occlusion,tpatchgnn,1,17,1,True,-0.0005710584909922273,-0.0005710584909922273,hold,matched,1200,3,-1.008814623006314,-1.4383471873402929,-0.49118986918713814
pattern_bursty_n16,sweep_turn,cru,1,17,1,True,-0.6997516112460596,-0.6997516112460596,hold,matched,1200,3,9.77158762637552,8.271022218762763,10.893066216322465
pattern_bursty_n16,sweep_turn,harmonic,1,,1,True,-9.05008493782297,-9.05008493782297,hold,matched,1200,3,1.4212542997986113,0.3761599217344255,1.9681078733508237
pattern_bursty_n16,sweep_turn,kalman,1,,1,True,-10.560963088141557,-10.560963088141557,hold,matched,1200,3,-0.08962385051997841,-1.263423191154768,0.7596438128830875
pattern_bursty_n16,sweep_turn,latent_ode,1,17,1,True,-1.1201097549769785,-1.1201097549769785,hold,matched,1200,3,9.351229482644602,9.021209940368587,9.972124335825585
pattern_bursty_n16,sweep_turn,linear,1,,1,True,-10.237325789100641,-10.237325789100641,hold,matched,1200,3,0.2340134485209365,-1.0045624230872334,1.0637216598405663
pattern_bursty_n16,sweep_turn,local_dynamics,1,17,1,True,-10.729128227304168,-10.729128227304168,hold,matched,1200,3,-0.25778898968258773,-0.380855479459338,-0.12170799114858316
pattern_bursty_n16,sweep_turn,neural_flow,1,17,1,True,-0.15662003274844252,-0.15662003274844252,hold,matched,1200,3,10.314719204873137,9.210511711720809,13.430872981585104
pattern_bursty_n16,sweep_turn,observed_state_flow,1,17,1,True,-11.21485857469148,-11.21485857469148,hold,matched,1200,3,-0.7435193370698998,-1.1550421935396455,-0.4522452805235564
pattern_bursty_n16,sweep_turn,tpatchgnn,1,17,1,True,0.16078190333850917,0.16078190333850917,hold,matched,1200,3,10.63212114096009,9.280548968859891,14.369564791261155
pattern_bursty_n16,uturn,cru,1,17,1,True,-0.6610965869068401,-0.6610965869068401,hold,matched,1200,3,8.162256978358892,4.996533170613052,9.001261734789427
pattern_bursty_n16,uturn,harmonic,1,,1,True,-7.177153748982673,-7.177153748982673,hold,matched,1200,3,1.6461998162830587,-0.23088530494824439,3.3254192114706047
pattern_bursty_n16,uturn,kalman,1,,1,True,-7.971511651093963,-7.971511651093963,hold,matched,1200,3,0.8518419141717679,-0.05309824128181335,2.1764343523646406
pattern_bursty_n16,uturn,latent_ode,1,17,1,True,-1.4477224782856712,-1.4477224782856712,hold,matched,1200,3,7.37563108698006,2.9990791722632153,8.672918588653625
pattern_bursty_n16,uturn,linear,1,,1,True,-7.46497619125077,-7.46497619125077,hold,matched,1200,3,1.358377374014961,-0.004964578973743557,2.980601169981126
pattern_bursty_n16,uturn,local_dynamics,1,17,1,True,-9.120401856833908,-9.120401856833908,hold,matched,1200,3,-0.29704829156817614,-0.6840003849082781,-0.05470545183607882
pattern_bursty_n16,uturn,neural_flow,1,17,1,True,-0.4711535090219967,-0.4711535090219967,hold,matched,1200,3,8.352200056243735,7.083821550557234,9.29661598243157
pattern_bursty_n16,uturn,observed_state_flow,1,17,1,True,-9.296564039408135,-9.296564039408135,hold,matched,1200,3,-0.4732104741424034,-1.3062600427702575,0.23956786039945208
pattern_bursty_n16,uturn,tpatchgnn,1,17,1,True,0.10728524651668293,0.10728524651668293,hold,matched,1200,3,8.930638811782414,8.184696136160433,9.603046806279735
pattern_dropout_n16,climb_descent,cru,1,17,1,True,-1.533631663033298,-1.533631663033298,hold,matched,1200,3,10.210871294225672,3.2892415937158277,17.567416439023823
pattern_dropout_n16,climb_descent,harmonic,1,,1,True,-11.130273347273,-11.130273347273,hold,matched,1200,3,0.6142296099859696,0.3300592119461527,1.0614011735798385
pattern_dropout_n16,climb_descent,kalman,1,,1,True,-11.49899049764424,-11.49899049764424,hold,matched,1200,3,0.24551245961473228,-0.03882329152193407,1.7050830119146145
pattern_dropout_n16,climb_descent,latent_ode,1,17,1,True,-2.1184602177695884,-2.1184602177695884,hold,matched,1200,3,9.626042739489382,5.108133103739526,16.37535552860912
pattern_dropout_n16,climb_descent,linear,1,,1,True,-12.794323876285048,-12.794323876285048,hold,matched,1200,3,-1.0498209190260777,-1.8011694334995463,-0.16331134050792506
pattern_dropout_n16,climb_descent,local_dynamics,1,17,1,True,-12.704610866842856,-12.704610866842856,hold,matched,1200,3,-0.9601079095838854,-1.2278649163548445,-0.9116049238472855
pattern_dropout_n16,climb_descent,neural_flow,1,17,1,True,-1.199994692443687,-1.199994692443687,hold,matched,1200,3,10.544508264815285,7.710764044537099,16.268926922638954
pattern_dropout_n16,climb_descent,observed_state_flow,1,17,1,True,-13.295326226167871,-13.295326226167871,hold,matched,1200,3,-1.5508232689089012,-1.7121566396932648,-0.8905617281851768
pattern_dropout_n16,climb_descent,tpatchgnn,1,17,1,True,-0.08066985586805903,-0.08066985586805903,hold,matched,1200,3,11.663833101390912,9.625756914421396,16.211340288329815
pattern_dropout_n16,cruise,cru,1,17,1,True,-5.213019517686242,-5.213019517686242,hold,matched,1200,3,7.0409440009720985,6.300820787054443,7.726611245291016
pattern_dropout_n16,cruise,harmonic,1,,1,True,-12.640551204143469,-12.640551204143469,hold,matched,1200,3,-0.38658768548512884,-1.0936731838584386,0.26567368365985117
pattern_dropout_n16,cruise,kalman,1,,1,True,-13.870551258691286,-13.870551258691286,hold,matched,1200,3,-1.6165877400329454,-2.5440653724442925,-0.8650994881010086
pattern_dropout_n16,cruise,latent_ode,1,17,1,True,-4.198223500366054,-4.198223500366054,hold,matched,1200,3,8.055740018292287,7.2694772997199495,9.450477334775996
pattern_dropout_n16,cruise,linear,1,,1,True,-13.765065722849688,-13.765065722849688,hold,matched,1200,3,-1.5111022041913469,-2.3943802954928395,-0.8833846764182657
pattern_dropout_n16,cruise,local_dynamics,1,17,1,True,-13.713272499820073,-13.713272499820073,hold,matched,1200,3,-1.4593089811617321,-1.9027392771883767,-1.1151021885840757
pattern_dropout_n16,cruise,neural_flow,1,17,1,True,-1.575218394113716,-1.575218394113716,hold,matched,1200,3,10.678745124544625,9.567251056290848,11.914730987733007
pattern_dropout_n16,cruise,observed_state_flow,1,17,1,True,-14.375275551303687,-14.375275551303687,hold,matched,1200,3,-2.1213120326453465,-2.4641335252340073,-1.794607526082722
pattern_dropout_n16,cruise,tpatchgnn,1,17,1,True,-0.11819103603909972,-0.11819103603909972,hold,matched,1200,3,12.13577248261924,11.1370012800378,13.822012318831518
pattern_dropout_n16,highspeed,cru,1,17,1,True,-2.793331902637175,-2.793331902637175,hold,matched,1200,3,5.009620913982344,1.7397616060287246,8.53676208036244
pattern_dropout_n16,highspeed,harmonic,1,,1,True,-4.7600340340120155,-4.7600340340120155,hold,matched,1200,3,3.0429187826075044,0.9154797918257787,3.9809240058327533
pattern_dropout_n16,highspeed,kalman,1,,1,True,-5.310997661738508,-5.310997661738508,hold,matched,1200,3,2.491955154881012,0.12551442519948972,3.5565799671494123
pattern_dropout_n16,highspeed,latent_ode,1,17,1,True,-2.2452526922247547,-2.2452526922247547,hold,matched,1200,3,5.557700124394765,2.7886035883692895,8.656554364229324
pattern_dropout_n16,highspeed,linear,1,,1,True,-4.947793997771124,-4.947793997771124,hold,matched,1200,3,2.8551588188483956,0.4466683899751486,3.969798637425621
pattern_dropout_n16,highspeed,local_dynamics,1,17,1,True,-8.021958558246109,-8.021958558246109,hold,matched,1200,3,-0.21900574162658942,-0.39331473070294054,-0.13994821223316473
pattern_dropout_n16,highspeed,neural_flow,1,17,1,True,-0.12440102086102392,-0.12440102086102392,hold,matched,1200,3,7.678551795758496,6.566445918470441,9.443995646913185
pattern_dropout_n16,highspeed,observed_state_flow,1,17,1,True,-8.742158295969732,-8.742158295969732,hold,matched,1200,3,-0.939205479350212,-1.2001098573674513,-0.8538410944688419
pattern_dropout_n16,highspeed,tpatchgnn,1,17,1,True,-0.1060845818785045,-0.1060845818785045,hold,matched,1200,3,7.696868234741015,6.562276039370873,9.495046053532882
pattern_dropout_n16,occlusion,cru,1,17,1,True,0.04762752247561933,0.04762752247561933,hold,matched,1200,3,-0.9606160536650387,-1.4251922913295156,-0.3890684096710826
pattern_dropout_n16,occlusion,harmonic,1,,1,True,5.4027217724901515,5.4027217724901515,hold,matched,1200,3,4.394478196349493,3.452075023316668,5.190359315476014
pattern_dropout_n16,occlusion,kalman,1,,1,True,6.784929757957816,6.784929757957816,hold,matched,1200,3,5.776686181817158,4.3756088295285025,7.209715328198224
pattern_dropout_n16,occlusion,latent_ode,1,17,1,True,0.002701298455379979,0.002701298455379979,hold,matched,1200,3,-1.005542277685278,-1.437661657500229,-0.4878565137705886
pattern_dropout_n16,occlusion,linear,1,,1,True,7.201141873462854,7.201141873462854,hold,matched,1200,3,6.192898297322196,4.1639035382955685,8.066537144654653
pattern_dropout_n16,occlusion,local_dynamics,1,17,1,True,0.19905173585745278,0.19905173585745278,hold,matched,1200,3,-0.809191840283205,-1.120790884314682,-0.4431690136839251
pattern_dropout_n16,occlusion,neural_flow,1,17,1,True,0.00300079657510334,0.00300079657510334,hold,matched,1200,3,-1.0052427795655543,-1.4370857374830537,-0.483236441622401
pattern_dropout_n16,occlusion,observed_state_flow,1,17,1,True,-1.880841539404209,-1.880841539404209,hold,matched,1200,3,-2.889085115544867,-3.6444558054186986,-2.1792144055329414
pattern_dropout_n16,occlusion,tpatchgnn,1,17,1,True,-0.0007764409332201017,-0.0007764409332201017,hold,matched,1200,3,-1.0090200170738777,-1.4386247171518525,-0.4912934547433546
pattern_dropout_n16,sweep_turn,cru,1,17,1,True,-0.6990791345381218,-0.6990791345381218,hold,matched,1200,3,9.772260106400449,8.261379252569872,10.892726216502007
pattern_dropout_n16,sweep_turn,harmonic,1,,1,True,-9.99886389374446,-9.99886389374446,hold,matched,1200,3,0.47247534719410944,-0.7439765081154732,1.3239509669033032
pattern_dropout_n16,sweep_turn,kalman,1,,1,True,-11.018828229159258,-11.018828229159258,hold,matched,1200,3,-0.5474889882206897,-2.7248278505315335,0.5654459441513003
pattern_dropout_n16,sweep_turn,latent_ode,1,17,1,True,-1.1221257826937745,-1.1221257826937745,hold,matched,1200,3,9.349213458244794,9.013270450330875,9.980326837372873
pattern_dropout_n16,sweep_turn,linear,1,,1,True,-10.818243090124664,-10.818243090124664,hold,matched,1200,3,-0.3469038491860942,-2.6491055951443734,0.7612811702218818
pattern_dropout_n16,sweep_turn,local_dynamics,1,17,1,True,-10.800863677220377,-10.800863677220377,hold,matched,1200,3,-0.329524436281809,-0.49226771597095625,-0.16291419057908027
pattern_dropout_n16,sweep_turn,neural_flow,1,17,1,True,-0.1503953511999761,-0.1503953511999761,hold,matched,1200,3,10.320943889738592,9.214205671950959,13.437430274755277
pattern_dropout_n16,sweep_turn,observed_state_flow,1,17,1,True,-11.421860692641657,-11.421860692641657,hold,matched,1200,3,-0.9505214517030881,-1.4379624667950188,-0.5199931021767827
pattern_dropout_n16,sweep_turn,tpatchgnn,1,17,1,True,0.16103112053944357,0.16103112053944357,hold,matched,1200,3,10.632370361478012,9.28173672252046,14.368900984868274
pattern_dropout_n16,uturn,cru,1,17,1,True,-0.6647018573148288,-0.6647018573148288,hold,matched,1200,3,8.158651761597213,4.9920424858897405,9.00079623292563
pattern_dropout_n16,uturn,harmonic,1,,1,True,-7.858680222877244,-7.858680222877244,hold,matched,1200,3,0.9646733960347981,-0.8000372167447632,2.8214200359644046
pattern_dropout_n16,uturn,kalman,1,,1,True,-8.461652186658231,-8.461652186658231,hold,matched,1200,3,0.361701432253812,-1.4437254546153881,2.1346499155748804
pattern_dropout_n16,uturn,latent_ode,1,17,1,True,-1.4473097513515922,-1.4473097513515922,hold,matched,1200,3,7.37604386756045,2.9972172058227327,8.67248845452067
pattern_dropout_n16,uturn,linear,1,,1,True,-8.132402011124153,-8.132402011124153,hold,matched,1200,3,0.6909516077878896,-1.6732132937754365,2.777489422230997
pattern_dropout_n16,uturn,local_dynamics,1,17,1,True,-9.497134241123748,-9.497134241123748,hold,matched,1200,3,-0.6737806222117055,-0.8561230415424813,-0.28502946582173083
pattern_dropout_n16,uturn,neural_flow,1,17,1,True,-0.4984491418821934,-0.4984491418821934,hold,matched,1200,3,8.324904477029849,6.985737920516608,9.27834256363558
pattern_dropout_n16,uturn,observed_state_flow,1,17,1,True,-9.624633729308986,-9.624633729308986,hold,matched,1200,3,-0.801280110396944,-1.2866345142504958,-0.5775719733525254
pattern_dropout_n16,uturn,tpatchgnn,1,17,1,True,0.10740360164725972,0.10740360164725972,hold,matched,1200,3,8.930757220559302,8.185122774933905,9.603036151191128
pattern_random_n16,climb_descent,cru,1,17,1,True,-1.5362079435493057,-1.5362079435493057,hold,matched,1200,3,10.208294990127275,3.2902940225843453,17.56204816813811
pattern_random_n16,climb_descent,harmonic,1,,1,True,-10.815785603012246,-10.815785603012246,hold,matched,1200,3,0.9287173306643344,0.512059811991237,1.163094378690438
pattern_random_n16,climb_descent,kalman,1,,1,True,-11.785772616445062,-11.785772616445062,hold,matched,1200,3,-0.041269682768481974,-0.4556350728622295,1.6123650658823037
pattern_random_n16,climb_descent,latent_ode,1,17,1,True,-2.1198423694751485,-2.1198423694751485,hold,matched,1200,3,9.624660564201433,5.106571292580369,16.373450455583022
pattern_random_n16,climb_descent,linear,1,,1,True,-12.6954122620212,-12.6954122620212,hold,matched,1200,3,-0.9509093283446175,-1.7706385520155956,-0.10462481335340809
pattern_random_n16,climb_descent,local_dynamics,1,17,1,True,-12.676023236197764,-12.676023236197764,hold,matched,1200,3,-0.9315203025211826,-1.1470852598227284,-0.889080109703575
pattern_random_n16,climb_descent,neural_flow,1,17,1,True,-1.1994528924058896,-1.1994528924058896,hold,matched,1200,3,10.545050041270692,7.7263717761510255,16.26546393570784
pattern_random_n16,climb_descent,observed_state_flow,1,17,1,True,-13.298425301511077,-13.298425301511077,hold,matched,1200,3,-1.5539223678344958,-1.685958519731809,-0.9512170508152296
pattern_random_n16,climb_descent,tpatchgnn,1,17,1,True,-0.08182695745918708,-0.08182695745918708,hold,matched,1200,3,11.662675976217393,9.625908042511156,16.21021651673932
pattern_random_n16,cruise,cru,1,17,1,True,-5.212588949265249,-5.212588949265249,hold,matched,1200,3,7.041374580779766,6.302250285739448,7.726272951688186
pattern_random_n16,cruise,harmonic,1,,1,True,-12.333640697464217,-12.333640697464217,hold,matched,1200,3,-0.0796771674192033,-1.4250559936921063,0.5444073016197585
pattern_random_n16,cruise,kalman,1,,1,True,-14.068746999189619,-14.068746999189619,hold,matched,1200,3,-1.8147834691446039,-2.750033248087626,-1.2329302130705462
pattern_random_n16,cruise,latent_ode,1,17,1,True,-4.1949470595772915,-4.1949470595772915,hold,matched,1200,3,8.059016470467723,7.275971105052964,9.44854781978421
pattern_random_n16,cruise,linear,1,,1,True,-13.91454513962342,-13.91454513962342,hold,matched,1200,3,-1.6605816095784056,-2.5775302894189234,-1.2749602086741039
pattern_random_n16,cruise,local_dynamics,1,17,1,True,-13.693406910450086,-13.693406910450086,hold,matched,1200,3,-1.4394433804050712,-1.9309966861181918,-1.0636479037833941
pattern_random_n16,cruise,neural_flow,1,17,1,True,-1.5700011527124347,-1.5700011527124347,hold,matched,1200,3,10.683962377332579,9.585369458722191,11.914493073066126
pattern_random_n16,cruise,observed_state_flow,1,17,1,True,-14.298561489626827,-14.298561489626827,hold,matched,1200,3,-2.044597959581813,-2.3704034756727013,-1.6800695863672879
pattern_random_n16,cruise,tpatchgnn,1,17,1,True,-0.11877943586678992,-0.11877943586678992,hold,matched,1200,3,12.135184094178225,11.135800090043697,13.820392157081313
pattern_random_n16,highspeed,cru,1,17,1,True,-2.7913967711563448,-2.7913967711563448,hold,matched,1200,3,5.011556030645121,1.742446036384454,8.536881748066973
pattern_random_n16,highspeed,harmonic,1,,1,True,-4.666359065994556,-4.666359065994556,hold,matched,1200,3,3.1365937358069096,0.9648889186080405,4.062011702594994
pattern_random_n16,highspeed,kalman,1,,1,True,-5.361984293025056,-5.361984293025056,hold,matched,1200,3,2.44096850877641,0.1207686336772369,3.4872591950178093
pattern_random_n16,highspeed,latent_ode,1,17,1,True,-2.245042387695288,-2.245042387695288,hold,matched,1200,3,5.557910414106178,2.7885055627042803,8.656809649461284
pattern_random_n16,highspeed,linear,1,,1,True,-4.874774748258294,-4.874774748258294,hold,matched,1200,3,2.9281780535431716,0.4819833261045247,4.0334677108074395
pattern_random_n16,highspeed,local_dynamics,1,17,1,True,-8.038237974068046,-8.038237974068046,hold,matched,1200,3,-0.23528517226657836,-0.3886187867235936,-0.15611889064337078
pattern_random_n16,highspeed,neural_flow,1,17,1,True,-0.12441539573362968,-0.12441539573362968,hold,matched,1200,3,7.678537406067836,6.566649207922101,9.443962546969741
pattern_random_n16,highspeed,observed_state_flow,1,17,1,True,-8.752297879840183,-8.752297879840183,hold,matched,1200,3,-0.9493450780387163,-1.1744932777156216,-0.8817336716123046
pattern_random_n16,highspeed,tpatchgnn,1,17,1,True,-0.1061741929438255,-0.1061741929438255,hold,matched,1200,3,7.696778608857641,6.563379557376097,9.49670080094427
pattern_random_n16,occlusion,cru,1,17,1,True,0.048232346868527544,0.048232346868527544,hold,matched,1200,3,-0.960011227443469,-1.4247216121368997,-0.38684163043036845
pattern_random_n16,occlusion,harmonic,1,,1,True,5.666202293784307,5.666202293784307,hold,matched,1200,3,4.65795871947231,3.731280433359065,5.235902508368286
pattern_random_n16,occlusion,kalman,1,,1,True,7.019819147649703,7.019819147649703,hold,matched,1200,3,6.011575573337705,4.453641522873438,7.598260077915375
pattern_random_n16,occlusion,latent_ode,1,17,1,True,0.002885712236539762,0.002885712236539762,hold,matched,1200,3,-1.0053578620754569,-1.4373553593362547,-0.4876455199556789
pattern_random_n16,occlusion,linear,1,,1,True,7.698830091387149,7.698830091387149,hold,matched,1200,3,6.690586517075152,4.4075283012257085,8.82084040950743
pattern_random_n16,occlusion,local_dynamics,1,17,1,True,0.13146296553814232,0.13146296553814232,hold,matched,1200,3,-0.8767806087738543,-1.1490217227721076,-0.3525055059179643
pattern_random_n16,occlusion,neural_flow,1,17,1,True,0.002988376210284725,0.002988376210284725,hold,matched,1200,3,-1.0052551981017117,-1.436892227057265,-0.48331705137681347
pattern_random_n16,occlusion,observed_state_flow,1,17,1,True,-1.9011800887936179,-1.9011800887936179,hold,matched,1200,3,-2.9094236631056147,-3.6437208544606343,-2.2056509120188523
pattern_random_n16,occlusion,tpatchgnn,1,17,1,True,-0.0006630869076119637,-0.0006630869076119637,hold,matched,1200,3,-1.0089066612196083,-1.4386996100045037,-0.4910065056698074
pattern_random_n16,sweep_turn,cru,1,17,1,True,-0.697468347533706,-0.697468347533706,hold,matched,1200,3,9.773870911037061,8.265282588016687,10.892601439207503
pattern_random_n16,sweep_turn,harmonic,1,,1,True,-9.995016052782077,-9.995016052782077,hold,matched,1200,3,0.4763232057886902,-0.5781184041153332,1.3470454746204048
pattern_random_n16,sweep_turn,kalman,1,,1,True,-10.976222947348596,-10.976222947348596,hold,matched,1200,3,-0.5048836887778267,-2.5828028256074176,0.5219807899202504
pattern_random_n16,sweep_turn,latent_ode,1,17,1,True,-1.1216687838947017,-1.1216687838947017,hold,matched,1200,3,9.349670474676067,9.0157271465625,9.978840680139111
pattern_random_n16,sweep_turn,linear,1,,1,True,-10.778873845414099,-10.778873845414099,hold,matched,1200,3,-0.30753458684333,-2.676680880168207,0.7291514560877752
pattern_random_n16,sweep_turn,local_dynamics,1,17,1,True,-10.802142175021952,-10.802142175021952,hold,matched,1200,3,-0.3308029164511841,-0.4727059785405616,-0.16918552610238868
pattern_random_n16,sweep_turn,neural_flow,1,17,1,True,-0.1511183498863189,-0.1511183498863189,hold,matched,1200,3,10.320220908684448,9.212094237689994,13.435062873828478
pattern_random_n16,sweep_turn,observed_state_flow,1,17,1,True,-11.397612615197694,-11.397612615197694,hold,matched,1200,3,-0.9262733566269278,-1.3827559027173164,-0.5353392452969492
pattern_random_n16,sweep_turn,tpatchgnn,1,17,1,True,0.15856936783246672,0.15856936783246672,hold,matched,1200,3,10.629908626403235,9.27813850158535,14.36647847291449
pattern_random_n16,uturn,cru,1,17,1,True,-0.6626036299791572,-0.6626036299791572,hold,matched,1200,3,8.160749955787502,4.993268531564784,9.001929320826793
pattern_random_n16,uturn,harmonic,1,,1,True,-7.710883595457972,-7.710883595457972,hold,matched,1200,3,1.1124699903086857,-0.5966332034794143,2.95765200115063
pattern_random_n16,uturn,kalman,1,,1,True,-8.187990329775442,-8.187990329775442,hold,matched,1200,3,0.635363255991217,-0.32838961065186,2.0282133082377847
pattern_random_n16,uturn,latent_ode,1,17,1,True,-1.4460240139102756,-1.4460240139102756,hold,matched,1200,3,7.377329571856382,3.0024566177835177,8.673230745053033
pattern_random_n16,uturn,linear,1,,1,True,-7.799555018308525,-7.799555018308525,hold,matched,1200,3,1.0237985674581325,-0.5408065847296375,2.8135979317098547
pattern_random_n16,uturn,local_dynamics,1,17,1,True,-9.326051632827543,-9.326051632827543,hold,matched,1200,3,-0.5026980470608843,-0.8418435962242871,-0.34626848277263816
pattern_random_n16,uturn,neural_flow,1,17,1,True,-0.4945441918458782,-0.4945441918458782,hold,matched,1200,3,8.32880939392078,6.988669686573813,9.286918782848492
pattern_random_n16,uturn,observed_state_flow,1,17,1,True,-9.556024284563872,-9.556024284563872,hold,matched,1200,3,-0.7326706987972134,-1.3938644541945153,-0.28233881866477817
pattern_random_n16,uturn,tpatchgnn,1,17,1,True,0.10923129968000432,0.10923129968000432,hold,matched,1200,3,8.932584885446662,8.190551279378314,9.602404721404795
pattern_uniform_n16,climb_descent,cru,1,17,1,True,-1.5373381876367773,-1.5373381876367773,hold,matched,1200,3,10.207164768230781,3.2867663127080764,17.561266424304286
pattern_uniform_n16,climb_descent,harmonic,1,,1,True,-8.128817947419165,-8.128817947419165,hold,matched,1200,3,3.615685008448393,3.43952061984828,4.514354382391942
pattern_uniform_n16,climb_descent,kalman,1,,1,True,-12.199370154100233,-12.199370154100233,hold,matched,1200,3,-0.4548671982326742,-1.2781349847876688,1.2410592439199404
pattern_uniform_n16,climb_descent,latent_ode,1,17,1,True,-2.1193683134884393,-2.1193683134884393,hold,matched,1200,3,9.62513464237912,5.106678482458936,16.373910686315405
pattern_uniform_n16,climb_descent,linear,1,,1,True,-13.045139897791442,-13.045139897791442,hold,matched,1200,3,-1.3006369419238846,-1.8654112187271255,-0.09690617174057796
pattern_uniform_n16,climb_descent,local_dynamics,1,17,1,True,-12.731595460097116,-12.731595460097116,hold,matched,1200,3,-0.9870925042295574,-1.1956238150271146,-0.8983954551591837
pattern_uniform_n16,climb_descent,neural_flow,1,17,1,True,-1.203549883435989,-1.203549883435989,hold,matched,1200,3,10.54095307243157,7.723105953289775,16.266738178376
pattern_uniform_n16,climb_descent,observed_state_flow,1,17,1,True,-13.375909502021486,-13.375909502021486,hold,matched,1200,3,-1.6314065461539267,-1.8424142329203306,-1.0146943410981104
pattern_uniform_n16,climb_descent,tpatchgnn,1,17,1,True,-0.08191048894560074,-0.08191048894560074,hold,matched,1200,3,11.662592466921957,9.625932315581254,16.210119302875544
pattern_uniform_n16,cruise,cru,1,17,1,True,-5.212328872140369,-5.212328872140369,hold,matched,1200,3,7.041634638011814,6.30235055083237,7.727906699831691
pattern_uniform_n16,cruise,harmonic,1,,1,True,-10.44356139236866,-10.44356139236866,hold,matched,1200,3,1.8104021177835246,1.3689324208643248,2.207242107254218
pattern_uniform_n16,cruise,kalman,1,,1,True,-14.325458501846393,-14.325458501846393,hold,matched,1200,3,-2.071494991694208,-2.6657135778065015,-1.6433622384810085
pattern_uniform_n16,cruise,latent_ode,1,17,1,True,-4.197167358948322,-4.197167358948322,hold,matched,1200,3,8.056796151203862,7.274653580924323,9.448224682065407
pattern_uniform_n16,cruise,linear,1,,1,True,-14.139837298477653,-14.139837298477653,hold,matched,1200,3,-1.8858737883254693,-2.416102297032584,-1.6177696175080525
pattern_uniform_n16,cruise,local_dynamics,1,17,1,True,-13.737340871042322,-13.737340871042322,hold,matched,1200,3,-1.4833773608901388,-1.9266676666589988,-1.1578835996070247
pattern_uniform_n16,cruise,neural_flow,1,17,1,True,-1.5745921085311998,-1.5745921085311998,hold,matched,1200,3,10.679371401620985,9.57610794117514,11.912594149864923
pattern_uniform_n16,cruise,observed_state_flow,1,17,1,True,-14.375249627056508,-14.375249627056508,hold,matched,1200,3,-2.1212861169043222,-2.400111528848898,-1.8350380448673445
pattern_uniform_n16,cruise,tpatchgnn,1,17,1,True,-0.11896862125315671,-0.11896862125315671,hold,matched,1200,3,12.13499488889903,11.135634056038333,13.820053428425808
pattern_uniform_n16,highspeed,cru,1,17,1,True,-2.79274000077375,-2.79274000077375,hold,matched,1200,3,5.010212844724191,1.748334868124891,8.534287193914144
pattern_uniform_n16,highspeed,harmonic,1,,1,True,-3.750660667194377,-3.750660667194377,hold,matched,1200,3,4.052292178303564,3.6215183579033186,4.49458351334956
pattern_uniform_n16,highspeed,kalman,1,,1,True,-5.359721202822131,-5.359721202822131,hold,matched,1200,3,2.443231642675811,-0.02656519963429098,3.552397967244676
pattern_uniform_n16,highspeed,latent_ode,1,17,1,True,-2.2455854901406553,-2.2455854901406553,hold,matched,1200,3,5.557367355357286,2.7882358910698315,8.656767587835093
pattern_uniform_n16,highspeed,linear,1,,1,True,-4.849269214708453,-4.849269214708453,hold,matched,1200,3,2.9536836307894876,0.39428162854707627,4.091204279767541
pattern_uniform_n16,highspeed,local_dynamics,1,17,1,True,-8.031795803166771,-8.031795803166771,hold,matched,1200,3,-0.2288429576688285,-0.368179807149709,-0.15694931481516242
pattern_uniform_n16,highspeed,neural_flow,1,17,1,True,-0.12456310587782903,-0.12456310587782903,hold,matched,1200,3,7.678389739620112,6.566571541102528,9.443558263625144
pattern_uniform_n16,highspeed,observed_state_flow,1,17,1,True,-8.769112716017746,-8.769112716017746,hold,matched,1200,3,-0.9661598705198053,-1.1653620162887657,-0.9080706454679232
pattern_uniform_n16,highspeed,tpatchgnn,1,17,1,True,-0.10648384186483983,-0.10648384186483983,hold,matched,1200,3,7.6964690036331005,6.563325804579879,9.496284839588423
pattern_uniform_n16,occlusion,cru,1,17,1,True,0.04797531646343289,0.04797531646343289,hold,matched,1200,3,-0.9602682830690267,-1.4259550068106497,-0.38697278526639867
pattern_uniform_n16,occlusion,harmonic,1,,1,True,5.590986382939,5.590986382939,hold,matched,1200,3,4.582742783406539,3.903185601799927,5.018926138845279
pattern_uniform_n16,occlusion,kalman,1,,1,True,6.828072126949767,6.828072126949767,hold,matched,1200,3,5.8198285274173065,4.528083447051564,7.283048371730273
pattern_uniform_n16,occlusion,latent_ode,1,17,1,True,0.0027172989419434425,0.0027172989419434425,hold,matched,1200,3,-1.0055263005905166,-1.4374767521609773,-0.487777637684462
pattern_uniform_n16,occlusion,linear,1,,1,True,7.506450646001902,7.506450646001902,hold,matched,1200,3,6.498207046469443,4.367980494501242,8.543986879370662
pattern_uniform_n16,occlusion,local_dynamics,1,17,1,True,0.1510282143967469,0.1510282143967469,hold,matched,1200,3,-0.8572153851357129,-1.1773392469914161,-0.3305545525623754
pattern_uniform_n16,occlusion,neural_flow,1,17,1,True,0.0030044607882732744,0.0030044607882732744,hold,matched,1200,3,-1.0052391387441864,-1.4368477875598065,-0.4832176050304627
pattern_uniform_n16,occlusion,observed_state_flow,1,17,1,True,-1.9124968554684407,-1.9124968554684407,hold,matched,1200,3,-2.9207404550009004,-3.644499546153091,-2.2285345060293156
pattern_uniform_n16,occlusion,tpatchgnn,1,17,1,True,-0.0007037085992762089,-0.0007037085992762089,hold,matched,1200,3,-1.0089473081317357,-1.438764784866372,-0.49101976530318553
pattern_uniform_n16,sweep_turn,cru,1,17,1,True,-0.6984602864955565,-0.6984602864955565,hold,matched,1200,3,9.77287894969368,8.26694463764067,10.892408013808552
pattern_uniform_n16,sweep_turn,harmonic,1,,1,True,-7.46381061241202,-7.46381061241202,hold,matched,1200,3,3.007528623777216,1.962502807249189,3.952062302172219
pattern_uniform_n16,sweep_turn,kalman,1,,1,True,-10.98597952061155,-10.98597952061155,hold,matched,1200,3,-0.5146402844223129,-1.9818261986582906,0.5278858956753669
pattern_uniform_n16,sweep_turn,latent_ode,1,17,1,True,-1.1201317988175243,-1.1201317988175243,hold,matched,1200,3,9.351207437371713,9.017648459262391,9.980485411388262
pattern_uniform_n16,sweep_turn,linear,1,,1,True,-10.742130630692174,-10.742130630692174,hold,matched,1200,3,-0.27079139450293577,-2.094663346467011,0.7680824267257353
pattern_uniform_n16,sweep_turn,local_dynamics,1,17,1,True,-10.79122830478063,-10.79122830478063,hold,matched,1200,3,-0.3198890685913913,-0.4626187619569061,-0.15801319444596457
pattern_uniform_n16,sweep_turn,neural_flow,1,17,1,True,-0.15002168523530107,-0.15002168523530107,hold,matched,1200,3,10.321317550953937,9.21353215964334,13.43546152073259
pattern_uniform_n16,sweep_turn,observed_state_flow,1,17,1,True,-11.3932031858272,-11.3932031858272,hold,matched,1200,3,-0.9218639496379633,-1.4130636389988005,-0.539775577373597
pattern_uniform_n16,sweep_turn,tpatchgnn,1,17,1,True,0.1584796489868074,0.1584796489868074,hold,matched,1200,3,10.629818885176046,9.278087849044855,14.366222437935994
pattern_uniform_n16,uturn,cru,1,17,1,True,-0.6627538546877489,-0.6627538546877489,hold,matched,1200,3,8.160599735215806,4.991584443431531,9.001709611068993
pattern_uniform_n16,uturn,harmonic,1,,1,True,-6.795955697946805,-6.795955697946805,hold,matched,1200,3,2.027397891956751,-0.42891259490864275,3.7755805764332178
pattern_uniform_n16,uturn,kalman,1,,1,True,-8.477393504458018,-8.477393504458018,hold,matched,1200,3,0.34596008544553664,-1.1796064396144565,1.9285725837409409
pattern_uniform_n16,uturn,latent_ode,1,17,1,True,-1.4462218245263099,-1.4462218245263099,hold,matched,1200,3,7.377131765377246,3.002236286882394,8.673556492088284
pattern_uniform_n16,uturn,linear,1,,1,True,-8.079219750301839,-8.079219750301839,hold,matched,1200,3,0.7441338396017178,-1.2745748575449511,2.6043651124953255
pattern_uniform_n16,uturn,local_dynamics,1,17,1,True,-9.441015436774899,-9.441015436774899,hold,matched,1200,3,-0.6176618468713428,-0.8320278436717081,-0.3689620722314779
pattern_uniform_n16,uturn,neural_flow,1,17,1,True,-0.4921394427046162,-0.4921394427046162,hold,matched,1200,3,8.331214147198938,7.002702078440475,9.28567084011572
pattern_uniform_n16,uturn,observed_state_flow,1,17,1,True,-9.637022940610686,-9.637022940610686,hold,matched,1200,3,-0.8136693507071301,-1.4026032971297981,-0.4525797386263949
pattern_uniform_n16,uturn,tpatchgnn,1,17,1,True,0.10905738736704496,0.10905738736704496,hold,matched,1200,3,8.932410977270601,8.190077474552368,9.602304420402408
stale_100,climb_descent,cru,1,17,1,True,-1.4846853232592494,-1.4846853232592494,hold,matched,1200,3,8.483998045519538,2.393263532138037,15.03291083798902
stale_100,climb_descent,harmonic,1,,1,True,-8.229291776758558,-8.229291776758558,hold,matched,1200,3,1.7393915920202294,1.0536124986175641,1.8543873926608163
stale_100,climb_descent,kalman,1,,1,True,-9.229906520773492,-9.229906520773492,hold,matched,1200,3,0.7387768480052946,0.4218152001327393,1.5042596170694984
stale_100,climb_descent,latent_ode,1,17,1,True,-1.9846666263379502,-1.9846666263379502,hold,matched,1200,3,7.984016742440836,4.216926786369196,13.86790102356775
stale_100,climb_descent,linear,1,,1,True,-10.46972524715284,-10.46972524715284,hold,matched,1200,3,-0.5010418783740551,-1.3075159951121471,0.7421502677702408
stale_100,climb_descent,local_dynamics,1,17,1,True,-10.952669012622067,-10.952669012622067,hold,matched,1200,3,-0.9839856438432815,-1.242855603473517,-0.8805867204314801
stale_100,climb_descent,neural_flow,1,17,1,True,-1.1504654139567991,-1.1504654139567991,hold,matched,1200,3,8.818217954821987,5.999306144205092,13.7568105120767
stale_100,climb_descent,observed_state_flow,1,17,1,True,-11.655413953577076,-11.655413953577076,hold,matched,1200,3,-1.6867305847982903,-1.8750004376011664,-0.846352624787159
stale_100,climb_descent,tpatchgnn,1,17,1,True,-0.08087017572007948,-0.08087017572007948,hold,matched,1200,3,9.887813193058706,7.839020636037165,13.699306901945413
stale_100,cruise,cru,1,17,1,True,-5.026458416395457,-5.026458416395457,hold,matched,1200,3,5.188313101107001,4.6049160395335615,5.675644871098791
stale_100,cruise,harmonic,1,,1,True,-10.080021700591749,-10.080021700591749,hold,matched,1200,3,0.1347498169107092,0.056632444471849265,0.17805874321459514
stale_100,cruise,kalman,1,,1,True,-11.936534698941664,-11.936534698941664,hold,matched,1200,3,-1.721763181439207,-2.467700853698976,-1.2932341010063377
stale_100,cruise,latent_ode,1,17,1,True,-3.873751546750664,-3.873751546750664,hold,matched,1200,3,6.341019970751793,5.789124927181637,7.2933745495441435
stale_100,cruise,linear,1,,1,True,-11.68462890662294,-11.68462890662294,hold,matched,1200,3,-1.4698573891204825,-2.1330855936036266,-1.1724390115244703
stale_100,cruise,local_dynamics,1,17,1,True,-11.76789999393835,-11.76789999393835,hold,matched,1200,3,-1.5531284764358955,-1.9827838120097114,-1.1861790829094114
stale_100,cruise,neural_flow,1,17,1,True,-1.5123678892170873,-1.5123678892170873,hold,matched,1200,3,8.70240362828537,7.756722697865431,9.70243942148675
stale_100,cruise,observed_state_flow,1,17,1,True,-12.34448933790927,-12.34448933790927,hold,matched,1200,3,-2.129717820406814,-2.560154065183584,-1.7362983969382142
stale_100,cruise,tpatchgnn,1,17,1,True,-0.11861878961786011,-0.11861878961786011,hold,matched,1200,3,10.096152727884597,9.187196213638387,11.594192997207584
stale_100,highspeed,cru,1,17,1,True,-2.6123537679340627,-2.6123537679340627,hold,matched,1200,3,3.3058776559714644,0.33804488424801654,6.863215072502592
stale_100,highspeed,harmonic,1,,1,True,-2.882271280098761,-2.882271280098761,hold,matched,1200,3,3.035960143806765,1.147990367753725,3.889126022961557
stale_100,highspeed,kalman,1,,1,True,-3.6015016281454266,-3.6015016281454266,hold,matched,1200,3,2.3167297957601005,0.11259083970405681,3.3452135178315343
stale_100,highspeed,latent_ode,1,17,1,True,-2.0365414709497127,-2.0365414709497127,hold,matched,1200,3,3.8816899529558144,1.62105260747161,6.993610067030092
stale_100,highspeed,linear,1,,1,True,-3.1917554872086518,-3.1917554872086518,hold,matched,1200,3,2.726475936696875,0.47189259767424724,3.779620142015228
stale_100,highspeed,local_dynamics,1,17,1,True,-6.252064980464935,-6.252064980464935,hold,matched,1200,3,-0.3338335565594089,-0.575609658052037,-0.23473469248740636
stale_100,highspeed,neural_flow,1,17,1,True,-0.12472402744095631,-0.12472402744095631,hold,matched,1200,3,5.79350739646457,4.600847084642693,7.735222539661681
stale_100,highspeed,observed_state_flow,1,17,1,True,-7.065717227743997,-7.065717227743997,hold,matched,1200,3,-1.147485803838471,-1.4013360169933713,-1.0656505950193877
stale_100,highspeed,tpatchgnn,1,17,1,True,-0.10646019198682696,-0.10646019198682696,hold,matched,1200,3,5.8117712319187,4.597681408205781,7.788105341351881
stale_100,occlusion,cru,1,17,1,True,0.06826004468706116,0.06826004468706116,hold,matched,1200,3,-3.5694866916085815,-4.935019894441084,-2.133083978208982
stale_100,occlusion,harmonic,1,,1,True,6.722269419127907,6.722269419127907,hold,matched,1200,3,3.0845226828322643,2.4595249597419033,4.052008922531037
stale_100,occlusion,kalman,1,,1,True,9.963363673066937,9.963363673066937,hold,matched,1200,3,6.3256169367712936,3.6671822806475745,9.177442511014085
stale_100,occlusion,latent_ode,1,17,1,True,0.002751826118180506,0.002751826118180506,hold,matched,1200,3,-3.6349949101774626,-4.958159590296921,-2.272532211067625
stale_100,occlusion,linear,1,,1,True,10.384261195746706,10.384261195746706,hold,matched,1200,3,6.746514459451064,4.1404081310088126,9.692507224761695
stale_100,occlusion,local_dynamics,1,17,1,True,2.2555279307393064,2.2555279307393064,hold,matched,1200,3,-1.382218805556337,-2.6120221765935483,-0.1987612093619599
stale_100,occlusion,neural_flow,1,17,1,True,0.003311413352066068,0.003311413352066068,hold,matched,1200,3,-3.634435322943577,-4.956991462378012,-2.267736685443062
stale_100,occlusion,observed_state_flow,1,17,1,True,0.12277487174320158,0.12277487174320158,hold,matched,1200,3,-3.5149718645524413,-3.7055956173395828,-3.3157139742711887
stale_100,occlusion,tpatchgnn,1,17,1,True,-0.0005764221250149099,-0.0005764221250149099,hold,matched,1200,3,-3.638323158420658,-4.959288858699668,-2.275575786920511
stale_100,sweep_turn,cru,1,17,1,True,-0.777764636325869,-0.777764636325869,hold,matched,1200,3,8.132682259436178,6.609333287973209,9.033471138192324
stale_100,sweep_turn,harmonic,1,,1,True,-8.170371722592542,-8.170371722592542,hold,matched,1200,3,0.7400751731695048,-0.4325388945904241,1.5673286857067759
stale_100,sweep_turn,kalman,1,,1,True,-9.512395655199752,-9.512395655199752,hold,matched,1200,3,-0.6019487594377055,-2.3511476753802096,0.5149207565129912
stale_100,sweep_turn,latent_ode,1,17,1,True,-1.1127019764360682,-1.1127019764360682,hold,matched,1200,3,7.797744919325979,7.633734448997579,8.46392119758697
stale_100,sweep_turn,linear,1,,1,True,-9.2897644023582,-9.2897644023582,hold,matched,1200,3,-0.3793175065961519,-2.1901100488832186,0.7483766343766491
stale_100,sweep_turn,local_dynamics,1,17,1,True,-9.299340987793792,-9.299340987793792,hold,matched,1200,3,-0.38889409203174563,-0.5324408153524235,-0.21628957218606565
stale_100,sweep_turn,neural_flow,1,17,1,True,-0.142690769512601,-0.142690769512601,hold,matched,1200,3,8.767756126249445,7.870321405938377,11.82341749232309
stale_100,sweep_turn,observed_state_flow,1,17,1,True,-10.033540656190922,-10.033540656190922,hold,matched,1200,3,-1.123093760428875,-1.6393366087757375,-0.7285627126045944
stale_100,sweep_turn,tpatchgnn,1,17,1,True,0.15836865909385706,0.15836865909385706,hold,matched,1200,3,9.068815554855904,7.933684026446905,12.75897689154683
stale_100,uturn,cru,1,17,1,True,-0.5841366429103596,-0.5841366429103596,hold,matched,1200,3,7.05211647468682,3.4691364885563307,9.240297175702985
stale_100,uturn,harmonic,1,,1,True,-6.37894570053256,-6.37894570053256,hold,matched,1200,3,1.2573074170646188,0.025986881406827884,2.8205312679410715
stale_100,uturn,kalman,1,,1,True,-6.668356471310676,-6.668356471310676,hold,matched,1200,3,0.9678966462865042,0.07345839524689934,2.020877453811393
stale_100,uturn,latent_ode,1,17,1,True,-1.3632179607046475,-1.3632179607046475,hold,matched,1200,3,6.273035156892533,1.7720726709955885,8.380385239864786
stale_100,uturn,linear,1,,1,True,-6.293623074440085,-6.293623074440085,hold,matched,1200,3,1.342630043157094,0.43938136590458965,2.522720757734958
stale_100,uturn,local_dynamics,1,17,1,True,-8.296652452093099,-8.296652452093099,hold,matched,1200,3,-0.6603993344959194,-0.9230561832672042,-0.38679624982226657
stale_100,uturn,neural_flow,1,17,1,True,-0.4589843044322388,-0.4589843044322388,hold,matched,1200,3,7.17726881316494,5.236880027576848,8.616935542098435
stale_100,uturn,observed_state_flow,1,17,1,True,-8.675290113582811,-8.675290113582811,hold,matched,1200,3,-1.0390369959856327,-1.642318815382556,-0.3634275584422036
stale_100,uturn,tpatchgnn,1,17,1,True,0.1093930583475193,0.1093930583475193,hold,matched,1200,3,7.7456461759446995,7.263956383075495,8.436509923580243
stale_50,climb_descent,cru,1,17,1,True,-1.5227702387888384,-1.5227702387888384,hold,matched,1200,3,9.274230632524745,2.7449105362091846,16.015940401114936
stale_50,climb_descent,harmonic,1,,1,True,-9.487327043216563,-9.487327043216563,hold,matched,1200,3,1.30967382809702,1.0285967402773357,1.554342080026668
stale_50,climb_descent,kalman,1,,1,True,-10.531045507318415,-10.531045507318415,hold,matched,1200,3,0.2659553639951685,-0.09716794758252584,1.2600631030736036
stale_50,climb_descent,latent_ode,1,17,1,True,-2.053633359823857,-2.053633359823857,hold,matched,1200,3,8.743367511489726,4.593205936349401,14.844604756006692
stale_50,climb_descent,linear,1,,1,True,-11.651594983819729,-11.651594983819729,hold,matched,1200,3,-0.8545941125061464,-1.4822064750520945,0.07449071886567142
stale_50,climb_descent,local_dynamics,1,17,1,True,-11.843919906354882,-11.843919906354882,hold,matched,1200,3,-1.0469190350412996,-1.1525156765595217,-1.003408591728754
stale_50,climb_descent,neural_flow,1,17,1,True,-1.179707852589075,-1.179707852589075,hold,matched,1200,3,9.617293018724508,6.8706023223305035,14.734205430477225
stale_50,climb_descent,observed_state_flow,1,17,1,True,-12.518763699856756,-12.518763699856756,hold,matched,1200,3,-1.7217628285431739,-1.9240562933894647,-1.0169442480537079
stale_50,climb_descent,tpatchgnn,1,17,1,True,-0.08121659792319047,-0.08121659792319047,hold,matched,1200,3,10.715784273390392,8.74461090721787,14.679472778859813
stale_50,cruise,cru,1,17,1,True,-5.148321289066504,-5.148321289066504,hold,matched,1200,3,5.961162858530993,5.37021833769438,6.5883173285498575
stale_50,cruise,harmonic,1,,1,True,-11.108058056731089,-11.108058056731089,hold,matched,1200,3,0.0014260908664064146,-0.6935350134143657,0.24901492475100495
stale_50,cruise,kalman,1,,1,True,-13.073099111377822,-13.073099111377822,hold,matched,1200,3,-1.9636149637803244,-2.520907199289351,-1.8091710598613144
stale_50,cruise,latent_ode,1,17,1,True,-4.041407491865854,-4.041407491865854,hold,matched,1200,3,7.068076655731642,6.476266752666352,8.276638788953397
stale_50,cruise,linear,1,,1,True,-12.902458389963837,-12.902458389963837,hold,matched,1200,3,-1.7929742423663382,-2.2881794617884395,-1.5390988491586264
stale_50,cruise,local_dynamics,1,17,1,True,-12.601543218609482,-12.601543218609482,hold,matched,1200,3,-1.492059071011984,-1.8955780813572332,-1.1578503157447841
stale_50,cruise,neural_flow,1,17,1,True,-1.5438425918915557,-1.5438425918915557,hold,matched,1200,3,9.565641555705941,8.604304275704083,10.725933401954968
stale_50,cruise,observed_state_flow,1,17,1,True,-13.189990377205795,-13.189990377205795,hold,matched,1200,3,-2.0805062296083006,-2.4093778207816783,-1.7694219294243023
stale_50,cruise,tpatchgnn,1,17,1,True,-0.11882249464353357,-0.11882249464353357,hold,matched,1200,3,10.990661652953964,10.101076388760768,12.625785450006067
stale_50,highspeed,cru,1,17,1,True,-2.7259557215636327,-2.7259557215636327,hold,matched,1200,3,4.15214022278172,0.9501897934419714,7.736061112018982
stale_50,highspeed,harmonic,1,,1,True,-3.7608443456624734,-3.7608443456624734,hold,matched,1200,3,3.117251598682879,0.9130899095588001,4.0634465553957995
stale_50,highspeed,kalman,1,,1,True,-4.434217569802406,-4.434217569802406,hold,matched,1200,3,2.443878374542947,-0.005068519703361592,3.5255398659553543
stale_50,highspeed,latent_ode,1,17,1,True,-2.152535324715507,-2.152535324715507,hold,matched,1200,3,4.725560619629846,2.1662337567449224,7.864943089604494
stale_50,highspeed,linear,1,,1,True,-4.036631428651915,-4.036631428651915,hold,matched,1200,3,2.8414645156934375,0.32788362880679983,3.936297183413489
stale_50,highspeed,local_dynamics,1,17,1,True,-7.142884366376654,-7.142884366376654,hold,matched,1200,3,-0.2647884220313013,-0.48131539846786475,-0.19768183345720058
stale_50,highspeed,neural_flow,1,17,1,True,-0.12467987959328901,-0.12467987959328901,hold,matched,1200,3,6.753416064752064,5.611739035608946,8.630124354812253
stale_50,highspeed,observed_state_flow,1,17,1,True,-7.928356939359285,-7.928356939359285,hold,matched,1200,3,-1.0502609950139319,-1.3310755793687008,-0.9432919331232688
stale_50,highspeed,tpatchgnn,1,17,1,True,-0.10655107888484769,-0.10655107888484769,hold,matched,1200,3,6.771544865460505,5.608655059583447,8.682808048263647
stale_50,occlusion,cru,1,17,1,True,0.059033853886761356,0.059033853886761356,hold,matched,1200,3,-2.4884101516744277,-3.5495526881207584,-1.4996686164925632
stale_50,occlusion,harmonic,1,,1,True,6.533958886511748,6.533958886511748,hold,matched,1200,3,3.9865148809505593,3.45288020191805,4.519651084406181
stale_50,occlusion,kalman,1,,1,True,8.303940831482805,8.303940831482805,hold,matched,1200,3,5.756496825921618,4.023060739958907,7.976125775041615
stale_50,occlusion,latent_ode,1,17,1,True,0.002858335442460162,0.002858335442460162,hold,matched,1200,3,-2.5445856701187286,-3.5668546018584646,-1.6222752908712643
stale_50,occlusion,linear,1,,1,True,8.848107389123909,8.848107389123909,hold,matched,1200,3,6.30066338356272,3.9429593055339414,8.843022647366103
stale_50,occlusion,local_dynamics,1,17,1,True,1.6092161444102726,1.6092161444102726,hold,matched,1200,3,-0.9382278611509166,-1.549089059731067,-0.21850831007340993
stale_50,occlusion,neural_flow,1,17,1,True,0.0032578015779357954,0.0032578015779357954,hold,matched,1200,3,-2.5441862039832532,-3.565884794335417,-1.6175144195639122
stale_50,occlusion,observed_state_flow,1,17,1,True,-0.673248882495797,-0.673248882495797,hold,matched,1200,3,-3.220692888056986,-3.881036196781235,-2.839083932408924
stale_50,occlusion,tpatchgnn,1,17,1,True,-0.0006040311050009299,-0.0006040311050009299,hold,matched,1200,3,-2.54804803666619,-3.56803117570698,-1.6254240894601057
stale_50,sweep_turn,cru,1,17,1,True,-0.7416526549148672,-0.7416526549148672,hold,matched,1200,3,9.037279221051698,7.526846904266112,10.106120512713595
stale_50,sweep_turn,harmonic,1,,1,True,-9.02587679539976,-9.02587679539976,hold,matched,1200,3,0.7530550805668064,-0.5095626443235348,1.5887196507391488
stale_50,sweep_turn,kalman,1,,1,True,-10.185457983118411,-10.185457983118411,hold,matched,1200,3,-0.40652610715184695,-2.418561444817387,0.6484047026419533
stale_50,sweep_turn,latent_ode,1,17,1,True,-1.1225343125283551,-1.1225343125283551,hold,matched,1200,3,8.65639756343821,8.345279063092914,9.315479055171714
stale_50,sweep_turn,linear,1,,1,True,-9.964293907310992,-9.964293907310992,hold,matched,1200,3,-0.18536203134442789,-2.2730196533550164,0.8182234175422675
stale_50,sweep_turn,local_dynamics,1,17,1,True,-10.139432105812858,-10.139432105812858,hold,matched,1200,3,-0.36050022984629304,-0.5243025026550815,-0.17425196387060304
stale_50,sweep_turn,neural_flow,1,17,1,True,-0.14595703186815645,-0.14595703186815645,hold,matched,1200,3,9.632974844098408,8.571476815543576,12.736314055894658
stale_50,sweep_turn,observed_state_flow,1,17,1,True,-10.814735814342047,-10.814735814342047,hold,matched,1200,3,-1.0358039383754818,-1.5639056478187716,-0.625970307012706
stale_50,sweep_turn,tpatchgnn,1,17,1,True,0.15852496090332885,0.15852496090332885,hold,matched,1200,3,9.937456836869895,8.635544763628896,13.668317719890894
stale_50,uturn,cru,1,17,1,True,-0.6273144134747297,-0.6273144134747297,hold,matched,1200,3,7.574708652855437,4.245639836655607,8.968535648445236
stale_50,uturn,harmonic,1,,1,True,-7.12943238317382,-7.12943238317382,hold,matched,1200,3,1.072590683156345,-0.5931703892869257,2.8890488398948353
stale_50,uturn,kalman,1,,1,True,-7.438059207613001,-7.438059207613001,hold,matched,1200,3,0.7639638587171647,-0.08524762973530703,2.117883555158728
stale_50,uturn,latent_ode,1,17,1,True,-1.4108152370518678,-1.4108152370518678,hold,matched,1200,3,6.791207829278298,2.4065962188437027,8.117463791632728
stale_50,uturn,linear,1,,1,True,-7.09383377650634,-7.09383377650634,hold,matched,1200,3,1.1081892898238257,-0.04115242648988375,2.6249662995515854
stale_50,uturn,local_dynamics,1,17,1,True,-8.912939011609351,-8.912939011609351,hold,matched,1200,3,-0.7109159452791852,-0.9290891779771229,-0.36309717107717665
stale_50,uturn,neural_flow,1,17,1,True,-0.48153030150559595,-0.48153030150559595,hold,matched,1200,3,7.72049276482457,6.149904010293637,8.34600397155363
stale_50,uturn,observed_state_flow,1,17,1,True,-9.204621162325301,-9.204621162325301,hold,matched,1200,3,-1.0025980959951362,-1.552041974582222,-0.6516553932319455
stale_50,uturn,tpatchgnn,1,17,1,True,0.10910762248456947,0.10910762248456947,hold,matched,1200,3,8.311130688814735,8.161503445426709,8.505734544581395
timestamps_jitter_20,climb_descent,cru,1,17,1,True,-1.5401181942446622,-1.5401181942446622,hold,matched,1200,3,10.20438473943192,3.2927376249428613,17.557595157105382
timestamps_jitter_20,climb_descent,harmonic,1,,1,True,-11.813129643964881,-11.813129643964881,hold,matched,1200,3,-0.0686267102882995,-0.44564415747110153,0.6067887471245336
timestamps_jitter_20,climb_descent,kalman,1,,1,True,-11.91702432659853,-11.91702432659853,hold,matched,1200,3,-0.17252139292194715,-0.7032992114668735,1.3311658476991197
timestamps_jitter_20,climb_descent,latent_ode,1,17,1,True,-2.1198802545297384,-2.1198802545297384,hold,matched,1200,3,9.624622679146842,5.1067921852245135,16.37341039936117
timestamps_jitter_20,climb_descent,linear,1,,1,True,-12.72534583189718,-12.72534583189718,hold,matched,1200,3,-0.9808428982205984,-1.7747289685401442,-0.1441521530863305
timestamps_jitter_20,climb_descent,local_dynamics,1,17,1,True,-12.648413872865458,-12.648413872865458,hold,matched,1200,3,-0.9039109391888778,-1.1514857883946035,-0.8569728290601342
timestamps_jitter_20,climb_descent,neural_flow,1,17,1,True,-1.1988864431262707,-1.1988864431262707,hold,matched,1200,3,10.545616490550312,7.726504766749387,16.266104994923936
timestamps_jitter_20,climb_descent,observed_state_flow,1,17,1,True,-13.244150937199503,-13.244150937199503,hold,matched,1200,3,-1.4996480035229225,-1.6314454718997697,-0.9240749891462531
timestamps_jitter_20,climb_descent,tpatchgnn,1,17,1,True,-0.08181765317668933,-0.08181765317668933,hold,matched,1200,3,11.662685280499892,9.625914289753446,16.210286166469643
timestamps_jitter_20,cruise,cru,1,17,1,True,-5.215692346670224,-5.215692346670224,hold,matched,1200,3,7.03827118337479,6.298614550795572,7.725023233022297
timestamps_jitter_20,cruise,harmonic,1,,1,True,-12.901766470466091,-12.901766470466091,hold,matched,1200,3,-0.6478029404210779,-1.5238145719795018,-0.1336828863430744
timestamps_jitter_20,cruise,kalman,1,,1,True,-14.1228789456542,-14.1228789456542,hold,matched,1200,3,-1.868915415609186,-2.77276849775927,-1.3150422619288582
timestamps_jitter_20,cruise,latent_ode,1,17,1,True,-4.195324166969257,-4.195324166969257,hold,matched,1200,3,8.058639363075757,7.275792705777891,9.44881888631176
timestamps_jitter_20,cruise,linear,1,,1,True,-13.985682842441046,-13.985682842441046,hold,matched,1200,3,-1.7317193123960308,-2.623548823505222,-1.3554225785430432
timestamps_jitter_20,cruise,local_dynamics,1,17,1,True,-13.67778596148658,-13.67778596148658,hold,matched,1200,3,-1.4238224314415662,-1.89243970862791,-1.0802589796150937
timestamps_jitter_20,cruise,neural_flow,1,17,1,True,-1.569087999491616,-1.569087999491616,hold,matched,1200,3,10.684875530553398,9.586513263066077,11.914782410127385
timestamps_jitter_20,cruise,observed_state_flow,1,17,1,True,-14.282178079491297,-14.282178079491297,hold,matched,1200,3,-2.0282145494462824,-2.335440495466259,-1.689466458064233
timestamps_jitter_20,cruise,tpatchgnn,1,17,1,True,-0.11892232568597019,-0.11892232568597019,hold,matched,1200,3,12.135041204359045,11.13575799371433,13.820022071099295
timestamps_jitter_20,highspeed,cru,1,17,1,True,-2.7993546731264,-2.7993546731264,hold,matched,1200,3,5.0035981286750655,1.7240128458460249,8.531838491958219
timestamps_jitter_20,highspeed,harmonic,1,,1,True,-4.835277401549301,-4.835277401549301,hold,matched,1200,3,2.967675400252165,0.8716453923088048,3.9330623655278947
timestamps_jitter_20,highspeed,kalman,1,,1,True,-5.435228899764546,-5.435228899764546,hold,matched,1200,3,2.3677239020369196,0.06852290160996272,3.399954854898356
timestamps_jitter_20,highspeed,latent_ode,1,17,1,True,-2.244934977312921,-2.244934977312921,hold,matched,1200,3,5.5580178244885445,2.7885866013930243,8.65676326569066
timestamps_jitter_20,highspeed,linear,1,,1,True,-4.959270966907778,-4.959270966907778,hold,matched,1200,3,2.8436818348936885,0.4199954877760729,3.945498761099317
timestamps_jitter_20,highspeed,local_dynamics,1,17,1,True,-8.025037706204149,-8.025037706204149,hold,matched,1200,3,-0.22208490440268253,-0.3688420040221874,-0.15200755605011357
timestamps_jitter_20,highspeed,neural_flow,1,17,1,True,-0.12434794750135364,-0.12434794750135364,hold,matched,1200,3,7.6786048543001115,6.566707559170823,9.443981538736839
timestamps_jitter_20,highspeed,observed_state_flow,1,17,1,True,-8.746164076699737,-8.746164076699737,hold,matched,1200,3,-0.9432112748982703,-1.1602271411570426,-0.8759937655438359
timestamps_jitter_20,highspeed,tpatchgnn,1,17,1,True,-0.10618330484564627,-0.10618330484564627,hold,matched,1200,3,7.69676949695582,6.563372573055016,9.496741332847435
timestamps_jitter_20,occlusion,cru,1,17,1,True,0.04803596854581711,0.04803596854581711,hold,matched,1200,3,-0.9602076057661796,-1.4247090755156644,-0.38744688887369094
timestamps_jitter_20,occlusion,harmonic,1,,1,True,5.616642263018701,5.616642263018701,hold,matched,1200,3,4.608398688706704,3.6706698461517084,5.12932890838079
timestamps_jitter_20,occlusion,kalman,1,,1,True,6.869993451328396,6.869993451328396,hold,matched,1200,3,5.861749877016399,4.305742143195716,7.499058628785057
timestamps_jitter_20,occlusion,latent_ode,1,17,1,True,0.002839207692804408,0.002839207692804408,hold,matched,1200,3,-1.0054043666191925,-1.437306342181691,-0.48775076948591706
timestamps_jitter_20,occlusion,linear,1,,1,True,7.492643807762081,7.492643807762081,hold,matched,1200,3,6.484400233450085,4.336202649844233,8.631583148765811
timestamps_jitter_20,occlusion,local_dynamics,1,17,1,True,0.17462795878573414,0.17462795878573414,hold,matched,1200,3,-0.8336156155262626,-1.1331994009783166,-0.2863056908075717
timestamps_jitter_20,occlusion,neural_flow,1,17,1,True,0.0030096315961275245,0.0030096315961275245,hold,matched,1200,3,-1.0052339427158692,-1.4368227024250735,-0.4833340031823995
timestamps_jitter_20,occlusion,observed_state_flow,1,17,1,True,-1.8983565306301564,-1.8983565306301564,hold,matched,1200,3,-2.906600104942153,-3.6436026122420184,-2.201537827688365
timestamps_jitter_20,occlusion,tpatchgnn,1,17,1,True,-0.0006684948839626203,-0.0006684948839626203,hold,matched,1200,3,-1.0089120691959592,-1.43869292742854,-0.4910059473457419
timestamps_jitter_20,sweep_turn,cru,1,17,1,True,-0.7046764243575891,-0.7046764243575891,hold,matched,1200,3,9.766662834213179,8.263180016219918,10.884061479121986
timestamps_jitter_20,sweep_turn,harmonic,1,,1,True,-10.194326374500147,-10.194326374500147,hold,matched,1200,3,0.27701288407061964,-0.9016511080872057,1.076923671803295
timestamps_jitter_20,sweep_turn,kalman,1,,1,True,-11.001734270201649,-11.001734270201649,hold,matched,1200,3,-0.5303950116308789,-2.5461450932455425,0.5334902663316342
timestamps_jitter_20,sweep_turn,latent_ode,1,17,1,True,-1.1216357223560307,-1.1216357223560307,hold,matched,1200,3,9.349703536214736,9.015904296165262,9.97852544451436
timestamps_jitter_20,sweep_turn,linear,1,,1,True,-10.810727311763857,-10.810727311763857,hold,matched,1200,3,-0.3393880531930887,-2.674106271830139,0.7322461722387984
timestamps_jitter_20,sweep_turn,local_dynamics,1,17,1,True,-10.79532430406778,-10.79532430406778,hold,matched,1200,3,-0.32398504549701135,-0.47888106073530445,-0.15697382163669338
timestamps_jitter_20,sweep_turn,neural_flow,1,17,1,True,-0.1507896595461679,-0.1507896595461679,hold,matched,1200,3,10.3205495990246,9.212010898329765,13.43476639156177
timestamps_jitter_20,sweep_turn,observed_state_flow,1,17,1,True,-11.386758262760141,-11.386758262760141,hold,matched,1200,3,-0.9154190041893727,-1.3745531900940313,-0.5198791733644769
timestamps_jitter_20,sweep_turn,tpatchgnn,1,17,1,True,0.15863165473627344,0.15863165473627344,hold,matched,1200,3,10.62997091330704,9.278421099283495,14.366357833873389
timestamps_jitter_20,uturn,cru,1,17,1,True,-0.6611651708628992,-0.6611651708628992,hold,matched,1200,3,8.162188414903758,4.997217037947088,9.002460202056547
timestamps_jitter_20,uturn,harmonic,1,,1,True,-7.819231395146994,-7.819231395146994,hold,matched,1200,3,1.0041221906196638,-0.4834996181247341,2.690222351444815
timestamps_jitter_20,uturn,kalman,1,,1,True,-8.291460278933867,-8.291460278933867,hold,matched,1200,3,0.5318933068327902,-0.39373762051610406,1.8560400531762054
timestamps_jitter_20,uturn,latent_ode,1,17,1,True,-1.4461625937985123,-1.4461625937985123,hold,matched,1200,3,7.3771909919681455,3.0015628691976275,8.673133845194203
timestamps_jitter_20,uturn,linear,1,,1,True,-7.9017236638248045,-7.9017236638248045,hold,matched,1200,3,0.9216299219418516,-0.6223126756086301,2.6616722315122314
timestamps_jitter_20,uturn,local_dynamics,1,17,1,True,-9.330078483061596,-9.330078483061596,hold,matched,1200,3,-0.5067248972949381,-0.8299474673811867,-0.3013358801863814
timestamps_jitter_20,uturn,neural_flow,1,17,1,True,-0.4944080126955882,-0.4944080126955882,hold,matched,1200,3,8.328945573071069,6.9908232218304835,9.286486875893159
timestamps_jitter_20,uturn,observed_state_flow,1,17,1,True,-9.52052167430326,-9.52052167430326,hold,matched,1200,3,-0.6971680885366028,-1.397768960702677,-0.23553741848928844
timestamps_jitter_20,uturn,tpatchgnn,1,17,1,True,0.10921500464992426,0.10921500464992426,hold,matched,1200,3,8.932568590416581,8.190511913575516,9.602413411535622
timestamps_none,climb_descent,cru,1,17,1,True,-1.5362079435493057,-1.5362079435493057,hold,matched,1200,3,10.208294990127275,3.2902940225843453,17.56204816813811
timestamps_none,climb_descent,harmonic,1,,1,True,-10.815785603012246,-10.815785603012246,hold,matched,1200,3,0.9287173306643344,0.512059811991237,1.163094378690438
timestamps_none,climb_descent,kalman,1,,1,True,-11.785772616445062,-11.785772616445062,hold,matched,1200,3,-0.041269682768481974,-0.4556350728622295,1.6123650658823037
timestamps_none,climb_descent,latent_ode,1,17,1,True,-2.1198423694751485,-2.1198423694751485,hold,matched,1200,3,9.624660564201433,5.106571292580369,16.373450455583022
timestamps_none,climb_descent,linear,1,,1,True,-12.6954122620212,-12.6954122620212,hold,matched,1200,3,-0.9509093283446175,-1.7706385520155956,-0.10462481335340809
timestamps_none,climb_descent,local_dynamics,1,17,1,True,-12.676023236197764,-12.676023236197764,hold,matched,1200,3,-0.9315203025211826,-1.1470852598227284,-0.889080109703575
timestamps_none,climb_descent,neural_flow,1,17,1,True,-1.1994528924058896,-1.1994528924058896,hold,matched,1200,3,10.545050041270692,7.7263717761510255,16.26546393570784
timestamps_none,climb_descent,observed_state_flow,1,17,1,True,-13.298425301511077,-13.298425301511077,hold,matched,1200,3,-1.5539223678344958,-1.685958519731809,-0.9512170508152296
timestamps_none,climb_descent,tpatchgnn,1,17,1,True,-0.08182695745918708,-0.08182695745918708,hold,matched,1200,3,11.662675976217393,9.625908042511156,16.21021651673932
timestamps_none,cruise,cru,1,17,1,True,-5.212588949265249,-5.212588949265249,hold,matched,1200,3,7.041374580779766,6.302250285739448,7.726272951688186
timestamps_none,cruise,harmonic,1,,1,True,-12.333640697464217,-12.333640697464217,hold,matched,1200,3,-0.0796771674192033,-1.4250559936921063,0.5444073016197585
timestamps_none,cruise,kalman,1,,1,True,-14.068746999189619,-14.068746999189619,hold,matched,1200,3,-1.8147834691446039,-2.750033248087626,-1.2329302130705462
timestamps_none,cruise,latent_ode,1,17,1,True,-4.1949470595772915,-4.1949470595772915,hold,matched,1200,3,8.059016470467723,7.275971105052964,9.44854781978421
timestamps_none,cruise,linear,1,,1,True,-13.91454513962342,-13.91454513962342,hold,matched,1200,3,-1.6605816095784056,-2.5775302894189234,-1.2749602086741039
timestamps_none,cruise,local_dynamics,1,17,1,True,-13.693406910450086,-13.693406910450086,hold,matched,1200,3,-1.4394433804050712,-1.9309966861181918,-1.0636479037833941
timestamps_none,cruise,neural_flow,1,17,1,True,-1.5700011527124347,-1.5700011527124347,hold,matched,1200,3,10.683962377332579,9.585369458722191,11.914493073066126
timestamps_none,cruise,observed_state_flow,1,17,1,True,-14.298561489626827,-14.298561489626827,hold,matched,1200,3,-2.044597959581813,-2.3704034756727013,-1.6800695863672879
timestamps_none,cruise,tpatchgnn,1,17,1,True,-0.11877943586678992,-0.11877943586678992,hold,matched,1200,3,12.135184094178225,11.135800090043697,13.820392157081313
timestamps_none,highspeed,cru,1,17,1,True,-2.7913967711563448,-2.7913967711563448,hold,matched,1200,3,5.011556030645121,1.742446036384454,8.536881748066973
timestamps_none,highspeed,harmonic,1,,1,True,-4.666359065994556,-4.666359065994556,hold,matched,1200,3,3.1365937358069096,0.9648889186080405,4.062011702594994
timestamps_none,highspeed,kalman,1,,1,True,-5.361984293025056,-5.361984293025056,hold,matched,1200,3,2.44096850877641,0.1207686336772369,3.4872591950178093
timestamps_none,highspeed,latent_ode,1,17,1,True,-2.245042387695288,-2.245042387695288,hold,matched,1200,3,5.557910414106178,2.7885055627042803,8.656809649461284
timestamps_none,highspeed,linear,1,,1,True,-4.874774748258294,-4.874774748258294,hold,matched,1200,3,2.9281780535431716,0.4819833261045247,4.0334677108074395
timestamps_none,highspeed,local_dynamics,1,17,1,True,-8.038237974068046,-8.038237974068046,hold,matched,1200,3,-0.23528517226657836,-0.3886187867235936,-0.15611889064337078
timestamps_none,highspeed,neural_flow,1,17,1,True,-0.12441539573362968,-0.12441539573362968,hold,matched,1200,3,7.678537406067836,6.566649207922101,9.443962546969741
timestamps_none,highspeed,observed_state_flow,1,17,1,True,-8.752297879840183,-8.752297879840183,hold,matched,1200,3,-0.9493450780387163,-1.1744932777156216,-0.8817336716123046
timestamps_none,highspeed,tpatchgnn,1,17,1,True,-0.1061741929438255,-0.1061741929438255,hold,matched,1200,3,7.696778608857641,6.563379557376097,9.49670080094427
timestamps_none,occlusion,cru,1,17,1,True,0.048232346868527544,0.048232346868527544,hold,matched,1200,3,-0.960011227443469,-1.4247216121368997,-0.38684163043036845
timestamps_none,occlusion,harmonic,1,,1,True,5.666202293784307,5.666202293784307,hold,matched,1200,3,4.65795871947231,3.731280433359065,5.235902508368286
timestamps_none,occlusion,kalman,1,,1,True,7.019819147649703,7.019819147649703,hold,matched,1200,3,6.011575573337705,4.453641522873438,7.598260077915375
timestamps_none,occlusion,latent_ode,1,17,1,True,0.002885712236539762,0.002885712236539762,hold,matched,1200,3,-1.0053578620754569,-1.4373553593362547,-0.4876455199556789
timestamps_none,occlusion,linear,1,,1,True,7.698830091387149,7.698830091387149,hold,matched,1200,3,6.690586517075152,4.4075283012257085,8.82084040950743
timestamps_none,occlusion,local_dynamics,1,17,1,True,0.13146296553814232,0.13146296553814232,hold,matched,1200,3,-0.8767806087738543,-1.1490217227721076,-0.3525055059179643
timestamps_none,occlusion,neural_flow,1,17,1,True,0.002988376210284725,0.002988376210284725,hold,matched,1200,3,-1.0052551981017117,-1.436892227057265,-0.48331705137681347
timestamps_none,occlusion,observed_state_flow,1,17,1,True,-1.9011800887936179,-1.9011800887936179,hold,matched,1200,3,-2.9094236631056147,-3.6437208544606343,-2.2056509120188523
timestamps_none,occlusion,tpatchgnn,1,17,1,True,-0.0006630869076119637,-0.0006630869076119637,hold,matched,1200,3,-1.0089066612196083,-1.4386996100045037,-0.4910065056698074
timestamps_none,sweep_turn,cru,1,17,1,True,-0.697468347533706,-0.697468347533706,hold,matched,1200,3,9.773870911037061,8.265282588016687,10.892601439207503
timestamps_none,sweep_turn,harmonic,1,,1,True,-9.995016052782077,-9.995016052782077,hold,matched,1200,3,0.4763232057886902,-0.5781184041153332,1.3470454746204048
timestamps_none,sweep_turn,kalman,1,,1,True,-10.976222947348596,-10.976222947348596,hold,matched,1200,3,-0.5048836887778267,-2.5828028256074176,0.5219807899202504
timestamps_none,sweep_turn,latent_ode,1,17,1,True,-1.1216687838947017,-1.1216687838947017,hold,matched,1200,3,9.349670474676067,9.0157271465625,9.978840680139111
timestamps_none,sweep_turn,linear,1,,1,True,-10.778873845414099,-10.778873845414099,hold,matched,1200,3,-0.30753458684333,-2.676680880168207,0.7291514560877752
timestamps_none,sweep_turn,local_dynamics,1,17,1,True,-10.802142175021952,-10.802142175021952,hold,matched,1200,3,-0.3308029164511841,-0.4727059785405616,-0.16918552610238868
timestamps_none,sweep_turn,neural_flow,1,17,1,True,-0.1511183498863189,-0.1511183498863189,hold,matched,1200,3,10.320220908684448,9.212094237689994,13.435062873828478
timestamps_none,sweep_turn,observed_state_flow,1,17,1,True,-11.397612615197694,-11.397612615197694,hold,matched,1200,3,-0.9262733566269278,-1.3827559027173164,-0.5353392452969492
timestamps_none,sweep_turn,tpatchgnn,1,17,1,True,0.15856936783246672,0.15856936783246672,hold,matched,1200,3,10.629908626403235,9.27813850158535,14.36647847291449
timestamps_none,uturn,cru,1,17,1,True,-0.6626036299791572,-0.6626036299791572,hold,matched,1200,3,8.160749955787502,4.993268531564784,9.001929320826793
timestamps_none,uturn,harmonic,1,,1,True,-7.710883595457972,-7.710883595457972,hold,matched,1200,3,1.1124699903086857,-0.5966332034794143,2.95765200115063
timestamps_none,uturn,kalman,1,,1,True,-8.187990329775442,-8.187990329775442,hold,matched,1200,3,0.635363255991217,-0.32838961065186,2.0282133082377847
timestamps_none,uturn,latent_ode,1,17,1,True,-1.4460240139102756,-1.4460240139102756,hold,matched,1200,3,7.377329571856382,3.0024566177835177,8.673230745053033
timestamps_none,uturn,linear,1,,1,True,-7.799555018308525,-7.799555018308525,hold,matched,1200,3,1.0237985674581325,-0.5408065847296375,2.8135979317098547
timestamps_none,uturn,local_dynamics,1,17,1,True,-9.326051632827543,-9.326051632827543,hold,matched,1200,3,-0.5026980470608843,-0.8418435962242871,-0.34626848277263816
timestamps_none,uturn,neural_flow,1,17,1,True,-0.4945441918458782,-0.4945441918458782,hold,matched,1200,3,8.32880939392078,6.988669686573813,9.286918782848492
timestamps_none,uturn,observed_state_flow,1,17,1,True,-9.556024284563872,-9.556024284563872,hold,matched,1200,3,-0.7326706987972134,-1.3938644541945153,-0.28233881866477817
timestamps_none,uturn,tpatchgnn,1,17,1,True,0.10923129968000432,0.10923129968000432,hold,matched,1200,3,8.932584885446662,8.190551279378314,9.602404721404795
timestamps_uniform_times,climb_descent,cru,1,17,1,True,-1.5358924652413706,-1.5358924652413706,hold,matched,1200,3,10.20861046843521,3.290801561113694,17.562335001350956
timestamps_uniform_times,climb_descent,harmonic,1,,1,True,5.981084432889259,5.981084432889259,hold,matched,1200,3,17.72558736656584,16.82463802769947,19.335872969138347
timestamps_uniform_times,climb_descent,kalman,1,,1,True,-11.501061129408408,-11.501061129408408,hold,matched,1200,3,0.24344180426817494,-0.15657470207609014,1.816011807760947
timestamps_uniform_times,climb_descent,latent_ode,1,17,1,True,-2.1193758056356566,-2.1193758056356566,hold,matched,1200,3,9.625127128040925,5.108855713420654,16.373517612495665
timestamps_uniform_times,climb_descent,linear,1,,1,True,-12.495499091194542,-12.495499091194542,hold,matched,1200,3,-0.7509961575179614,-1.5609014164783441,0.41228665572369383
timestamps_uniform_times,climb_descent,local_dynamics,1,17,1,True,-12.674179162799096,-12.674179162799096,hold,matched,1200,3,-0.929676229122513,-1.1898698129195104,-0.8753625117420315
timestamps_uniform_times,climb_descent,neural_flow,1,17,1,True,-1.1992815638555314,-1.1992815638555314,hold,matched,1200,3,10.54522136982105,7.7250512595742284,16.26612736986697
timestamps_uniform_times,climb_descent,observed_state_flow,1,17,1,True,-13.299572706365176,-13.299572706365176,hold,matched,1200,3,-1.5550697726885934,-1.6731647203298965,-0.9678637385117335
timestamps_uniform_times,climb_descent,tpatchgnn,1,17,1,True,-0.0818751471778878,-0.0818751471778878,hold,matched,1200,3,11.662627786498694,9.62586890824151,16.21026449810021
timestamps_uniform_times,cruise,cru,1,17,1,True,-5.210936914824128,-5.210936914824128,hold,matched,1200,3,7.043026615220885,6.304411181193974,7.726743717860084
timestamps_uniform_times,cruise,harmonic,1,,1,True,5.9981947434519505,5.9981947434519505,hold,matched,1200,3,18.252158273496963,17.590430282582187,18.728036192433223
timestamps_uniform_times,cruise,kalman,1,,1,True,-13.894196680105807,-13.894196680105807,hold,matched,1200,3,-1.6402331500607945,-2.576502185202207,-1.1624278784142053
timestamps_uniform_times,cruise,latent_ode,1,17,1,True,-4.194830368544574,-4.194830368544574,hold,matched,1200,3,8.059133161500439,7.276109582270717,9.448599380947911
timestamps_uniform_times,cruise,linear,1,,1,True,-13.760980427225658,-13.760980427225658,hold,matched,1200,3,-1.507016897180643,-2.3332770217875898,-1.213500385742564
timestamps_uniform_times,cruise,local_dynamics,1,17,1,True,-13.666336729660058,-13.666336729660058,hold,matched,1200,3,-1.4123731996150442,-1.9310887928910867,-1.0612561106641556
timestamps_uniform_times,cruise,neural_flow,1,17,1,True,-1.5707851772704187,-1.5707851772704187,hold,matched,1200,3,10.683178352774597,9.585073098358167,11.914408524489987
timestamps_uniform_times,cruise,observed_state_flow,1,17,1,True,-14.289079383134906,-14.289079383134906,hold,matched,1200,3,-2.0351158530898927,-2.2821160442394293,-1.7344073378486724
timestamps_uniform_times,cruise,tpatchgnn,1,17,1,True,-0.11896789006247832,-0.11896789006247832,hold,matched,1200,3,12.134995639982534,11.135644400803699,13.820070011878716
timestamps_uniform_times,highspeed,cru,1,17,1,True,-2.7912412451806397,-2.7912412451806397,hold,matched,1200,3,5.011711556620827,1.745075723144439,8.537255224240784
timestamps_uniform_times,highspeed,harmonic,1,,1,True,12.378764450417954,12.378764450417954,hold,matched,1200,3,20.181717252219418,18.91758116248416,20.91027932998862
timestamps_uniform_times,highspeed,kalman,1,,1,True,-5.164154668816358,-5.164154668816358,hold,matched,1200,3,2.6387981329851087,0.3796620200889958,3.672879901912249
timestamps_uniform_times,highspeed,latent_ode,1,17,1,True,-2.245114930387653,-2.245114930387653,hold,matched,1200,3,5.557837871413813,2.7898429145474695,8.656437968970577
timestamps_uniform_times,highspeed,linear,1,,1,True,-4.742273474013447,-4.742273474013447,hold,matched,1200,3,3.060679327788019,0.7303940615818418,4.158066432810834
timestamps_uniform_times,highspeed,local_dynamics,1,17,1,True,-8.01973032162653,-8.01973032162653,hold,matched,1200,3,-0.21677751982506485,-0.38356119272614697,-0.14923121031449543
timestamps_uniform_times,highspeed,neural_flow,1,17,1,True,-0.12440820540557193,-0.12440820540557193,hold,matched,1200,3,7.678544596395894,6.566665318532401,9.443898592077941
timestamps_uniform_times,highspeed,observed_state_flow,1,17,1,True,-8.738566869735603,-8.738566869735603,hold,matched,1200,3,-0.9356140679341374,-1.1541194696717822,-0.8580057935335532
timestamps_uniform_times,highspeed,tpatchgnn,1,17,1,True,-0.10625820487252699,-0.10625820487252699,hold,matched,1200,3,7.696694596928939,6.563426209945099,9.496702105769518
timestamps_uniform_times,occlusion,cru,1,17,1,True,0.049068906713496056,0.049068906713496056,hold,matched,1200,3,-0.9591746675985008,-1.4244726660811744,-0.3843924525881478
timestamps_uniform_times,occlusion,harmonic,1,,1,True,11.087874547717291,11.087874547717291,hold,matched,1200,3,10.079630973405294,5.187449767609022,14.23489047354775
timestamps_uniform_times,occlusion,kalman,1,,1,True,6.832605532731715,6.832605532731715,hold,matched,1200,3,5.824361958419718,4.095125831834666,7.061608708262705
timestamps_uniform_times,occlusion,latent_ode,1,17,1,True,0.0028918386045858925,0.0028918386045858925,hold,matched,1200,3,-1.0053517357074107,-1.4372546105816666,-0.4877411100192128
timestamps_uniform_times,occlusion,linear,1,,1,True,7.396098872916176,7.396098872916176,hold,matched,1200,3,6.38785529860418,4.379547523456584,8.132707858035392
timestamps_uniform_times,occlusion,local_dynamics,1,17,1,True,0.2752307804613787,0.2752307804613787,hold,matched,1200,3,-0.733012793850618,-1.1389399005896592,-0.2267471035650849
timestamps_uniform_times,occlusion,neural_flow,1,17,1,True,0.0029689948775424783,0.0029689948775424783,hold,matched,1200,3,-1.0052745794344542,-1.4368535580687072,-0.48333018469676103
timestamps_uniform_times,occlusion,observed_state_flow,1,17,1,True,-1.896872720244132,-1.896872720244132,hold,matched,1200,3,-2.905116294556129,-3.6437830353440748,-2.1946963351746462
timestamps_uniform_times,occlusion,tpatchgnn,1,17,1,True,-0.0006752424582489506,-0.0006752424582489506,hold,matched,1200,3,-1.0089188167702456,-1.4387121929583064,-0.49101221182432075
timestamps_uniform_times,sweep_turn,cru,1,17,1,True,-0.6975210211174921,-0.6975210211174921,hold,matched,1200,3,9.773818237453275,8.266361900066737,10.892838426105339
timestamps_uniform_times,sweep_turn,harmonic,1,,1,True,7.7533331454768994,7.7533331454768994,hold,matched,1200,3,18.224672404047666,17.779670230817782,18.608624759382522
timestamps_uniform_times,sweep_turn,kalman,1,,1,True,-10.804362739408806,-10.804362739408806,hold,matched,1200,3,-0.3330234808380391,-2.4786485997378755,0.7494803819063212
timestamps_uniform_times,sweep_turn,latent_ode,1,17,1,True,-1.1210624446754367,-1.1210624446754367,hold,matched,1200,3,9.35027681389533,9.016696363213029,9.979366484571358
timestamps_uniform_times,sweep_turn,linear,1,,1,True,-10.577448174121313,-10.577448174121313,hold,matched,1200,3,-0.10610891555054452,-2.4778502816572883,0.9886670103627941
timestamps_uniform_times,sweep_turn,local_dynamics,1,17,1,True,-10.78592923147476,-10.78592923147476,hold,matched,1200,3,-0.31458997290399354,-0.4552233546379024,-0.1604833833985257
timestamps_uniform_times,sweep_turn,neural_flow,1,17,1,True,-0.1502095717850526,-0.1502095717850526,hold,matched,1200,3,10.321129686785715,9.212217937860018,13.436291088069613
timestamps_uniform_times,sweep_turn,observed_state_flow,1,17,1,True,-11.395652948078347,-11.395652948078347,hold,matched,1200,3,-0.924313689507579,-1.3822876455726112,-0.5467822665470516
timestamps_uniform_times,sweep_turn,tpatchgnn,1,17,1,True,0.15839374533358405,0.15839374533358405,hold,matched,1200,3,10.629733003904352,9.277902427493151,14.366141798744094
timestamps_uniform_times,uturn,cru,1,17,1,True,-0.6603716756750486,-0.6603716756750486,hold,matched,1200,3,8.16298191009161,4.9953907169581555,9.002184270301655
timestamps_uniform_times,uturn,harmonic,1,,1,True,9.12523622127669,9.12523622127669,hold,matched,1200,3,17.948589807043348,7.564675457996275,20.285407095503093
timestamps_uniform_times,uturn,kalman,1,,1,True,-8.181045068412633,-8.181045068412633,hold,matched,1200,3,0.6423085173540242,-0.3421280959596507,1.9708860494580773
timestamps_uniform_times,uturn,latent_ode,1,17,1,True,-1.4458459574705682,-1.4458459574705682,hold,matched,1200,3,7.377507628296089,3.002268069868066,8.673383298735391
timestamps_uniform_times,uturn,linear,1,,1,True,-7.788403184895515,-7.788403184895515,hold,matched,1200,3,1.0349504008711423,-0.43841225371765763,2.670598369717638
timestamps_uniform_times,uturn,local_dynamics,1,17,1,True,-9.308643704426228,-9.308643704426228,hold,matched,1200,3,-0.48529011865957045,-0.7917291276665599,-0.2556047750208703
timestamps_uniform_times,uturn,neural_flow,1,17,1,True,-0.49408083271108993,-0.49408083271108993,hold,matched,1200,3,8.329272753055568,6.991406808896161,9.28783870352022
timestamps_uniform_times,uturn,observed_state_flow,1,17,1,True,-9.533235586723087,-9.533235586723087,hold,matched,1200,3,-0.7098820009564302,-1.3395403830031092,-0.33630746976531867
timestamps_uniform_times,uturn,tpatchgnn,1,17,1,True,0.10935390707655557,0.10935390707655557,hold,matched,1200,3,8.932707492843214,8.190897833767611,9.602324769182433
