experiment,family,model,seed,targets,windows,nmse_linear,nmse_db,energy_weighted_nmse_db,median_target_nmse_db,p90_target_nmse_db,fraction_target_nmse_below_0db,cluster_count,cluster_kind,nmse_db_ci_low,nmse_db_ci_high,amplitude_nmse,shape_correlation,gain_abs_error_db
count_random_n32,climb_descent,cru,17.0,1200,200,0.7019150239787996,-1.537154617318832,-2.4549066957248344,-6.030381427156959,2.5790924252729033,0.6041666666666666,3,trajectory,-8.183039844604592,1.7148948674462288,0.14955342235819744,0.49711639025968907,1.9469361851612728
count_random_n32,climb_descent,harmonic,,1200,200,0.08482442869266374,-10.71479056722151,-9.385228234026044,-14.666703525963808,-6.605624535122597,0.9966666666666667,3,trajectory,-14.69781612759628,-8.47544719419243,0.023818503119327896,0.9342594476789237,0.3847628561019762
count_random_n32,climb_descent,hold,,1200,200,0.0669190405961732,-11.744502940511657,-10.571179907192658,-15.23770117907289,-8.054780171927291,1.0,3,trajectory,-15.84676730128114,-9.848986387972635,0.014962414209773319,0.9388331351925929,0.17640241923379713
count_random_n32,climb_descent,kalman,,1200,200,0.06716912056703823,-11.728303378019888,-10.841361603100871,-16.146627669718672,-8.14092433192231,0.9983333333333333,3,trajectory,-13.470629972628059,-10.511894028133703,0.03637321546193557,0.9559676775584618,0.42169978367260685
count_random_n32,climb_descent,latent_ode,17.0,1200,200,0.6157093856949359,-2.1062422609919316,-2.60057530383959,-3.4914726466916313,0.7793736691413947,0.6391666666666667,3,trajectory,-6.315320619338738,0.5327261930091162,0.272503213500604,0.44623998622556105,4.754135691576327
count_random_n32,climb_descent,linear,,1200,200,0.050742186952581154,-12.946308189240943,-11.599359943744837,-16.678854607076467,-10.018803749714168,0.9991666666666666,3,trajectory,-15.535034265967198,-10.873162522701964,0.02602450934663158,0.9686007905503115,0.41504656121804145
count_random_n32,climb_descent,local_dynamics,17.0,1200,200,0.05323335125998706,-12.738161923298554,-11.55145796621892,-15.749108078814512,-9.114529118249509,1.0,3,trajectory,-16.97245364585506,-10.840206334479692,0.014100157693295187,0.9519676057994366,0.17673924232962765
count_random_n32,climb_descent,neural_flow,17.0,1200,200,0.7680583300006887,-1.1460579632854944,-1.4908068744110117,-0.5846007261526125,0.6869259612434975,0.5691666666666667,3,trajectory,-2.463128644382149,0.46721139966581937,0.34765617796530324,0.28826694419932286,5.998275642991066
count_random_n32,climb_descent,observed_state_flow,17.0,1200,200,0.04586689762665624,-13.385006339510607,-12.32024884807663,-15.836563892875827,-9.67635633292564,1.0,3,trajectory,-16.81041699127393,-11.669317457396035,0.018888829455954645,0.9596456072231134,0.47053976992348906
count_random_n32,climb_descent,tpatchgnn,17.0,1200,200,0.9813295424977938,-0.08185126712628317,-0.15601384025051204,-0.15633049505783964,0.4661817121263376,0.5641666666666667,3,trajectory,-0.43047468906801445,0.363544712948216,0.6642043121159077,0.06171755637619446,11.764050695896149
count_random_n32,cruise,cru,17.0,1200,200,0.3012626192516958,-5.210547523619948,-4.535496989591679,-5.6668768823917866,-2.3768711629648283,0.9966666666666667,3,trajectory,-6.226695242069188,-4.643171587722005,0.1084721555250386,0.7105450955654184,1.3760374765100034
count_random_n32,cruise,harmonic,,1200,200,0.061557850231426174,-12.10716555327422,-10.816803874599216,-19.00107824303388,-7.488016706428039,1.0,3,trajectory,-15.112496740004651,-10.776434240370813,0.02104169551203081,0.9508138940731684,0.3468284536785207
count_random_n32,cruise,hold,,1200,200,0.05951187675670852,-12.253963536802505,-11.507196018847452,-17.667301438851037,-7.1241831426792235,1.0,3,trajectory,-13.955206424557897,-11.216855758106288,0.009163825949102176,0.9431185875336329,0.09464887818246093
count_random_n32,cruise,kalman,,1200,200,0.040840511023610165,-13.889088323700069,-12.591507088841476,-19.615129042121357,-9.980435565187351,1.0,3,trajectory,-16.355799619543276,-12.917947685686128,0.023273866713110037,0.9717115260660648,0.3878431072539388
count_random_n32,cruise,latent_ode,17.0,1200,200,0.3875174696184695,-4.117087143502221,-3.8088915645702235,-4.1268375751886825,-1.0598122849853677,0.9933333333333333,3,trajectory,-4.486601750524505,-3.8135561812033485,0.14924331523555637,0.6229595180569838,2.543214734693174
count_random_n32,cruise,linear,,1200,200,0.0405531647704386,-13.919752477732736,-12.734015590553522,-19.629624894394336,-9.978668181174207,1.0,3,trajectory,-16.309435831821165,-12.932688153054855,0.023222384244824402,0.972524159103632,0.43401906894792774
count_random_n32,cruise,local_dynamics,17.0,1200,200,0.04299531294715654,-13.665788856328252,-12.7072312530058,-18.663298624668617,-9.16909083272041,1.0,3,trajectory,-15.811527550194546,-12.697642285324353,0.01022516918910085,0.9596645259360472,0.08785265875987226
count_random_n32,cruise,neural_flow,17.0,1200,200,0.715108546614647,-1.4562803146073917,-0.9975710933578681,-1.298994008695908,0.15376181738165554,0.7716666666666666,3,trajectory,-1.9249217576233781,-0.9096708010421696,0.3308119628640513,0.3196606823024437,5.95725553025802
count_random_n32,cruise,observed_state_flow,17.0,1200,200,0.037075520345485176,-14.309127450443658,-13.433826094662278,-18.66005890306984,-9.553108702254843,1.0,3,trajectory,-16.012065290427536,-13.574285326517675,0.014881915755413455,0.9660106832285722,0.4400982817671805
count_random_n32,cruise,tpatchgnn,17.0,1200,200,0.9729803325235844,-0.11895938316238891,-0.1017688044606705,-0.15087543913044393,0.029856263318482224,0.7858333333333334,3,trajectory,-0.1411040761743111,-0.08120235419969918,0.8292847854395707,0.049332862934663005,19.610824866294863
count_random_n32,highspeed,cru,17.0,1200,200,0.5257864555468162,-2.791906056717297,-2.2233379469264567,-4.203809402620117,0.4025275804900249,0.8225,3,trajectory,-6.234333171954553,-0.8336188851944144,0.1823045312954734,0.5417719994705671,2.409702652604271
count_random_n32,highspeed,harmonic,,1200,200,0.34151327880332244,-4.66592405309264,-2.720238813588634,-12.917441957836491,-1.8764175900031463,0.93,3,trajectory,-8.726248277320412,-2.374891965664626,0.1358035727911495,0.8869906807646385,1.0274089674546394
count_random_n32,highspeed,hold,,1200,200,0.16584589071402656,-7.802952848459298,-6.146230175439466,-12.683563458590221,-3.6317027529759858,0.9616666666666667,3,trajectory,-9.368301622025431,-6.539181355023123,0.021906579665158715,0.8765461417951671,0.3649525659158947
count_random_n32,highspeed,kalman,,1200,200,0.2770222616426569,-5.574853294189931,-3.4646007048686025,-14.596181684446096,-3.4933561991381805,0.9483333333333334,3,trajectory,-9.641073458474532,-3.1961572658359287,0.11957179611661554,0.9119372723525158,0.860602872137318
count_random_n32,highspeed,latent_ode,17.0,1200,200,0.5989897289592773,-2.225806245131145,-1.9047650350169953,-2.4721146147303092,0.10890739377862703,0.8625,3,trajectory,-5.153086705551427,-0.69897369127014,0.24934054862242191,0.436202739419535,4.446991720433192
count_random_n32,highspeed,linear,,1200,200,0.32433147783657357,-4.890108990380805,-2.800568607594729,-13.962774208528984,-2.3091217110930353,0.9308333333333333,3,trajectory,-9.05281656403915,-2.4637274782779337,0.13696345601837184,0.9017034656276307,0.9753835084378201
count_random_n32,highspeed,local_dynamics,17.0,1200,200,0.1569329992675678,-8.042857250368359,-6.246726775645572,-13.253218123224519,-4.186869414551713,0.9641666666666666,3,trajectory,-9.77120774553523,-6.697347576962269,0.025139160881199083,0.8865348361733474,0.3315576336323284
count_random_n32,highspeed,neural_flow,17.0,1200,200,0.9717444044848284,-0.1244795145137461,-0.14277530479846143,-0.014798829468334504,0.15837552223505433,0.56,3,trajectory,-0.4962551733372027,0.07534152575798608,0.7042836305002371,0.054401263311615884,13.545712352593739
count_random_n32,highspeed,observed_state_flow,17.0,1200,200,0.13261276083571522,-8.77414683368004,-7.073001733590404,-12.843714547067709,-5.265253631278692,0.97,3,trajectory,-10.54393515810499,-7.460203733885102,0.03329361965910716,0.8934947857463339,0.6716305766641745
count_random_n32,highspeed,tpatchgnn,17.0,1200,200,0.9758128787577153,-0.10633454376550196,-0.1253623414232267,0.005853011004738227,0.18107555634863265,0.4825,3,trajectory,-0.493067425278059,0.1281495069635803,0.6962094646692276,0.051530988471817286,13.280828200181325
count_random_n32,occlusion,cru,17.0,1200,200,1.0110219205915927,0.0476057190036169,0.03955862855397247,0.01757461640346421,0.07984981849732607,0.16333333333333333,3,channel_group,0.014336346345734403,0.10172304025131257,0.868739143187801,0.0033533448553077472,23.617997302810352
count_random_n32,occlusion,harmonic,,1200,200,3.71905792487533,5.704329426122159,-4.830061744333999,-4.594429022974073,6.3663534857700474,0.6808333333333333,3,channel_group,4.38895045603991,6.57776597054884,2.500732949951586,0.8360026526775861,3.9489705364740804
count_random_n32,occlusion,hold,,1200,200,1.2613173177165058,1.008243585770818,-6.70304738972265,-6.094027547115024,4.29254122728801,0.75,3,channel_group,0.49041375597675935,1.4400074233994773,0.47331225872647337,0.827760903674595,2.164605812035831
count_random_n32,occlusion,kalman,,1200,200,4.671606384727832,6.694662433204942,-4.403283540549073,-5.1359581449833644,4.257492641227353,0.6808333333333333,3,channel_group,5.083207847887765,7.857961231511559,3.4103584496593977,0.8317306591787686,3.4221737553702165
count_random_n32,occlusion,latent_ode,17.0,1200,200,1.0006774411598842,0.0029410934790703837,0.001496002570617733,0.0021469691581400456,0.008045357440739375,0.25916666666666666,3,channel_group,0.002684757488821057,0.003347699576774778,0.982361368338267,0.0058441297490510625,42.258061095873515
count_random_n32,occlusion,linear,,1200,200,5.642719406695008,7.514884548148203,-4.523899119834941,-4.7159906870134005,4.4758900910970025,0.6758333333333333,3,channel_group,4.6335469656700345,9.596841639376194,4.252694551640985,0.8239346387792224,4.001283780403392
count_random_n32,occlusion,local_dynamics,17.0,1200,200,1.0445068916025049,0.1891130977833364,-6.870964868949642,-5.952501739800694,3.553511113354759,0.7533333333333333,3,channel_group,0.021387897014814826,0.29943202152320014,0.39070083152694374,0.826001824317306,2.7523146943856287
count_random_n32,occlusion,neural_flow,17.0,1200,200,1.0006970419486363,0.0030261601616737004,0.0060992802191787345,0.0006346775646360012,0.012340825094997822,0.48583333333333334,3,channel_group,-0.0013445781194966833,0.00724032631090542,0.9702158854405085,0.007234777871817213,37.10319937626521
count_random_n32,occlusion,observed_state_flow,17.0,1200,200,0.6455742295862485,-1.9005381436385007,-3.978174853208756,-2.2598176781238943,0.9443403564662487,0.8091666666666667,3,channel_group,-3.1545259976920237,-0.7585947110527422,0.40218030043014247,0.823573535666801,11.507455652131078
count_random_n32,occlusion,tpatchgnn,17.0,1200,200,0.9998469735682011,-0.0006646362039066486,-0.0006526970902066586,-0.0007029903632945458,0.003569191649847091,0.6058333333333333,3,channel_group,-0.0026999563189259767,0.001357986508911468,0.980468662828207,0.005416118546019435,41.24047883669535
count_random_n32,sweep_turn,cru,17.0,1200,200,0.851490927276512,-0.6981997512914107,0.6003484239129258,-1.224274452118474,2.393763351239797,0.5991666666666666,3,trajectory,-5.929793300928397,1.2905465872199375,0.1766035815918197,0.3813312426907523,1.821923148353041
count_random_n32,sweep_turn,harmonic,,1200,200,0.10261409473204058,-9.887929818759414,-7.396076275716802,-15.445068993018026,-7.088361581041948,0.9891666666666666,3,trajectory,-14.726296680678379,-7.7071396521370525,0.03452589757011684,0.9378936265213027,0.5448474622514914
count_random_n32,sweep_turn,hold,,1200,200,0.08971520903928037,-10.47133926611126,-8.619833156597666,-14.52985651015778,-6.520731866376802,0.9933333333333333,3,trajectory,-14.191720948309172,-9.144168238275585,0.01668012378564825,0.9211572376331121,0.19262023869541128
count_random_n32,sweep_turn,kalman,,1200,200,0.07615623911681416,-11.182945111984779,-8.431328155221383,-16.687178610213856,-9.096451276045757,0.9925,3,trajectory,-16.940349145847264,-8.669979906432827,0.03098933849546479,0.9583214198293475,0.40045772728663
count_random_n32,sweep_turn,latent_ode,17.0,1200,200,0.7766205086062352,-1.0979114500692249,-0.27321286308942894,-1.0277812931059387,0.8825060580341147,0.5475,3,trajectory,-4.218102106453496,-0.09079106749798577,0.25664509741589425,0.3160056926983148,4.150017876386022
count_random_n32,sweep_turn,linear,,1200,200,0.08251495567394154,-10.834673292923503,-8.066701017967967,-16.633279144640348,-9.02226025739628,0.9925,3,trajectory,-16.88389679924037,-8.360967943415913,0.03271061820605605,0.956029582186214,0.4491930247795608
count_random_n32,sweep_turn,local_dynamics,17.0,1200,200,0.08305529683027388,-10.80632665310061,-8.845245867388504,-14.730207473501949,-7.316698405924982,0.9933333333333333,3,trajectory,-14.668402927839981,-9.310555926410117,0.016859761338500857,0.9281446498257961,0.16712498881664942
count_random_n32,sweep_turn,neural_flow,17.0,1200,200,0.978396621098121,-0.09485055809235031,0.16424496412473458,0.0283721074731085,0.47429901853249345,0.4741666666666667,3,trajectory,-0.7419697654258284,0.3048360368778983,0.481268588223805,0.08430701892336882,8.876759979029497
count_random_n32,sweep_turn,observed_state_flow,17.0,1200,200,0.07228251332173077,-11.409667550764881,-9.373158963175534,-14.979869593701387,-8.302416736691024,0.9941666666666666,3,trajectory,-15.148290179219458,-9.700393255800927,0.018837294183887583,0.9366725927257115,0.31944438274070003
count_random_n32,sweep_turn,tpatchgnn,17.0,1200,200,1.0371359731753667,0.15835698075214788,0.1729141802851447,0.16000615035820376,0.376638442045704,0.17333333333333334,3,trajectory,0.13380512089952737,0.17435899076323827,0.6937746729453405,0.00785666542420278,12.66112568616867
count_random_n32,uturn,cru,17.0,1200,200,0.857364484872669,-0.6683451049564372,-0.9269166956230965,-0.08001376772513927,1.2191038264022451,0.5208333333333334,3,trajectory,-4.389972071674916,1.0883033522142713,0.2518325893518825,0.27057135195912396,3.8911648875816414
count_random_n32,uturn,harmonic,,1200,200,0.15875059172762115,-7.992846472418972,-7.123350877605825,-12.744477946923947,-6.085959964508585,0.9725,3,trajectory,-9.056104469922538,-6.636735010235821,0.07635362109967896,0.9166363249494073,0.7233556072128583
count_random_n32,uturn,hold,,1200,200,0.13111870209540327,-8.823353583667382,-8.773900800074607,-12.771054398680185,-4.668982971746211,0.9908333333333333,3,trajectory,-9.383022005094709,-7.890660857839943,0.03402321512147253,0.8889991963745949,0.2793513620020955
count_random_n32,uturn,kalman,,1200,200,0.13329753163108152,-8.751778926636055,-7.980482960830262,-13.799004011685431,-6.122663854492199,0.98,3,trajectory,-9.393988400621195,-7.745531553032655,0.06872992187683845,0.9277352222551902,0.6423936480106568
count_random_n32,uturn,latent_ode,17.0,1200,200,0.7186791940964758,-1.434649278716307,-1.5259042385153938,-0.11842567238681573,0.31542265619226084,0.565,3,trajectory,-6.3199741152489395,0.26771576251528956,0.30264989744173365,0.32710847447880725,5.366878860973132
count_random_n32,uturn,linear,,1200,200,0.14861897948764327,-8.279257251621765,-7.287958960512849,-13.424696438362563,-6.399886485434314,0.975,3,trajectory,-9.907354055248303,-6.769466484262918,0.07686967614182014,0.9264122966847693,0.700754562987701
count_random_n32,uturn,local_dynamics,17.0,1200,200,0.11101664914401525,-9.546118852749734,-9.347487050283329,-13.43741439734877,-5.830505144198896,0.9916666666666667,3,trajectory,-10.198798111496739,-8.811432568216084,0.03098467273474545,0.9080424623641495,0.2866609606810971
count_random_n32,uturn,neural_flow,17.0,1200,200,0.9033568638687333,-0.44140651245346857,-0.5125067793899515,0.26843428404369346,0.6546408312126464,0.4225,3,trajectory,-2.3633881004452832,0.5659876531607653,0.3597256011267503,0.18097341481303975,6.436971911589304
count_random_n32,uturn,observed_state_flow,17.0,1200,200,0.1075220104853239,-9.685026236195014,-9.668500407267711,-13.352954274277444,-5.494650031152999,0.9925,3,trajectory,-10.822066670502643,-8.408610525341318,0.037193704917929865,0.9072123477592443,0.5648235031786316
count_random_n32,uturn,tpatchgnn,17.0,1200,200,1.0254345138867695,0.10907930754388757,0.08078282466924115,0.21894579316465668,0.32323689055638705,0.3358333333333333,3,trajectory,-0.21596267926179474,0.29931136092208854,0.6419556106130282,0.018245895128408497,11.508314798672995
count_random_n4,climb_descent,cru,17.0,1200,200,0.7022853373798231,-1.5348639887904065,-2.4521821163918123,-6.018376381785471,2.587120167651432,0.6033333333333334,3,trajectory,-8.177240968428226,1.7160888692516925,0.14932946537155653,0.4970707885418157,1.9421207354714474
count_random_n4,climb_descent,harmonic,,1200,200,0.3737861503310463,-4.273767943061257,-3.0903021453204405,-9.644139785149672,-1.5399207967004571,0.9391666666666667,3,trajectory,-7.234969449285009,-2.0017357426859306,0.15531402484746645,0.827983517460525,0.6595535841267701
count_random_n4,climb_descent,hold,,1200,200,0.06691904056779696,-11.744502942353233,-10.571179897530506,-15.237701312701997,-8.054780585434354,1.0,3,trajectory,-15.846767309014442,-9.848986417198184,0.01496241422055386,0.9388331435372432,0.17640243745985265
count_random_n4,climb_descent,kalman,,1200,200,0.07675132371863579,-11.14914125574012,-10.022961560803532,-15.540952067386488,-7.499655738364348,0.995,3,trajectory,-14.977644110854008,-9.51361160037836,0.04284132567387128,0.9518373701473077,0.4740782160033026
count_random_n4,climb_descent,latent_ode,17.0,1200,200,0.6127473870540658,-2.127185320390346,-2.6288428183078656,-3.6493038251674514,0.7731825481133813,0.6508333333333334,3,trajectory,-6.391800257229323,0.5236144553987174,0.27441764069721103,0.44834876348627406,4.844986899054299
count_random_n4,climb_descent,linear,,1200,200,0.06184411506686345,-12.087016204582273,-10.806156685721922,-16.03393060312945,-8.789077619724193,1.0,3,trajectory,-16.11531827349262,-10.136009294720086,0.03262722488886837,0.9591836175322532,0.42804800862114156
count_random_n4,climb_descent,local_dynamics,17.0,1200,200,0.05802589243702334,-12.363781713805466,-11.20292865125365,-15.480093141391242,-8.841319508604286,0.9991666666666666,3,trajectory,-16.952597412818328,-10.552550367196869,0.016788673835156517,0.9488807791471481,0.1911398862149205
count_random_n4,climb_descent,neural_flow,17.0,1200,200,0.7784647718816996,-1.0876103591995123,-1.3289648122382494,-0.953907992881355,0.4901605776445616,0.5616666666666666,3,trajectory,-2.4821086172979614,0.38294518985616505,0.46466774853567283,0.2845229488363706,8.200754732688267
count_random_n4,climb_descent,observed_state_flow,17.0,1200,200,0.05244948135605223,-12.802588019474154,-11.721389971807826,-15.465738410318078,-9.265832507383916,1.0,3,trajectory,-16.454658694897034,-11.061385095247271,0.021096683472296672,0.953384072581927,0.4289821665797111
count_random_n4,climb_descent,tpatchgnn,17.0,1200,200,0.9815758035580318,-0.08076155772847649,-0.1551084094378804,-0.15769808034957558,0.4654829099283276,0.5641666666666667,3,trajectory,-0.42598359377800155,0.36273596089481663,0.6633545324206352,0.06126559884542071,11.732961690425872
count_random_n4,cruise,cru,17.0,1200,200,0.30084571650096525,-5.216561676964657,-4.541911735193395,-5.671329581602422,-2.382964090134691,0.9966666666666667,3,trajectory,-6.226623011591159,-4.647045262356187,0.10829353318782518,0.7108338885878523,1.3785532927126527
count_random_n4,cruise,harmonic,,1200,200,0.5179651619585881,-2.856994496716601,-2.77147443869747,-9.15811531332114,-2.456087624510887,0.9525,3,trajectory,-5.284966902665149,-0.5028958501300064,0.26114118461180624,0.8272776505413155,0.6995833676708086
count_random_n4,cruise,hold,,1200,200,0.05951187691014634,-12.253963525605212,-11.507196019527921,-17.667301911755985,-7.124183175962303,1.0,3,trajectory,-13.955206457943454,-11.216855707908415,0.009163825940589303,0.9431185881793499,0.09464887892087816
count_random_n4,cruise,kalman,,1200,200,0.04197732571476076,-13.769852328407472,-12.507783947782247,-19.37702438398773,-9.253935841216759,1.0,3,trajectory,-16.80387378320758,-12.655607155948257,0.02231129411558257,0.9696401331822078,0.3556609859222226
count_random_n4,cruise,latent_ode,17.0,1200,200,0.3752539942724009,-4.256746763498999,-3.985775429824871,-4.290542918338996,-1.0661139286263237,0.9958333333333333,3,trajectory,-4.460538948258407,-4.055147879251194,0.1665817871332789,0.6362638301122934,3.1296048825606704
count_random_n4,cruise,linear,,1200,200,0.044833021745725954,-13.484019886990517,-12.210364096292958,-19.350195387404998,-8.907014579304475,1.0,3,trajectory,-16.56830616911565,-12.347977844913451,0.025328914889590378,0.9692486350735029,0.42045215248172096
count_random_n4,cruise,local_dynamics,17.0,1200,200,0.04412953411922591,-13.552706574274374,-12.569383127044329,-18.733767457203214,-8.935004202801283,1.0,3,trajectory,-15.86915303553724,-12.500705565854185,0.011455261676880229,0.9591668896377087,0.10350769799474616
count_random_n4,cruise,neural_flow,17.0,1200,200,0.7355270779877902,-1.3340133435152888,-0.9196013822894565,-1.0836169401262734,0.1624625459037152,0.7583333333333333,3,trajectory,-1.704879067907235,-0.8786113570067449,0.4182107802232107,0.2986597517500941,7.546695155104001
count_random_n4,cruise,observed_state_flow,17.0,1200,200,0.039730635689193106,-14.008744861880263,-13.11943922697077,-18.66697243542835,-9.25696682331332,1.0,3,trajectory,-15.821334641189903,-13.207845796682259,0.015599270674883835,0.9630199435849984,0.4153103741702701
count_random_n4,cruise,tpatchgnn,17.0,1200,200,0.9732808610300223,-0.11761816674734404,-0.10132376647464894,-0.15303681231539845,0.03210667629807075,0.7808333333333334,3,trajectory,-0.14244161177635173,-0.07833228675811901,0.8267252256472906,0.047953095343746054,19.48152440230052
count_random_n4,highspeed,cru,17.0,1200,200,0.5259753093247612,-2.79034642301946,-2.2259123170876034,-4.190457864755235,0.3961681444557442,0.8233333333333334,3,trajectory,-6.232804417138183,-0.8320646096526365,0.18271518690201144,0.5416899746721553,2.421304322606884
count_random_n4,highspeed,harmonic,,1200,200,1.9563814808559437,2.9145354312893215,5.5536839381353955,-6.356271354025585,3.3868391994318334,0.795,3,trajectory,-2.130457730938805,4.372744538865271,1.2426728712697968,0.7151107337966096,1.6516354283741383
count_random_n4,highspeed,hold,,1200,200,0.16584589281814258,-7.8029527933595935,-6.146230174426515,-12.68356330825516,-3.63170269392975,0.9616666666666667,3,trajectory,-9.368301576373678,-6.539181259815573,0.021906579762983967,0.8765461447100855,0.3649525587368286
count_random_n4,highspeed,kalman,,1200,200,0.2845877307908328,-5.45783827247861,-3.45740875960818,-13.859654830974652,-2.6667998111598497,0.9425,3,trajectory,-8.870671799860506,-3.2480126466366306,0.11212290358680846,0.897426813278258,0.8071059713183422
count_random_n4,highspeed,latent_ode,17.0,1200,200,0.5943792097611974,-2.2593638976547843,-1.940810214052976,-2.5157016583932696,0.08078043339022499,0.8658333333333333,3,trajectory,-5.212442128837643,-0.71709068051721,0.2523682311130688,0.43957039306649826,4.533847406362184
count_random_n4,highspeed,linear,,1200,200,0.3166589180485759,-4.994082764516096,-3.006085199753886,-13.497647189297252,-2.3845404701192785,0.9341666666666667,3,trajectory,-8.49702775255976,-2.743135826296004,0.13325895782836744,0.8948437018859537,0.9204356526316648
count_random_n4,highspeed,local_dynamics,17.0,1200,200,0.1610789556464078,-7.929611947988533,-6.170922412278072,-13.357635840499,-4.221115738067305,0.9625,3,trajectory,-9.544476246447154,-6.580609688045211,0.028376429622336777,0.887494469863456,0.34960027700615076
count_random_n4,highspeed,neural_flow,17.0,1200,200,0.9719022039075692,-0.12377433057342964,-0.1420337607993723,-0.016429022106852043,0.15533988345339,0.56,3,trajectory,-0.4947289963130586,0.07587812005041251,0.704944101224343,0.05419460418915051,13.558896207014719
count_random_n4,highspeed,observed_state_flow,17.0,1200,200,0.13478753663894164,-8.703502637293072,-6.976986205721061,-12.896475520048998,-5.222286043919105,0.9691666666666666,3,trajectory,-10.567134837084343,-7.339779606338852,0.03270340398824672,0.8926893336481772,0.6621767266848959
count_random_n4,highspeed,tpatchgnn,17.0,1200,200,0.975856391787529,-0.10614088934846173,-0.12493545813898232,0.003891504459164358,0.17958566919657526,0.48833333333333334,3,trajectory,-0.48784028449612166,0.12584160830611774,0.6975124015410741,0.05113675190739149,13.323510378201803
count_random_n4,occlusion,cru,17.0,1200,200,1.0114325965940951,0.04936946026625279,0.03909189379260829,0.019477384648833355,0.08234703027127205,0.13166666666666665,3,channel_group,0.018049629681936706,0.10507445252830841,0.8653495849420627,0.0029766881020899423,23.274956886370976
count_random_n4,occlusion,harmonic,,1200,200,5.468416056886005,7.37861549848922,-2.1130447908727943,-2.936061862040529,9.769295182478805,0.6275,3,channel_group,5.342592058821532,9.245958652531712,3.6913822137720613,0.7681311228057408,4.0634337578165045
count_random_n4,occlusion,hold,,1200,200,1.2613173162338596,1.0082435806657977,-6.703047390046026,-6.094027547344016,4.292540494709724,0.75,3,channel_group,0.4904138546169518,1.4400073502245039,0.4733122545141426,0.827760904498476,2.16460579178752
count_random_n4,occlusion,kalman,,1200,200,5.089431330747126,7.066692590134446,-4.804290190515432,-5.162417964797904,5.378084411509548,0.7025,3,channel_group,3.8526474525759964,9.20923478156509,3.7699738570121313,0.8182410754930849,2.7477186662466115
count_random_n4,occlusion,latent_ode,17.0,1200,200,1.0007685334483782,0.0033364164482247408,0.0028622615275036853,0.0032231598636370744,0.00819852273296268,0.20916666666666667,3,channel_group,0.0025882967034931174,0.0041840970258774715,0.98258742471536,0.006974395612224144,42.0177243232727
count_random_n4,occlusion,linear,,1200,200,5.995567696549891,7.778303110055669,-4.521441015730483,-4.881581337523015,5.811446575194911,0.69,3,channel_group,4.121775703309395,10.154713467633034,4.577145173630706,0.8121761683948959,2.9147530870019303
count_random_n4,occlusion,local_dynamics,17.0,1200,200,1.0767486483093913,0.32114335245744224,-6.816890941850556,-5.925185983056094,3.9057554147475835,0.7566666666666667,3,channel_group,0.15670654900976472,0.574133615542886,0.39892704226223336,0.8189647263238051,2.5310249617013807
count_random_n4,occlusion,neural_flow,17.0,1200,200,1.0007231777409713,0.003139585920844568,0.006215404567377789,0.000630018709493103,0.012432252075785813,0.48,3,channel_group,-0.0010753639209975284,0.007249672145150523,0.9703169228633245,0.007499422241187354,37.044837842782336
count_random_n4,occlusion,observed_state_flow,17.0,1200,200,0.6536276439084516,-1.846695884477668,-3.9785970976225777,-2.2334965948464314,1.1193584553283147,0.8083333333333333,3,channel_group,-3.148332133648375,-0.6626491307039304,0.39726009475639634,0.8225854004019251,11.213604222166662
count_random_n4,occlusion,tpatchgnn,17.0,1200,200,0.9998635012904803,-0.0005928468256471035,-0.0010298614654477441,-0.0010857932317644356,0.004335546890537896,0.6208333333333333,3,channel_group,-0.0026760331601821293,0.0018585893336435142,0.9780934397876263,0.005160623531373432,40.211676141421
count_random_n4,sweep_turn,cru,17.0,1200,200,0.8514125269340972,-0.6985996428534359,0.5993050110251565,-1.2274387471504487,2.3969625931465877,0.5983333333333334,3,trajectory,-5.9197484305711665,1.285653317789509,0.17658885869818425,0.38116600324592137,1.8200680198035357
count_random_n4,sweep_turn,harmonic,,1200,200,0.45545811180613477,-3.4155155864262206,-1.889798744695986,-9.745276527008906,-1.2345010227728135,0.935,3,trajectory,-6.281809493294677,-2.0715625749491307,0.2007805191729464,0.8129844405152835,0.7163418136554841
count_random_n4,sweep_turn,hold,,1200,200,0.08971520884113181,-10.47133927570326,-8.61983315212212,-14.529856280883306,-6.520731894827099,0.9933333333333333,3,trajectory,-14.191720966741034,-9.144168258230438,0.016680123832744916,0.9211572487532733,0.19262027364414733
count_random_n4,sweep_turn,kalman,,1200,200,0.09146606232519233,-10.387400171787665,-7.984314519163221,-15.868507349507437,-7.725627934173894,0.9916666666666667,3,trajectory,-15.023214242384132,-8.390088474254965,0.03644283854083364,0.9437456887510295,0.384004299941674
count_random_n4,sweep_turn,latent_ode,17.0,1200,200,0.7666107617815335,-1.1542508835647787,-0.35636798064859426,-1.143419162125659,0.7889933762616784,0.56,3,trajectory,-4.104827818119635,-0.18374491248657482,0.2728210491438707,0.3158512197014426,4.568569779836495
count_random_n4,sweep_turn,linear,,1200,200,0.09672551633375098,-10.144589432784636,-7.741810111335729,-15.686577140520427,-7.327044013535812,0.9916666666666667,3,trajectory,-14.764150281761507,-8.170309999785012,0.0406098669850401,0.9432477984887858,0.44324699350860103
count_random_n4,sweep_turn,local_dynamics,17.0,1200,200,0.09062234827896035,-10.42764688224138,-8.567162267392916,-14.641208044321678,-7.009712876418924,0.9916666666666667,3,trajectory,-12.95446995751979,-9.206615581411699,0.019174797462226962,0.9250413067163511,0.18027080181486477
count_random_n4,sweep_turn,neural_flow,17.0,1200,200,0.9778810459375381,-0.0971397162850211,0.05726175631499548,-0.05830905812280139,0.32814584332382585,0.5216666666666666,3,trajectory,-0.463228070577711,0.0832347664698699,0.581815559292833,0.05926213545771283,10.806453269322713
count_random_n4,sweep_turn,observed_state_flow,17.0,1200,200,0.07562360104340461,-11.213426462535159,-9.197628285469756,-14.910842378387883,-7.980354774440873,0.9941666666666666,3,trajectory,-14.903817959620433,-9.5517282892394,0.01981409075069673,0.9338218995036247,0.30312136751837293
count_random_n4,sweep_turn,tpatchgnn,17.0,1200,200,1.0385412001113097,0.16423730169214637,0.17701168633449474,0.16348547926933188,0.39134840816652394,0.155,3,trajectory,0.14073550962141376,0.18287692236886904,0.6917135361830393,0.007703812218111684,12.593658790588378
count_random_n4,uturn,cru,17.0,1200,200,0.8592753765794138,-0.6586763318472055,-0.9201354462935435,-0.07430943984078962,1.236924205390707,0.5208333333333334,3,trajectory,-4.387108756419787,1.1057079686358338,0.25102006690731893,0.27047005392005097,3.865184381964306
count_random_n4,uturn,harmonic,,1200,200,1.0292521953378673,0.12521801996562637,1.6983578300923774,-8.39779386867675,0.2517919695698386,0.895,3,trajectory,-4.282722159670792,2.037045736590761,0.6313087531617081,0.7911621644565214,1.049035920209523
count_random_n4,uturn,hold,,1200,200,0.13111870156744768,-8.823353601154453,-8.773900838370082,-12.771054552021369,-4.668983275205253,0.9908333333333333,3,trajectory,-9.383022027573025,-7.890660876815705,0.0340232151701881,0.8889991957977569,0.2793513470043096
count_random_n4,uturn,kalman,,1200,200,0.16610802549897316,-7.796093841306763,-7.453411201728878,-12.949921873698766,-3.8235111450641286,0.9758333333333333,3,trajectory,-8.997798010384368,-7.091046770789218,0.07995431435599731,0.9036682415846735,0.6201192501883998
count_random_n4,uturn,latent_ode,17.0,1200,200,0.7143133771046997,-1.4611121667042382,-1.564410890195593,-0.1547653518828747,0.30951729808031464,0.5875,3,trajectory,-6.425028916967895,0.26747017460057165,0.30653821444449325,0.32936508492373223,5.496929710023881
count_random_n4,uturn,linear,,1200,200,0.17843884826207915,-7.485105885857553,-7.061167848234464,-12.747145239364903,-3.6226170709518186,0.9725,3,trajectory,-8.613484848563314,-6.992472593474997,0.08941202598627565,0.9025215841410682,0.6932185176516334
count_random_n4,uturn,local_dynamics,17.0,1200,200,0.1252075118737108,-9.023696146764202,-8.951964668066697,-13.065256787636345,-4.623550462665856,0.9916666666666667,3,trajectory,-9.911978528754105,-7.934702706003435,0.03694724882591188,0.8975274948224736,0.283767061004055
count_random_n4,uturn,neural_flow,17.0,1200,200,0.9251226321856181,-0.3380069434048185,-0.3900067951202455,0.19462312738404958,0.33715581810740236,0.42583333333333334,3,trajectory,-1.5059061193552858,0.3078318604612989,0.5582093664258718,0.13590170193880832,9.962765482266745
count_random_n4,uturn,observed_state_flow,17.0,1200,200,0.12063004226132756,-9.185445200273962,-9.183758618765223,-12.898675209040924,-4.871649357973979,0.9925,3,trajectory,-10.332226407584802,-7.867431732989986,0.04133309329809582,0.89625171977852,0.508530398698155
count_random_n4,uturn,tpatchgnn,17.0,1200,200,1.024764343549808,0.10624005818436014,0.07892531819400568,0.21558133258941564,0.3158817918826241,0.3358333333333333,3,trajectory,-0.21784029411576372,0.2923853547543253,0.6428669646382332,0.01830053140160767,11.542025219599406
count_random_n8,climb_descent,cru,17.0,1200,200,0.7020594717127582,-1.536260970686425,-2.4533798333460246,-6.0268486580827485,2.5873174012164855,0.6041666666666666,3,trajectory,-8.18081811313777,1.7147275234023474,0.14951003274104244,0.49710691808595886,1.9472308988372484
count_random_n8,climb_descent,harmonic,,1200,200,0.10334243352976041,-9.857213158104585,-8.399877856170338,-14.655238974836156,-6.872894587059035,0.9966666666666667,3,trajectory,-14.510567705309542,-7.264693383693648,0.04434422314624191,0.9390887564917405,0.42033140877087133
count_random_n8,climb_descent,hold,,1200,200,0.06691904057994781,-11.744502941564662,-10.571179893031527,-15.237701180053934,-8.054780130758903,1.0,3,trajectory,-15.846767285029115,-9.848986398382568,0.014962414212162259,0.9388331343233586,0.17640241940960852
count_random_n8,climb_descent,kalman,,1200,200,0.07070748457716637,-11.50534612532393,-10.343696164726161,-15.77404390493926,-7.597360476389693,0.9983333333333333,3,trajectory,-14.774274773046214,-9.72276961593064,0.03883585909067425,0.9542859919369221,0.44624415671774237
count_random_n8,climb_descent,latent_ode,17.0,1200,200,0.6130400521556536,-2.12511150502865,-2.625207862744228,-3.6258888788715122,0.7724997567276884,0.645,3,trajectory,-6.386096787412594,0.5243443263963944,0.2742108897957951,0.4481791434534777,4.826738150368135
count_random_n8,climb_descent,linear,,1200,200,0.0566426857621263,-12.46856162380125,-11.130625934191789,-16.200158349718464,-9.371622595777952,1.0,3,trajectory,-15.958306385779384,-10.383576613719192,0.029531940349625026,0.963356164842844,0.4213311002733826
count_random_n8,climb_descent,local_dynamics,17.0,1200,200,0.05431896494005433,-12.650485142265547,-11.439670495006771,-15.776328053181167,-8.97963004562015,1.0,3,trajectory,-17.0269662656329,-10.686938135937769,0.014823584076184441,0.9512339460849762,0.18153540886639044
count_random_n8,climb_descent,neural_flow,17.0,1200,200,0.7557767933234573,-1.2160644754244774,-1.5369666057260702,-0.6913316527535396,0.551892411427785,0.5775,3,trajectory,-2.5629674086891994,0.38573101736188,0.3908125331439078,0.2940580873567266,6.881223710576693
count_random_n8,climb_descent,observed_state_flow,17.0,1200,200,0.04860201813479454,-13.13345696856889,-12.034759297859281,-15.735930070396117,-9.340390991956507,1.0,3,trajectory,-16.703922572042835,-11.327559489167244,0.01979851970595817,0.9568785472214222,0.4570632512384327
count_random_n8,climb_descent,tpatchgnn,17.0,1200,200,0.9814254321157933,-0.08142692142301677,-0.15577737715417644,-0.15639697427502086,0.4668200528073645,0.5641666666666667,3,trajectory,-0.4285583756932832,0.36317903180741173,0.6639807121952375,0.06154383278208111,11.75556289990743
count_random_n8,cruise,cru,17.0,1200,200,0.30103574668057265,-5.213819307704618,-4.538986746413522,-5.668210718494056,-2.3812698019072247,0.9966666666666667,3,trajectory,-6.227357037959747,-4.645259451173952,0.10841010400249308,0.710682261052231,1.3773425720711627
count_random_n8,cruise,harmonic,,1200,200,0.08521174428043495,-10.69500544614932,-9.655852752998522,-18.248340760976205,-8.106741248872536,0.9966666666666667,3,trajectory,-15.414489810878946,-8.012376655016322,0.041345757265613986,0.9543223765554527,0.374489612825358
count_random_n8,cruise,hold,,1200,200,0.05951187659874748,-12.253963548329887,-11.50719604660971,-17.66730191147463,-7.124183109396147,1.0,3,trajectory,-13.955206402467617,-11.216855746713568,0.009163825941874723,0.9431185941398144,0.09464888587167324
count_random_n8,cruise,kalman,,1200,200,0.040663715477324586,-13.907929420388815,-12.651879097530593,-19.471314708654504,-9.587850743689355,1.0,3,trajectory,-16.76018901909903,-12.833603510526066,0.02236497559216024,0.9711793953677018,0.3776339413622069
count_random_n8,cruise,latent_ode,17.0,1200,200,0.3764478657146295,-4.242951607652792,-3.958269129060988,-4.250974064294542,-1.0885586266760068,0.995,3,trajectory,-4.495778207412137,-4.021024408328422,0.16029529909913734,0.633834558990784,2.9049781249665343
count_random_n8,cruise,linear,,1200,200,0.042041237035591573,-13.763245136279217,-12.557907834922679,-19.23121505657336,-9.485287890768948,1.0,3,trajectory,-16.530321079667303,-12.591433599473362,0.023952561401941495,0.9713263387481371,0.4271779563065017
count_random_n8,cruise,local_dynamics,17.0,1200,200,0.0432794278911751,-13.637184887829081,-12.646588085171942,-18.801981331772573,-9.080498613322993,1.0,3,trajectory,-15.868516796511301,-12.662836835278952,0.010926997177515002,0.959756229420503,0.0968738158390427
count_random_n8,cruise,neural_flow,17.0,1200,200,0.6916924763595065,-1.600869481803916,-1.1657875796961301,-1.3543585791203805,0.017251047030342127,0.8833333333333333,3,trajectory,-2.0181005079487986,-1.1526924026197385,0.34415471515928703,0.32899190007343576,6.196916012565295
count_random_n8,cruise,observed_state_flow,17.0,1200,200,0.03812474086606618,-14.187930995355185,-13.302140089249427,-18.693085212246547,-9.440808863603197,1.0,3,trajectory,-15.972662668246409,-13.397336753953347,0.015129818124805704,0.9648251090943814,0.429078075941264
count_random_n8,cruise,tpatchgnn,17.0,1200,200,0.9730543495714664,-0.11862901705151546,-0.10169673043957264,-0.150880799280128,0.029205117791201076,0.785,3,trajectory,-0.14148976894509013,-0.08074870325575086,0.8285246477027735,0.048894324911614856,19.57183639685313
count_random_n8,highspeed,cru,17.0,1200,200,0.526004071465383,-2.790108942338926,-2.223681787843435,-4.203935160156209,0.40124673123639193,0.8233333333333334,3,trajectory,-6.2299488111881915,-0.8313790096095698,0.18246859944735963,0.5417142320165677,2.4155883179565234
count_random_n8,highspeed,harmonic,,1200,200,0.4731216805922122,-3.2502715014246766,-1.1702919003544197,-12.471587979150305,-1.5249386666763918,0.9266666666666666,3,trajectory,-8.155105635579577,-0.21147333805080923,0.24161481913394103,0.8804758956886508,1.0306927657354905
count_random_n8,highspeed,hold,,1200,200,0.16584589115569537,-7.802952836893481,-6.146230172259263,-12.68356330825516,-3.6317027234528667,0.9616666666666667,3,trajectory,-9.36830161359164,-6.539181321300852,0.021906579659268222,0.8765461389018689,0.3649525693304046
count_random_n8,highspeed,kalman,,1200,200,0.2917970053151718,-5.34919169542532,-3.3260084932412184,-13.989831931435276,-2.6898638553261187,0.9425,3,trajectory,-9.150312249811112,-3.024771038321979,0.11919213990390133,0.9005641434584141,0.8627780666943242
count_random_n8,highspeed,latent_ode,17.0,1200,200,0.5947982023532192,-2.2563035270767764,-1.937957813108032,-2.5247019526586403,0.08743705601907091,0.8675,3,trajectory,-5.210433440940348,-0.7182358376394472,0.251722968534256,0.439238328146054,4.518091994985589
count_random_n8,highspeed,linear,,1200,200,0.32219389698976253,-4.9188269026308244,-2.9038490164561015,-13.675577571679,-2.2063111949311227,0.9333333333333333,3,trajectory,-8.854767388892922,-2.5464100375285237,0.13575395190123493,0.896707017650358,0.958393789504662
count_random_n8,highspeed,local_dynamics,17.0,1200,200,0.15732917710294103,-8.031907288722278,-6.244259451110317,-13.248107354596621,-4.132410952864159,0.9641666666666666,3,trajectory,-9.733475966145578,-6.694007460996822,0.02597387757433348,0.8867005157780296,0.33876071354262727
count_random_n8,highspeed,neural_flow,17.0,1200,200,0.9717611676454544,-0.12440459681591466,-0.14241852694225593,-0.015469283654519928,0.15754685912886113,0.5625,3,trajectory,-0.4962108372530365,0.07569608560087827,0.7042795559763908,0.054316528897880544,13.543203775882722
count_random_n8,highspeed,observed_state_flow,17.0,1200,200,0.13385558916055737,-8.733634900660599,-7.032694329260455,-12.806238760738836,-5.211507121596953,0.97,3,trajectory,-10.541447742955148,-7.3915947336601695,0.03309722197022585,0.8928328638428441,0.6666270733503884
count_random_n8,highspeed,tpatchgnn,17.0,1200,200,0.9758106469611327,-0.10634447659248172,-0.12516759691437065,0.004599046007088535,0.18140641410048775,0.48583333333333334,3,trajectory,-0.49166421159092943,0.1276372830119216,0.6966787100334962,0.05143992896721173,13.29581770658493
count_random_n8,occlusion,cru,17.0,1200,200,1.0113712708155314,0.04910612828764694,0.039513892646593426,0.018761688376218992,0.08070696264194299,0.15083333333333335,3,channel_group,0.017190114506108474,0.10447129618712661,0.8673602383335431,0.0031284820630375974,23.569303458134332
count_random_n8,occlusion,harmonic,,1200,200,4.146562990378588,6.176882671296623,-4.635383086175777,-4.784274940473299,7.225276246219649,0.6775,3,channel_group,4.124357799514557,6.930288520019757,2.8175427923272944,0.8172853887868889,3.8106715121757104
count_random_n8,occlusion,hold,,1200,200,1.261317308863169,1.0082435552871702,-6.703047390821109,-6.094028073662144,4.292540494709724,0.75,3,channel_group,0.4904137327718634,1.4400074016727935,0.4733122581879919,0.8277609044893567,2.1646057939696584
count_random_n8,occlusion,kalman,,1200,200,5.026979726689945,7.013071337650873,-4.625244910621547,-5.230964880907212,5.0535751690694095,0.68,3,channel_group,4.405290913599284,8.9220065143828,3.6932967236948997,0.8170305380939196,3.1303322989846736
count_random_n8,occlusion,latent_ode,17.0,1200,200,1.000653701821963,0.0028380634183045057,0.00167026102774826,0.0022385592310248236,0.0076747205130684,0.23666666666666666,3,channel_group,0.002357514853471789,0.0032786931727927095,0.9827535450955232,0.005446241721586629,42.40286880493164
count_random_n8,occlusion,linear,,1200,200,5.878774727567992,7.692868185070586,-4.468250513395956,-4.7153560499372436,5.477537341138845,0.6725,3,channel_group,4.500903899103232,9.961688420903993,4.446769003384058,0.8064106311976017,3.325617783961352
count_random_n8,occlusion,local_dynamics,17.0,1200,200,1.0656307515276422,0.2760674469603026,-6.872026228487761,-5.959145770938278,3.7286147624579904,0.7575,3,channel_group,0.2032598664326599,0.41175668917954034,0.4000528686124744,0.8214308351293828,2.6601726832054586
count_random_n8,occlusion,neural_flow,17.0,1200,200,1.0007181840141615,0.0031179140593642005,0.006338984658258809,0.0008021320296117219,0.012321465658003726,0.4791666666666667,3,channel_group,-0.000995716394202428,0.007437254793669049,0.9702129617333413,0.007226975704183614,37.074026323954264
count_random_n8,occlusion,observed_state_flow,17.0,1200,200,0.6477492287079804,-1.8859309546767598,-3.9808814121376406,-2.2254746901484763,1.0066662152234038,0.8083333333333333,3,channel_group,-3.153958353925072,-0.7326605738053037,0.39813887660119995,0.8222853404848138,11.306569547150284
count_random_n8,occlusion,tpatchgnn,17.0,1200,200,0.9998519961535931,-0.0006428201090475686,-0.0007422377854852148,-0.000849272235329699,0.003990248586150873,0.6125,3,channel_group,-0.0026119282768510233,0.0014017957011793624,0.9797212380170822,0.005354690859225332,40.925541416803995
count_random_n8,sweep_turn,cru,17.0,1200,200,0.8513573721051216,-0.698880989592021,0.5978560661239941,-1.2270713471591652,2.389236377986119,0.5991666666666666,3,trajectory,-5.9216372291029185,1.2899733847668746,0.17652960922879474,0.38122431829454345,1.820430475048682
count_random_n8,sweep_turn,harmonic,,1200,200,0.10822371600397063,-9.656775580738104,-7.313422730440382,-14.759257623656165,-6.504385330187346,0.9908333333333333,3,trajectory,-14.39453651362373,-7.654499899984937,0.0376949908600363,0.9333301683577399,0.5307249864935754
count_random_n8,sweep_turn,hold,,1200,200,0.08971520910313903,-10.471339263019983,-8.61983315480673,-14.529856280307822,-6.520732418848621,0.9933333333333333,3,trajectory,-14.19172094019519,-9.144168197013006,0.01668012374337342,0.9211572462006007,0.19262026893739553
count_random_n8,sweep_turn,kalman,,1200,200,0.08588185245397952,-10.660985964916732,-8.121066650745407,-16.40012880056301,-7.992711519996056,0.9916666666666667,3,trajectory,-15.721326278799596,-8.42760393223515,0.0341233025828114,0.9494604256756914,0.4008720070535007
count_random_n8,sweep_turn,latent_ode,17.0,1200,200,0.7689395779619614,-1.1410778502127985,-0.33225704978976267,-1.1064956751614283,0.8266897996356012,0.5525,3,trajectory,-4.172421110692088,-0.16117704379732772,0.2657131014547,0.317025814487871,4.41330392648466
count_random_n8,sweep_turn,linear,,1200,200,0.09068985897206096,-10.424412734548563,-7.874700195505132,-16.117922565984472,-7.90997236326269,0.9916666666666667,3,trajectory,-15.388013394690468,-8.203027940789223,0.036957925979246846,0.9486143247759901,0.44793147362409097
count_random_n8,sweep_turn,local_dynamics,17.0,1200,200,0.08359852935182056,-10.778013625132205,-8.816654349354518,-14.719189296295887,-7.23911356476548,0.9933333333333333,3,trajectory,-14.665105030398681,-9.293588944018683,0.016423494024955545,0.9275556418556758,0.17205988342537842
count_random_n8,sweep_turn,neural_flow,17.0,1200,200,0.9615762477119764,-0.17016272894396983,0.04385953630037438,-0.08895433815000146,0.38396590051654794,0.555,3,trajectory,-0.7018277732605515,0.08663279046434545,0.5270302219937245,0.08114724637689846,9.8206192668279
count_random_n8,sweep_turn,observed_state_flow,17.0,1200,200,0.07347714125992141,-11.33847748925741,-9.302516039091001,-14.847370620730214,-8.156730935863305,0.9941666666666666,3,trajectory,-15.066776938185146,-9.624537547122433,0.019168380604223736,0.9356367566726598,0.3124004570814153
count_random_n8,sweep_turn,tpatchgnn,17.0,1200,200,1.0376164693137009,0.16036856363704197,0.17410621149443434,0.16272854866531866,0.37945389723093065,0.15916666666666668,3,trajectory,0.13593842972896206,0.177712155866761,0.6930953148504099,0.007803649411793335,12.639276768366496
count_random_n8,uturn,cru,17.0,1200,200,0.8587890947113435,-0.661134790666664,-0.9220394110022566,-0.07955809339276837,1.2328377328503133,0.5216666666666666,3,trajectory,-4.388949479312215,1.1015933943926783,0.25132922281200687,0.270500069001432,3.8745884985631953
count_random_n8,uturn,harmonic,,1200,200,0.17360045564731985,-7.604491392697977,-6.90827578053745,-12.441726132854278,-4.825225764178331,0.9725,3,trajectory,-8.46166355950076,-6.592693097115799,0.0831158202155044,0.9052229392272421,0.7125515362287842
count_random_n8,uturn,hold,,1200,200,0.13111870235663442,-8.823353575014822,-8.773900805857656,-12.77105424578953,-4.668982971746211,0.9908333333333333,3,trajectory,-9.383021983415283,-7.890660859944706,0.034023215166819935,0.8889991992480161,0.2793513777025631
count_random_n8,uturn,kalman,,1200,200,0.1551506591066451,-8.092463751183526,-7.533009795362168,-13.61574462478745,-4.609459623506001,0.9766666666666667,3,trajectory,-9.095738205666153,-7.359846725611162,0.07654062335963767,0.913152529397048,0.6430471645238139
count_random_n8,uturn,latent_ode,17.0,1200,200,0.7152043447891872,-1.4556985591203024,-1.5553738138498627,-0.1348674969462457,0.30924003658793137,0.5783333333333334,3,trajectory,-6.416092850236311,0.2648081311672248,0.3061389253831779,0.3289115664302517,5.481967332335189
count_random_n8,uturn,linear,,1200,200,0.16726547952461257,-7.7659368007112,-7.06213378116866,-13.377487129027427,-4.711860503699129,0.9725,3,trajectory,-8.711844054065654,-6.720701270552286,0.08492138501815433,0.9127216390085717,0.7022406617487695
count_random_n8,uturn,local_dynamics,17.0,1200,200,0.12022011781610971,-9.20022850757177,-9.126961923007674,-13.208101340138889,-4.9217354919130685,0.9916666666666667,3,trajectory,-10.103797306630717,-8.100298352163874,0.035854288583495826,0.9010788044154955,0.28791230658745764
count_random_n8,uturn,neural_flow,17.0,1200,200,0.8818842705339194,-0.5458840349200799,-0.5945979039216803,0.19254424736698766,0.34785270794054884,0.4266666666666667,3,trajectory,-2.1630218311303655,0.32054583878623,0.46491334977249305,0.18167221649299942,8.24496431350708
count_random_n8,uturn,observed_state_flow,17.0,1200,200,0.11489922000775546,-9.39682919505601,-9.423707229518373,-13.18737872081396,-5.0616512295207645,0.9925,3,trajectory,-10.59632062946904,-8.040226306070922,0.039647557052855165,0.9004139651669538,0.5323714834310037
count_random_n8,uturn,tpatchgnn,17.0,1200,200,1.0252082974215349,0.10812112445686883,0.0801704989805503,0.21704301864933484,0.3211309336079669,0.3358333333333333,3,trajectory,-0.21685450794190628,0.2971425773145471,0.6422793891529243,0.018267440586831326,11.5206978170077
main,climb_descent,cru,17.0,3600,600,0.6857072465194183,-1.638612609083061,-2.6426951244409707,-6.070984818407213,2.574535945070827,0.6280555555555556,3,trajectory,-8.22459266410913,1.717356787507399,0.1462836004835036,0.5080741489678858,1.9215475006567106
main,climb_descent,cru,29.0,3600,600,0.6756490134458161,-1.7027885303685497,-2.543715771339427,-4.742967091946271,2.162161137346593,0.6519444444444444,3,trajectory,-7.685676794596191,1.4855956197468811,0.15217543600385802,0.498806436227639,1.9855935967237586
main,climb_descent,cru,43.0,3600,600,0.6253059998713434,-2.03907404201923,-2.814329111903959,-5.292170751452091,1.8154009289533246,0.6936111111111111,3,trajectory,-7.970704076490369,1.0613817867788673,0.1599819360114634,0.5083111571600208,2.2532263559558325
main,climb_descent,harmonic,,3600,600,0.26199345164401167,-5.81709563452819,-4.472389338375952,-13.909703675867386,-4.591498781349322,0.9697222222222223,3,trajectory,-11.100926193135852,-3.5592809081027372,0.12302506176621436,0.905071714286589,0.5665797304375441
main,climb_descent,hold,,3600,600,0.06918103038498274,-11.600129738744219,-10.511791681601313,-14.970302418503026,-7.857478076958696,1.0,3,trajectory,-15.553911643374839,-9.895612391400718,0.015657228327565616,0.9371741442879041,0.18142299048646793
main,climb_descent,kalman,,3600,600,0.07409362597822308,-11.302191512858721,-10.201090538057972,-16.056570259440612,-7.38211708847932,0.9938888888888889,3,trajectory,-13.829961762751836,-9.696734890256536,0.040577209234929246,0.9536116687539551,0.44137406531324813
main,climb_descent,latent_ode,17.0,3600,600,0.6007221647703813,-2.2132634364798065,-2.7560752345576462,-3.9024962987236727,0.7741857124043661,0.6638888888888889,3,trajectory,-6.491975242121434,0.521960934670128,0.2653342583656518,0.45916624265960965,4.680337833681746
main,climb_descent,latent_ode,29.0,3600,600,0.5995638799688054,-2.221645386035095,-2.76301036039213,-3.981019195826657,0.6906468511793384,0.5894444444444444,3,trajectory,-6.558479866320267,0.5441017389754677,0.2605226301308721,0.46285303775444947,4.610728265429433
main,climb_descent,latent_ode,43.0,3600,600,0.6078439037212067,-2.162079346357373,-2.7478880841185287,-4.1407595861910504,0.9172273013086064,0.6966666666666667,3,trajectory,-6.3261330385846914,0.5733070024255792,0.24707730577637751,0.4593415226569209,4.359075703246312
main,climb_descent,linear,,3600,600,0.05879529857048,-12.306573998852476,-11.118450480846601,-16.255112953975093,-8.858544108592005,0.9977777777777778,3,trajectory,-14.576866817199933,-10.575705169324216,0.03134178440164957,0.9639529877404371,0.45576892846298706
main,climb_descent,local_dynamics,17.0,3600,600,0.05670962207393632,-12.463432469434306,-11.349988729510416,-15.429363355002597,-8.518562937387482,1.0,3,trajectory,-16.548227013407686,-10.73007021803247,0.015886208767456538,0.9495769797596667,0.18661463532149153
main,climb_descent,local_dynamics,29.0,3600,600,0.055968052199257476,-12.520598071514083,-11.403839438892444,-15.477292193313032,-8.55454403563337,1.0,3,trajectory,-16.62362261910031,-10.786219455858825,0.016080497698399542,0.9504006366100576,0.1879000266238341
main,climb_descent,local_dynamics,43.0,3600,600,0.056301236192391774,-12.494820693468721,-11.379928820257296,-15.533556737048134,-8.531139667616875,1.0,3,trajectory,-16.551874521840688,-10.761575115290718,0.01589908773593071,0.9500035141574011,0.18449716042952788
main,climb_descent,neural_flow,17.0,3600,600,0.7507528548708392,-1.2450300764407338,-1.5454040547573846,-0.9302218160229259,0.5913251415628508,0.5775,3,trajectory,-2.814475913047284,0.41615521384943854,0.3624257099773321,0.3024201068260815,6.381250486175219
main,climb_descent,neural_flow,29.0,3600,600,0.8212662152118153,-0.855160425676357,-1.0280082723267225,-0.8396243142866557,0.8341383397429953,0.5586111111111111,3,trajectory,-2.6409814345558265,0.5343776544980152,0.3981662759143445,0.2541949538142039,6.887153569857279
main,climb_descent,neural_flow,43.0,3600,600,0.8784204318788317,-0.5629757117604914,-0.7116090599387527,-0.7907205701968969,0.7769722923506477,0.575,3,trajectory,-1.6907178061084114,0.5980201953639679,0.48048996512674624,0.19752072491789116,7.924378804299566
main,climb_descent,observed_state_flow,17.0,3600,600,0.04987131052568046,-13.02149219177001,-12.022911738589093,-15.311167579473347,-9.211576870676074,1.0,3,trajectory,-16.248741861357594,-11.454508019453783,0.020752433569216164,0.9561887113998334,0.47301891649246625
main,climb_descent,observed_state_flow,29.0,3600,600,0.04997750516949757,-13.01225427244452,-12.032094450369076,-15.348052811700004,-9.261574282834959,1.0,3,trajectory,-16.158038793705423,-11.475681346882743,0.02120657461518522,0.9564318007479111,0.47805878640958427
main,climb_descent,observed_state_flow,43.0,3600,600,0.049650981338899176,-13.040721633648339,-12.055855914764972,-15.326193721230867,-9.229093668574668,1.0,3,trajectory,-16.23879203629821,-11.50068282090441,0.021080680070614668,0.9565123149007558,0.4808768421237255
main,climb_descent,tpatchgnn,17.0,3600,600,0.9795981740620401,-0.08952033056836922,-0.16776296791000683,-0.1814591712093952,0.4661346528125297,0.5794444444444444,3,trajectory,-0.41909578757137445,0.3607607830612103,0.664713013784753,0.06205565372245064,11.783295812606811
main,climb_descent,tpatchgnn,29.0,3600,600,0.09757993842423374,-10.106394602760577,-9.936585017712146,-11.03193125729301,-8.11024492232559,1.0,3,trajectory,-10.625210371739389,-9.737733800948439,0.05359901517810709,0.9272816656198767,1.6072242496607618
main,climb_descent,tpatchgnn,43.0,3600,600,0.053317279613628525,-12.73132017527675,-11.974835761353905,-14.476743589852898,-9.90515973256117,1.0,3,trajectory,-13.938718907692953,-11.675228235575126,0.022383187134659595,0.9541499707268344,0.5821482102408805
main,cruise,cru,17.0,3600,600,0.28989225330607343,-5.3776338999642395,-4.731246222089524,-5.901681209471751,-2.515102924127232,0.9955555555555555,3,trajectory,-6.453997358934877,-4.892016979058625,0.10227530562137768,0.722152390724255,1.2571782070370683
main,cruise,cru,29.0,3600,600,0.29710227065150524,-5.270940290187839,-4.841515132565838,-6.579822445464352,-1.9291580805998845,0.9952777777777778,3,trajectory,-5.641857506899316,-4.846093873273504,0.10823865788678325,0.7153328258937431,1.5465321789930795
main,cruise,cru,43.0,3600,600,0.31189910581438907,-5.059858703227963,-4.715408114596532,-5.453287689299145,-2.033726913185328,1.0,3,trajectory,-5.979454245738944,-4.301952767553365,0.11244415536471122,0.6987025221809745,1.6378086381443022
main,cruise,harmonic,,3600,600,0.24528954260132094,-6.10320966621786,-5.708423355464113,-17.576718511488657,-5.724829623575881,0.9672222222222222,3,trajectory,-9.018100979102869,-4.111078208274513,0.12257689180272184,0.9211527090204051,0.5943448221360328
main,cruise,hold,,3600,600,0.05787464642109419,-12.375116492411486,-11.597613966235459,-17.995731563227746,-7.125304231183271,1.0,3,trajectory,-14.032538438271146,-11.3583255058204,0.007831978071145438,0.944587678561608,0.0931705221456588
main,cruise,kalman,,3600,600,0.038006685733950336,-14.201400001736156,-12.998105551141672,-20.075763441597392,-9.953060778155447,0.9994444444444445,3,trajectory,-16.78521568891557,-12.905382782267944,0.02122661059327781,0.9738294743001461,0.3860507841358789
main,cruise,latent_ode,17.0,3600,600,0.3712024952605781,-4.303891130720935,-4.007061776345301,-4.395812110446519,-1.2489191029773146,0.9947222222222222,3,trajectory,-4.695598365654856,-4.079068764205354,0.14735058860749833,0.6391319917344178,2.633759794402415
main,cruise,latent_ode,29.0,3600,600,0.3175453182982488,-4.981942858605856,-4.543046968063925,-5.662685999024044,-1.7861228122710302,0.9947222222222222,3,trajectory,-5.8750624919761,-4.498575572944576,0.10765104248809315,0.6920735050748206,1.8664334137800365
main,cruise,latent_ode,43.0,3600,600,0.3431709775276896,-4.644894481908805,-4.372850671975117,-5.556186351848005,-1.3790318436802715,0.995,3,trajectory,-4.823806663961056,-4.343643220229422,0.12565356174302802,0.6649112242444729,2.1740607331062267
main,cruise,linear,,3600,600,0.03980294726440555,-14.000847687987267,-12.845393147637502,-19.844786851696995,-9.733450151793296,0.9997222222222222,3,trajectory,-16.52281077796428,-12.64204853641202,0.022723489385142636,0.9734099478688505,0.4357007297335998
main,cruise,local_dynamics,17.0,3600,600,0.041124815143504904,-13.85896041196041,-12.883363208413193,-19.08555230582108,-9.22610800910428,1.0,3,trajectory,-15.952912659282601,-12.834912260041449,0.009296042854410949,0.9615667975942294,0.08600747660173305
main,cruise,local_dynamics,29.0,3600,600,0.04192324438617809,-13.775451152301548,-12.82328792280584,-18.95632346226543,-9.167064848726874,1.0,3,trajectory,-15.813903866094885,-12.748771952406099,0.009030231055045636,0.9606679527461529,0.08216685368459818
main,cruise,local_dynamics,43.0,3600,600,0.04115329708450084,-13.855953646256246,-12.88616786141281,-19.108554399605346,-9.231091444150218,1.0,3,trajectory,-15.936222329092534,-12.826712031328203,0.009190503605125997,0.9615041191213661,0.08488142129383097
main,cruise,neural_flow,17.0,3600,600,0.690186128185855,-1.6103377369257377,-1.1822923445962101,-1.5749896741339153,0.08520138018414028,0.8341666666666666,3,trajectory,-2.0361706407716795,-1.1697086765117097,0.3256431474867794,0.3364902429173098,5.882472468713919
main,cruise,neural_flow,29.0,3600,600,0.7842295783923732,-1.055567816604739,-0.6707958444693018,-0.6446588059059084,0.1912596652691655,0.8280555555555555,3,trajectory,-1.5971208541969864,-0.6566022194035038,0.41735975134703845,0.2511194071458451,7.750054578648673
main,cruise,neural_flow,43.0,3600,600,0.7984277376118634,-0.9776438394197141,-0.6555372046331336,-0.4718548855672172,0.20937510931736675,0.8447222222222223,3,trajectory,-1.2655016077968508,-0.6424002942576295,0.43820675420264404,0.2277901574500096,7.986729729440477
main,cruise,observed_state_flow,17.0,3600,600,0.035936370964639794,-14.444657822523268,-13.5707565079224,-19.07329036072121,-9.627638683297647,1.0,3,trajectory,-16.068300008963195,-13.635538175163703,0.013978440326413322,0.9671415818399853,0.4375048884235326
main,cruise,observed_state_flow,29.0,3600,600,0.03583189243647207,-14.457302542672297,-13.587217275756254,-19.158830309996326,-9.582567926722232,1.0,3,trajectory,-16.076837461932282,-13.653877538346448,0.014388207870734781,0.9674628141687976,0.43383794177627555
main,cruise,observed_state_flow,43.0,3600,600,0.036156151155009815,-14.418178066564531,-13.556429263793884,-19.15624532530627,-9.535573645197505,1.0,3,trajectory,-15.9974202366083,-13.637866973602815,0.01479042915742962,0.9673838749859068,0.4494306197350407
main,cruise,tpatchgnn,17.0,3600,600,0.9722216638591554,-0.12234705839482027,-0.10219072234186671,-0.16288174174595557,0.029759290035768434,0.7758333333333334,3,trajectory,-0.1427410555775395,-0.08746933543307696,0.8287178462081485,0.05111653707078197,19.584594257142808
main,cruise,tpatchgnn,29.0,3600,600,0.07040637840413382,-11.523879945477,-11.022790143673225,-13.382747611947192,-8.275503877826083,1.0,3,trajectory,-12.431458331071664,-10.834963929169739,0.02918964598961687,0.9363014796541796,0.9037935514910027
main,cruise,tpatchgnn,43.0,3600,600,0.04584974071204968,-13.386631159949296,-12.632027460717897,-16.470184165093443,-9.525962208861042,1.0,3,trajectory,-14.931540793300424,-12.59079602980956,0.012140900071794379,0.9558888323936198,0.3291406663473688
main,highspeed,cru,17.0,3600,600,0.5510488821421232,-2.5880987428258195,-2.0974829761268676,-4.054345742963569,0.5121525971612506,0.7752777777777777,3,trajectory,-6.490026812986142,-0.47550540303875166,0.19202126213452883,0.5205565002685378,2.69421481945404
main,highspeed,cru,29.0,3600,600,0.5757513289246708,-2.3976505094256697,-2.1145307218426583,-2.6984597774642554,0.4434078028693435,0.7975,3,trajectory,-7.149482283900492,-0.24812051629767798,0.18515051167665256,0.48828242734065647,2.780082806024212
main,highspeed,cru,43.0,3600,600,0.5848655873216275,-2.3294393116872514,-2.048830784104881,-3.025673833019529,0.929598930185784,0.805,3,trajectory,-7.455627709926986,-0.08948301780654305,0.17701197834271523,0.499799134525992,2.6400285866012845
main,highspeed,harmonic,,3600,600,1.0144107708074384,0.06213851812699452,1.2722858817189056,-11.300917440526128,0.5173863406620054,0.8869444444444444,3,trajectory,-2.8623164915229333,2.5205527475650675,0.6293084170019286,0.8447014714502105,1.4322536176874938
main,highspeed,hold,,3600,600,0.160499123375246,-7.945273353110284,-6.558648376927093,-12.514544782611694,-3.960127064041603,0.9647222222222223,3,trajectory,-9.178159182277492,-6.808044266442435,0.022259351502980234,0.8782509379221932,0.37034604023798895
main,highspeed,kalman,,3600,600,0.27578403108810257,-5.594308846833826,-3.8350947434826255,-14.06048967587779,-2.7501630843068994,0.9433333333333334,3,trajectory,-8.535953438309136,-3.448124875008054,0.11918425480790926,0.9049747507110543,0.8848816089089693
main,highspeed,latent_ode,17.0,3600,600,0.6120350652767552,-2.132236951421091,-1.853924063000387,-2.353500262451944,0.16388123970483737,0.8436111111111111,3,trajectory,-5.302217636785954,-0.49573402447918863,0.2556869768465145,0.4255256849243347,4.60019962385258
main,highspeed,latent_ode,29.0,3600,600,0.5869445015427966,-2.3140296146651527,-1.9990025125711326,-2.750845591619127,0.14338719426302676,0.8508333333333333,3,trajectory,-5.6266830965056815,-0.5983461210850091,0.25253844717569235,0.44978893319195784,4.293780032041379
main,highspeed,latent_ode,43.0,3600,600,0.5982471365098738,-2.2311937144571936,-1.9962329791413571,-2.5036980502792243,0.1993040918341784,0.8313888888888888,3,trajectory,-5.629225178779503,-0.4985493485283851,0.24150625033614537,0.43808919881055297,4.350856100397391
main,highspeed,linear,,3600,600,0.31186281708265695,-5.060364024100744,-3.33551312049621,-13.609649772644794,-2.2911637456929115,0.9308333333333333,3,trajectory,-7.999303615868767,-2.838479101456387,0.1370219749427002,0.8987570470785631,0.9900784023947118
main,highspeed,local_dynamics,17.0,3600,600,0.15111170725542655,-8.207018877491931,-6.674746810580292,-13.095925872991302,-4.427283976015468,0.9683333333333334,3,trajectory,-9.630775175500668,-7.029681488846043,0.02648974226267956,0.8889950918084297,0.33836988854799477
main,highspeed,local_dynamics,29.0,3600,600,0.15163812510503705,-8.191915939473333,-6.668961751900481,-13.05665242110198,-4.403992413570983,0.9680555555555556,3,trajectory,-9.60359206815998,-7.017155915757664,0.026310106979485128,0.8881807051495111,0.34249257998693894
main,highspeed,local_dynamics,43.0,3600,600,0.15106603616420114,-8.208331661340818,-6.6744069644698945,-13.095958078595347,-4.453495207905427,0.9683333333333334,3,trajectory,-9.637011974504855,-7.028137764361614,0.02657917749328383,0.8892942567821607,0.3384528950626938
main,highspeed,neural_flow,17.0,3600,600,0.9744934715165032,-0.11221066032101289,-0.11952079177516067,-0.021880651955854754,0.17028619064049488,0.5797222222222222,3,trajectory,-0.4603888229051975,0.08393837600132067,0.7052369217574597,0.050523798266709365,13.576836255656348
main,highspeed,neural_flow,29.0,3600,600,0.8623603715085321,-0.6431120905738825,-0.7141530067220119,-0.12838870431689017,0.29890510136096893,0.6108333333333333,3,trajectory,-2.3448774765427967,0.19693972586356856,0.5058369036867387,0.17172336486315812,9.024530232021222
main,highspeed,neural_flow,43.0,3600,600,0.8539042234565649,-0.685908383940711,-0.818121281420388,-0.1485697001463875,0.45029367886870597,0.59,3,trajectory,-2.9469975696842647,0.2443105923496414,0.47370126495241294,0.18950432578144236,8.954885690835678
main,highspeed,observed_state_flow,17.0,3600,600,0.1281572555851946,-8.922568013298104,-7.467596132544495,-12.77084059658964,-5.429609534593077,0.9736111111111111,3,trajectory,-10.399506299993202,-7.778907241120013,0.03387930436374715,0.8950710515075591,0.6757261747236306
main,highspeed,observed_state_flow,29.0,3600,600,0.12833290506521328,-8.916619745212266,-7.467987147722457,-12.779744018821223,-5.409272390718359,0.9736111111111111,3,trajectory,-10.391428807549524,-7.7855947607985225,0.03416697890959156,0.8950587067328595,0.673997401030566
main,highspeed,observed_state_flow,43.0,3600,600,0.12813388491268088,-8.923360062068848,-7.482718349558829,-12.78306959960366,-5.384497360783729,0.9738888888888889,3,trajectory,-10.374413337537561,-7.787092316743349,0.033964752437192706,0.8945091362303061,0.670532833147754
main,highspeed,tpatchgnn,17.0,3600,600,0.9783084431787332,-0.09524198329526803,-0.10061758357668585,0.006027245963428883,0.18454455132539066,0.49,3,trajectory,-0.4627507541123872,0.13428568129168805,0.6976394568052556,0.047962225625533594,13.328089969423083
main,highspeed,tpatchgnn,29.0,3600,600,0.1659390695941531,-7.8005134928902455,-6.737463965920981,-9.76546812532931,-4.816795191465067,0.9761111111111112,3,trajectory,-8.467760952698356,-7.161822057522747,0.07332251348649148,0.8621888572489899,1.8710055769617773
main,highspeed,tpatchgnn,43.0,3600,600,0.12547798289115433,-9.014324713759677,-7.590975810241195,-11.815378091130144,-5.696852842217273,0.9794444444444445,3,trajectory,-9.478371514971588,-8.27368441773505,0.04201264608353889,0.8906860860656782,0.9443285026856756
main,occlusion,cru,17.0,3600,600,1.0113906246920428,0.049189235269158416,0.03942428774310208,0.018644671792936898,0.08316848272577541,0.16083333333333333,3,channel_group,0.01960293761742147,0.10050057192704509,0.8639313690695498,0.0033753559613838493,23.21502670288086
main,occlusion,cru,29.0,3600,600,1.005322883874178,0.023055683871903602,0.022638484067927237,0.015959367650273715,0.04162908389835397,0.20027777777777778,3,channel_group,0.009627327768361747,0.03405212929811024,0.9056540032227834,0.0033814039245368224,26.308261017534466
main,occlusion,cru,43.0,3600,600,1.0124829232692718,0.053877070546405136,0.053548584067297754,0.03469039264220643,0.08885485534849646,0.08416666666666667,3,channel_group,0.03417282122782097,0.07566845091497064,0.871792612199982,0.002263098356760739,23.27006627811326
main,occlusion,harmonic,,3600,600,3.5460296212349527,5.497423590948925,-3.4597532077286512,-4.789282233884404,7.0275246096826205,0.6847222222222222,3,channel_group,3.7253694891979916,6.419273920223389,2.2811346552300447,0.8251208763663535,3.829291934899229
main,occlusion,hold,,3600,600,1.4378288002611468,1.577071784473236,-6.898873212118641,-6.525721569514585,4.240669391909687,0.7752777777777777,3,channel_group,-0.06741936490673545,2.8270426633160635,0.6223894502305605,0.8407158906629127,2.101489635797958
main,occlusion,kalman,,3600,600,4.855335484026032,6.8621924327132655,-4.630608367390012,-5.97060247061391,5.036090726282934,0.7072222222222222,3,channel_group,3.9179577066214515,8.796718646561263,3.600256169478461,0.8368184254745978,3.10962210041316
main,occlusion,latent_ode,17.0,3600,600,1.0006520122951932,0.00283073068400024,0.0018373668599069928,0.002319539804491064,0.007314647357478804,0.23527777777777778,3,channel_group,0.0023423736559712734,0.003456297016483897,0.983388512780269,0.005915068705175611,42.70722371048397
main,occlusion,latent_ode,29.0,3600,600,1.0003064210216204,0.0013305657420412465,-0.0007306616984940927,0.0008073083121229881,0.006337591130447944,0.3861111111111111,3,channel_group,-0.0014108822034982755,0.0035187496530025633,0.9816121378872129,0.004446882079207355,41.76724394162496
main,occlusion,latent_ode,43.0,3600,600,1.0002582732670837,0.0011215217238694387,0.0008479335394346061,0.0007734038632845433,0.004752288920604305,0.3425,3,channel_group,0.0001463633666187823,0.0021656540131140692,0.984311665031645,0.006492544654758567,43.23950937536028
main,occlusion,linear,,3600,600,5.60573955066182,7.4863291605394995,-4.501182508067977,-5.611372122243742,5.330357314959679,0.6908333333333333,3,channel_group,3.9317258062406433,9.877298128918563,4.2942153898992705,0.8293039902253239,3.4073607557624848
main,occlusion,local_dynamics,17.0,3600,600,1.1556810418249128,0.628379890247714,-7.032238344020899,-6.32113020750766,3.5348479783176456,0.7838888888888889,3,channel_group,-0.3596687789576591,1.3080954399655589,0.47111896398170455,0.8375529157440663,2.6025813778357323
main,occlusion,local_dynamics,29.0,3600,600,1.1542901410966038,0.623149863235702,-7.053745112574666,-6.415095716904695,3.4919028753984525,0.7844444444444445,3,channel_group,-0.31248844783468444,1.3656049590417951,0.4720449051275581,0.8385872836333712,2.6397545970455853
main,occlusion,local_dynamics,43.0,3600,600,1.202089704629713,0.7993687762682211,-7.026907922829983,-6.377047131024974,3.7976946686229875,0.7822222222222223,3,channel_group,-0.2343776582481286,1.7910591445140256,0.4908146855285021,0.8402067613957398,2.532945566232552
main,occlusion,neural_flow,17.0,3600,600,1.0006996452973949,0.003037458471574192,0.005902396904131825,0.0003983667812809074,0.01195754396640392,0.4891666666666667,3,channel_group,-0.0006704272774366358,0.007458616531616987,0.9714182135131624,0.007214805750170222,37.41425577163696
main,occlusion,neural_flow,29.0,3600,600,0.9997968210114373,-0.0008824847899343565,-0.0004564293523883495,-0.0009107638575420298,0.0019310262747653528,0.6858333333333333,3,channel_group,-0.002135874754176287,-0.0002175057487366925,0.990244868364599,0.006258779293098448,46.870976186858286
main,occlusion,neural_flow,43.0,3600,600,1.0005547430283492,0.002408550359353697,0.003372087139950951,0.0026786303515600224,0.005888119006982029,0.17277777777777778,3,channel_group,0.0015046235843946074,0.0032001553314901228,0.9905124784674909,0.010976621075369574,47.096188495953875
main,occlusion,observed_state_flow,17.0,3600,600,0.6593196181988524,-1.809040015371302,-3.980663840837049,-2.898802896466078,0.6380075153864222,0.8333333333333334,3,channel_group,-3.343979371001127,-0.5154386576592471,0.40807707222940126,0.8358768610012905,11.105242977305833
main,occlusion,observed_state_flow,29.0,3600,600,0.6577562964648759,-1.819349858772077,-4.322542815437427,-3.1941195944689222,0.7617318890677257,0.8291666666666667,3,channel_group,-3.523369710694602,-0.38228975392518916,0.38090975952523876,0.8350039174209167,9.388248987434459
main,occlusion,observed_state_flow,43.0,3600,600,0.6540428755186601,-1.8439378074176258,-3.8400735728414737,-2.8319917824072034,0.48993315538889554,0.8344444444444444,3,channel_group,-3.255800178605886,-0.6434339733284943,0.4206268326353812,0.8321923916922404,12.073353312352976
main,occlusion,tpatchgnn,17.0,3600,600,0.9998376482228438,-0.0007051420515427282,-0.0007647476228622803,-0.0008576868175701066,0.003774345628158013,0.6125,3,channel_group,-0.002769896996739558,0.0014285419193818664,0.9805469145708614,0.005268160567618024,41.246351274384395
main,occlusion,tpatchgnn,29.0,3600,600,1.0014873785773912,0.0064548039072048445,-0.019039968742558602,-0.010538528426831265,0.039066527992887304,0.6986111111111111,3,channel_group,-0.009923950161078401,0.01579877066411732,0.9177203959392177,0.007076227466201315,27.88405756675535
main,occlusion,tpatchgnn,43.0,3600,600,0.9954395043187672,-0.019851281417075334,-0.0558790970938291,-0.04347557324042464,0.028210240293834087,0.7866666666666666,3,channel_group,-0.03945936523332233,-0.004443513852557114,0.9307477672646443,0.04803229179965653,29.72606757054726
main,sweep_turn,cru,17.0,3600,600,0.8934250538423657,-0.4894187300484845,0.8581914546749224,-0.6464242698263539,2.608549647272507,0.5613888888888889,3,trajectory,-5.986227781798452,1.7032010285021248,0.17867248659849994,0.36804463559441575,1.7871105334689694
main,sweep_turn,cru,29.0,3600,600,0.8994876527744863,-0.4600479381783116,0.752078982373514,-0.6890385015456015,2.512513369938987,0.5413888888888889,3,trajectory,-5.813885944082672,1.530352123947415,0.203487734184083,0.34911210377971086,2.084358591775591
main,sweep_turn,cru,43.0,3600,600,0.9157889949240618,-0.3820457971252559,0.810438562796828,-0.5567525657829844,2.2511974151471814,0.5322222222222223,3,trajectory,-5.534963794395493,1.3252160280692447,0.16598036288283766,0.35021006077733874,1.7019955512491936
main,sweep_turn,harmonic,,3600,600,0.3328167479657613,-4.7779482731490495,-3.235855991191868,-14.671596874440688,-3.6270397326592234,0.9575,3,trajectory,-7.631693905963125,-2.3326178000145017,0.16740400836619504,0.9049037625130344,0.7715328441558005
main,sweep_turn,hold,,3600,600,0.08901424330048532,-10.505404956935138,-8.59900201651448,-14.958570876749365,-6.653935801094478,0.9936111111111111,3,trajectory,-14.689723440731692,-9.201733253821558,0.015097973564550308,0.9224621091353523,0.18413527731740942
main,sweep_turn,kalman,,3600,600,0.08360407743945564,-10.777725411462317,-8.009907331620528,-17.00180547774043,-8.264131767951724,0.9927777777777778,3,trajectory,-17.2347019738842,-8.336440711616683,0.033156632578121445,0.9543887761685383,0.42356657204860715
main,sweep_turn,latent_ode,17.0,3600,600,0.7912653868769606,-1.0167783164026398,-0.18756696989990157,-0.43059018918953385,0.8749144393265228,0.5322222222222223,3,trajectory,-4.204326198910731,0.19250085449659335,0.2655896099346379,0.3056568416241243,4.347699954334595
main,sweep_turn,latent_ode,29.0,3600,600,0.807981134350929,-0.9259877950133076,-0.19750402669830008,-0.28116828108266756,0.8497912647006709,0.5297222222222222,3,trajectory,-4.289672027480181,0.24402000280796216,0.2893589221965522,0.27510043768333353,5.037823744882917
main,sweep_turn,latent_ode,43.0,3600,600,0.8002638669229216,-0.9676679169063634,-0.10994432389251799,-0.30063202684697715,1.061573547712453,0.5233333333333333,3,trajectory,-4.7720428507218084,0.16585183212001275,0.24991446821432975,0.30859270996897203,4.103217659259616
main,sweep_turn,linear,,3600,600,0.0897681308266328,-10.468778177053874,-7.701918181046125,-16.79996887484885,-8.071303515836732,0.9925,3,trajectory,-17.06318915468014,-8.070577362834323,0.0360398221427759,0.9528405203894686,0.477496827618998
main,sweep_turn,local_dynamics,17.0,3600,600,0.08276173162231616,-10.821704311751141,-8.794742954479593,-15.22807402206644,-7.219175863571448,0.9936111111111111,3,trajectory,-15.202083065549633,-9.328831155765986,0.015143920227349304,0.9291005219317311,0.1605248397670422
main,sweep_turn,local_dynamics,29.0,3600,600,0.08689461253748855,-10.610071489572109,-8.668061384225858,-15.067343900303424,-6.790978354055467,0.9936111111111111,3,trajectory,-14.866029985060607,-9.249978514220036,0.015113193429013086,0.9246010853211434,0.1753674556242917
main,sweep_turn,local_dynamics,43.0,3600,600,0.08202467311465925,-10.860554916920833,-8.813411113480537,-15.280472427864357,-7.212654184062442,0.9936111111111111,3,trajectory,-15.283239205259992,-9.345657390659417,0.014841189335200653,0.9299787347361174,0.1583331959748764
main,sweep_turn,neural_flow,17.0,3600,600,0.9790275045898226,-0.09205107048962322,0.15839618446118667,0.02625453555850342,0.4454783146934295,0.47333333333333333,3,trajectory,-0.7169089499497359,0.3143425074657392,0.5067286674554149,0.07750669217982487,9.387596223387453
main,sweep_turn,neural_flow,29.0,3600,600,0.9855952338708771,-0.06301405330403526,0.12419916578647315,-0.017774034836080033,0.4102616407120554,0.5294444444444445,3,trajectory,-0.6146074441885131,0.3180300478459863,0.5372483042710358,0.06119003490611563,9.832850327359305
main,sweep_turn,neural_flow,43.0,3600,600,0.9531771209587654,-0.20826390539395928,0.06477560709306676,-0.018298457137375393,0.41592351782108034,0.5466666666666666,3,trajectory,-0.9938337699861616,0.24632659725056444,0.5040279476323889,0.09784151396689021,9.108059888912571
main,sweep_turn,observed_state_flow,17.0,3600,600,0.07272044024076621,-11.383435006117663,-9.252252566522635,-15.382688993323796,-8.15911575174025,0.9938888888888889,3,trajectory,-15.666933546077368,-9.626338335611859,0.01780304300991091,0.9374543649909336,0.31281334517454323
main,sweep_turn,observed_state_flow,29.0,3600,600,0.072988519093356,-11.367454479142303,-9.244457636953703,-15.38152322956448,-8.143648547114658,0.9938888888888889,3,trajectory,-15.698347522468357,-9.634034100462962,0.017587152637113582,0.9369005920826182,0.30558363970885893
main,sweep_turn,observed_state_flow,43.0,3600,600,0.07696404113370182,-11.13712136968285,-9.091748498918262,-15.24848318085875,-7.780981111430804,0.9938888888888889,3,trajectory,-15.37840667895633,-9.52133376308597,0.018670392699325175,0.9327319699029775,0.333806158302348
main,sweep_turn,tpatchgnn,17.0,3600,600,1.0392793199419976,0.16732285580850662,0.17976999105195868,0.17115652713732488,0.41420090450523084,0.15916666666666668,3,trajectory,0.12916123938136254,0.18997311426457936,0.6929762887954712,0.00731251989035376,12.639724072615305
main,sweep_turn,tpatchgnn,29.0,3600,600,0.19855182064076266,-7.021261262751848,-6.112924852205877,-8.115434226998005,-4.780890271343833,0.9927777777777778,3,trajectory,-8.20480110287902,-6.420399050190699,0.06686736259402495,0.8170736091174977,0.7668178954204793
main,sweep_turn,tpatchgnn,43.0,3600,600,0.10335913865128529,-9.85651118549383,-8.22931325000163,-12.937315363486654,-6.150180250820042,0.9936111111111111,3,trajectory,-13.015937418325969,-8.801401232056975,0.024809757587629218,0.9067365796107899,0.6292828626744591
main,uturn,cru,17.0,3600,600,0.8673325250587529,-0.6181436721663961,-0.8234830824621915,-0.004285994403543587,1.254500740146081,0.5025,3,trajectory,-4.276713256119903,1.1019411047312186,0.25617667700836644,0.2634930101045642,3.8917060745328977
main,uturn,cru,29.0,3600,600,0.8952566838098897,-0.48052427946981,-0.699682133573632,0.26219167739874855,1.6836471461701883,0.43,3,trajectory,-4.963929278601457,1.5490055300774221,0.2198405379941687,0.28823734458078765,3.176076911923236
main,uturn,cru,43.0,3600,600,0.8901202841910223,-0.5055130208465498,-0.7658819181626609,0.15889574595598385,1.6183527990541944,0.43444444444444447,3,trajectory,-5.263871618578416,1.53693992327793,0.220168604252653,0.28560849622068213,3.1170671254162317
main,uturn,harmonic,,3600,600,0.5885287091613969,-2.302323468795747,-1.0237444023210454,-12.050026227069928,-2.9441907664096774,0.9411111111111111,3,trajectory,-8.077264594521552,-0.8984740829620906,0.37303036250584837,0.8825035275966446,0.9632403279097819
main,uturn,hold,,3600,600,0.12388800030874535,-9.069707569982244,-9.0278334319971,-13.40538527812646,-4.706495749631317,0.9925,3,trajectory,-10.082596377277914,-8.009012969017727,0.033090287628228354,0.8958454551382198,0.28853059465281555
main,uturn,kalman,,3600,600,0.1390431179381469,-8.568505020565881,-7.868201830827198,-14.090160986684646,-5.320111816039693,0.9780555555555556,3,trajectory,-9.246398745468822,-7.8967880103317025,0.07045521888500134,0.9243354618906354,0.629733993022527
main,uturn,latent_ode,17.0,3600,600,0.7144809933586254,-1.4600931983208794,-1.5053207285792547,-0.12628604990316133,0.3105027629520748,0.575,3,trajectory,-6.752694388046628,0.2676519943023839,0.3082141039096233,0.3298233474943551,5.455724998931013
main,uturn,latent_ode,29.0,3600,600,0.7074367562847005,-1.5031237930085806,-1.5527757902937451,-0.2047055431671801,0.4171335963982317,0.5388888888888889,3,trajectory,-7.271506177198307,0.3154711064181392,0.27939772746836145,0.34616912653068604,4.8767150148306975
main,uturn,latent_ode,43.0,3600,600,0.7177552789925701,-1.4402360464279438,-1.5209996686145648,-0.3003567526883586,0.3479729382056188,0.5697222222222222,3,trajectory,-6.384280764343249,0.30145157961019664,0.31034840371407985,0.32920786242828676,5.476815627957177
main,uturn,linear,,3600,600,0.15151834867711134,-8.195347714738956,-7.329919605800285,-13.614978446262452,-5.379467527263717,0.9755555555555555,3,trajectory,-8.875430555347656,-7.192948807169141,0.0783873283965916,0.9229916716918038,0.6870268296397449
main,uturn,local_dynamics,17.0,3600,600,0.10948245881322587,-9.606554575441136,-9.49609710597369,-13.774273798090547,-5.413160680120452,0.9925,3,trajectory,-10.389074585259518,-8.501288963186145,0.03270062339865283,0.9101190770194969,0.29548387778158636
main,uturn,local_dynamics,29.0,3600,600,0.10996328544391061,-9.587522929387427,-9.4792819820557,-13.73217065223444,-5.3732949480705,0.9927777777777778,3,trajectory,-10.385336270880128,-8.499410252744266,0.03220286946328083,0.9091772696157244,0.2913287087613516
main,uturn,local_dynamics,43.0,3600,600,0.10953234814688481,-9.604576018558213,-9.492564721494919,-13.750072062041323,-5.430578598766817,0.9925,3,trajectory,-10.378911888673416,-8.50167454745701,0.032713857344893314,0.9102179872840902,0.2960333381272782
main,uturn,neural_flow,17.0,3600,600,0.8962855140699281,-0.4755362266693066,-0.5158879978253151,0.24467743675462741,0.5710958632565066,0.42083333333333334,3,trajectory,-2.333241310777071,0.46768889935753116,0.4084806849165923,0.18027842846951747,7.2645382931166225
main,uturn,neural_flow,29.0,3600,600,1.0373336760865317,0.1591847709650892,0.13103187425284646,0.25767392332219147,0.39630710144601833,0.33111111111111113,3,trajectory,-0.16789898251009971,0.3737021958454918,0.6229835281438297,0.016399134885541254,11.034284409681955
main,uturn,neural_flow,43.0,3600,600,1.0427627131342887,0.1818549337321518,0.1563709992229123,0.2730714201379806,0.45628834807849916,0.29944444444444446,3,trajectory,-0.1671427206551191,0.4300343060025516,0.6184251612921556,0.016966320738249278,11.038140494558546
main,uturn,observed_state_flow,17.0,3600,600,0.10447393580652914,-9.809920439766884,-9.834250054355406,-13.69297267330609,-5.487240834802054,0.9936111111111111,3,trajectory,-10.773589773434706,-8.364122385012946,0.03723533281053172,0.9102418991711198,0.5378112843608607
main,uturn,observed_state_flow,29.0,3600,600,0.10436267857452142,-9.8145478281822,-9.845462353272808,-13.564182304902571,-5.467519573673081,0.9936111111111111,3,trajectory,-10.829586973033072,-8.349043632204996,0.03722928836771033,0.9109600274755051,0.5292444164633606
main,uturn,observed_state_flow,43.0,3600,600,0.10413059592320978,-9.8242164620202,-9.852591139651489,-13.632204180992325,-5.495436363793563,0.9936111111111111,3,trajectory,-10.819669597422187,-8.356483388997747,0.03718152467755413,0.9108414644383851,0.5329487137813844
main,uturn,tpatchgnn,17.0,3600,600,1.0257967759999964,0.11061329777881054,0.08947253139411303,0.2209547614522011,0.32412237586138976,0.3363888888888889,3,trajectory,-0.21414439898020374,0.2986964025990297,0.6412815912895733,0.018050246633064593,11.496484252081977
main,uturn,tpatchgnn,29.0,3600,600,0.12943594334776407,-8.879451067429956,-8.751570679435915,-10.877972870779356,-5.801178198098687,0.9933333333333333,3,trajectory,-9.617956888930372,-7.941652078718188,0.05270664120448697,0.8870396082660752,1.0805457176011786
main,uturn,tpatchgnn,43.0,3600,600,0.10720534653622757,-9.697835550044486,-9.471950592153593,-12.408287110821956,-6.281598967520323,0.9936111111111111,3,trajectory,-10.39400084162326,-8.864446108134853,0.038355766844534685,0.9070593508141529,0.6811259271937969
offgrid,climb_descent,cru,17.0,288,72,0.7229324982682657,-1.4090225180394722,-2.2276946989899207,-4.652189710258469,2.6025143560088444,0.5902777777777778,3,trajectory,-7.6440882246785655,1.7618238571993197,0.14862978746855834,0.48392422300773635,1.9374975443093314
offgrid,climb_descent,cru,29.0,288,72,0.7098530124122691,-1.488315703048375,-2.184485751319996,-4.077393650712821,2.1525780462372324,0.6319444444444444,3,trajectory,-7.380962278672141,1.5561791437069852,0.15438433134436813,0.47995253512993624,1.9606984126278095
offgrid,climb_descent,cru,43.0,288,72,0.6599970585795947,-1.8045799998161252,-2.405565234585815,-4.287482062677169,1.8616043223198597,0.6736111111111112,3,trajectory,-7.3576810936813475,1.0916007296078643,0.16269829297541738,0.48531562993404503,2.256899969704035
offgrid,climb_descent,harmonic,,288,72,0.30047772716271637,-5.221877144393549,-3.372156888313908,-11.103546987544117,-4.431605639380048,0.9791666666666666,3,trajectory,-9.653470094182367,-1.952767946786749,0.13443409180530982,0.8825793594846295,0.7076103048113711
offgrid,climb_descent,hold,,288,72,0.09945038546154841,-10.023935292464433,-8.972779224105816,-11.80925494364988,-6.024765162936646,1.0,3,trajectory,-13.128368240309907,-8.433288094259808,0.018267996025012154,0.9107503806137376,0.27039683300123823
offgrid,climb_descent,kalman,,288,72,0.11773140347415592,-9.291076787331082,-8.327143302643462,-13.984326914894663,-4.652787943658019,0.9965277777777778,3,trajectory,-11.702232680487565,-8.143297972738207,0.06733200705093617,0.9294074848294258,0.8099076905988719
offgrid,climb_descent,latent_ode,17.0,288,72,0.6352069123855068,-1.9708478451901397,-2.3785908755030243,-2.96875653868813,0.8175277287089868,0.6388888888888888,3,trajectory,-5.901772233329452,0.5626777893110559,0.2661940328544006,0.4303884782397063,4.641977103116612
offgrid,climb_descent,latent_ode,29.0,288,72,0.6346134851531436,-1.9749070364220342,-2.374432656653565,-3.3621071459356004,0.7446407891375418,0.5694444444444444,3,trajectory,-5.950167086410447,0.5759681353434889,0.26212114315583473,0.43301761834209174,4.603399204504159
offgrid,climb_descent,latent_ode,43.0,288,72,0.6418102260083995,-1.9259336754023513,-2.370843250495619,-3.2343107932996062,0.9765005824039386,0.6666666666666666,3,trajectory,-5.792935957148284,0.6092787815055078,0.2480756149420308,0.4312142178918255,4.377346246296333
offgrid,climb_descent,linear,,288,72,0.07756824282296289,-11.103160466495961,-10.0153012665963,-14.771366697148292,-6.622676313216253,1.0,3,trajectory,-12.523917733267824,-9.649999408664055,0.044594847479149546,0.9554441900302967,0.7224203540515899
offgrid,climb_descent,local_dynamics,17.0,288,72,0.07871430424509322,-11.039463389214818,-9.924861414234238,-13.565394045330459,-6.957978797087608,1.0,3,trajectory,-14.386831633413493,-9.320096637295581,0.018451106668685952,0.9312991609589921,0.29865895729057634
offgrid,climb_descent,local_dynamics,29.0,288,72,0.07692434977535509,-11.139361660609236,-10.017622874913013,-13.700648714805276,-7.06637762691289,1.0,3,trajectory,-14.502507360611396,-9.405912773081479,0.018927335279335593,0.9332828105737766,0.304605646426555
offgrid,climb_descent,local_dynamics,43.0,288,72,0.07709154943384214,-11.129932255209438,-10.013105967912153,-13.543622229875554,-7.0841266123272675,1.0,3,trajectory,-14.435827227456121,-9.408931290366505,0.018474577186275837,0.932920396534933,0.2989286402096493
offgrid,climb_descent,neural_flow,17.0,288,72,0.7785887236499952,-1.0869189048691232,-1.335898784668964,-0.1948192044005928,0.5947602179002945,0.5347222222222222,3,trajectory,-2.4290088484535386,0.42590668109013047,0.37412456464436317,0.2792282310341534,6.5697309577630625
offgrid,climb_descent,neural_flow,29.0,288,72,0.8438650872558355,-0.737269805588945,-0.8623322608682877,-0.3908983066763386,0.97193909964447,0.5416666666666666,3,trajectory,-2.3684881036946273,0.5243385822065715,0.40637194520483416,0.23742718294382018,7.051535110506746
offgrid,climb_descent,neural_flow,43.0,288,72,0.885460664000776,-0.5283072728797418,-0.6365292476841109,-0.5473503414954222,0.799834767047479,0.5555555555555556,3,trajectory,-1.6865721093769035,0.5837690471756808,0.479596258710242,0.19129406295148024,7.912581585347652
offgrid,climb_descent,observed_state_flow,17.0,288,72,0.0656044552098238,-11.830666666099809,-10.892421596213362,-13.435032450950015,-8.082170779554124,1.0,3,trajectory,-13.86763164459066,-10.369508108314493,0.026927665140343934,0.9456598375820451,0.7978772446521261
offgrid,climb_descent,observed_state_flow,29.0,288,72,0.06569188197883902,-11.824882960357732,-10.894893421862047,-13.453036133749169,-8.192182266134454,1.0,3,trajectory,-13.844555250893302,-10.37370370844667,0.027386739639243544,0.9459017341335615,0.8061534102857372
offgrid,climb_descent,observed_state_flow,43.0,288,72,0.06544884661586059,-11.84098002478862,-10.89953968056596,-13.49387573329956,-8.21819463222096,1.0,3,trajectory,-13.913882520424378,-10.367934256390006,0.027466046308897256,0.9459013597418865,0.8114600309967904
offgrid,climb_descent,tpatchgnn,17.0,288,72,0.9835787560376856,-0.07190860001683773,-0.14075973833331445,-0.12779216851246364,0.4620635895977544,0.5625,3,trajectory,-0.4060272598343133,0.3647205808217899,0.6663977772825294,0.059270538716949234,11.81458650363816
offgrid,climb_descent,tpatchgnn,29.0,288,72,0.1110260307323187,-9.545751862760568,-9.34165381297271,-10.34159326473575,-7.164232459970553,1.0,3,trajectory,-10.096102733320343,-9.145445063309502,0.06062419394988355,0.9204276117185751,1.8328558125843604
offgrid,climb_descent,tpatchgnn,43.0,288,72,0.0640800844137427,-11.932769248202215,-11.144661599798747,-13.76126791845084,-8.23388376667147,1.0,3,trajectory,-12.780771288944434,-10.87499756056456,0.027354509767772223,0.9478186253044341,0.7782094553937592
offgrid,cruise,cru,17.0,288,72,0.31650903137374875,-4.996138931669332,-4.370686296221618,-5.30213891481174,-2.2106310656433545,1.0,3,trajectory,-6.271781026541773,-4.367738423546587,0.10218563162682884,0.6970602638450347,1.3205515882934076
offgrid,cruise,cru,29.0,288,72,0.3323713783174753,-4.783763819215426,-4.326191659186522,-5.325433018029944,-1.8206462605922709,0.9965277777777778,3,trajectory,-5.566946865661767,-4.013063786504519,0.10922675530309785,0.6825000544001038,1.587557095167641
offgrid,cruise,cru,43.0,288,72,0.33641084980788744,-4.731300059308754,-4.356224844194183,-4.852562903337114,-1.853419447827363,1.0,3,trajectory,-6.007943343611263,-3.6686259032645934,0.11069161674175926,0.6755397307893468,1.6596706583772578
offgrid,cruise,harmonic,,288,72,0.2348780551694492,-6.291575577818763,-5.936679330721607,-13.246044826740501,-4.8758071567328285,0.9756944444444444,3,trajectory,-9.402517291201228,-3.7801618356563793,0.11342543298289653,0.9046673600613657,0.741185414384947
offgrid,cruise,hold,,288,72,0.0903139653547542,-10.442450890269324,-9.792878508428903,-11.792368090445411,-6.783815717736219,1.0,3,trajectory,-11.9966026089085,-9.309323239406877,0.009578258873590182,0.9128000237461593,0.15582322724973585
offgrid,cruise,kalman,,288,72,0.05156503766213261,-12.876446607136675,-11.861917835441842,-16.025588319643305,-9.065365423177228,1.0,3,trajectory,-14.802972785266476,-11.600078970190562,0.029722262516669467,0.9653642763280206,0.6328536080529577
offgrid,cruise,latent_ode,17.0,288,72,0.4071246875036094,-3.902725617780318,-3.550095658370187,-3.7030105079941906,-1.2291997972871382,0.9965277777777778,3,trajectory,-4.762485183955272,-3.2559233938777723,0.14144310362947482,0.6031042675410087,2.4872317033360662
offgrid,cruise,latent_ode,29.0,288,72,0.3581733295836279,-4.459067558568683,-4.006064258005898,-4.37225045864578,-1.7097607840339142,0.9965277777777778,3,trajectory,-5.7876033431006215,-3.7382958665622663,0.10560816196246173,0.6516997687803168,1.8089534749645584
offgrid,cruise,latent_ode,43.0,288,72,0.3807336046593264,-4.193787893951831,-3.876145628418584,-4.579171212573586,-1.343016324655841,0.9965277777777778,3,trajectory,-4.801638341919635,-3.5326830673514453,0.12284720565852086,0.6274968924958052,2.108874300132609
offgrid,cruise,linear,,288,72,0.057842566890839255,-12.37752442515199,-11.376924998679831,-15.528958222303292,-8.488762393214872,1.0,3,trajectory,-13.995305885384239,-11.290904369358344,0.033958484111887274,0.9629457679887613,0.7079535395282114
offgrid,cruise,local_dynamics,17.0,288,72,0.06046353051770989,-12.18506497588339,-11.390730471978303,-14.05081371922794,-8.517924351622142,1.0,3,trajectory,-14.026805052253229,-11.039482182079707,0.011030838305007064,0.942863948436247,0.13470529365359749
offgrid,cruise,local_dynamics,29.0,288,72,0.06229850831479977,-12.055223520311515,-11.28053372712433,-13.865641493028662,-8.35748080069353,1.0,3,trajectory,-13.849819608448088,-10.908588275987569,0.010734213239579175,0.9409366810901297,0.12860384335868322
offgrid,cruise,local_dynamics,43.0,288,72,0.06047848371549152,-12.183991057715641,-11.39812370205915,-14.057281894035532,-8.530679378964722,1.0,3,trajectory,-13.997323590598072,-11.035700062772873,0.010951936803015342,0.942853387652172,0.13440559942460414
offgrid,cruise,neural_flow,17.0,288,72,0.724654033780098,-1.398692859547811,-0.954913523969348,-1.1822546898310695,0.13845861936341294,0.7951388888888888,3,trajectory,-2.013631508255138,-0.9747628276003312,0.3299184868681348,0.3087034665025183,6.002796939677662
offgrid,cruise,neural_flow,29.0,288,72,0.7994638607423339,-0.9720116348112637,-0.5593966392886056,-0.6334022083299455,0.25914638239378207,0.7986111111111112,3,trajectory,-1.6000071351631584,-0.5533937596726825,0.423011949001294,0.24185329733639568,7.860921723975076
offgrid,cruise,neural_flow,43.0,288,72,0.8096488359280758,-0.9170330419198885,-0.5918782948024519,-0.526455079308648,0.36968793870698824,0.8194444444444444,3,trajectory,-1.2668195632010852,-0.6039160299356632,0.43561112233955,0.22255177183483787,7.960895635187626
offgrid,cruise,observed_state_flow,17.0,288,72,0.052570170962654685,-12.792606106167884,-12.114516648861606,-14.122886391009253,-9.286405723757076,1.0,3,trajectory,-14.127792115104398,-11.915207316956561,0.019821896820657305,0.9530981245140234,0.7552338470898879
offgrid,cruise,observed_state_flow,29.0,288,72,0.0523106343077112,-12.81410013777408,-12.137710338233356,-14.186243503392728,-9.320613343978039,1.0,3,trajectory,-14.160995480183837,-11.933412709584513,0.020065500067580067,0.9534375280555751,0.7458961366485002
offgrid,cruise,observed_state_flow,43.0,288,72,0.05265243842192523,-12.78581511113548,-12.112660910077334,-14.17477862883896,-9.365143915688972,1.0,3,trajectory,-14.100757662570516,-11.935414920594647,0.02070984479524259,0.9535297157449855,0.7735530403652875
offgrid,cruise,tpatchgnn,17.0,288,72,0.9733211636129353,-0.11743833348767949,-0.09721362485840529,-0.15311353812375722,0.02628002768663932,0.7743055555555556,3,trajectory,-0.14065346859980346,-0.07592114190975123,0.8338723743541373,0.050285372933103596,19.85453377167384
offgrid,cruise,tpatchgnn,29.0,288,72,0.0824855637296827,-10.836220531609195,-10.376840465928009,-11.511562495640183,-8.385476996107183,1.0,3,trajectory,-11.851125258984556,-10.03233085181423,0.03469882274253496,0.9278970431122515,1.1836919948691502
offgrid,cruise,tpatchgnn,43.0,288,72,0.05305416338119858,-12.752805295282792,-12.025732109978204,-14.08036096244862,-9.428715305695496,1.0,3,trajectory,-14.466865105753472,-11.871335891515951,0.01284288347718146,0.9483691385636727,0.409157332327191
offgrid,highspeed,cru,17.0,288,72,0.5854806740664773,-2.3248743583467233,-1.7964042264604865,-3.639016957382892,0.6869434262504284,0.7638888888888888,3,trajectory,-5.789179913832897,-0.3813084528905095,0.19469289403382894,0.5086853153194776,2.6909248289565664
offgrid,highspeed,cru,29.0,288,72,0.6135483301348157,-2.1215122155286847,-1.7747438057137257,-2.675471117462031,0.765734126625486,0.7604166666666666,3,trajectory,-6.15939642851264,-0.17422750349560476,0.18464818466842792,0.4727159958927132,2.699914137894262
offgrid,highspeed,cru,43.0,288,72,0.6135138203907344,-2.121756496414114,-1.7670712535876167,-2.953951708850399,1.1850657959945325,0.7986111111111112,3,trajectory,-6.45571210226866,-0.024612309388301785,0.17806055757682768,0.4897023967143244,2.599400817258154
offgrid,highspeed,harmonic,,288,72,0.9800262960334294,-0.0876227117587306,3.60950860349904,-8.185700770893416,1.0552305371009423,0.875,3,trajectory,-4.903011890685759,2.9974285669834337,0.6023142710119929,0.808788065537783,1.682960625395127
offgrid,highspeed,hold,,288,72,0.24533674138683637,-6.102374074125301,-4.672062857126511,-9.482517120780763,-2.054196089513554,0.9583333333333334,3,trajectory,-6.614607724157729,-5.417534219179543,0.028757019753053656,0.8033100579330797,0.650422465236463
offgrid,highspeed,kalman,,288,72,0.37160772849913176,-4.299152623597109,-2.3288439288256186,-10.417544179142954,-0.10771558827497404,0.9097222222222222,3,trajectory,-6.058452656730513,-2.946400788903939,0.17514522443943606,0.8545542831642605,1.422281263890707
offgrid,highspeed,latent_ode,17.0,288,72,0.63970752650251,-1.9401853954462445,-1.6259580344956979,-2.2418827630310814,0.4545555263369019,0.7916666666666666,3,trajectory,-4.894978655148433,-0.3946005650913303,0.2402300219465461,0.4170312120237831,4.229837868640768
offgrid,highspeed,latent_ode,29.0,288,72,0.6197293224071877,-2.0779795478082623,-1.7234616961593197,-2.6518189231450133,0.5052857084238537,0.8020833333333334,3,trajectory,-5.138669640754494,-0.49513504477649173,0.23897975053276038,0.43618202312928783,3.9121327490502154
offgrid,highspeed,latent_ode,43.0,288,72,0.6281555369237645,-2.0193280775295337,-1.744099491118141,-2.2211678121297234,0.4644628148476296,0.7881944444444444,3,trajectory,-5.113265244359452,-0.4223094523109791,0.22860321425186056,0.42232867785529987,3.9967718975115836
offgrid,highspeed,linear,,288,72,0.43178561287120626,-3.647318324852074,-1.671193714411716,-10.427116520432504,0.6136734702291703,0.8819444444444444,3,trajectory,-5.5033333298796006,-2.2062255811380966,0.2047542063915494,0.8431207959855619,1.5575515049720505
offgrid,highspeed,local_dynamics,17.0,288,72,0.22326461903766257,-6.511800945468178,-4.939483904193709,-9.350977960654657,-2.387439733791433,0.9583333333333334,3,trajectory,-7.294105166710159,-5.821151139358793,0.036633485349916,0.8258388197155474,0.5996820535654277
offgrid,highspeed,local_dynamics,29.0,288,72,0.22454803078587954,-6.4869074920770675,-4.923167031115463,-9.390573606092786,-2.365801457547417,0.9583333333333334,3,trajectory,-7.2507678022158695,-5.798923765588837,0.03613672300496592,0.8240844955499887,0.6054628660522212
offgrid,highspeed,local_dynamics,43.0,288,72,0.22290287716972065,-6.518843257285161,-4.944798648571702,-9.319621739684921,-2.3973756874368175,0.9583333333333334,3,trajectory,-7.308138673408987,-5.832141407406275,0.037005405461614876,0.8266250622074741,0.6009127856973969
offgrid,highspeed,neural_flow,17.0,288,72,0.9753736365172598,-0.10828987179772878,-0.12788850340126046,-0.022405589966685957,0.16574296348911127,0.5625,3,trajectory,-0.45476292639692173,0.09078493413215712,0.7022052906039689,0.04928372688715078,13.512713077995512
offgrid,highspeed,neural_flow,29.0,288,72,0.8705512965098023,-0.6020563335218128,-0.6761950875029611,-0.20418595382422125,0.30347641501728534,0.6284722222222222,3,trajectory,-2.197889041982349,0.19723060027268396,0.5087769485803114,0.16609996505592206,9.038264014984533
offgrid,highspeed,neural_flow,43.0,288,72,0.8694847560642908,-0.6073802770979687,-0.7304399103488606,-0.16041734990520568,0.5018514038637323,0.5729166666666666,3,trajectory,-2.6962490862881365,0.2824156901366763,0.47013621594912064,0.17929984860249226,8.882453699285785
offgrid,highspeed,observed_state_flow,17.0,288,72,0.18779918444549062,-7.263062980741262,-5.820854472413888,-9.462936872371174,-3.681090376941003,0.9791666666666666,3,trajectory,-8.12167217121676,-6.566815893062392,0.047796075484863296,0.8389182635178764,1.1502227885131207
offgrid,highspeed,observed_state_flow,29.0,288,72,0.18816273401908903,-7.25466385225674,-5.824748943707419,-9.417447606687507,-3.6889396120974163,0.9791666666666666,3,trajectory,-8.112595305339752,-6.561231980503164,0.04808774600127835,0.8389915115759423,1.1486514613093783
offgrid,highspeed,observed_state_flow,43.0,288,72,0.18789075274293685,-7.2609459367031235,-5.8284541256643685,-9.46479305361172,-3.7455984738787946,0.9791666666666666,3,trajectory,-8.098675821671504,-6.576735514721898,0.047584833811217475,0.8380101838669766,1.1380255543020514
offgrid,highspeed,tpatchgnn,17.0,288,72,0.9789582573705249,-0.09235826051955026,-0.11337142358102688,-0.00792012211032703,0.1865937500259502,0.5138888888888888,3,trajectory,-0.45755357190613694,0.1382210436608018,0.6964571059991916,0.046954975100120984,13.31291620598899
offgrid,highspeed,tpatchgnn,29.0,288,72,0.2197765079456278,-6.580187314522794,-5.420585699238755,-8.295984572522036,-3.5108391308063074,0.9861111111111112,3,trajectory,-7.384668618253336,-6.0385572277385915,0.0934730652807047,0.813373648015032,2.3696970444871113
offgrid,highspeed,tpatchgnn,43.0,288,72,0.16187992722714423,-7.908069995167991,-6.36503470937688,-10.32162064202913,-4.001255728402581,0.9930555555555556,3,trajectory,-8.43656489906246,-7.476679011807937,0.05193110310695673,0.8552015139074582,1.3093055690486735
offgrid,occlusion,cru,17.0,864,216,1.0167628761242937,0.0721968094809862,0.04336251152286803,0.0181337796792932,0.11403682895557493,0.1597222222222222,3,channel_group,0.025360044484952965,0.15831897857136293,0.8556355033759717,0.0035623136262661593,23.535536498935134
offgrid,occlusion,cru,29.0,864,216,1.0075466882575441,0.03265179858132742,0.02396028959854144,0.015576353090576835,0.06462693666305332,0.20833333333333334,3,channel_group,0.01673313313355769,0.04960752802874325,0.9004703840861717,0.003917870134544481,26.7336970380059
offgrid,occlusion,cru,43.0,864,216,1.0158413167077083,0.06825872652116313,0.05259515242443522,0.03472326259283559,0.14321341940303933,0.07523148148148148,3,channel_group,0.04212309834062118,0.10236468653630372,0.8645261916918335,0.0022151742450680655,23.66355470319589
offgrid,occlusion,harmonic,,864,216,6.473369459318982,8.111303945298378,-1.6950343489096333,-1.5732685930182593,10.554643843941623,0.5972222222222222,3,channel_group,5.863025860637138,8.997462755258377,4.555946229485723,0.8158254267586421,5.7349162415363635
offgrid,occlusion,hold,,864,216,2.0613124615924283,3.1414382878061557,-4.405466303855089,-4.368280867316853,6.653144405217026,0.6909722222222222,3,channel_group,2.784822702761854,3.6149625122551408,0.9260023339777237,0.8239111578171745,3.64969355315447
offgrid,occlusion,kalman,,864,216,7.606706176767249,8.81196641143528,-2.525289056058562,-2.4889907621156246,9.573301263335985,0.6087962962962963,3,channel_group,5.891009831248133,10.106469469342716,5.739952360185338,0.8304529060152601,4.332097096845785
offgrid,occlusion,latent_ode,17.0,864,216,1.0005930862217038,0.0025749772174907433,0.001205803808859107,0.0018866772159219568,0.007665262793603652,0.2326388888888889,3,channel_group,0.0024039091326552926,0.002769260665220606,0.9827635116461251,0.005559561054290781,43.70410734415054
offgrid,occlusion,latent_ode,29.0,864,216,1.0003139260052532,0.0013631493652494049,-0.0005907516643915702,0.0006841122583121622,0.006778642599744613,0.37037037037037035,3,channel_group,-0.0014181983648325685,0.003243928674277496,0.9809442770287946,0.00442729386477194,42.8299276166492
offgrid,occlusion,latent_ode,43.0,864,216,1.0002885016578216,0.001252766076261613,0.0015192977831406747,0.0010272925728169488,0.004856080226333876,0.25462962962962965,3,channel_group,0.00018405432277855083,0.002208021336352813,0.9841885468750088,0.007155753504135868,44.60338328282038
offgrid,occlusion,linear,,864,216,8.62154224779375,9.355849606966348,-2.401174851918382,-2.026178226202584,10.764891435616994,0.5972222222222222,3,channel_group,6.076626000099717,10.645783219447953,6.6083300370026805,0.8204830364082698,4.911769937235308
offgrid,occlusion,local_dynamics,17.0,864,216,1.7038558876161847,2.3143285929229624,-4.51281806687671,-4.341682337888159,5.725753636362133,0.6886574074074074,3,channel_group,1.8888109994106164,2.8644556824303673,0.7462232093862609,0.8263290764125822,4.895153835285681
offgrid,occlusion,local_dynamics,29.0,864,216,1.7165906446634498,2.3466674131129266,-4.509216459263571,-4.382380935263693,5.840110926363392,0.6886574074074074,3,channel_group,1.8882404587188686,2.912271859682034,0.7505698314764602,0.8256642707864457,4.841811182733013
offgrid,occlusion,local_dynamics,43.0,864,216,1.7646550324605885,2.4665981899208353,-4.512506827919425,-4.467517621662319,6.06987653229975,0.6967592592592593,3,channel_group,2.033474744721071,2.890326768423712,0.7711418854589317,0.8261950451156331,4.514549635909606
offgrid,occlusion,neural_flow,17.0,864,216,1.0006647816410772,0.0028861507601402915,0.005448041277185709,2.433274128487163e-05,0.012179648743313098,0.4988425925925926,3,channel_group,0.00043274419227997166,0.006268338168971648,0.9700990964969,0.007420064833350184,38.043232059037244
offgrid,occlusion,neural_flow,29.0,864,216,0.9998106161063468,-0.0008225616921761136,-0.000616670607510524,-0.0007602079909944676,0.0014953819979943044,0.7118055555555556,3,channel_group,-0.0015296815797418634,-0.0003823301103297648,0.9907934566338857,0.006480365512646814,48.41439466123228
offgrid,occlusion,neural_flow,43.0,864,216,1.0004698623799615,0.0020401071414378018,0.003279302040940589,0.0023097083777011782,0.0055892206484192,0.16666666666666666,3,channel_group,0.001644342878421171,0.0025568770246887046,0.9910345402442746,0.012222693944328952,48.62816815243827
offgrid,occlusion,observed_state_flow,17.0,864,216,0.8329450347362716,-0.7938365633430776,-1.5433551714579117,-0.40318464577992846,0.49967334687886367,0.7905092592592593,3,channel_group,-1.2314315128176863,-0.26327161647263975,0.6644524045927769,0.8171022528549656,19.251376044108635
offgrid,occlusion,observed_state_flow,29.0,864,216,0.814083293897393,-0.8933115748259984,-1.8300644464858422,-0.6288805448760517,0.6772508029461362,0.7870370370370371,3,channel_group,-1.3707340636163607,-0.2731729336863503,0.6126830850716268,0.8131899656167392,16.22058151478241
offgrid,occlusion,observed_state_flow,43.0,864,216,0.8299970266183394,-0.8092346343785478,-1.437178866221847,-0.307485262190504,0.33954453303099286,0.7962962962962963,3,channel_group,-1.1674569124398542,-0.3954580105456806,0.6868132035822243,0.8099243854236126,20.841890799459414
offgrid,occlusion,tpatchgnn,17.0,864,216,0.9999813064242955,-8.118592658503898e-05,-0.00046036970664842106,-0.00038325868070525744,0.003698461511759084,0.5694444444444444,3,channel_group,-0.0011226047066740473,0.0009500827818722593,0.985881385979829,0.0054259862356523265,45.054411406870244
offgrid,occlusion,tpatchgnn,29.0,864,216,1.0021134648748018,0.009168975583656676,-0.01988503810825877,-0.009928643673270045,0.07975393925929447,0.6851851851851852,3,channel_group,-0.003290380196117612,0.01749075452682959,0.915240139596992,0.007646344844713559,28.58549583730874
offgrid,occlusion,tpatchgnn,43.0,864,216,0.9961038031097915,-0.01695401768296002,-0.04900933292380824,-0.037769865388515414,0.03896466020924796,0.7719907407407407,3,channel_group,-0.02470851445618184,-0.011897073565149945,0.9382978656363709,0.05881108007647354,31.754738713856096
offgrid,sweep_turn,cru,17.0,288,72,0.8751052029223906,-0.5793973406082545,0.7516928042749249,-0.7448411257092529,2.467535632345585,0.5763888888888888,3,trajectory,-6.045913683857952,1.5581019424848006,0.178024530565987,0.37097338888564635,1.8301533753724977
offgrid,sweep_turn,cru,29.0,288,72,0.8811829788092937,-0.5493390040074541,0.6304950655330605,-0.7921615537673358,2.261653206221734,0.5486111111111112,3,trajectory,-5.8096303480688105,1.374135373522107,0.2046895644420551,0.34992256778586905,2.150775610973748
offgrid,sweep_turn,cru,43.0,288,72,0.896726174849189,-0.47340153284817826,0.6953094361071567,-0.6843207756719698,2.127312763494939,0.5277777777777778,3,trajectory,-5.563901620102328,1.1652802268098685,0.16825211706519536,0.35194535517813264,1.7544022407825852
offgrid,sweep_turn,harmonic,,288,72,0.2511898837613747,-5.999978550426449,-4.267287840798646,-12.14759669768546,-3.8471326233505287,0.9618055555555556,3,trajectory,-7.547025418125996,-5.029070816477301,0.08967281743990593,0.887688442232704,0.9143431676479344
offgrid,sweep_turn,hold,,288,72,0.14188094074931237,-8.4807594057731,-6.096846471896761,-11.901552969190474,-5.0122818079943805,0.9791666666666666,3,trajectory,-12.948616153758461,-6.624310274033066,0.014944870358426114,0.882195234991539,0.2910860171929623
offgrid,sweep_turn,kalman,,288,72,0.14507434481553594,-8.384093821188682,-5.050348897509566,-14.142957709360235,-6.090645452506614,0.9791666666666666,3,trajectory,-15.520421950146488,-5.224729865158393,0.05121099921896323,0.9313414246896881,0.7013985359931717
offgrid,sweep_turn,latent_ode,17.0,288,72,0.7953494280680187,-0.9944202688944139,-0.15631395752881144,-0.5355932488419951,0.8704857804449919,0.5347222222222222,3,trajectory,-4.308457244285265,0.1885553423139465,0.25568166992161423,0.305435069412338,4.098406303484808
offgrid,sweep_turn,latent_ode,29.0,288,72,0.8036022753868666,-0.9495884222423479,-0.22736533241878737,-0.3196070726339295,0.8466736567855903,0.5381944444444444,3,trajectory,-4.366080619465072,0.24418025326397394,0.27964816846522605,0.2783194347995901,4.826560129870712
offgrid,sweep_turn,latent_ode,43.0,288,72,0.8009053727922341,-0.964187929068132,-0.10169193609485883,-0.25984548085607545,1.0530752451993683,0.5277777777777778,3,trajectory,-4.855822416334333,0.17240147447347226,0.24338984021192622,0.3092750458280054,3.9173620191997744
offgrid,sweep_turn,linear,,288,72,0.15659168646652685,-8.05231298584289,-4.704743131605294,-14.101150112195691,-5.431882184270739,0.9791666666666666,3,trajectory,-15.93751739444339,-4.914892475751874,0.05581115405422876,0.9291158845740028,0.767456416161925
offgrid,sweep_turn,local_dynamics,17.0,288,72,0.13176777326733216,-8.801907931071902,-6.27542566511752,-12.170939222885544,-5.711956334114174,0.9791666666666666,3,trajectory,-13.522533679997537,-6.727958226701612,0.015268518546539125,0.8932718474324967,0.24997449013209108
offgrid,sweep_turn,local_dynamics,29.0,288,72,0.1382097771183402,-8.59461233384745,-6.168865191362311,-11.925870682009949,-5.207162920321297,0.9791666666666666,3,trajectory,-13.145301493496325,-6.67060121276079,0.01504525478305313,0.8859568846011017,0.2754359100193382
offgrid,sweep_turn,local_dynamics,43.0,288,72,0.13069890850993535,-8.837280392755495,-6.2832790394148,-12.408669130306823,-5.766803321442578,0.9791666666666666,3,trajectory,-13.604421246273493,-6.733073420788465,0.01497363241770063,0.894801049164092,0.24806860799536581
offgrid,sweep_turn,neural_flow,17.0,288,72,0.9709612867898412,-0.12798085507771279,0.09915215029259405,-0.00010234575131011763,0.39758132839198906,0.5,3,trajectory,-0.7184767477677463,0.2369771341883169,0.512794950304346,0.07869248134936521,9.524816995693577
offgrid,sweep_turn,neural_flow,29.0,288,72,0.9873080319828458,-0.055473298839283654,0.13220923869058318,-0.008285490213939203,0.382281169283082,0.5138888888888888,3,trajectory,-0.6218670264984124,0.35312193232769806,0.5364732061409287,0.06351076453438702,9.849492511815495
offgrid,sweep_turn,neural_flow,43.0,288,72,0.9416433494124148,-0.2611355656091174,-0.004303240813277141,-0.029394674345797744,0.38317454983164123,0.5659722222222222,3,trajectory,-1.0436304780666712,0.15145578830904244,0.5096360119577084,0.10371403451543726,9.210972231709295
offgrid,sweep_turn,observed_state_flow,17.0,288,72,0.11345290629585882,-9.451843744190846,-6.780709568488151,-12.900210578245538,-6.795676728086549,0.9791666666666666,3,trajectory,-14.279002971796903,-7.0619847999028975,0.019765955950005114,0.9082868816276459,0.5093664371852102
offgrid,sweep_turn,observed_state_flow,29.0,288,72,0.1137309385356325,-9.441213769344055,-6.777673314386144,-12.915999257141706,-6.863160597297469,0.9791666666666666,3,trajectory,-14.3444394513809,-7.078515638042621,0.019297405110768877,0.907446355699095,0.4934027903832935
offgrid,sweep_turn,observed_state_flow,43.0,288,72,0.120375007196243,-9.194636739044721,-6.633416758899632,-12.551173533828543,-6.447463380751306,0.9791666666666666,3,trajectory,-13.904152345751818,-6.981692103050951,0.02082474107526696,0.9003850863518892,0.541551335875637
offgrid,sweep_turn,tpatchgnn,17.0,288,72,1.0377215364327033,0.1608082999106017,0.1694291887926058,0.15881212056492133,0.4057596565077006,0.1736111111111111,3,trajectory,0.12290623306276874,0.18360762962797872,0.6917315380026897,0.008256300929057594,12.613531470298767
offgrid,sweep_turn,tpatchgnn,29.0,288,72,0.25009378116940045,-6.018971072994538,-4.544876575679546,-7.606797960393987,-3.4723748303268964,0.9791666666666666,3,trajectory,-8.030124184612342,-5.10484827150478,0.06848461662108694,0.7756297554620283,0.9468384925858118
offgrid,sweep_turn,tpatchgnn,43.0,288,72,0.1639715219498612,-7.852315722814099,-5.730861216287247,-10.545526301982257,-4.721967911589476,0.9791666666666666,3,trajectory,-11.501351517323744,-6.2099642523673,0.03012262061788023,0.8596441101787301,0.9202829032163007
offgrid,uturn,cru,17.0,288,72,0.8755950388343384,-0.5769670783157814,-0.7671479371134683,0.04647639823118516,1.220824566252818,0.4791666666666667,3,trajectory,-4.0230517501897625,1.116578696031811,0.257366273797945,0.2584674195885428,3.8794741640126125
offgrid,uturn,cru,29.0,288,72,0.9076320052457353,-0.4209019826909394,-0.6321398543941206,0.22492363121255862,1.6622268924076253,0.4375,3,trajectory,-4.538671943990724,1.5763236593156522,0.21800802526478139,0.28071818961946426,3.123502947829871
offgrid,uturn,cru,43.0,288,72,0.9011436513262905,-0.45205972610829254,-0.7076261730208016,0.11253575159446833,1.6249591201776277,0.4409722222222222,3,trajectory,-4.786417509049114,1.5623351467439224,0.21877467618711913,0.2786908471154877,3.073272603046563
offgrid,uturn,harmonic,,288,72,0.45489270091957223,-3.4209103168133232,-2.3289946696926607,-9.906691777406675,-2.963921625450915,0.9583333333333334,3,trajectory,-7.973056541810889,-0.5577260000160151,0.2871564497221344,0.8824263475188572,1.1754252024762133
offgrid,uturn,hold,,288,72,0.18207187095418295,-7.397571449958752,-6.905186510858945,-9.742112532398538,-3.804916286713504,0.9895833333333334,3,trajectory,-7.606473789701926,-7.102824001427072,0.03574618363162088,0.8446881544659846,0.4034467046496704
offgrid,uturn,kalman,,288,72,0.22488853250317536,-6.480326895068613,-5.521463593618608,-10.072175675043653,-3.430553809061276,0.9652777777777778,3,trajectory,-7.448370936104006,-5.352344699511065,0.11680377454121699,0.8842685510300927,1.0226131186112373
offgrid,uturn,latent_ode,17.0,288,72,0.723336804839265,-1.4065943655926358,-1.4420784171734644,-0.15284933000284348,0.3310436529611503,0.5590277777777778,3,trajectory,-6.137388439286103,0.28823005370314636,0.3014706768962141,0.3214095939512036,5.297956173437544
offgrid,uturn,latent_ode,29.0,288,72,0.7174292312314113,-1.4422093222671895,-1.4748491701446709,-0.2254624025247412,0.42071635850139705,0.53125,3,trajectory,-6.439289145901039,0.3182871991182016,0.2741810823014627,0.3371095151823498,4.737632815829581
offgrid,uturn,latent_ode,43.0,288,72,0.7256262078881264,-1.3928703998372625,-1.4516157152595617,-0.23230455659416127,0.34799527101863575,0.5694444444444444,3,trajectory,-5.772482312697913,0.2907510043737369,0.30473228849263656,0.3206628590292111,5.338380184412624
offgrid,uturn,linear,,288,72,0.2526677137704812,-5.974502492836525,-5.007441107568592,-9.780547540942209,-2.985190328597787,0.9548611111111112,3,trajectory,-6.937883992516156,-4.850320959444887,0.13202700051088967,0.8789117415823663,1.109318736818548
offgrid,uturn,local_dynamics,17.0,288,72,0.160595658977349,-7.9426619820841635,-7.306497985516192,-10.03098538737568,-4.41870068381666,0.9895833333333334,3,trajectory,-8.12877318871642,-7.714053566380841,0.03647143275197267,0.8677138793928962,0.417293106888893
offgrid,uturn,local_dynamics,29.0,288,72,0.16181942975526903,-7.909693335958985,-7.280692685231011,-10.106296128372417,-4.314161322327529,0.9895833333333334,3,trajectory,-8.108222562035882,-7.712714383453784,0.035756452532723366,0.8658148433832038,0.40986383376144253
offgrid,uturn,local_dynamics,43.0,288,72,0.16105580216364812,-7.930236247575765,-7.290781759124087,-10.056280235007872,-4.425329653333319,0.9895833333333334,3,trajectory,-8.118694180030888,-7.689199160550713,0.03668948290565918,0.8675247379708,0.42047820042287437
offgrid,uturn,neural_flow,17.0,288,72,0.9088123930204246,-0.4152575933586552,-0.4172068492125246,0.22443895990536844,0.5736807070531454,0.4097222222222222,3,trajectory,-2.0014073316136396,0.4512157225740202,0.40496744924328393,0.1683993666435894,7.140209428966045
offgrid,uturn,neural_flow,29.0,288,72,1.0376565934469302,0.16053649999170774,0.13246496088428494,0.2577900415020875,0.40942672484907167,0.3298611111111111,3,trajectory,-0.15862197596097732,0.3753142480290075,0.6224218954642614,0.016106610742375568,10.998130122820536
offgrid,uturn,neural_flow,43.0,288,72,1.042672535404563,0.18147934124648432,0.15512528129233763,0.2691702907157396,0.469028737809423,0.2986111111111111,3,trajectory,-0.1536784835295345,0.42923692775229666,0.61907405530413,0.016534252741722467,11.02310879031817
offgrid,uturn,observed_state_flow,17.0,288,72,0.1542169357018489,-8.118679305782694,-7.720201867534988,-9.889982532446036,-4.631135626567969,0.9895833333333334,3,trajectory,-8.749799167026465,-7.448112270475661,0.04810645856868071,0.8656973457610648,0.8153945493767323
offgrid,uturn,observed_state_flow,29.0,288,72,0.15414801950595974,-8.120620507179368,-7.72002085577408,-9.986807631694674,-4.669326149224732,0.9895833333333334,3,trajectory,-8.872472953403854,-7.415624609461205,0.04786787845912634,0.8669809995141501,0.7977608268548566
offgrid,uturn,observed_state_flow,43.0,288,72,0.15339923932328423,-8.141767939627828,-7.732350886483477,-9.974602945004817,-4.7139831228161695,0.9895833333333334,3,trajectory,-8.84979065006865,-7.447182812337958,0.04800492966963546,0.8671300049043364,0.8103586691524671
offgrid,uturn,tpatchgnn,17.0,288,72,1.0257041377739773,0.11022107499079584,0.08833714137250714,0.22270089459527087,0.3271077520624807,0.34375,3,trajectory,-0.2071759475256815,0.3007979022419611,0.6399791900896363,0.018099698145021267,11.41927950249778
offgrid,uturn,tpatchgnn,29.0,288,72,0.16783866958899626,-7.751079716698666,-7.353896809400345,-9.238013724053665,-4.813183997009251,0.9895833333333334,3,trajectory,-8.02785097194353,-7.355301808607901,0.059615576445745874,0.8538323821784515,1.2987531493870645
offgrid,uturn,tpatchgnn,43.0,288,72,0.14155475495499553,-8.490755377009808,-8.026399818007459,-10.632631986486304,-5.004233764067459,0.9895833333333334,3,trajectory,-8.797149529440077,-8.164145880623332,0.04389260093416341,0.8771371181097088,0.8365227403846802
pattern_bursty_n16,climb_descent,cru,17.0,1200,200,0.7020464260938267,-1.536341671726481,-2.4542028053239187,-6.0240890610264275,2.5943735250651394,0.605,3,trajectory,-8.176824380104584,1.7144454362795882,0.15007572142096853,0.49707174704517154,1.9576822259277105
pattern_bursty_n16,climb_descent,harmonic,,1200,200,0.1165342300640016,-9.335464888492655,-7.9874760771162325,-13.417618351549333,-5.002269583929233,0.9941666666666666,3,trajectory,-13.933135797907362,-7.234929313895671,0.021075818261833728,0.9024630546445648,0.32019290885133767
pattern_bursty_n16,climb_descent,hold,,1200,200,0.06691904050566028,-11.744502946385808,-10.571179890445153,-15.23770117907289,-8.054780171927291,1.0,3,trajectory,-15.846767336733507,-9.848986403769738,0.0149624142756268,0.9388331426680088,0.17640242859409833
pattern_bursty_n16,climb_descent,kalman,,1200,200,0.07770267643000499,-11.095640218842375,-10.001405655734821,-15.83352171611767,-7.08007529306027,0.9983333333333333,3,trajectory,-14.461302744609599,-9.438067970146985,0.04215133817066084,0.9498606615016858,0.4619926488121685
pattern_bursty_n16,climb_descent,latent_ode,17.0,1200,200,0.6140596017303566,-2.117894734087392,-2.6163770400612743,-3.566058548217314,0.778437617452655,0.645,3,trajectory,-6.360423726542692,0.5279476882891397,0.2735623296846946,0.4475044135158184,4.806346293376992
pattern_bursty_n16,climb_descent,linear,,1200,200,0.062375966523419826,-12.049827118689825,-10.774300009877338,-16.07812785244003,-8.993637083326025,1.0,3,trajectory,-15.185641320410056,-10.124375092753183,0.03259046091954583,0.9606984799603621,0.45871232572042575
pattern_bursty_n16,climb_descent,local_dynamics,17.0,1200,200,0.05724406298213575,-12.422695491243497,-11.23759012376321,-15.52434343966912,-8.657051244848327,1.0,3,trajectory,-16.846142960864693,-10.50757278580965,0.016736374175670744,0.9489544883867105,0.18910845856759503
pattern_bursty_n16,climb_descent,neural_flow,17.0,1200,200,0.7624230870356162,-1.1780396124123824,-1.5022097889935517,-0.6249398229620858,0.6295005259481086,0.5675,3,trajectory,-2.4838383208418113,0.41313612296415286,0.36360550673678516,0.2900984330725775,6.3148788006107015
pattern_bursty_n16,climb_descent,observed_state_flow,17.0,1200,200,0.05096250559179069,-12.927492278874206,-11.887900597369242,-15.376085169817022,-9.106116665807066,1.0,3,trajectory,-16.46338839049642,-11.25543480784241,0.021697523410760623,0.9546196679274241,0.4580953123053526
pattern_bursty_n16,climb_descent,tpatchgnn,17.0,1200,200,0.9814043948551019,-0.08152001524202672,-0.1558596504457082,-0.1576069478081751,0.46773754742316875,0.5641666666666667,3,trajectory,-0.4272367069592547,0.36194901404167856,0.664133217483759,0.061391896501918335,11.760914940834045
pattern_bursty_n16,cruise,cru,17.0,1200,200,0.3008746967092156,-5.216143344986516,-4.541352732864975,-5.669753929332158,-2.380483028507578,0.9966666666666667,3,trajectory,-6.227036397643363,-4.64798369012012,0.10833577475665754,0.7107791238029798,1.3799574308081841
pattern_bursty_n16,cruise,harmonic,,1200,200,0.0707169816451399,-11.504762842341638,-10.430748096913414,-17.200751392141253,-6.887711335116321,1.0,3,trajectory,-13.917972893883295,-10.108678214825632,0.022544381824239536,0.943236160253485,0.3508434983542429
pattern_bursty_n16,cruise,hold,,1200,200,0.059511877467108766,-12.253963484960265,-11.507195998048482,-17.667301911615283,-7.124183109396147,1.0,3,trajectory,-13.955206376672177,-11.216855692496203,0.009163825980979964,0.9431185891727606,0.09464888466909613
pattern_bursty_n16,cruise,kalman,,1200,200,0.042679171433167795,-13.697840204916176,-12.458102613812683,-19.021075653967397,-9.441971830306997,1.0,3,trajectory,-16.314385000586075,-12.787531058827726,0.023207731980461735,0.9695043981571992,0.38781260270816953
pattern_bursty_n16,cruise,latent_ode,17.0,1200,200,0.38056579005904495,-4.195702540320162,-3.896542978738343,-4.2127990003959335,-1.084033636883104,0.995,3,trajectory,-4.515597081248134,-3.936661400839459,0.15496420825753981,0.6293518436451753,2.726308461568163
pattern_bursty_n16,cruise,linear,,1200,200,0.04632227464836125,-13.342101227914876,-12.113725308606504,-18.544656203005253,-9.223223275315904,1.0,3,trajectory,-15.817025389114672,-12.438149281356587,0.02628064981601099,0.9682875515520573,0.45696295522745156
pattern_bursty_n16,cruise,local_dynamics,17.0,1200,200,0.045203892059471354,-13.448241707819351,-12.434679829556963,-18.547182226573526,-8.8957074362166,1.0,3,trajectory,-15.742714366418525,-12.480590452372978,0.01195405532467698,0.9580470969279608,0.09807220979824095
pattern_bursty_n16,cruise,neural_flow,17.0,1200,200,0.7005740660180648,-1.5454594351520523,-1.0987590761162545,-1.3134113580141613,0.08525996268261246,0.8316666666666667,3,trajectory,-2.0459898150033218,-1.071366831690914,0.3343141668351988,0.3227944664704713,5.989039506713549
pattern_bursty_n16,cruise,observed_state_flow,17.0,1200,200,0.04094785594901618,-13.877688331926592,-12.92877755938995,-18.400343905088192,-9.066499972049142,1.0,3,trajectory,-15.750106912945931,-13.167476231083263,0.016863319213055804,0.9621176357070605,0.43294063662169113
pattern_bursty_n16,cruise,tpatchgnn,17.0,1200,200,0.9730867204070092,-0.11848454165382742,-0.10179918934944339,-0.15061927713901935,0.030267839040823228,0.7816666666666666,3,trajectory,-0.14206730448907418,-0.08016159121945707,0.8279648192226887,0.04858621062008595,19.543387106259665
pattern_bursty_n16,highspeed,cru,17.0,1200,200,0.5262105245764057,-2.788404699718137,-2.2205478188002257,-4.1848845096654665,0.3985990151681007,0.8208333333333333,3,trajectory,-6.228015981987757,-0.8300367125442056,0.1823742800485343,0.5417184892533496,2.4149955076089826
pattern_bursty_n16,highspeed,harmonic,,1200,200,0.3738447365205866,-4.273087295449377,-2.4562916583127468,-10.988158207159268,-1.3118551686394655,0.9275,3,trajectory,-7.074729174398935,-2.2969422914201774,0.1308080177773414,0.8556800500735698,1.0509070140201462
pattern_bursty_n16,highspeed,hold,,1200,200,0.16584589121473373,-7.802952835347465,-6.146230200660062,-12.683563458408205,-3.63170269392975,0.9616666666666667,3,trajectory,-9.36830163736963,-6.5391813050588485,0.021906579663279094,0.8765461413043037,0.3649525730385479
pattern_bursty_n16,highspeed,kalman,,1200,200,0.2937582684685064,-5.320099003807756,-3.254612849814133,-13.720647020548572,-2.750972381769795,0.9425,3,trajectory,-8.965159237735257,-3.1029189153719243,0.11911125856106987,0.8978669351974774,0.8816542626223478
pattern_bursty_n16,highspeed,latent_ode,17.0,1200,200,0.5964900355848173,-2.243968068581399,-1.9248222001336823,-2.4969299599931034,0.09339363191356026,0.8633333333333333,3,trajectory,-5.188390106861403,-0.7090041387924773,0.25099175843410193,0.43804238809150625,4.490198025212933
pattern_bursty_n16,highspeed,linear,,1200,200,0.3362219240897563,-4.733739708466977,-2.6892374099578498,-13.405125494605896,-2.2164432434798083,0.9266666666666666,3,trajectory,-8.53395933566448,-2.4492222627881532,0.14266779279480332,0.8922574638360826,1.0106898448016242
pattern_bursty_n16,highspeed,local_dynamics,17.0,1200,200,0.15657031199795404,-8.052905830045873,-6.284020025443363,-13.278442196534971,-4.099050690470029,0.9666666666666667,3,trajectory,-9.731959165487057,-6.732827166248048,0.02701718183415319,0.886791336139729,0.33092934463706114
pattern_bursty_n16,highspeed,neural_flow,17.0,1200,200,0.9717967996497949,-0.12424535502198436,-0.1423670436047681,-0.014992599791188891,0.15543862139771103,0.5575,3,trajectory,-0.4971478753174339,0.07629409526896219,0.7036804823080699,0.054391438455958646,13.525828713575999
pattern_bursty_n16,highspeed,observed_state_flow,17.0,1200,200,0.13338664976380335,-8.74887635367377,-7.0785783356573395,-12.790909918667133,-5.059762266584539,0.9725,3,trajectory,-10.462044787080595,-7.458418384807967,0.03433494096208349,0.8921643459379993,0.6677902253563904
pattern_bursty_n16,highspeed,tpatchgnn,17.0,1200,200,0.9758361792067687,-0.10623084421553472,-0.12454681180248178,0.004711788837616195,0.17807673371712435,0.48583333333333334,3,trajectory,-0.49103209031953077,0.1275245473198282,0.6964949496090412,0.051359272852875365,13.289859238465628
pattern_bursty_n16,occlusion,cru,17.0,1200,200,1.0114654156565666,0.0495103782724747,0.039583079264013346,0.018728439895092062,0.07768494214913617,0.14,3,channel_group,0.016581866756055212,0.10975638482088956,0.8673592006911834,0.0030317536711773124,23.66543234149615
pattern_bursty_n16,occlusion,harmonic,,1200,200,4.24302459599101,6.276755492948299,-4.501431389527907,-4.531098469961549,7.092724723620575,0.6916666666666667,3,channel_group,4.430375735672171,7.308647185497181,3.0316288456636054,0.8138613423602268,3.929172464941027
pattern_bursty_n16,occlusion,hold,,1200,200,1.2613173115432923,1.0082435645153218,-6.703047456482886,-6.094027942197097,4.29254122728801,0.75,3,channel_group,0.4904138097740734,1.4400073842441583,0.47331225513347214,0.827760904506237,2.1646058008242592
pattern_bursty_n16,occlusion,kalman,,1200,200,5.464117173100628,7.375200038296633,-4.329073640768758,-4.503456566186791,5.702883377901647,0.6691666666666667,3,channel_group,4.7223279450461275,9.404386429468943,4.071304061930714,0.799417717923352,3.385714318364089
pattern_bursty_n16,occlusion,latent_ode,17.0,1200,200,1.000627261598905,0.002723308486988325,0.0014703554043798447,0.0018835722547141656,0.007875546223401978,0.25666666666666665,3,channel_group,0.0024572120684848687,0.0030140377238552537,0.9824837577839692,0.004966203949534389,42.38983857472738
pattern_bursty_n16,occlusion,linear,,1200,200,6.692806514648061,8.256082699705868,-3.9311516063927217,-4.08068089462967,6.910839423448177,0.6466666666666666,3,channel_group,5.221434600808826,10.589853142026618,5.135024600974769,0.7961209723904782,3.527405415107011
pattern_bursty_n16,occlusion,local_dynamics,17.0,1200,200,1.1180048773867506,0.48443698199359253,-6.826017748394841,-5.91671808530927,3.676607460461097,0.7525,3,channel_group,0.34741498409678284,0.65013547178783,0.43675441504009843,0.8224218905710343,2.7837706702448
pattern_bursty_n16,occlusion,neural_flow,17.0,1200,200,1.0006833526988823,0.002966749510449767,0.006195186183293785,0.00046307490751895767,0.012117902487499896,0.48333333333333334,3,channel_group,-0.0014031122452934407,0.007209444649668352,0.9705154994130134,0.00725353476674319,37.33805860360464
pattern_bursty_n16,occlusion,observed_state_flow,17.0,1200,200,0.6526105003091894,-1.8534594282265706,-3.9793775500569484,-2.3257223475037243,1.0236860478507928,0.8075,3,channel_group,-3.1534839986098824,-0.7160037647516805,0.3975145601500602,0.8220229467655493,11.256216103984043
pattern_bursty_n16,occlusion,tpatchgnn,17.0,1200,200,0.9998685175677141,-0.0005710584909922273,-0.0008189665857101056,-0.0008349027259052305,0.004070575816369618,0.62,3,channel_group,-0.002538724027847403,0.001660196903865055,0.9794273839890957,0.005224110213954747,41.00810764312744
pattern_bursty_n16,sweep_turn,cru,17.0,1200,200,0.8511867192635933,-0.6997516112460596,0.5965610867157275,-1.218135661665603,2.392741863831593,0.6,3,trajectory,-5.920698771287398,1.2899209364068267,0.1768144255348791,0.38118041749413245,1.8289205606347727
pattern_bursty_n16,sweep_turn,harmonic,,1200,200,0.1244490272220112,-9.05008493782297,-6.79240168898564,-13.791076270739502,-5.362757865668046,0.9891666666666666,3,trajectory,-13.815561068315736,-7.176060299875915,0.03281008826718482,0.9151186699637522,0.5505047527623295
pattern_bursty_n16,sweep_turn,hold,,1200,200,0.08971520962781138,-10.47133923762158,-8.619833087197243,-14.529856280883306,-6.5207316328163625,0.9933333333333333,3,trajectory,-14.191720990050161,-9.144168173226738,0.016680123852242965,0.9211572419501317,0.19262025454669887
pattern_bursty_n16,sweep_turn,kalman,,1200,200,0.08788276070781037,-10.560963088141557,-8.060765902479515,-16.194853238103132,-7.770049560955066,0.9916666666666667,3,trajectory,-15.455144181204929,-8.38452436034365,0.035110311445547826,0.9476734100452935,0.41128022963059874
pattern_bursty_n16,sweep_turn,latent_ode,17.0,1200,200,0.7726610581452648,-1.1201097549769785,-0.30098411434257083,-1.0680952522995497,0.8619244717600852,0.55,3,trajectory,-4.219596654224574,-0.12295823285815136,0.25996036069778106,0.31751422202175206,4.268956529528756
pattern_bursty_n16,sweep_turn,linear,,1200,200,0.09468199956099847,-10.237325789100641,-7.731607517476614,-15.825600600897086,-7.448491210747014,0.9916666666666667,3,trajectory,-15.196283413137394,-8.080446513386173,0.03905141168534702,0.9461711629464602,0.4742544392253391
pattern_bursty_n16,sweep_turn,local_dynamics,17.0,1200,200,0.08454485376183882,-10.729128227304168,-8.79248809462733,-14.632632139115763,-7.11821488838584,0.9933333333333333,3,trajectory,-14.548769875468935,-9.265876164375321,0.01740260596809544,0.9267422722957175,0.1697718842540841
pattern_bursty_n16,sweep_turn,neural_flow,17.0,1200,200,0.9645794311662516,-0.15662003274844252,0.08450834978157207,-0.024537902451503762,0.4066327933758263,0.5208333333333334,3,trajectory,-0.760848008465055,0.1710728284664479,0.4973401658857862,0.08589390027652007,9.264887595574061
pattern_bursty_n16,sweep_turn,observed_state_flow,17.0,1200,200,0.07559866781760921,-11.21485857469148,-9.26095641652523,-14.666289755652581,-7.808937336583738,0.9941666666666666,3,trajectory,-14.788401377609809,-9.596413453750296,0.020979027146284614,0.9332272745665008,0.31087754752534236
pattern_bursty_n16,sweep_turn,tpatchgnn,17.0,1200,200,1.037715229143699,0.16078190333850917,0.17446790013017574,0.16184629524362726,0.37975690526055017,0.16333333333333333,3,trajectory,0.1363807956331525,0.17784380121099425,0.6928381213545799,0.007811361696239249,12.631565312544504
pattern_bursty_n16,uturn,cru,17.0,1200,200,0.8587966492896278,-0.6610965869068401,-0.9216503292387141,-0.07773903755189635,1.2235176143355049,0.5208333333333334,3,trajectory,-4.386488803949361,1.1007747568687758,0.25119825050855676,0.27047089870621344,3.87273606841142
pattern_bursty_n16,uturn,harmonic,,1200,200,0.19155108888479538,-7.177153748982673,-6.396217535237405,-11.496675635831572,-4.4829478356088,0.97,3,trajectory,-8.121546193146699,-6.057602763091808,0.07958403332961698,0.8894665035213499,0.7010203651817816
pattern_bursty_n16,uturn,hold,,1200,200,0.13111870265097114,-8.823353565265732,-8.773900795650535,-12.77105424578953,-4.6689833131038565,0.9908333333333333,3,trajectory,-9.383021974562412,-7.890660888198454,0.03402321502291666,0.8889991987472361,0.27935135179821374
pattern_bursty_n16,uturn,kalman,,1200,200,0.1595323765401796,-7.971511651093963,-7.398522745160722,-13.03187230934273,-4.742834735508686,0.9741666666666666,3,trajectory,-8.919651226702346,-7.206587622197772,0.0781759317110936,0.9110352496585499,0.6710896627296431
pattern_bursty_n16,uturn,latent_ode,17.0,1200,200,0.7165190677406887,-1.4477224782856712,-1.5432115504494746,-0.12001990315404357,0.30789702553050097,0.5708333333333333,3,trajectory,-6.383942802299197,0.2643655598633711,0.30535109364738067,0.32815706907292225,5.452236021199108
pattern_bursty_n16,uturn,linear,,1200,200,0.17926783801010363,-7.46497619125077,-6.727874592904079,-12.514145311143874,-4.33253244772754,0.9708333333333333,3,trajectory,-8.3196942276827,-6.402420804581286,0.09110286329780437,0.908054588769252,0.7538774863616952
pattern_bursty_n16,uturn,local_dynamics,17.0,1200,200,0.1224502889600383,-9.120401856833908,-9.087957054660478,-13.009670024741375,-4.771716940124406,0.9925,3,trajectory,-10.064793848608682,-7.945366340034532,0.03633716072494579,0.8980310929209615,0.27633517349772624
pattern_bursty_n16,uturn,neural_flow,17.0,1200,200,0.8971904643376668,-0.4711535090219967,-0.5007218352339872,0.3297489727321266,0.5526256725272383,0.42333333333333334,3,trajectory,-2.2992004240051784,0.4813663754283597,0.3911932263399164,0.18480576763981016,6.941026463508606
pattern_bursty_n16,uturn,observed_state_flow,17.0,1200,200,0.11758274537072183,-9.296564039408135,-9.448731674389773,-12.950862737175363,-4.861254714124956,0.9933333333333333,3,trajectory,-10.687053506470662,-7.6510930277990035,0.04216115209089059,0.8966582940053195,0.5123157440699531
pattern_bursty_n16,uturn,tpatchgnn,17.0,1200,200,1.0250109966099261,0.10728524651668293,0.0798349084872041,0.21852586576478109,0.3189164885278579,0.3358333333333333,3,trajectory,-0.21647122982323064,0.2940352479619788,0.642681364864111,0.018229465925566755,11.53508263985316
pattern_dropout_n16,climb_descent,cru,17.0,1200,200,0.7024846415718397,-1.533631663033298,-2.4535348767217333,-6.029321535711446,2.583257177431326,0.6008333333333333,3,trajectory,-8.18214083562637,1.720649145717653,0.1490144196230297,0.4970985851544401,1.9329078250626723
pattern_dropout_n16,climb_descent,harmonic,,1200,200,0.07708549495141288,-11.130273347273,-9.894772548535508,-15.121180338454081,-7.0495525617570935,0.9958333333333333,3,trajectory,-14.785366119726328,-9.167157640586247,0.02663169311127902,0.9433366476496061,0.3948613723312447
pattern_dropout_n16,climb_descent,hold,,1200,200,0.06691904033811923,-11.744502957258971,-10.571179920001587,-15.237701043481728,-8.054779758420269,1.0,3,trajectory,-15.846767293306169,-9.848986436985555,0.014962414162479594,0.9388331406066815,0.1764024296044863
pattern_dropout_n16,climb_descent,kalman,,1200,200,0.07081103630363937,-11.49899049764424,-10.432910599805872,-15.89676180429278,-7.433050201215932,0.9983333333333333,3,trajectory,-14.141684281391553,-9.887809728507492,0.038692047194793557,0.9543256491422654,0.44822688371607605
pattern_dropout_n16,climb_descent,latent_ode,17.0,1200,200,0.6139796518130849,-2.1184602177695884,-2.6170261293411876,-3.5771703336536893,0.7748014840964176,0.6408333333333334,3,trajectory,-6.3632493256026725,0.5285882353029525,0.2734885530018558,0.44754935330386386,4.796052814731374
pattern_dropout_n16,climb_descent,linear,,1200,200,0.05254938193218545,-12.794323876285048,-11.43544828708795,-16.7071277003936,-9.773371486843642,0.9991666666666666,3,trajectory,-16.010078633814093,-10.683608238042828,0.027385725949473708,0.9666554960608482,0.41548662879695863
pattern_dropout_n16,climb_descent,local_dynamics,17.0,1200,200,0.05364619369313,-12.704610866842856,-11.499474815786,-15.83995997922197,-8.91019703553091,1.0,3,trajectory,-17.07463220966101,-10.76059136083284,0.014376944526393298,0.9517466688652834,0.178952029002218
pattern_dropout_n16,climb_descent,neural_flow,17.0,1200,200,0.758578502094994,-1.199994692443687,-1.5439146186787667,-0.7029509183655918,0.6400952351595596,0.5733333333333334,3,trajectory,-2.5221186020515156,0.42215962933278484,0.3623988687433302,0.2931572229619951,6.27864313364029
pattern_dropout_n16,climb_descent,observed_state_flow,17.0,1200,200,0.046823877766413065,-13.295326226167871,-12.220620931438233,-15.80171989569877,-9.618597689599419,1.0,3,trajectory,-16.737329021491345,-11.561143076678821,0.018879893687323252,0.9585992355644702,0.45900711112167
pattern_dropout_n16,climb_descent,tpatchgnn,17.0,1200,200,0.9815965298811594,-0.08066985586805903,-0.15510213278798468,-0.15662744677332777,0.4658559512293968,0.565,3,trajectory,-0.4277793460715923,0.3645729950236487,0.6634701792895794,0.061392042442481955,11.738609016736348
pattern_dropout_n16,cruise,cru,17.0,1200,200,0.30109119006432594,-5.213019517686242,-4.537871511557255,-5.666432016391584,-2.377995234436609,0.9966666666666667,3,trajectory,-6.228595189342738,-4.644630667581102,0.10839838149491693,0.7106677210330963,1.3767063770480066
pattern_dropout_n16,cruise,harmonic,,1200,200,0.05444335492536382,-12.640551204143469,-11.391057225459576,-18.58230941800022,-8.343114144832068,0.9991666666666666,3,trajectory,-15.048879618492192,-11.75491641472114,0.023460082739329615,0.9595471255481243,0.36280491159631006
pattern_dropout_n16,cruise,hold,,1200,200,0.059511877005340115,-12.25396351865834,-11.507196014348901,-17.667301911615283,-7.1241831426792235,1.0,3,trajectory,-13.955206434633753,-11.216855726632755,0.009163825913986583,0.9431185878813266,0.09464886806271271
pattern_dropout_n16,cruise,kalman,,1200,200,0.0410152038261973,-13.870551258691286,-12.577354238139911,-19.510853626905167,-9.763690566653326,1.0,3,trajectory,-16.499271807078046,-12.885689586482002,0.02327736732232244,0.9714876435200374,0.3964190851246288
pattern_dropout_n16,cruise,latent_ode,17.0,1200,200,0.38034494618574777,-4.198223500366054,-3.8992664586436514,-4.21730219581849,-1.0791840238437846,0.995,3,trajectory,-4.504729099857757,-3.9473784269128043,0.15481885992533834,0.6296764178108424,2.713433307072701
pattern_dropout_n16,cruise,linear,,1200,200,0.042023616809213564,-13.765065722849688,-12.521917480832673,-19.335871881928455,-9.667787014413216,1.0,3,trajectory,-16.349586730126592,-12.857287358235904,0.023938493089080973,0.9713071304063002,0.4286285943412804
pattern_dropout_n16,cruise,local_dynamics,17.0,1200,200,0.042527783661729046,-13.713272499820073,-12.755324309764982,-18.688305610111648,-9.157657260965616,1.0,3,trajectory,-15.85794571182213,-12.745575167707603,0.010253952782695658,0.9602454700569312,0.09126514796285236
pattern_dropout_n16,cruise,neural_flow,17.0,1200,200,0.6957899645591775,-1.575218394113716,-1.1281703348633998,-1.4250429852943622,0.09121127211375216,0.8316666666666667,3,trajectory,-2.0404754469007473,-1.0816061476431538,0.3362197649106383,0.3270001989371667,6.026068736513456
pattern_dropout_n16,cruise,observed_state_flow,17.0,1200,200,0.03651509584099884,-14.375275551303687,-13.532993726551494,-18.730637519627194,-9.680646023211095,1.0,3,trajectory,-15.98015631920215,-13.680989251866762,0.014289054687275543,0.9664188498755296,0.4325241290934112
pattern_dropout_n16,cruise,tpatchgnn,17.0,1200,200,0.9731524859368801,-0.11819103603909972,-0.10172639049041976,-0.15107874510731462,0.03027570366390483,0.79,3,trajectory,-0.14214256146702864,-0.07985444659495436,0.8281555752952894,0.04850426569596489,19.552891964912416
pattern_dropout_n16,highspeed,cru,17.0,1200,200,0.5256138612702489,-2.793331902637175,-2.227373134728606,-4.227925809197861,0.4037291353931161,0.8216666666666667,3,trajectory,-6.238880218258239,-0.831539506409969,0.1823628896428272,0.5416850625057975,2.4116549016381033
pattern_dropout_n16,highspeed,harmonic,,1200,200,0.3341924210765501,-4.7600340340120155,-2.781556062741512,-13.24546729829086,-1.8208878089816118,0.9241666666666667,3,trajectory,-8.45282179494663,-2.558257326372628,0.1348544363578154,0.8897485624140488,1.0023677399691466
pattern_dropout_n16,highspeed,hold,,1200,200,0.1658458919299058,-7.80295281661952,-6.146230180961077,-12.683563458590221,-3.6317029926109896,0.9616666666666667,3,trajectory,-9.368301586772409,-6.539181332205382,0.02190657968246337,0.8765461421980156,0.36495256067970333
pattern_dropout_n16,highspeed,kalman,,1200,200,0.2943745318637351,-5.310997661738508,-3.2138917066650494,-14.429803591871334,-2.7378607627669993,0.94,3,trajectory,-9.24278716157292,-2.982601365055968,0.12463177654260406,0.9060609189180469,0.8872924923095039
pattern_dropout_n16,highspeed,latent_ode,17.0,1200,200,0.5963136225938797,-2.2452526922247547,-1.9259031918139502,-2.508269041418683,0.08151747771998819,0.865,3,trajectory,-5.190038235917673,-0.7117472225430845,0.2509796527416135,0.43807621420445686,4.494715910673355
pattern_dropout_n16,highspeed,linear,,1200,200,0.3200520403722385,-4.947793997771124,-2.8704873704892475,-14.114441288460696,-2.1760277884422075,0.93,3,trajectory,-8.921633196797261,-2.5693826947797604,0.13464332546502794,0.9008810201449027,0.9544729443257286
pattern_dropout_n16,highspeed,local_dynamics,17.0,1200,200,0.1576899967328669,-8.021958558246109,-6.224005928873918,-13.266607620971978,-4.149738826448589,0.9633333333333334,3,trajectory,-9.761616317475351,-6.6791295444385455,0.025317987077790604,0.8862299430989939,0.33609641433897197
pattern_dropout_n16,highspeed,neural_flow,17.0,1200,200,0.97176196778814,-0.12440102086102392,-0.14241296318972035,-0.015002598912738804,0.16032803503858953,0.5625,3,trajectory,-0.49591252213869147,0.07569406014077594,0.7045146300892036,0.054398616486283,13.553760286172231
pattern_dropout_n16,highspeed,observed_state_flow,17.0,1200,200,0.13359314390277477,-8.742158295969732,-7.023093821089224,-12.907924116002794,-5.26765142372717,0.9683333333333334,3,trajectory,-10.56841144413986,-7.393022426674223,0.03264324345870889,0.8935957045915105,0.6706298287835428
pattern_dropout_n16,highspeed,tpatchgnn,17.0,1200,200,0.975869044115146,-0.1060845818785045,-0.12459669060961938,0.005654422993450264,0.17974566068431697,0.48583333333333334,3,trajectory,-0.48923252185838273,0.1267444667604729,0.6972785671552022,0.0512659251095836,13.313540832996368
pattern_dropout_n16,occlusion,cru,17.0,1200,200,1.0110269963741303,0.04762752247561933,0.039556597373014896,0.01816187743525611,0.0803884190916132,0.16166666666666665,3,channel_group,0.014815062244534046,0.10134538935584397,0.868983678544561,0.0033773524082702008,23.68375356197357
pattern_dropout_n16,occlusion,harmonic,,1200,200,3.469542224542238,5.4027217724901515,-5.0503379829171795,-5.2377945242653645,5.559502426291725,0.6916666666666667,3,channel_group,3.942488822343595,6.231664976995695,2.3115326101756364,0.8256672546653621,3.807361988948154
pattern_dropout_n16,occlusion,hold,,1200,200,1.2613173149196275,1.0082435761406576,-6.7030474327178124,-6.094027678809041,4.292540841922615,0.75,3,channel_group,0.49041379902692717,1.4400073535740496,0.47331225490609846,0.8277609020719926,2.1646058084079414
pattern_dropout_n16,occlusion,kalman,,1200,200,4.769720995921719,6.784929757957816,-4.479961277266241,-5.136166448073649,4.794911177492063,0.6925,3,channel_group,4.86602262855543,8.251020989717905,3.478365988787991,0.8332664982190666,3.3005441295030566
pattern_dropout_n16,occlusion,latent_ode,17.0,1200,200,1.0006221904357275,0.002701298455379979,0.0013034636641181291,0.0021912120564158656,0.0077817495744209935,0.2625,3,channel_group,0.002345696073820279,0.0031861759440986745,0.982653644879659,0.006061536932395719,42.39697586854299
pattern_dropout_n16,occlusion,linear,,1200,200,5.249454639603598,7.201141873462854,-4.523409572169692,-4.686341292251612,4.871448066349071,0.68,3,channel_group,4.654317337322495,9.107842806174336,3.907713525068636,0.8276206868347556,3.5610425124862863
pattern_dropout_n16,occlusion,local_dynamics,17.0,1200,200,1.0468999367974174,0.19905173585745278,-6.935010387056735,-5.9460427685378905,3.5010783970050916,0.7558333333333334,3,channel_group,0.047244785343001576,0.31921646925936786,0.39953251893546016,0.8242801928991684,2.6525158149451697
pattern_dropout_n16,occlusion,neural_flow,17.0,1200,200,1.0006911977132162,0.00300079657510334,0.006146102335176352,0.000491546719867064,0.012193691277912913,0.48833333333333334,3,channel_group,-0.0009798468437439757,0.007177357404525857,0.9705326426029205,0.007185329537250736,37.135246567726135
pattern_dropout_n16,occlusion,observed_state_flow,17.0,1200,200,0.6485087587870657,-1.880841539404209,-3.987054397090541,-2.3154793268837945,0.9640046553222408,0.8083333333333333,3,channel_group,-3.1540420063917725,-0.7392070519588916,0.3962877332352218,0.8234970118681667,11.217601751945914
pattern_dropout_n16,occlusion,tpatchgnn,17.0,1200,200,0.9998212338487307,-0.0007764409332201017,-0.0009654627527272124,-0.001002808751028819,0.004328099176837284,0.6233333333333333,3,channel_group,-0.0027728179190266962,0.0013826364221968149,0.9792401191592216,0.005539666847942752,40.75027362028758
pattern_dropout_n16,sweep_turn,cru,17.0,1200,200,0.851318530185769,-0.6990791345381218,0.598915805949639,-1.2267766875296862,2.397122020218571,0.5991666666666666,3,trajectory,-5.930341697729618,1.2895808938455224,0.17660339853105445,0.38130414907776033,1.820372295001677
pattern_dropout_n16,sweep_turn,harmonic,,1200,200,0.10002616323525819,-9.99886389374446,-7.515090443428669,-15.542061856802682,-7.060989228773949,0.9891666666666666,3,trajectory,-14.935697458414964,-7.820217188170689,0.03494620624036083,0.9398036846448667,0.532594252961632
pattern_dropout_n16,sweep_turn,hold,,1200,200,0.08971520955929004,-10.471339240938569,-8.619833109046178,-14.529856280307822,-6.520732128387555,0.9933333333333333,3,trajectory,-14.19172095029949,-9.144168155073993,0.016680123842431036,0.9211572422501922,0.19262024607375372
pattern_dropout_n16,sweep_turn,kalman,,1200,200,0.07908919899464607,-11.018828229159258,-8.327669230062149,-16.762174614230098,-8.916389329353468,0.9925,3,trajectory,-16.916548800831023,-8.578722210922692,0.031927873174186015,0.9556827993993647,0.408499005316941
pattern_dropout_n16,sweep_turn,latent_ode,17.0,1200,200,0.7723024662956596,-1.1221257826937745,-0.3041257380209758,-1.0749802920900833,0.861098740144223,0.55,3,trajectory,-4.2113941129266195,-0.13066723466055222,0.26027076054364445,0.3172135838473569,4.2772649844052895
pattern_dropout_n16,sweep_turn,linear,,1200,200,0.08282771700484465,-10.818243090124664,-8.102009140052166,-16.554455700062814,-8.60069869782103,0.9916666666666667,3,trajectory,-16.840826545443864,-8.38288698485211,0.03307199935745753,0.9546509573531027,0.4398921831029869
pattern_dropout_n16,sweep_turn,local_dynamics,17.0,1200,200,0.08315983754954985,-10.800863677220377,-8.836869150078519,-14.78305113006656,-7.339624513262293,0.9933333333333333,3,trajectory,-14.683988666270448,-9.307082345653072,0.016372353632221604,0.9279424777387855,0.17022905659979487
pattern_dropout_n16,sweep_turn,neural_flow,17.0,1200,200,0.9659629405041535,-0.1503953511999761,0.09211590608275928,-0.01995220373540082,0.41347273845635896,0.515,3,trajectory,-0.7542906755442145,0.17953155451673092,0.49700782148788375,0.08565901745954524,9.243698185483614
pattern_dropout_n16,sweep_turn,observed_state_flow,17.0,1200,200,0.07207985938423306,-11.421860692641657,-9.34057421805861,-15.05668827213145,-8.285450554103319,0.9941666666666666,3,trajectory,-15.285055136496215,-9.664161257250775,0.01827113917239932,0.9371729167063071,0.3174616428470472
pattern_dropout_n16,sweep_turn,tpatchgnn,17.0,1200,200,1.0377747794985772,0.16103112053944357,0.17478535639267714,0.16257495364886107,0.37749848951557846,0.1625,3,trajectory,0.13756856744646687,0.17718003456878095,0.6928407702843348,0.007770155982870266,12.631289060910543
pattern_dropout_n16,uturn,cru,17.0,1200,200,0.8580840200744569,-0.6647018573148288,-0.9246054758645004,-0.08105240556257949,1.2267761039022713,0.5208333333333334,3,trajectory,-4.390979619043446,1.0951819381353765,0.25148455685159815,0.27057213010664155,3.8822841338440774
pattern_dropout_n16,uturn,harmonic,,1200,200,0.16373140090448332,-7.858680222877244,-7.002032030794414,-12.842079770870637,-5.5124918000979,0.9725,3,trajectory,-8.690698093480185,-6.5616020689687815,0.07954209617924178,0.9148181871448954,0.7053545584008316
pattern_dropout_n16,uturn,hold,,1200,200,0.1311187010313248,-8.823353618912043,-8.773900815447659,-12.77105455247191,-4.668982630388597,0.9908333333333333,3,trajectory,-9.383022104933186,-7.8906608767354225,0.03402321511612167,0.8889991974673467,0.2793513696661345
pattern_dropout_n16,uturn,kalman,,1200,200,0.1425065352801478,-8.461652186658231,-7.639410181301662,-13.596886234910393,-5.729556010537678,0.9775,3,trajectory,-9.33438633135081,-7.248372189358305,0.0728284904698845,0.9245393366289014,0.6497169670198248
pattern_dropout_n16,uturn,latent_ode,17.0,1200,200,0.7165871645696461,-1.4473097513515922,-1.5436163552105322,-0.12420508416438517,0.30786037601456584,0.5716666666666667,3,trajectory,-6.385804899110453,0.265936623446956,0.30509722825683033,0.328248444423028,5.4458368146326395
pattern_dropout_n16,uturn,linear,,1200,200,0.15373041475682836,-8.132402011124153,-7.1614970248024035,-13.431014953846436,-5.838491574360466,0.9733333333333334,3,trajectory,-9.563874170510859,-6.605532682702188,0.07960251885006675,0.9239646521008884,0.6849568629611107
pattern_dropout_n16,uturn,local_dynamics,17.0,1200,200,0.11227590797506001,-9.497134241123748,-9.310638183354223,-13.459818415957834,-5.636604967129798,0.9925,3,trajectory,-10.205926131448946,-8.746783918277904,0.03194549279641853,0.9074652135325596,0.2885170270821315
pattern_dropout_n16,uturn,neural_flow,17.0,1200,200,0.8915692591418822,-0.4984491418821934,-0.5483635784644513,0.3230874655569561,0.5448533251442832,0.42583333333333334,3,trajectory,-2.3972841844165775,0.48251045152419797,0.3915910813274483,0.18747718946747569,6.965767323275407
pattern_dropout_n16,uturn,observed_state_flow,17.0,1200,200,0.109027643909006,-9.624633729308986,-9.566683648169342,-13.436908769342878,-5.571376778497044,0.9925,3,trajectory,-10.667428047817333,-8.468232850087947,0.03688207749278561,0.9061739130433367,0.5523197419737699
pattern_dropout_n16,uturn,tpatchgnn,17.0,1200,200,1.025038930873076,0.10740360164725972,0.07984683000069652,0.21845865787766,0.31576755446726423,0.3358333333333333,3,trajectory,-0.21655993391751116,0.2944618981984831,0.6424513984223207,0.018260143892476325,11.526536982854207
pattern_random_n16,climb_descent,cru,17.0,1200,200,0.7020680438758184,-1.5362079435493057,-2.4537975823672147,-6.025171658693697,2.580226527091531,0.6041666666666666,3,trajectory,-8.181088412741747,1.7152808475055845,0.14940105119564875,0.4970891193332348,1.9445622734973829
pattern_random_n16,climb_descent,harmonic,,1200,200,0.08287459893772994,-10.815785603012246,-9.529004892348462,-14.666941187062177,-6.581908064033586,0.9966666666666667,3,trajectory,-14.805912467673803,-8.685892001872562,0.0262729976805106,0.9372856889913479,0.39361330239507275
pattern_random_n16,climb_descent,hold,,1200,200,0.06691904070149268,-11.744502933676582,-10.57117988283119,-15.237701314664053,-8.054780171927291,1.0,3,trajectory,-15.846767320632525,-9.848986380563,0.014962414153790888,0.9388331450273594,0.17640240958629874
pattern_random_n16,climb_descent,kalman,,1200,200,0.06628614131336988,-11.785772616445062,-10.695855587174758,-16.050927007730955,-7.942719219805741,0.9983333333333333,3,trajectory,-14.23440225475022,-10.134844759813115,0.03622219673236633,0.9562501747906208,0.4265440932246717
pattern_random_n16,climb_descent,latent_ode,17.0,1200,200,0.613784282533452,-2.1198423694751485,-2.618246515584495,-3.5848422796910397,0.7758936393243293,0.6408333333333334,3,trajectory,-6.364811142745726,0.5266831349504967,0.2736744014111658,0.4475908679765871,4.803273611284482
pattern_random_n16,climb_descent,linear,,1200,200,0.05375993980887865,-12.6954122620212,-11.317037169803951,-16.50657561829172,-9.509538311094838,0.9991666666666666,3,trajectory,-15.951392133985934,-10.536400631888963,0.027877934651284353,0.9658206570645174,0.41791008856415524
pattern_random_n16,climb_descent,local_dynamics,17.0,1200,200,0.054000486985338846,-12.676023236197764,-11.47782726272595,-15.750499176667507,-8.885465161945296,1.0,3,trajectory,-16.993852580455254,-10.756635297370627,0.014665537166159339,0.9514785825709502,0.1803490843316649
pattern_random_n16,climb_descent,neural_flow,17.0,1200,200,0.7586731437531611,-1.1994528924058896,-1.5380293480824356,-0.6831666248961881,0.6345817089467625,0.5691666666666667,3,trajectory,-2.5303177391076233,0.41869661507531475,0.3618768791357676,0.2929906381955152,6.28146318813165
pattern_random_n16,climb_descent,observed_state_flow,17.0,1200,200,0.04679047670590075,-13.298425301511077,-12.211785925946756,-15.772630577090354,-9.40444659353011,1.0,3,trajectory,-16.797984371447754,-11.53494490029481,0.0192512089488991,0.9586173082888126,0.46465845965268576
pattern_random_n16,climb_descent,tpatchgnn,17.0,1200,200,0.9813350355128447,-0.08182695745918708,-0.1560143569063015,-0.1565114813365257,0.46656013441222327,0.5641666666666667,3,trajectory,-0.43036962589604755,0.3634491961067954,0.6641621982554594,0.061696295574923427,11.761545061270397
pattern_random_n16,cruise,cru,17.0,1200,200,0.3011210423397521,-5.212588949265249,-4.537307643991009,-5.664934895734865,-2.379389399765198,0.9966666666666667,3,trajectory,-6.228933495929274,-4.644610926460199,0.10841421735861023,0.7106290532710652,1.376364966166099
pattern_random_n16,cruise,harmonic,,1200,200,0.05843000591213539,-12.333640697464217,-10.988758776200086,-18.573895901885116,-7.763068462473409,1.0,3,trajectory,-15.380262441309567,-11.230620176408113,0.021910797501065293,0.9545713867992163,0.35505252472522747
pattern_random_n16,cruise,hold,,1200,200,0.059511876849307206,-12.253963530045013,-11.507196023826411,-17.66730167530349,-7.124183109396147,1.0,3,trajectory,-13.95520644761746,-11.216855720382986,0.00916382595914906,0.9431185889244079,0.09464887273818093
pattern_random_n16,cruise,kalman,,1200,200,0.03918549164683398,-14.068746999189619,-12.821308117922294,-19.460625449681288,-10.070599095661356,1.0,3,trajectory,-16.705239695705085,-13.093910049577275,0.022164141701869037,0.9726915882527828,0.38987746425763664
pattern_random_n16,cruise,latent_ode,17.0,1200,200,0.3806319974704335,-4.1949470595772915,-3.8954627619217383,-4.221996690663159,-1.0804354650460346,0.995,3,trajectory,-4.50665862783325,-3.9408846153300225,0.15485921501570069,0.6293702620873227,2.71467176026296
pattern_random_n16,cruise,linear,,1200,200,0.040601818553113796,-13.91454513962342,-12.730438484425264,-19.23585483835381,-9.753059578638165,0.9991666666666666,3,trajectory,-16.532736737036384,-12.768914783165968,0.023252748775727573,0.9725539991259575,0.4334807017826339
pattern_random_n16,cruise,local_dynamics,17.0,1200,200,0.042722760736760346,-13.693406910450086,-12.717019250720291,-18.731956400467503,-9.225135218885534,1.0,3,trajectory,-15.886203133735652,-12.730887370662396,0.010454264914987969,0.960071830401818,0.09195984064270604
pattern_random_n16,cruise,neural_flow,17.0,1200,200,0.6966263292108973,-1.5700011527124347,-1.1242009581568315,-1.397674378360521,0.0857965232917334,0.8308333333333333,3,trajectory,-2.040713374551334,-1.0834648908003144,0.33538815341268974,0.3261693479099116,6.016977747778098
pattern_random_n16,cruise,observed_state_flow,17.0,1200,200,0.03716583128173317,-14.298561489626827,-13.42132341113797,-18.7309607000201,-9.582115977866907,1.0,3,trajectory,-15.99495413328157,-13.587259196055687,0.014834330988887767,0.9658604452013969,0.43712253503385
pattern_random_n16,cruise,tpatchgnn,17.0,1200,200,0.9730206482112408,-0.11877943586678992,-0.10163053895759035,-0.15088669589212067,0.029719491989169986,0.7841666666666667,3,trajectory,-0.1410508325443231,-0.08105563033928989,0.829223108192285,0.04921576644210892,19.607673099835715
pattern_random_n16,highspeed,cru,17.0,1200,200,0.5258481167381008,-2.7913967711563448,-2.2240408852766804,-4.203071568093092,0.4010442249394055,0.8233333333333334,3,trajectory,-6.236195833980343,-0.8314198220531167,0.18236678909976034,0.541727979088516,2.4117621359813106
pattern_random_n16,highspeed,harmonic,,1200,200,0.3414790726946861,-4.666359065994556,-2.7068349612407108,-12.761421289190016,-1.8748170041378491,0.9266666666666666,3,trajectory,-8.403412651512049,-2.4771695720181155,0.1362660531834444,0.8858420655452726,1.0363838953004354
pattern_random_n16,highspeed,hold,,1200,200,0.16584589249576911,-7.802952801801467,-6.146230176398355,-12.683563308619195,-3.6317029630878728,0.9616666666666667,3,trajectory,-9.368301570120089,-6.539181274613109,0.02190657973693604,0.8765461359515287,0.36495254402348415
pattern_random_n16,highspeed,kalman,,1200,200,0.29093875141564546,-5.361984293025056,-3.2749928000544486,-14.309873172163917,-3.078766851795691,0.9441666666666667,3,trajectory,-9.247532936442852,-3.051922079595299,0.12243272908742706,0.905169056313025,0.8827457733522017
pattern_random_n16,highspeed,latent_ode,17.0,1200,200,0.5963424994268766,-2.245042387695288,-1.9254960335859086,-2.5069541405931366,0.0888846593673304,0.8658333333333333,3,trajectory,-5.1901363076605165,-0.7114919206588048,0.25104588478493195,0.43808678879710444,4.495282864989325
pattern_random_n16,highspeed,linear,,1200,200,0.32547866437907336,-4.874774748258294,-2.791456930733304,-13.807277003975528,-2.4733831793912233,0.93,3,trajectory,-8.886318244015564,-2.505713563805671,0.13695705883898573,0.898941111527763,0.9742428564886602
pattern_random_n16,highspeed,local_dynamics,17.0,1200,200,0.15710000634963456,-8.038237974068046,-6.2485646359938265,-13.262162732625502,-4.062774760073299,0.9633333333333334,3,trajectory,-9.756920356843683,-6.69530016525648,0.025319278428102384,0.8863058260687648,0.3319294121400162
pattern_random_n16,highspeed,neural_flow,17.0,1200,200,0.9717587513228257,-0.12441539573362968,-0.14265793772868487,-0.015026496562130051,0.15813017089212184,0.5583333333333333,3,trajectory,-0.4961514825579069,0.07566097684965149,0.7043257846434912,0.05441134158615517,13.547047627766927
pattern_random_n16,highspeed,observed_state_flow,17.0,1200,200,0.13328160440860903,-8.752297879840183,-7.052832772511221,-12.876775988292454,-5.308920498412643,0.9691666666666666,3,trajectory,-10.54279484783571,-7.425234478311166,0.03330603902601065,0.8931905461148563,0.6705789550413708
pattern_random_n16,highspeed,tpatchgnn,17.0,1200,200,0.9758489085237185,-0.1061741929438255,-0.12511312077238942,0.005742110622579805,0.18070886887298532,0.4816666666666667,3,trajectory,-0.4926467595621883,0.12839923082418014,0.6962800098955632,0.0515217763796935,13.283299814860026
pattern_random_n16,occlusion,cru,17.0,1200,200,1.0111678078273931,0.048232346868527544,0.03932957716185925,0.018337937430134836,0.08026664709881311,0.14666666666666667,3,channel_group,0.01528579211747215,0.10357212390421275,0.8684301354487737,0.0032882026071736434,23.646201155384382
pattern_random_n16,occlusion,harmonic,,1200,200,3.6865508560166926,5.666202293784307,-4.850670255030725,-4.658864553609202,6.463137049190158,0.6783333333333333,3,channel_group,4.221694187693645,6.277208148841172,2.5141646657174475,0.827290556661513,3.901662393866961
pattern_random_n16,occlusion,hold,,1200,200,1.2613173143885312,1.0082435743119966,-6.703047402707271,-6.094027810503064,4.2925408800751494,0.75,3,channel_group,0.49041375433458056,1.4400074042543722,0.4733122538966078,0.827760903948753,2.1646057811345116
pattern_random_n16,occlusion,kalman,,1200,200,5.0347964205304745,7.019819147649703,-4.425819590708834,-5.210333492484237,4.644791779850439,0.6841666666666667,3,channel_group,4.944055277208019,8.639565718388264,3.7227845381614557,0.8294628783856751,3.457080825774877
pattern_random_n16,occlusion,latent_ode,17.0,1200,200,1.0006646806001662,0.002885712236539762,0.0015426154810057858,0.002231832342021807,0.008156408004583556,0.2525,3,channel_group,0.0026520449181170773,0.003226508598327539,0.9826156789064407,0.006066269444018578,42.39086647987366
pattern_random_n16,occlusion,linear,,1200,200,5.886850531827465,7.698830091387149,-4.388895916533828,-4.714185476244925,5.19137872868494,0.6725,3,channel_group,4.897942055560289,9.862146049980316,4.467921683870566,0.8231267298257444,3.8256897514277566
pattern_random_n16,occlusion,local_dynamics,17.0,1200,200,1.0307332750501519,0.13146296553814232,-6.89853287510302,-5.965835932909508,3.5939233472290604,0.76,3,channel_group,-0.0356825550242997,0.2909856814822648,0.38493026210334697,0.8219272852539629,2.717614957388601
pattern_random_n16,occlusion,neural_flow,17.0,1200,200,1.0006883358458678,0.002988376210284725,0.006103614438312819,0.0006634066455481958,0.012306339332145519,0.48583333333333334,3,channel_group,-0.0011260257017416523,0.007096702957766944,0.9702471093336741,0.007205442331188149,37.11558913548787
pattern_random_n16,occlusion,observed_state_flow,17.0,1200,200,0.6454788121588838,-1.9011800887936179,-3.9799825315052324,-2.2797490867361474,0.9766880581309412,0.8091666666666667,3,channel_group,-3.153307100126053,-0.7656435077644801,0.4011900225483502,0.8236509362446668,11.459147554809073
pattern_random_n16,occlusion,tpatchgnn,17.0,1200,200,0.9998473302523295,-0.0006630869076119637,-0.0006539927105616893,-0.0007035081665016142,0.003556621386112013,0.6058333333333333,3,channel_group,-0.0026451547487836304,0.0013077942498682178,0.9804372612138589,0.00538159364355877,41.21352199713389
pattern_random_n16,sweep_turn,cru,17.0,1200,200,0.8516343405904869,-0.697468347533706,0.6015276676737085,-1.2293894404595096,2.3950348622687385,0.5991666666666666,3,trajectory,-5.926438359610474,1.2894561402752176,0.1766190430242568,0.38127173322002783,1.8213303488008143
pattern_random_n16,sweep_turn,harmonic,,1200,200,0.10011482549973753,-9.995016052782077,-7.516248267817257,-15.45803631175055,-7.1379790147595195,0.9891666666666666,3,trajectory,-14.769839351742494,-7.797122741090111,0.035084480647086164,0.9395607368073736,0.5379787738852367
pattern_random_n16,sweep_turn,hold,,1200,200,0.08971520919504954,-10.471339258570769,-8.619833188387107,-14.529856510733287,-6.5207316328163625,0.9933333333333333,3,trajectory,-14.19172094762716,-9.144168215710515,0.016680123833649863,0.9211572467777539,0.1926202441731402
pattern_random_n16,sweep_turn,kalman,,1200,200,0.07986890039402468,-10.976222947348596,-8.321745630086902,-16.68290261755188,-8.771447518229877,0.9916666666666667,3,trajectory,-16.77452377323458,-8.622187425790266,0.032168130152582866,0.954925727036316,0.407605645757914
pattern_random_n16,sweep_turn,latent_ode,17.0,1200,200,0.772383738309145,-1.1216687838947017,-0.3033778882717841,-1.0678590662114948,0.8638924366106522,0.55,3,trajectory,-4.21288026748805,-0.12844106914801484,0.2603028535159926,0.3172510343271146,4.278048846917227
pattern_random_n16,sweep_turn,linear,,1200,200,0.08358197237679021,-10.778873845414099,-8.091294695555574,-16.47191619579082,-8.281068545343988,0.9916666666666667,3,trajectory,-16.868401827795367,-8.415016759622741,0.03341224117956694,0.9541606111917644,0.44802866732041974
pattern_random_n16,sweep_turn,local_dynamics,17.0,1200,200,0.08313536014401199,-10.802142175021952,-8.840792314346128,-14.795504223784718,-7.350227165932977,0.9933333333333333,3,trajectory,-14.664426926167721,-9.313353741812904,0.01643091705723838,0.9279643761383098,0.17017495942956884
pattern_random_n16,sweep_turn,neural_flow,17.0,1200,200,0.965802143663168,-0.1511183498863189,0.09149566533197431,-0.0218823600844019,0.4095410598851805,0.5175,3,trajectory,-0.7566580737986821,0.18152801473808958,0.4967961621036132,0.08573182052712651,9.245173461437226
pattern_random_n16,sweep_turn,observed_state_flow,17.0,1200,200,0.07248343033487795,-11.397612615197694,-9.35591045700591,-14.944944870884733,-8.224013030017026,0.9941666666666666,3,trajectory,-15.198776356989654,-9.679507461007464,0.018889470762457325,0.9365297022470137,0.31849206241252737
pattern_random_n16,sweep_turn,tpatchgnn,17.0,1200,200,1.0371866944432258,0.15856936783246672,0.17303411812003175,0.16038063036724626,0.3765948386624738,0.1725,3,trajectory,0.13397028587483356,0.1747575252873288,0.6937358792126179,0.007860242384291068,12.659924054940541
pattern_random_n16,uturn,cru,17.0,1200,200,0.8584986904015144,-0.6626036299791572,-0.9229284189237618,-0.08132363157457873,1.2264488349678793,0.5216666666666666,3,trajectory,-4.389753467662857,1.0982100175944303,0.25123084981615346,0.27053285575235597,3.8759141232453596
pattern_random_n16,uturn,harmonic,,1200,200,0.16939931133835973,-7.710883595457972,-6.882055336467752,-12.650941278270361,-5.239208033616761,0.9733333333333334,3,trajectory,-8.54962672634281,-6.425369998077009,0.08118565778516612,0.910584840788118,0.721973628624631
pattern_random_n16,uturn,hold,,1200,200,0.13111870203202364,-8.823353585766657,-8.773900782019625,-12.771054399581265,-4.668983009644818,0.9908333333333333,3,trajectory,-9.38302199922764,-7.890660889552622,0.03402321506000585,0.8889991986819465,0.2793513698702494
pattern_random_n16,uturn,kalman,,1200,200,0.15177525353634333,-8.187990329775442,-7.566765450182994,-13.532057476759498,-4.968269272088493,0.9775,3,trajectory,-9.163623303004298,-7.354808690989855,0.07684315865586082,0.917494431141143,0.6638278565065896
pattern_random_n16,uturn,latent_ode,17.0,1200,200,0.716799343029658,-1.4460240139102756,-1.5421998400192014,-0.12621341291276134,0.3119885446320394,0.5708333333333333,3,trajectory,-6.380565381444122,0.2668141620101861,0.30504957166578,0.32812741549763963,5.444326672802369
pattern_random_n16,uturn,linear,,1200,200,0.1659756958786177,-7.799555018308525,-6.996922448324331,-13.251808876748951,-5.096928554290669,0.9725,3,trajectory,-8.69936814041967,-6.569424067517785,0.08553150386427354,0.9163407632533926,0.7127052620172526
pattern_random_n16,uturn,local_dynamics,17.0,1200,200,0.11678708987092246,-9.326051632827543,-9.236752334904585,-13.279935301361329,-5.273647518184068,0.9925,3,trajectory,-10.222637103309713,-8.274780738112527,0.03426622386730737,0.9034782569661426,0.2870812781313604
pattern_random_n16,uturn,neural_flow,17.0,1200,200,0.8923712723453839,-0.4945441918458782,-0.5445316228136615,0.31979977670253135,0.5499859980910339,0.4266666666666667,3,trajectory,-2.394352312653826,0.482822921356705,0.39183736201375724,0.18667618250297768,6.955969724357129
pattern_random_n16,uturn,observed_state_flow,17.0,1200,200,0.11076372980465138,-9.556024284563872,-9.580185971840432,-13.189238412487747,-5.361722424414673,0.9925,3,trajectory,-10.77465796127994,-8.1729997082174,0.03850979565460871,0.9039709662556803,0.5520412758387768
pattern_random_n16,uturn,tpatchgnn,17.0,1200,200,1.025470402141412,0.10923129968000432,0.08083159769224567,0.21891256874809514,0.3204268669872636,0.3358333333333333,3,trajectory,-0.21608495639659178,0.2998903898256922,0.6418736115594705,0.018250668020415663,11.505615395704906
pattern_uniform_n16,climb_descent,cru,17.0,1200,200,0.7018853556209554,-1.5373381876367773,-2.454793699283119,-6.026551159938302,2.5823376461483365,0.605,3,trajectory,-8.184616155135293,1.7144991450388993,0.14959398437291382,0.4971351791140811,1.9494734438012045
pattern_uniform_n16,climb_descent,harmonic,,1200,200,0.1538573348620654,-8.128817947419165,-6.967171099090796,-11.583392176204395,-3.823947190773352,0.9858333333333333,3,trajectory,-11.332412896873445,-6.409465791877706,0.03889212953073482,0.8797920300066471,0.3928478679479546
pattern_uniform_n16,climb_descent,hold,,1200,200,0.06691904035955905,-11.744502955867556,-10.571179904276145,-15.237701449274187,-8.054780544265963,1.0,3,trajectory,-15.846767279265386,-9.848986411725987,0.014962414251755594,0.9388331463932991,0.1764024241997352
pattern_uniform_n16,climb_descent,kalman,,1200,200,0.06026469800483023,-12.199370154100233,-11.277111363429388,-16.515589636920936,-8.671010010922338,0.9991666666666666,3,trajectory,-14.605708035345446,-11.127121396513655,0.03290052528431256,0.960337401603659,0.4100394109839423
pattern_uniform_n16,climb_descent,latent_ode,17.0,1200,200,0.6138512840742866,-2.1193683134884393,-2.617617095519295,-3.5734342503474963,0.7767229729005196,0.64,3,trajectory,-6.364703985384432,0.5271434070500182,0.2736540438467637,0.4475728265401184,4.802219576987748
pattern_uniform_n16,climb_descent,linear,,1200,200,0.04960049495013659,-13.045139897791442,-11.75208527128462,-16.376478160809558,-9.918677666852853,0.9991666666666666,3,trajectory,-15.943673451005964,-11.13917183160002,0.025490405668776125,0.9689555458227793,0.41065362468070815
pattern_uniform_n16,climb_descent,local_dynamics,17.0,1200,200,0.053313900115802684,-12.731595460097116,-11.547660149304324,-15.700966647248855,-9.05051207849451,1.0,3,trajectory,-17.0423910942925,-10.84567521445901,0.014363555366695993,0.9519593218465646,0.17862270999386964
pattern_uniform_n16,climb_descent,neural_flow,17.0,1200,200,0.7579577739909291,-1.203549883435989,-1.5435396040215654,-0.6913550292474064,0.6415838373475712,0.5741666666666667,3,trajectory,-2.546116501455411,0.4199708991106128,0.3621664136151473,0.2935833698286327,6.285476446648439
pattern_uniform_n16,climb_descent,observed_state_flow,17.0,1200,200,0.045963072231885796,-13.375909502021486,-12.321575488543093,-15.778989034803864,-9.761832435108698,1.0,3,trajectory,-16.8614616203635,-11.691400644646315,0.019027143780531285,0.9595585995912552,0.4726013473187777
pattern_uniform_n16,climb_descent,tpatchgnn,17.0,1200,200,0.9813161608576775,-0.08191048894560074,-0.15601139638283607,-0.15639622910434176,0.46635521088242293,0.5641666666666667,3,trajectory,-0.430551290015117,0.3633520236101581,0.6642764618992806,0.061717556988017605,11.766692578792572
pattern_uniform_n16,cruise,cru,17.0,1200,200,0.3011390755046159,-5.212328872140369,-4.5375380745771166,-5.662920746299715,-2.3782561857752893,0.9966666666666667,3,trajectory,-6.227299716925039,-4.645166893645672,0.10841264342190693,0.7106516380173464,1.3756674044697623
pattern_uniform_n16,cruise,harmonic,,1200,200,0.09029087479507623,-10.44356139236866,-9.359325035387814,-15.633004304533365,-5.839554283454746,1.0,3,trajectory,-11.997790718129531,-9.81334799671271,0.026560943051202487,0.9245446092387041,0.33482740494861596
pattern_uniform_n16,cruise,hold,,1200,200,0.05951187712190096,-12.253963510152184,-11.507196019869085,-17.66730167530349,-7.1241831426792235,1.0,3,trajectory,-13.95520641675673,-11.216855711578386,0.009163825969453636,0.9431185911595822,0.09464887288471871
pattern_uniform_n16,cruise,kalman,,1200,200,0.036936364711994685,-14.325458501846393,-13.155066015823245,-19.814404429221526,-10.39652457394497,1.0,3,trajectory,-16.62091999456323,-13.361689541359175,0.0209278861812102,0.9743578332165878,0.3834966675902736
pattern_uniform_n16,cruise,latent_ode,17.0,1200,200,0.38043745182765026,-4.197167358948322,-3.899125387014904,-4.239793238109915,-1.0735862825049474,0.995,3,trajectory,-4.5069817346913235,-3.9422021306540636,0.1548137475845093,0.6295639834351217,2.7128840906694434
pattern_uniform_n16,cruise,linear,,1200,200,0.03854927992700439,-14.139837298477653,-13.028895714421683,-19.889933366871006,-10.06477491748261,1.0,3,trajectory,-16.371308713789315,-13.063607905946938,0.022146203859398715,0.973991446296374,0.4276912580360173
pattern_uniform_n16,cruise,local_dynamics,17.0,1200,200,0.042292748803738456,-13.737340871042322,-12.783274689239319,-18.711110596702873,-9.236302639440078,1.0,3,trajectory,-15.881874083415727,-12.752930287479959,0.010274684934720377,0.9603677878777186,0.08909965265554996
pattern_uniform_n16,cruise,neural_flow,17.0,1200,200,0.6958903099844853,-1.5745921085311998,-1.1298924472579257,-1.4101183543499252,0.08659362210792287,0.8325,3,trajectory,-2.0426122668918065,-1.0860722447014792,0.3360374384994308,0.3267052432449479,6.0282633033394815
pattern_uniform_n16,cruise,observed_state_flow,17.0,1200,200,0.0365153138104263,-14.375249627056508,-13.53238497936082,-18.6731879788422,-9.642978897706184,1.0,3,trajectory,-16.024518348924342,-13.616967240427282,0.01463702864983129,0.9665932102004687,0.44287036917929073
pattern_uniform_n16,cruise,tpatchgnn,17.0,1200,200,0.9729782628516356,-0.11896862125315671,-0.10177754778051011,-0.1508561427596954,0.029876213487582085,0.7858333333333334,3,trajectory,-0.14111186478459226,-0.08122165554005378,0.8292728732029597,0.0493328631237424,19.610149567921955
pattern_uniform_n16,highspeed,cru,17.0,1200,200,0.5256855022969346,-2.79274000077375,-2.222878172543809,-4.215534908802452,0.3997394003109176,0.82,3,trajectory,-6.230307036558919,-0.8340143910368312,0.18233322736962387,0.5417780323179127,2.4123369470018465
pattern_uniform_n16,highspeed,harmonic,,1200,200,0.42163235804624494,-3.750660667194377,-2.1749712361492564,-10.000877894864434,-0.45274356456141757,0.9066666666666666,3,trajectory,-5.662874006134208,-2.0445978265149978,0.1520587369159329,0.8322478871861798,1.215214657631538
pattern_uniform_n16,highspeed,hold,,1200,200,0.16584589082711312,-7.802952845497942,-6.146230202715283,-12.683563458590221,-3.6317029926109896,0.9616666666666667,3,trajectory,-9.368301584950975,-6.539181339864557,0.02190657972715594,0.8765461391822995,0.3649525994590052
pattern_uniform_n16,highspeed,kalman,,1200,200,0.29109039787797275,-5.359721202822131,-3.253483075875194,-14.703355927023441,-2.761619901616648,0.9433333333333334,3,trajectory,-9.394866784585266,-2.986783372619881,0.12238675845806782,0.9065783435150904,0.8877599279250838
pattern_uniform_n16,highspeed,latent_ode,17.0,1200,200,0.5962679290988793,-2.2455854901406553,-1.9264092242702886,-2.511027374766245,0.09176338614980033,0.8658333333333333,3,trajectory,-5.1904060136139805,-0.7115339971158827,0.2510515650936092,0.4380983924885201,4.496534695515098
pattern_uniform_n16,highspeed,linear,,1200,200,0.32739578097884686,-4.849269214708453,-2.751100986990837,-14.325025466273862,-2.2009637554004735,0.925,3,trajectory,-8.974019956403898,-2.4479770600970157,0.13827303757010057,0.8997739969117508,0.9834986507603631
pattern_uniform_n16,highspeed,local_dynamics,17.0,1200,200,0.15733321587307722,-8.031795803166771,-6.244667537142817,-13.247195595055697,-4.122329981141494,0.9641666666666666,3,trajectory,-9.736481392100684,-6.69613065467972,0.025554448200376355,0.8862217001142805,0.33183218524223773
pattern_uniform_n16,highspeed,neural_flow,17.0,1200,200,0.9717257008949916,-0.12456310587782903,-0.1428696711416722,-0.015394329651165183,0.159207099348948,0.56,3,trajectory,-0.4960898238042637,0.07525667867416802,0.7043966807425022,0.05439509483747841,13.548631918430328
pattern_uniform_n16,highspeed,observed_state_flow,17.0,1200,200,0.13276656783439342,-8.769112716017746,-7.0735619539725025,-12.897696505480477,-5.2821516007771026,0.97,3,trajectory,-10.533663601239741,-7.44725198533248,0.033410094768854176,0.8933963940225386,0.6716174554133129
pattern_uniform_n16,highspeed,tpatchgnn,17.0,1200,200,0.9757793336609999,-0.10648384186483983,-0.12557042049439196,0.005827926045607222,0.18038039280332638,0.4825,3,trajectory,-0.4931237420382807,0.12798325463744714,0.696312448879083,0.05153098840078234,13.284134488900502
pattern_uniform_n16,occlusion,cru,17.0,1200,200,1.0111079652110735,0.04797531646343289,0.03999127075080992,0.01773961445551546,0.07870526049195782,0.15333333333333332,3,channel_group,0.014052462722747695,0.10344103876497726,0.8696584199865659,0.00325975007006543,23.830579311847686
pattern_uniform_n16,occlusion,harmonic,,1200,200,3.6232528150066114,5.590986382939,-3.799382966840275,-3.4870533003997415,7.652745593687358,0.6433333333333333,3,channel_group,4.944491186849052,6.458933608378676,2.3205040419031864,0.8136491385207045,4.062629953885141
pattern_uniform_n16,occlusion,hold,,1200,200,1.2613173217132863,1.0082435995324597,-6.703047510061285,-6.094027678809041,4.2925408800751494,0.75,3,channel_group,0.49041382403137657,1.4400074695333978,0.4733122603831483,0.8277609036817254,2.1646057953313114
pattern_uniform_n16,occlusion,kalman,,1200,200,4.817339040542235,6.828072126949767,-4.379865324609354,-4.2302406911699855,4.138630490838755,0.6833333333333333,3,channel_group,5.01849727108294,8.324353956779397,3.586348768359603,0.8072091201075818,3.750669228879948
pattern_uniform_n16,occlusion,latent_ode,17.0,1200,200,1.0006258769830068,0.0027172989419434425,0.0014978906120230204,0.0021782755872099793,0.00764159317598868,0.2625,3,channel_group,0.002530717372420951,0.002977107352085406,0.982512591034174,0.005890848202605762,42.40076211134593
pattern_uniform_n16,occlusion,linear,,1200,200,5.631772004484082,7.506450646001902,-4.369671572131584,-3.8517944514296234,4.389637432139951,0.6591666666666667,3,channel_group,4.858394318532618,9.585292464419787,4.307387686408086,0.7953400898528828,4.058911973062544
pattern_uniform_n16,occlusion,local_dynamics,17.0,1200,200,1.035387270894959,0.1510282143967469,-6.912846443113562,-5.966197270820221,3.6540746085306655,0.7591666666666667,3,channel_group,0.03104472870650169,0.2626682225419812,0.38515228568165183,0.8247446681376702,2.7307807589097015
pattern_uniform_n16,occlusion,neural_flow,17.0,1200,200,1.0006920420130094,0.0030044607882732744,0.0061724946768427,0.0006256187375819654,0.012713128879466684,0.48333333333333334,3,channel_group,-0.0012186856793617677,0.0071962190009137155,0.9702908916274706,0.007206579308009345,37.10945240577062
pattern_uniform_n16,occlusion,observed_state_flow,17.0,1200,200,0.6437990247322402,-1.9124968554684407,-3.981747027382523,-2.2696055092518606,0.9353592898760019,0.8091666666666667,3,channel_group,-3.154085722121715,-0.788527036495918,0.401619173179303,0.8231049762792342,11.510386625042496
pattern_uniform_n16,occlusion,tpatchgnn,17.0,1200,200,0.9998379782338938,-0.0007037085992762089,-0.0006558344800429883,-0.0007028609124621514,0.003483423335924064,0.6066666666666667,3,channel_group,-0.002688624814549409,0.0012426846670255441,0.9805321914454301,0.0054161185818019895,41.24968235174815
pattern_uniform_n16,sweep_turn,cru,17.0,1200,200,0.8514398474867145,-0.6984602864955565,0.5990968527221031,-1.2273737844795292,2.3940140252699487,0.5991666666666666,3,trajectory,-5.924776329701898,1.289262734044394,0.17649262722271183,0.3812261125243828,1.8198700657517959
pattern_uniform_n16,sweep_turn,harmonic,,1200,200,0.17931595716640003,-7.46381061241202,-5.44577197630018,-12.38642461871372,-3.2932329000349987,0.9766666666666667,3,trajectory,-12.229218160093378,-5.651082977591938,0.04897640391644013,0.8755442612550299,0.5744625846808776
pattern_uniform_n16,sweep_turn,hold,,1200,200,0.08971520965740026,-10.471339236189237,-8.619833049783638,-14.529856051608856,-6.520731951727699,0.9933333333333333,3,trajectory,-14.191720967342567,-9.144168177313754,0.01668012375343243,0.9211572465594023,0.19262026775324104
pattern_uniform_n16,sweep_turn,kalman,,1200,200,0.07968967358745425,-10.98597952061155,-8.338415227078638,-16.50082997861427,-8.95166149258515,0.9925,3,trajectory,-16.17354716600086,-8.616282281638387,0.03185463824000176,0.9552581275588212,0.4098691004881645
pattern_uniform_n16,sweep_turn,latent_ode,17.0,1200,200,0.7726571362962326,-1.1201317988175243,-0.30188043425029265,-1.0751731738080772,0.8670374609150996,0.55,3,trajectory,-4.211235555954306,-0.12651971805136214,0.26011391742775836,0.31720009604549215,4.273827337905144
pattern_uniform_n16,sweep_turn,linear,,1200,200,0.08429211227065626,-10.742130630692174,-8.06106857729318,-16.408064298838784,-8.829926538117151,0.9916666666666667,3,trajectory,-16.286384313809577,-8.376085750588016,0.033637704845435365,0.9541677171833969,0.45164038983732707
pattern_uniform_n16,sweep_turn,local_dynamics,17.0,1200,200,0.08334454298884333,-10.79122830478063,-8.835612947188542,-14.702150984024872,-7.280615181294244,0.9933333333333333,3,trajectory,-14.643022246239138,-9.302181371759717,0.016599502533235815,0.9277355300345032,0.16986930477090936
pattern_uniform_n16,sweep_turn,neural_flow,17.0,1200,200,0.966046055306991,-0.15002168523530107,0.09355194672037392,-0.023323552808892735,0.41408978685872844,0.5166666666666667,3,trajectory,-0.7562594466099772,0.18285803312619156,0.49586521110186976,0.08572007372912062,9.230489238500596
pattern_uniform_n16,sweep_turn,observed_state_flow,17.0,1200,200,0.07255706075997594,-11.3932031858272,-9.366033758870639,-14.923232401912449,-8.315288841557255,0.9941666666666666,3,trajectory,-15.074678256811218,-9.68394375468735,0.018990367581735227,0.9363532832002965,0.31887564891155
pattern_uniform_n16,sweep_turn,tpatchgnn,17.0,1200,200,1.0371652679145336,0.1584796489868074,0.17306392807575025,0.15991458636213823,0.37643060989998806,0.1725,3,trajectory,0.13391967173110197,0.17450147059342572,0.6936861596008141,0.00785666537161049,12.658032269477845
pattern_uniform_n16,uturn,cru,17.0,1200,200,0.858468995001167,-0.6627538546877489,-0.923039916263553,-0.08009696912942676,1.229653765704324,0.5216666666666666,3,trajectory,-4.39143755928312,1.0985362039119473,0.2511681120314946,0.27059162205844095,3.8756181642059526
pattern_uniform_n16,uturn,harmonic,,1200,200,0.2091242662655471,-6.795955697946805,-6.0280067692830475,-11.327691501460905,-3.233036394341381,0.955,3,trajectory,-8.319573463170842,-5.607441426281435,0.08552296865478028,0.8835960582294501,0.7550117609140944
pattern_uniform_n16,uturn,hold,,1200,200,0.13111870190712574,-8.823353589903554,-8.773900787991067,-12.77105455247191,-4.668983009644818,0.9908333333333333,3,trajectory,-9.383022002714652,-7.8906608682622,0.03402321523058461,0.88899920253801,0.27935138371872503
pattern_uniform_n16,uturn,kalman,,1200,200,0.141990944991309,-8.477393504458018,-7.707864709845341,-13.84967488708475,-5.397506019899147,0.9766666666666667,3,trajectory,-9.102334007394468,-7.454449418973711,0.07251082427726482,0.9238840708307301,0.6515670003533524
pattern_uniform_n16,uturn,latent_ode,17.0,1200,200,0.7167666952994962,-1.4462218245263099,-1.5422406434188893,-0.1252414530307167,0.31197038590578463,0.5733333333333334,3,trajectory,-6.380785715832257,0.26620280285783526,0.3050550785016579,0.32814357371699165,5.444055423387327
pattern_uniform_n16,uturn,linear,,1200,200,0.15562452001532312,-8.079219750301839,-7.184372665137541,-13.52842600020999,-5.258122173296611,0.9733333333333334,3,trajectory,-9.165235725807152,-6.7786568902193265,0.08040937397619922,0.9218831150443293,0.7001474732859909
pattern_uniform_n16,uturn,local_dynamics,17.0,1200,200,0.11373613249163095,-9.441015436774899,-9.285501935991238,-13.431063856687231,-5.468191210165635,0.9925,3,trajectory,-10.212821391369417,-8.538832339328534,0.03294217051081124,0.9062168381386436,0.28406369585512947
pattern_uniform_n16,uturn,neural_flow,17.0,1200,200,0.8928655275950829,-0.4921394427046162,-0.5379452964820356,0.3244648535349571,0.5466512459617078,0.4275,3,trajectory,-2.3803199242741773,0.4825107603773877,0.3911376511864364,0.18668862801446987,6.9523631038268405
pattern_uniform_n16,uturn,observed_state_flow,17.0,1200,200,0.10871706163709552,-9.637022940610686,-9.61287628448176,-13.327657874505753,-5.4916486903449115,0.9925,3,trajectory,-10.783396844827509,-8.343240606888594,0.03754464533483159,0.9061188431670113,0.5546582502548699
pattern_uniform_n16,uturn,tpatchgnn,17.0,1200,200,1.0254293382167816,0.10905738736704496,0.08074821855664259,0.21827379680072842,0.3227164321537871,0.3358333333333333,3,trajectory,-0.21599867618907284,0.2994166062901676,0.6419924143453439,0.01824589547252567,11.50948521455129
stale_100,climb_descent,cru,17.0,1200,200,0.7104466449686636,-1.4846853232592494,-2.3690761523071973,-5.323095475441302,2.595362269602232,0.6125,3,trajectory,-7.629582340439941,1.699333409511736,0.15052510215435172,0.48870245895486125,2.0366981737564007
stale_100,climb_descent,harmonic,,1200,200,0.15033871100938992,-8.229291776758558,-6.924994159288426,-10.860144524551437,-4.439846683540997,0.9925,3,trajectory,-12.279964929859721,-6.207027483154665,0.028176766159861727,0.8767285176490744,0.37237255550297654
stale_100,climb_descent,hold,,1200,200,0.10072369821151364,-9.968683368778787,-8.802688941639204,-12.774555554370611,-6.393916927704499,1.0,3,trajectory,-13.333577428477286,-8.06141487581548,0.017728640679318487,0.9107816542685032,0.25429975391173987
stale_100,climb_descent,kalman,,1200,200,0.11940138046033094,-9.229906520773492,-8.010795446692935,-13.84818463340197,-5.3728846161720725,0.9858333333333333,3,trajectory,-11.829317811407787,-7.379963871558032,0.06359409361806073,0.9333270651598772,0.6681929968182522
stale_100,climb_descent,latent_ode,17.0,1200,200,0.6331889647742113,-1.9846666263379502,-2.4327039236017662,-3.0600784783029154,0.7635715709426473,0.6358333333333334,3,trajectory,-5.805919086208782,0.5343235950904647,0.2838293840984503,0.43354667987038437,5.039555702572688
stale_100,climb_descent,linear,,1200,200,0.08974855713944024,-10.46972524715284,-9.186078418480365,-14.79401816445277,-6.751139709060296,0.9916666666666667,3,trajectory,-12.591427160707045,-8.528568472148603,0.04722485082122143,0.9489231395969788,0.6480477662145858
stale_100,climb_descent,local_dynamics,17.0,1200,200,0.08030324565775417,-10.952669012622067,-9.724663502011262,-13.697449630021348,-7.338932578009912,1.0,3,trajectory,-14.576433031950803,-8.94200159624696,0.018889789356459564,0.9311485183984041,0.258759042211459
stale_100,climb_descent,neural_flow,17.0,1200,200,0.7672792590719958,-1.1504654139567991,-1.4774855965727327,-0.5283949558387195,0.6525790588162731,0.565,3,trajectory,-2.406312182777973,0.42323308359941525,0.3632558886210124,0.2861708728710043,6.32356082846721
stale_100,climb_descent,observed_state_flow,17.0,1200,200,0.06830596081388644,-11.655413953577076,-10.614831905150186,-13.592275844504186,-8.14210827838843,1.0,3,trajectory,-14.179930053264444,-9.936415313416648,0.027974456622808504,0.942311046347022,0.7835069778840988
stale_100,climb_descent,tpatchgnn,17.0,1200,200,0.9815512544413407,-0.08087017572007948,-0.15528764489984828,-0.1564867955017703,0.4698036288909354,0.5641666666666667,3,trajectory,-0.4307359559377151,0.3657294734681267,0.6643659320970376,0.06172466017245213,11.773939437866211
stale_100,cruise,cru,17.0,1200,200,0.3143070759670809,-5.026458416395457,-4.39429140504271,-5.612769910148141,-2.10990065870183,0.9941666666666666,3,trajectory,-6.053481432043477,-4.514151116607788,0.10266612676903601,0.6987284216812502,1.4066580155507835
stale_100,cruise,harmonic,,1200,200,0.09817430374872245,-10.080021700591749,-9.098096665797756,-14.748327310692957,-5.728443083523166,0.9975,3,trajectory,-11.55758718102913,-9.08996147229689,0.033346463254129,0.9236662815262874,0.46378683918759633
stale_100,cruise,hold,,1200,200,0.0951749918396429,-10.214771517502456,-9.521906643587194,-13.513021294452125,-5.796986364201023,1.0,3,trajectory,-11.729126303142268,-9.268020215511486,0.01115225560753359,0.9097734775394202,0.1435927494950495
stale_100,cruise,kalman,,1200,200,0.06402454932433703,-11.936534698941664,-10.753765607488834,-17.066489240499564,-7.722922419424644,0.9966666666666667,3,trajectory,-14.196827156841243,-10.976074243644227,0.035170059348310995,0.9578229488929113,0.5661490402810644
stale_100,cruise,latent_ode,17.0,1200,200,0.40984991119864084,-3.873751546750664,-3.546811378848218,-3.853219476772149,-0.9391435235744221,0.9933333333333333,3,trajectory,-4.435751753598124,-3.478895288329848,0.1593635389038051,0.6023458476395657,2.942700875114145
stale_100,cruise,linear,,1200,200,0.06784800923865983,-11.68462890662294,-10.539462999747338,-16.85150224357202,-7.381236554680518,0.9958333333333333,3,trajectory,-13.862211896745896,-10.646284136071584,0.0387953104745732,0.9571921036144098,0.6301724000143197
stale_100,cruise,local_dynamics,17.0,1200,200,0.06655949230092417,-11.76789999393835,-10.843362330351658,-14.994053346109059,-7.86067655871007,1.0,3,trajectory,-13.71191011515198,-10.908859358402324,0.014607450911316799,0.9386556726694107,0.1373448047072573
stale_100,cruise,neural_flow,17.0,1200,200,0.7059325560803215,-1.5123678892170873,-1.0698927415054278,-1.3174302027517382,0.09558110210471789,0.815,3,trajectory,-2.026686881655518,-1.0469297892084155,0.335764727126807,0.3183522207139868,6.03555155903101
stale_100,cruise,observed_state_flow,17.0,1200,200,0.058284230386683046,-12.34448933790927,-11.515409243876846,-15.253127023525472,-8.330989698728882,1.0,3,trajectory,-13.742714735954761,-11.732662786314334,0.02320849410015697,0.9471163284281889,0.7468541869862626
stale_100,cruise,tpatchgnn,17.0,1200,200,0.9730566410720348,-0.11861878961786011,-0.10151364022824447,-0.1509279700706762,0.030047172070719497,0.7858333333333334,3,trajectory,-0.14067895430872052,-0.08082400187309684,0.8296204555034637,0.0493225068614583,19.629631258646647
stale_100,highspeed,cru,17.0,1200,200,0.5479798929703732,-2.6123537679340627,-2.0023655766877537,-3.903861088559406,0.4316880189049213,0.815,3,trajectory,-5.7483571096689365,-0.79520365680705,0.19274894362005093,0.5219440956636165,2.6615948357770685
stale_100,highspeed,harmonic,,1200,200,0.5149592599441772,-2.882271280098761,-0.9951527245063235,-9.433751513054585,-0.16906978572434045,0.9025,3,trajectory,-6.510428361555918,-0.6835117944222888,0.20506009609674944,0.8313329117534886,1.3884894314038683
stale_100,highspeed,hold,,1200,200,0.25596280312379044,-5.918231423905526,-4.250538569941542,-9.647668342346652,-1.926659402565539,0.9375,3,trajectory,-7.658418729309641,-4.572637817383846,0.02534091039323049,0.8139240182743758,0.602315604817777
stale_100,highspeed,kalman,,1200,200,0.43636492745574895,-3.6015016281454266,-1.5323364640823414,-12.296442018997524,-0.9787564188046595,0.915,3,trajectory,-7.545827889605585,-1.227424299552311,0.1869666029378944,0.8705825593066364,1.24553383392756
stale_100,highspeed,latent_ode,17.0,1200,200,0.6256707509296636,-2.0365414709497127,-1.6158772278602942,-2.273647740662745,0.1943172849904207,0.8533333333333334,3,trajectory,-4.465349386445344,-0.664808662279551,0.26234888018264124,0.41434396305948346,4.737145888066346
stale_100,highspeed,linear,,1200,200,0.4795395719511119,-3.1917554872086518,-1.1360267367948937,-11.926894524801606,-0.4319183097749357,0.9091666666666667,3,trajectory,-7.186526131635395,-0.7930176753686176,0.21523040777030475,0.8664068392869861,1.3563073612657899
stale_100,highspeed,local_dynamics,17.0,1200,200,0.23702464345144109,-6.252064980464935,-4.441956873554146,-10.545858890186448,-2.4659147195302897,0.945,3,trajectory,-8.234028387361679,-4.807372509871253,0.03297134116374456,0.8354472251705193,0.5475317559021642
stale_100,highspeed,neural_flow,17.0,1200,200,0.9716896956662336,-0.12472402744095631,-0.14271852375768948,-0.014208606181137704,0.15487472723526075,0.5575,3,trajectory,-0.49927696017699974,0.07680381035204004,0.7037887259821097,0.054398976861598905,13.53699718316396
stale_100,highspeed,observed_state_flow,17.0,1200,200,0.19652973892555262,-7.065717227743997,-5.369160430366212,-10.080538746044846,-3.4417327715021684,0.9658333333333333,3,trajectory,-9.059754746303014,-5.659493677240603,0.04730159401408547,0.8447599882337696,1.1503210550461276
stale_100,highspeed,tpatchgnn,17.0,1200,200,0.9757846473654112,-0.10646019198682696,-0.12539965429932656,0.005846808179514109,0.1831579514572411,0.4875,3,trajectory,-0.4959967739227497,0.1296866120422384,0.6957340887685617,0.05150657388415117,13.273084576129913
stale_100,occlusion,cru,17.0,1200,200,1.015841625034809,0.06826004468706116,0.04103230408585536,0.01959334847291936,0.09334160899235822,0.16916666666666666,3,channel_group,0.025699068409222946,0.14192527237891472,0.8595596230526765,0.0038058302532535007,23.605906933148702
stale_100,occlusion,harmonic,,1200,200,4.7013971737828495,6.722269419127907,-3.0674626823935296,-2.497905886446385,9.226300051141909,0.5808333333333333,3,channel_group,6.327018173118933,7.420243922592212,3.038940873564667,0.7934388359812147,4.593597778378365
stale_100,occlusion,hold,,1200,200,2.3108655254729094,3.6377467362956435,-5.176681968160047,-4.187359791426097,5.515235841558157,0.6441666666666667,3,channel_group,2.2750092505878965,4.960718962850307,1.069538915187683,0.8081256413902156,3.2237032626445097
stale_100,occlusion,kalman,,1200,200,9.915996557118682,9.963363673066937,-2.6246375309772594,-2.4410981742386983,8.961234534851224,0.5766666666666667,3,channel_group,6.735988088400761,12.432992882540928,7.807947535514734,0.8031599301703681,3.7722380617543725
stale_100,occlusion,latent_ode,17.0,1200,200,1.0006338321665922,0.002751826118180506,0.0012728363320136367,0.0019285940666357582,0.008121268851453011,0.2658333333333333,3,channel_group,0.0024770395202711524,0.003205287672602543,0.9823319768408935,0.005473254081651125,42.47395445187887
stale_100,occlusion,linear,,1200,200,10.925117576866178,10.384261195746706,-2.505810215631261,-2.2845186109380933,9.649493989796765,0.5658333333333333,3,channel_group,6.686801134719024,12.948057596288535,8.720447399568512,0.7933362421311904,4.020654044334273
stale_100,occlusion,local_dynamics,17.0,1200,200,1.6809422495456723,2.2555279307393064,-5.336828029930735,-3.87836092572458,4.381103562071184,0.67,3,channel_group,2.0762480412259365,2.3486967862567596,0.7207243471374386,0.8023217718489468,4.191664155358351
stale_100,occlusion,neural_flow,17.0,1200,200,1.000762771864732,0.003311413352066068,0.0061181267934125975,0.0003737772905158056,0.012409743974068568,0.4866666666666667,3,channel_group,-0.0009409375938994255,0.007272565144834288,0.9698015751938025,0.007188437578902975,37.358227980136874
stale_100,occlusion,observed_state_flow,17.0,1200,200,1.0286733465145033,0.12277487174320158,-1.6606190889974712,-0.5911835995252437,1.056467221249236,0.745,3,channel_group,-1.3797975324932408,1.6450049885791183,0.7492813507777949,0.7878172390838154,18.773450565586487
stale_100,occlusion,tpatchgnn,17.0,1200,200,0.9998672827084859,-0.0005764221250149099,-0.0006545791228290287,-0.000671922283632443,0.003680253262875732,0.6041666666666666,3,channel_group,-0.0025344192409831397,0.0014301041506404487,0.9801779995858669,0.005412371981807713,41.47597616195679
stale_100,sweep_turn,cru,17.0,1200,200,0.8360332234265904,-0.777764636325869,0.48223972303116514,-1.1588952972008828,2.2722186645286007,0.5983333333333334,3,trajectory,-5.971900459392431,1.2096054552478215,0.176663284888491,0.3790302550539972,1.9567960516990084
stale_100,sweep_turn,harmonic,,1200,200,0.15239223122144416,-8.170371722592542,-5.903444632072975,-12.666597400453007,-4.592527489572963,0.9841666666666666,3,trajectory,-13.013772641956065,-6.23550773378849,0.0482821839474066,0.9048921447920051,0.6988779049865116
stale_100,sweep_turn,hold,,1200,200,0.12851544087561095,-8.910446895762046,-7.122896020887355,-12.355729222835976,-4.957985783176555,0.9891666666666666,3,trajectory,-12.58123374736564,-7.802836419495266,0.017464507363729308,0.8882405630535989,0.30161353154289827
stale_100,sweep_turn,kalman,,1200,200,0.11188205494299225,-9.512395655199752,-6.912279372374311,-15.300453916150136,-6.535246043197662,0.9883333333333333,3,trajectory,-14.93238142274585,-7.2879156629822734,0.04446856369601539,0.9390439145488805,0.5624982465141026
stale_100,sweep_turn,latent_ode,17.0,1200,200,0.7739801138763627,-1.1127019764360682,-0.3011446613486423,-1.0273261716642825,0.7792267967933822,0.5525,3,trajectory,-4.11731254977867,-0.10709637321867826,0.27382776914785306,0.3093658619761506,4.563978369068354
stale_100,sweep_turn,linear,,1200,200,0.11776698584485222,-9.2897644023582,-6.685758829596064,-15.181814924170512,-6.383172836948259,0.9883333333333333,3,trajectory,-14.771343796248857,-7.054459785118617,0.049003020688778584,0.9385213644240882,0.622245332384579
stale_100,sweep_turn,local_dynamics,17.0,1200,200,0.11750758511441134,-9.299340987793792,-7.385560865660821,-12.766175398293754,-5.537550746903763,0.9891666666666666,3,trajectory,-13.084793616634405,-8.019125991681332,0.017803026309235623,0.8993656775478788,0.26248563111374096
stale_100,sweep_turn,neural_flow,17.0,1200,200,0.9676781236628691,-0.142690769512601,0.10637918819835387,-0.015339065871708177,0.4047853974608131,0.5191666666666667,3,trajectory,-0.7578162550425507,0.20651733631329897,0.49554365035146475,0.08546684912461695,9.22655696650346
stale_100,sweep_turn,observed_state_flow,17.0,1200,200,0.09923067244097178,-10.033540656190922,-8.07063881265217,-13.176506630648024,-6.600455049883456,0.9925,3,trajectory,-13.515705745470628,-8.53139913209986,0.023239773120427902,0.9128426878517105,0.5246795837129563
stale_100,sweep_turn,tpatchgnn,17.0,1200,200,1.0371387620766959,0.15836865909385706,0.17186600289141915,0.15826781513770002,0.3778594338417917,0.17333333333333334,3,trajectory,0.13084760695163866,0.17774314418119003,0.694181541254123,0.007855106577824194,12.677819176514943
stale_100,uturn,cru,17.0,1200,200,0.8741507523941497,-0.5841366429103596,-0.8036848105549608,-0.001416331031457737,1.2279331179860484,0.5016666666666667,3,trajectory,-4.009865003637733,1.1037743385762995,0.2540999366793161,0.258588401845769,3.917308526401757
stale_100,uturn,harmonic,,1200,200,0.23020005865217777,-6.37894570053256,-5.337676954383755,-10.930530594831325,-4.547701978816378,0.9575,3,trajectory,-8.110535955719858,-4.658470224252994,0.11214398282756514,0.889172763525227,0.9232717333066618
stale_100,uturn,hold,,1200,200,0.17233547607916988,-7.636253117597179,-7.179179894643674,-10.880654964023933,-4.346944042747661,0.975,3,trajectory,-8.136522837126686,-7.3323501520302194,0.032859750113905906,0.8591779449341508,0.38705435066835586
stale_100,uturn,kalman,,1200,200,0.21535965800099802,-6.668356471310676,-5.7768430152874695,-11.982151065435374,-3.504193508590095,0.9641666666666666,3,trajectory,-7.580470587504625,-5.458124038382671,0.11049312204229556,0.8977377167060331,0.85915889381511
stale_100,uturn,latent_ode,17.0,1200,200,0.730597537253052,-1.3632179607046475,-1.4065408168932212,-0.15616201303320487,0.3076488385011107,0.5641666666666667,3,trajectory,-5.706928821198476,0.24386240273810134,0.30928579420161745,0.31475646690239956,5.530555507680401
stale_100,uturn,linear,,1200,200,0.23476734718249645,-6.293623074440085,-5.340451853159464,-11.850653178521341,-3.0397426696896557,0.9591666666666666,3,trajectory,-7.408033803202269,-4.956280734459107,0.12487521261180211,0.8950410163538618,0.9314307776909846
stale_100,uturn,local_dynamics,17.0,1200,200,0.1480248926478816,-8.296652452093099,-7.722381983541288,-11.625128169833934,-5.081389960693741,0.9833333333333333,3,trajectory,-8.813901137782914,-7.865797742016331,0.035903875593006236,0.8845561914074157,0.3954452356370651
stale_100,uturn,neural_flow,17.0,1200,200,0.8997079739222924,-0.4589843044322388,-0.4824269520837304,0.3292134045678984,0.5521245071147678,0.41833333333333333,3,trajectory,-2.242121464617216,0.4804127049717508,0.39211704809839526,0.18191190216822634,6.982459748784701
stale_100,uturn,observed_state_flow,17.0,1200,200,0.1356659900870484,-8.675290113582811,-8.283182131492566,-11.661120828665489,-5.136118801922816,0.99,3,trajectory,-8.974668967412775,-8.499950395568888,0.04159071340274138,0.884813807625178,0.8320118778202837
stale_100,uturn,tpatchgnn,17.0,1200,200,1.0255085978408653,0.1093930583475193,0.08111864747345486,0.21642559708063352,0.32333420699681126,0.3358333333333333,3,trajectory,-0.2150451091185693,0.2999870864535585,0.6419401939213276,0.01824480847638365,11.50984309911728
stale_50,climb_descent,cru,17.0,1200,200,0.7042437089886516,-1.5227702387888384,-2.4293543409974734,-5.660085203892999,2.5750608571225366,0.6066666666666667,3,trajectory,-7.9168588382978395,1.7014713418899117,0.14968639859619237,0.4938248559471928,1.9938531838605802
stale_50,climb_descent,harmonic,,1200,200,0.11252973488112422,-9.487327043216563,-8.192257617341381,-13.166860205630709,-5.488031246112397,0.995,3,trajectory,-13.285872318947689,-7.412941798447186,0.028869146798557826,0.9124273138244947,0.4126761360694218
stale_50,climb_descent,hold,,1200,200,0.08323383646632763,-10.797000871313582,-9.657392271348806,-14.003808357085859,-7.078374191677738,1.0,3,trajectory,-14.314469059225026,-8.967283878473854,0.0166599555449829,0.9250702880322933,0.22910374340749817
stale_50,climb_descent,kalman,,1200,200,0.08849025554387477,-10.531045507318415,-9.380136968445063,-14.957749170963798,-6.596176791652802,0.9908333333333333,3,trajectory,-13.05440595615142,-8.796171811691387,0.04757547313874961,0.9467592808852593,0.520995619908305
stale_50,climb_descent,latent_ode,17.0,1200,200,0.6232132296450437,-2.053633359823857,-2.5280553419554437,-3.324247832714509,0.7654592174585912,0.6391666666666667,3,trajectory,-6.068563438157623,0.5301356967816674,0.2792453386634588,0.4409038077034711,4.93296407591862
stale_50,climb_descent,linear,,1200,200,0.06836605209665621,-11.651594983819729,-10.369181649246439,-15.970122132042878,-8.156291882926162,0.9991666666666666,3,trajectory,-14.239978340359354,-9.735487767824601,0.03535823648768802,0.959194941719373,0.5185010915861827
stale_50,climb_descent,local_dynamics,17.0,1200,200,0.06540455714052461,-11.843919906354882,-10.673504958584077,-14.568313224825825,-8.34874222954618,1.0,3,trajectory,-15.466984735784546,-9.970692470202609,0.016192514036568607,0.9423579195638497,0.22343810343081713
stale_50,climb_descent,neural_flow,17.0,1200,200,0.7621302763683101,-1.179707852589075,-1.512600849731255,-0.6454682967832939,0.6441587336863626,0.5716666666666667,3,trajectory,-2.480219269664753,0.4197363712522001,0.3628593759797514,0.29012631097979463,6.30438700179259
stale_50,climb_descent,observed_state_flow,17.0,1200,200,0.05599169696060315,-12.518763699856756,-11.506201653737902,-14.778316489955987,-9.158388497737281,1.0,3,trajectory,-15.331413307278732,-10.89134017186332,0.022759007931163023,0.9516160753866036,0.6306520522332478
stale_50,climb_descent,tpatchgnn,17.0,1200,200,0.9814729624986649,-0.08121659792319047,-0.15548567918278294,-0.156552542765847,0.4672562531800908,0.565,3,trajectory,-0.43069191939923945,0.3650037196347875,0.6642088498175144,0.06171497527968308,11.766310299237569
stale_50,cruise,cru,17.0,1200,200,0.3056102182964484,-5.148321289066504,-4.494612530518677,-5.668021230419347,-2.2551742235043855,0.995,3,trajectory,-6.1724110371091445,-4.61180090925149,0.10521415397447219,0.706543538843592,1.3931517795679005
stale_50,cruise,harmonic,,1200,200,0.07748081750270401,-11.108058056731089,-9.920889068315894,-16.767506331395495,-6.600753529495486,1.0,3,trajectory,-13.454263379073367,-9.933137286627677,0.02694702549813272,0.9391733565926552,0.407549232483337
stale_50,cruise,hold,,1200,200,0.07745537933777082,-11.109484147597497,-10.349830804934541,-15.147698008198157,-6.548673007670256,1.0,3,trajectory,-12.760728365659002,-10.182152211378682,0.011142963958870145,0.9262115842103958,0.11821114575530368
stale_50,cruise,kalman,,1200,200,0.04928220022605572,-13.073099111377822,-11.9736822317595,-18.340812404876424,-8.774813692817672,1.0,3,trajectory,-15.281635564948354,-11.991323271239997,0.027570267341579847,0.9664554985860984,0.4745729347473146
stale_50,cruise,latent_ode,17.0,1200,200,0.39432948431310555,-4.041407491865854,-3.7243270799016233,-4.017080348484237,-1.052460393473284,0.995,3,trajectory,-4.484089576705605,-3.7058854587123307,0.1567870527335132,0.6166869948913033,2.8288619683512177
stale_50,cruise,linear,,1200,200,0.051257115315772005,-12.902458389963837,-11.8469699041561,-18.03075619042464,-8.638563303590145,0.9991666666666666,3,trajectory,-15.048907827447442,-11.721251060537307,0.02935478908099559,0.9661707165340583,0.5222667534650343
stale_50,cruise,local_dynamics,17.0,1200,200,0.05493456351240937,-12.601543218609482,-11.634126055844243,-16.51532447516714,-8.634342905061262,1.0,3,trajectory,-14.656306447016235,-11.760636654772414,0.01307242960224049,0.9488275669515133,0.11269978060867283
stale_50,cruise,neural_flow,17.0,1200,200,0.7008349326377113,-1.5438425918915557,-1.1006524159150048,-1.3307215858047123,0.08140585930433052,0.8266666666666667,3,trajectory,-2.034794963704033,-1.0655371066431356,0.3352530802972615,0.32264237725562755,6.0227278087536495
stale_50,cruise,observed_state_flow,17.0,1200,200,0.04797345115977801,-13.189990377205795,-12.319734729496632,-16.7418182295849,-8.94106281495106,1.0,3,trajectory,-14.76986082223944,-12.546944860518046,0.01924057902649409,0.9561372335255146,0.5935288232782234
stale_50,cruise,tpatchgnn,17.0,1200,200,0.9730110011001428,-0.11882249464353357,-0.10173213161365018,-0.15087115099815696,0.029865107178504786,0.7858333333333334,3,trajectory,-0.14103044093632053,-0.0810758226179139,0.8294178491830826,0.04931074175348381,19.61832044760386
stale_50,highspeed,cru,17.0,1200,200,0.5338317840111753,-2.7259557215636327,-2.142566253232954,-4.111138913115203,0.4137595017384712,0.8158333333333333,3,trajectory,-6.06791913140161,-0.8179123191798745,0.18729232457932085,0.5343863511262003,2.5356081456764756
stale_50,highspeed,harmonic,,1200,200,0.42064483960092425,-3.7608443456624734,-1.8328871123448867,-11.229267284537231,-0.8373877049687624,0.9141666666666667,3,trajectory,-7.640883521640055,-1.5206575038041226,0.16797114297204943,0.8610721918100899,1.2084204291615848
stale_50,highspeed,hold,,1200,200,0.2052061656800409,-6.878095944345352,-5.206213468864038,-11.202691248044367,-2.63349734584509,0.9533333333333334,3,trajectory,-8.553973431198855,-5.584104059199921,0.023333306675922313,0.8494262839531984,0.48084779199392264
stale_50,highspeed,kalman,,1200,200,0.36022864377759106,-4.434217569802406,-2.351575014778425,-13.379652334878328,-1.7945182040140166,0.9233333333333333,3,trajectory,-8.559041950902218,-2.058564193244568,0.15386665617838535,0.8891028623236585,1.0662733447886907
stale_50,highspeed,latent_ode,17.0,1200,200,0.6091811655803273,-2.152535324715507,-1.787060749660461,-2.4233961365136434,0.10890546683513139,0.86,3,trajectory,-4.85187516809866,-0.6890303415943626,0.25699290168937294,0.4277834680620947,4.624791676115929
stale_50,highspeed,linear,,1200,200,0.3947633784991558,-4.036631428651915,-1.9543990243738376,-12.850599171285491,-1.4762985174646746,0.9175,3,trajectory,-8.226089802392057,-1.6478068757864326,0.17195992465436877,0.883878234049868,1.1579827771610387
stale_50,highspeed,local_dynamics,17.0,1200,200,0.19306856264447558,-7.142884366376654,-5.328090265544198,-11.894834885163903,-3.221343329755592,0.9616666666666667,3,trajectory,-9.03528882966672,-5.781785892657122,0.028780731312350885,0.8635419000624945,0.43794477381580993
stale_50,highspeed,neural_flow,17.0,1200,200,0.9716995733479659,-0.12467987959328901,-0.14278978648509802,-0.014633783647167654,0.15769405543817466,0.5575,3,trajectory,-0.49775084469724146,0.07615092361339561,0.7041300256550312,0.05439341595318216,13.544355047543844
stale_50,highspeed,observed_state_flow,17.0,1200,200,0.16112551039201203,-7.928356939359285,-6.222495787503,-11.569557496673177,-4.527337573790657,0.9675,3,trajectory,-9.885049010567556,-6.577395339332974,0.03937630767419852,0.872107021312986,0.9007788401261011
stale_50,highspeed,tpatchgnn,17.0,1200,200,0.9757642268637816,-0.10655107888484769,-0.12547261091938117,0.0057904488033178195,0.1824755253044887,0.4841666666666667,3,trajectory,-0.49476911809825413,0.1288346170647914,0.6960852753122647,0.051527459574845835,13.280961614449819
stale_50,occlusion,cru,17.0,1200,200,1.0136858526865642,0.059033853886761356,0.04057713425875068,0.01968276776021205,0.08833810447597659,0.14416666666666667,3,channel_group,0.01987415760740955,0.12517623776170916,0.8624496652434269,0.00386349857710679,23.496278802355132
stale_50,occlusion,harmonic,,1200,200,4.501900464344072,6.533958886511748,-3.9299181583459584,-3.3601707472022753,8.105302174954462,0.6108333333333333,3,channel_group,5.077725056172321,7.446741308685474,2.9910471065435558,0.8156962262916689,4.279291575466753
stale_50,occlusion,hold,,1200,200,1.7978125200793147,2.5474440055611893,-5.73236924018662,-4.755728869401548,5.324093328349418,0.6808333333333333,3,channel_group,1.6248448542542713,3.5694268457281675,0.7391869224233475,0.816077766660601,2.7168677697260866
stale_50,occlusion,kalman,,1200,200,6.766967382581012,8.303940831482805,-3.5582948866565856,-3.1722275687781476,6.345449285485455,0.6175,3,channel_group,5.647905594213177,10.200212587656782,5.096325930889677,0.8152482772397343,3.484463579381894
stale_50,occlusion,latent_ode,17.0,1200,200,1.0006583726902802,0.002858335442460162,0.0013754131468344056,0.002091341474585435,0.007659888078559377,0.2608333333333333,3,channel_group,0.00256956338300723,0.0034162370210226887,0.9824127452572187,0.0058410857710552945,42.422547942797344
stale_50,occlusion,linear,,1200,200,7.670271539385625,8.848107389123909,-3.5163687426290564,-3.0637588155525366,7.078001516684043,0.6008333333333333,3,channel_group,5.5678041597882135,11.067109459981273,5.9126800771195365,0.8064349016081542,3.7629337143409067
stale_50,occlusion,local_dynamics,17.0,1200,200,1.4485103891502755,1.6092161444102726,-5.89544978975746,-4.622162582278343,4.497202774823274,0.6883333333333334,3,channel_group,1.3769725076013928,2.020337785997101,0.5688193300028798,0.8105687669827603,3.4917137614878935
stale_50,occlusion,neural_flow,17.0,1200,200,1.0007504179577034,0.0032578015779357954,0.006124717794664573,0.0006494300023519022,0.012586243401169142,0.47833333333333333,3,channel_group,-0.0009748626733093439,0.007330434690359061,0.9699425731102626,0.0072042257533693034,37.222513270378116
stale_50,occlusion,observed_state_flow,17.0,1200,200,0.856396949676176,-0.673248882495797,-2.6570031291947496,-1.0688949159064274,1.6898624713335308,0.7575,3,channel_group,-2.2561913425269635,0.730342913319244,0.5481573476813113,0.8072475310676964,15.129991689368616
stale_50,occlusion,tpatchgnn,17.0,1200,200,0.999860926369826,-0.0006040311050009299,-0.0006551161214842677,-0.0006852556435738698,0.003525221386206783,0.6033333333333334,3,channel_group,-0.002569875931477978,0.001395670021187733,0.9802838690578938,0.005390786093379679,41.35166626930237
stale_50,sweep_turn,cru,17.0,1200,200,0.843013898016264,-0.7416526549148672,0.5387055461180932,-1.2062806317451265,2.3191297015649988,0.5975,3,trajectory,-5.965164709438088,1.2501760041394785,0.17769806179217995,0.38078341144409744,1.880237080605487
stale_50,sweep_turn,harmonic,,1200,200,0.1251446593471579,-9.02587679539976,-6.630632648780653,-14.055166482286785,-5.907771374748016,0.9891666666666666,3,trajectory,-14.001574258027736,-6.9145007033151344,0.04200874010418067,0.9228757912161746,0.6365251964006227
stale_50,sweep_turn,hold,,1200,200,0.10522206300342073,-9.778931875966565,-7.9255371278856215,-13.760450355537039,-5.968420834326548,0.99,3,trajectory,-13.4920116137042,-8.503220354054283,0.01644140876895406,0.9084115732073648,0.2447632206626319
stale_50,sweep_turn,kalman,,1200,200,0.09581956649238535,-10.185457983118411,-7.539039012680688,-16.289523391435914,-7.504467322840467,0.9908333333333333,3,trajectory,-15.910573058521587,-7.854815651412331,0.03871977384831851,0.9477532298589358,0.49000258775498273
stale_50,sweep_turn,latent_ode,17.0,1200,200,0.7722298211728533,-1.1225343125283551,-0.3066726353057703,-1.0342625573423914,0.8113965750904538,0.5525,3,trajectory,-4.176532558532488,-0.11818894072299821,0.2673522065455715,0.3138653275242151,4.431009858232768
stale_50,sweep_turn,linear,,1200,200,0.10082555221037177,-9.964293907310992,-7.328018085457071,-16.02635161643616,-7.300476909942164,0.9916666666666667,3,trajectory,-15.765031267059218,-7.684996936512016,0.041416552410313015,0.9465846409961038,0.5359539133440133
stale_50,sweep_turn,local_dynamics,17.0,1200,200,0.09684044789429506,-10.139432105812858,-8.158364466314826,-14.065860871595888,-6.717881619936795,0.9908333333333333,3,trajectory,-13.9945362466171,-8.677472317924886,0.016509704601688355,0.9170393882953795,0.21438190790150352
stale_50,sweep_turn,neural_flow,17.0,1200,200,0.9669506213565667,-0.14595703186815645,0.10025847213042408,-0.02016769875830502,0.41224454917026965,0.5183333333333333,3,trajectory,-0.7556975578095422,0.1948906550462401,0.4962019515037537,0.08547972902806843,9.2371112459898
stale_50,sweep_turn,observed_state_flow,17.0,1200,200,0.08289463403707482,-10.814735814342047,-8.769670603497211,-14.554742307661517,-7.705512561140667,0.9925,3,trajectory,-14.45950214729401,-9.129190661066989,0.020191562268191725,0.9277141813131069,0.4160765511054099
stale_50,sweep_turn,tpatchgnn,17.0,1200,200,1.037176089187463,0.15852496090332885,0.17246646786632985,0.15835092143645113,0.37701179185708733,0.1725,3,trajectory,0.1323244095746131,0.17630610618669454,0.6938895084460577,0.00785187713912587,12.666555571556092
stale_50,uturn,cru,17.0,1200,200,0.8655029623148341,-0.6273144134747297,-0.874339362976027,-0.004053047195723053,1.2344717784268295,0.5008333333333334,3,trajectory,-4.2416751194870495,1.1067282639956584,0.25266985919636986,0.2657495306564879,3.9019945534644647
stale_50,uturn,harmonic,,1200,200,0.19366750681343547,-7.12943238317382,-6.209346708441106,-11.81287015730792,-5.026510194297351,0.9658333333333333,3,trajectory,-8.454977773736502,-5.598266116247821,0.09329636571266743,0.9012345207633916,0.8038289798529392
stale_50,uturn,hold,,1200,200,0.15128563530604874,-8.202023066330165,-7.978619206964643,-11.616498817808024,-4.572865684363145,0.9791666666666666,3,trajectory,-8.487314956142654,-7.861807384449579,0.03435071776272399,0.8754910450239549,0.3466850146012439
stale_50,uturn,kalman,,1200,200,0.1803823660633861,-7.438059207613001,-6.714736172610967,-12.80433817941955,-4.20078420557946,0.9658333333333333,3,trajectory,-8.21713969358918,-6.369431400983928,0.09236493080172291,0.9111966833208377,0.7656536412242834
stale_50,uturn,latent_ode,17.0,1200,200,0.722634141407907,-1.4108152370518678,-1.485396456593112,-0.13393345480204677,0.31118072732965807,0.5666666666666667,3,trajectory,-6.0807187372989535,0.25565640718314964,0.3070577367201137,0.3225340670476483,5.490365753249886
stale_50,uturn,linear,,1200,200,0.19526150049851515,-7.09383377650634,-6.287466588538022,-12.582222381336408,-4.199860080915089,0.9608333333333333,3,trajectory,-7.902959810939461,-5.86234865659107,0.10218372940833124,0.9088260848176045,0.8215571362646976
stale_50,uturn,local_dynamics,17.0,1200,200,0.1284417159019358,-8.912939011609351,-8.562068164872176,-12.353014464272722,-5.630814421013989,0.9883333333333333,3,trajectory,-9.213788666236836,-8.690127055307633,0.033712386591117395,0.8979900721822923,0.35207680430358473
stale_50,uturn,neural_flow,17.0,1200,200,0.8950493259727955,-0.48153030150559595,-0.5221031701240554,0.3314240974119959,0.543980373524048,0.42583333333333334,3,trajectory,-2.3374109458490184,0.4841965871040526,0.39067809721454977,0.185259496765968,6.947973325053851
stale_50,uturn,observed_state_flow,17.0,1200,200,0.120098583115808,-9.204621162325301,-8.99553294304904,-12.456927232952516,-5.443984550289845,0.9925,3,trajectory,-9.836741462841935,-8.513462777681523,0.0388031296501867,0.8981380444233703,0.7107601995975028
stale_50,uturn,tpatchgnn,17.0,1200,200,1.0254411994914214,0.10910762248456947,0.0807381678665601,0.21722596387766516,0.322137167261859,0.3358333333333333,3,trajectory,-0.2156198873027867,0.2996960609771313,0.6420681112507979,0.018249334303666227,11.512706428368887
timestamps_jitter_20,climb_descent,cru,17.0,1200,200,0.7014362084120512,-1.5401181942446622,-2.4573981328854395,-6.028747852395658,2.579984766790095,0.605,3,trajectory,-8.178644810383233,1.71082783647286,0.14940610677159077,0.49716240582122434,1.9508895725260178
timestamps_jitter_20,climb_descent,harmonic,,1200,200,0.06586990477507541,-11.813129643964881,-10.552757199309857,-15.758491402811707,-8.227328541964653,0.9975,3,trajectory,-15.23997857350799,-9.856857739517991,0.029564885119422447,0.955391053184867,0.41728535627922003
timestamps_jitter_20,climb_descent,hold,,1200,200,0.06691904070149268,-11.744502933676582,-10.57117988283119,-15.237701314664053,-8.054780171927291,1.0,3,trajectory,-15.846767320632525,-9.848986380563,0.014962414153790888,0.9388331450273594,0.17640240958629874
timestamps_jitter_20,climb_descent,kalman,,1200,200,0.06431282212028838,-11.91702432659853,-10.764234048342525,-16.22107565067791,-8.42330817028244,0.9991666666666666,3,trajectory,-14.515601472933406,-10.13582981512371,0.034667134757049356,0.9571469831218322,0.41023632711062724
timestamps_jitter_20,climb_descent,latent_ode,17.0,1200,200,0.6137789282978823,-2.1198802545297384,-2.6182671732443428,-3.582358798580974,0.7746669909521493,0.64,3,trajectory,-6.36459025010158,0.5266430787286444,0.2736532230194037,0.4475843649262151,4.802568799547541
timestamps_jitter_20,climb_descent,linear,,1200,200,0.053390675649279684,-12.72534583189718,-11.35015570576744,-16.526828456903644,-9.58513849650246,1.0,3,trajectory,-15.990919473718854,-10.577288184309019,0.027218526361296683,0.9656779940923055,0.4081036984803359
timestamps_jitter_20,climb_descent,local_dynamics,17.0,1200,200,0.054344877321685345,-12.648413872865458,-11.44190263987988,-15.754961638949062,-8.849131475493921,1.0,3,trajectory,-16.99825310902713,-10.705959209623135,0.01470712620726161,0.9511088869472345,0.17858224679703802
timestamps_jitter_20,climb_descent,neural_flow,17.0,1200,200,0.7587721037678421,-1.1988864431262707,-1.5376317535591955,-0.6883609887992416,0.6354087781946473,0.5708333333333333,3,trajectory,-2.529417350522384,0.41933767429141094,0.3618692643195391,0.2929427147789769,6.280699542959531
timestamps_jitter_20,climb_descent,observed_state_flow,17.0,1200,200,0.04737889267201045,-13.244150937199503,-12.154785249288931,-15.754083454408585,-9.372058426694533,1.0,3,trajectory,-16.77084230977878,-11.480431852462768,0.01943380849178837,0.9580435113608837,0.4638329516041025
timestamps_jitter_20,climb_descent,tpatchgnn,17.0,1200,200,0.9813371379176775,-0.08181765317668933,-0.1560193878744668,-0.1565114813365257,0.46656013441222327,0.5641666666666667,3,trajectory,-0.43043061331467847,0.3635188458371216,0.6641621645291647,0.06170230007663723,11.761544728279114
timestamps_jitter_20,cruise,cru,17.0,1200,200,0.3009059430255244,-5.215692346670224,-4.541269284705846,-5.681964096433264,-2.3491670916993206,0.9966666666666667,3,trajectory,-6.230183214595163,-4.6485134483950254,0.10822964073857287,0.7107646176591516,1.3784788885982926
timestamps_jitter_20,cruise,harmonic,,1200,200,0.0512652822679956,-12.901766470466091,-11.674167612817515,-18.64110217701895,-8.573743141525895,1.0,3,trajectory,-15.479021019596962,-11.889245518047948,0.02269741327140456,0.962053895543019,0.3656080871050775
timestamps_jitter_20,cruise,hold,,1200,200,0.059511876849307206,-12.253963530045013,-11.507196023826411,-17.66730167530349,-7.124183109396147,1.0,3,trajectory,-13.95520644761746,-11.216855720382986,0.00916382595914906,0.9431185889244079,0.09464887273818093
timestamps_jitter_20,cruise,kalman,,1200,200,0.0387001016226228,-14.1228789456542,-12.892605323295985,-19.408916183251307,-9.998446237356532,1.0,3,trajectory,-16.72797494537673,-13.135297183060747,0.02147915840847413,0.9726474145551522,0.3765782785093082
timestamps_jitter_20,cruise,latent_ode,17.0,1200,200,0.3805989477969706,-4.195324166969257,-3.8958838431295337,-4.221386076202582,-1.0778796552848313,0.995,3,trajectory,-4.506387561305702,-3.941063014605095,0.15481489496383194,0.6294035716742898,2.7140327126830623
timestamps_jitter_20,cruise,linear,,1200,200,0.03994217551754744,-13.985682842441046,-12.813317578562337,-19.253302407008846,-9.844642159368668,0.9991666666666666,3,trajectory,-16.57875527112268,-12.842514990463673,0.0224008375985431,0.9725408547123273,0.4175479038763297
timestamps_jitter_20,cruise,local_dynamics,17.0,1200,200,0.042876705064942705,-13.67778596148658,-12.717176779398596,-18.70000945473054,-9.17571560230508,1.0,3,trajectory,-15.84764615624537,-12.697262956305602,0.010403616352420262,0.9598820086320241,0.0911857070838929
timestamps_jitter_20,cruise,neural_flow,17.0,1200,200,0.6967728181680044,-1.569087999491616,-1.1230158730170958,-1.3854718899997271,0.08741594708972533,0.8266666666666667,3,trajectory,-2.040424037490075,-1.0822501792013062,0.33530573022241394,0.3260853601092155,6.015111753642559
timestamps_jitter_20,cruise,observed_state_flow,17.0,1200,200,0.03730630118103965,-14.282178079491297,-13.415689894693173,-18.69601702817892,-9.531279231642234,1.0,3,trajectory,-15.96805406211381,-13.552296215849244,0.014852422614828005,0.9657100294530392,0.4382350008117889
timestamps_jitter_20,cruise,tpatchgnn,17.0,1200,200,0.9729886348048846,-0.11892232568597019,-0.1017294484547554,-0.15088669589212067,0.029719491989169986,0.7858333333333334,3,trajectory,-0.14106650547587057,-0.08109772666865708,0.8292313496768474,0.049280172527596686,19.608101574579873
timestamps_jitter_20,highspeed,cru,17.0,1200,200,0.5248854482360185,-2.7993546731264,-2.233595584480673,-4.199249240150529,0.4008691848047519,0.8233333333333334,3,trajectory,-6.254629024518772,-0.836463078161872,0.18256052414265772,0.5419792973333228,2.4189780964615055
timestamps_jitter_20,highspeed,harmonic,,1200,200,0.32845226405103556,-4.835277401549301,-2.8222407629505284,-13.323168432343092,-1.965385174579352,0.9266666666666666,3,trajectory,-8.496656177811285,-2.606118909085215,0.1324446384106886,0.8912422830872947,0.9917853972857847
timestamps_jitter_20,highspeed,hold,,1200,200,0.16584589249576911,-7.802952801801467,-6.146230176398355,-12.683563308619195,-3.6317029630878728,0.9616666666666667,3,trajectory,-9.368301570120089,-6.539181274613109,0.02190657973693604,0.8765461359515287,0.36495254402348415
timestamps_jitter_20,highspeed,kalman,,1200,200,0.2860731578595914,-5.435228899764546,-3.3452534362530346,-14.334535970785902,-2.9740595330763333,0.945,3,trajectory,-9.299778668510125,-3.1392264197147544,0.11824009834789947,0.904939563367631,0.8644114414199547
timestamps_jitter_20,highspeed,latent_ode,17.0,1200,200,0.5963572484441102,-2.244934977312921,-1.9256121020645138,-2.5083725727989794,0.09242983171955702,0.8658333333333333,3,trajectory,-5.190055268971773,-0.7115383044294292,0.25106410528843603,0.4380863974481296,4.495940773571686
timestamps_jitter_20,highspeed,linear,,1200,200,0.31920736509971903,-4.959270966907778,-2.8763522291797967,-13.99644798466911,-2.5126207533510554,0.9316666666666666,3,trajectory,-8.948306082344017,-2.5936825135137926,0.13173501811815636,0.8988863113414057,0.9530537390465239
timestamps_jitter_20,highspeed,local_dynamics,17.0,1200,200,0.15757823414674926,-8.025037706204149,-6.233915943947954,-13.243780470455992,-4.039763817254613,0.9641666666666666,3,trajectory,-9.737143574142276,-6.691188830663223,0.025424131127522998,0.8859826729538327,0.33175889487363747
timestamps_jitter_20,highspeed,neural_flow,17.0,1200,200,0.9717738433678945,-0.12434794750135364,-0.1425841311768418,-0.015396665422772713,0.15773773658350568,0.56,3,trajectory,-0.496019321946555,0.07567996861674992,0.7043203311165174,0.05438955197673119,13.546899514198303
timestamps_jitter_20,highspeed,observed_state_flow,17.0,1200,200,0.13346997905951863,-8.746164076699737,-7.047267910988153,-12.864125258926506,-5.3091011511372574,0.9691666666666666,3,trajectory,-10.528528711277133,-7.422730575473846,0.03334977461462884,0.8929978687841018,0.6695003951571804
timestamps_jitter_20,highspeed,tpatchgnn,17.0,1200,200,0.9758468611041705,-0.10618330484564627,-0.12518826253637402,0.005742110622579805,0.18070886887298532,0.4816666666666667,3,trajectory,-0.49271468938933355,0.1284397627273465,0.6962811142206192,0.05152011659891395,13.28340900182724
timestamps_jitter_20,occlusion,cru,17.0,1200,200,1.0111220860977967,0.04803596854581711,0.03916991166366632,0.018244108285670926,0.0801300813146009,0.145,3,channel_group,0.015298328738707487,0.10296686546088912,0.8685945253074169,0.0032882528421928204,23.68770613193512
timestamps_jitter_20,occlusion,harmonic,,1200,200,3.6447204730811062,5.616642263018701,-4.95144348631851,-5.316851769181094,6.01059006083481,0.6916666666666667,3,channel_group,4.161083600486289,6.203161029473385,2.517316892919674,0.8226354226943416,4.1860722469733265
timestamps_jitter_20,occlusion,hold,,1200,200,1.2613173143885312,1.0082435743119966,-6.703047402707271,-6.094027810503064,4.2925408800751494,0.75,3,channel_group,0.49041375433458056,1.4400074042543722,0.4733122538966078,0.827760903948753,2.1646057811345116
timestamps_jitter_20,occlusion,kalman,,1200,200,4.864064722447365,6.869993451328396,-4.533279822621825,-5.310358440325494,4.529902620651274,0.68,3,channel_group,4.796155897530296,8.540364269257944,3.576826045935644,0.8292690683614152,3.4716135740539174
timestamps_jitter_20,occlusion,latent_ode,17.0,1200,200,1.000653965473175,0.002839207692804408,0.0015394169599060414,0.002248132093162348,0.008173925720661213,0.24916666666666668,3,channel_group,0.0026629848486635996,0.003144313705586835,0.9826601035396259,0.005683366690292512,42.41619366645813
timestamps_jitter_20,occlusion,linear,,1200,200,5.613896231485608,7.492643807762081,-4.482651532189439,-4.779092327965319,4.8060015620680225,0.6716666666666666,3,channel_group,4.8266164041788135,9.6728887892387,4.225077404002077,0.8235155179464103,3.8196102940130126
timestamps_jitter_20,occlusion,local_dynamics,17.0,1200,200,1.0410289233783745,0.17462795878573414,-6.879483220577471,-5.941595665958567,3.6573535745253567,0.7608333333333334,3,channel_group,0.012670217085979105,0.30680800327605556,0.3899162544343199,0.8215228617951895,2.7381161718821327
timestamps_jitter_20,occlusion,neural_flow,17.0,1200,200,1.000693233460188,0.0030096315961275245,0.0060855840133798855,0.0006383010676301549,0.01223958709021339,0.4875,3,channel_group,-0.0011145123587777256,0.007079751152180752,0.9702379274368286,0.00717802270998234,37.113909807205204
timestamps_jitter_20,occlusion,observed_state_flow,17.0,1200,200,0.6458986055563825,-1.8983565306301564,-3.979882861958047,-2.2820901411064107,0.9539830736311355,0.81,3,channel_group,-3.153188857907438,-0.7615304234339926,0.40145207648834913,0.8236588512794212,11.467899545966647
timestamps_jitter_20,occlusion,tpatchgnn,17.0,1200,200,0.9998460852106412,-0.0006684948839626203,-0.0006516277151542155,-0.000692116513541341,0.0035563110088660302,0.605,3,channel_group,-0.0026681019730122693,0.0013144768258319683,0.9804356057941913,0.00537646825369388,41.22105233669281
timestamps_jitter_20,sweep_turn,cru,17.0,1200,200,0.8502220375090838,-0.7046764243575891,0.5915448506370268,-1.2221211699053949,2.3848171494902326,0.5991666666666666,3,trajectory,-5.928540931407244,1.2809161801896998,0.17637432950859266,0.38118856312418753,1.8331493772151104
timestamps_jitter_20,sweep_turn,harmonic,,1200,200,0.09562410041504937,-10.194326374500147,-7.722874270206282,-15.799119402549586,-7.43854305041168,0.9916666666666667,3,trajectory,-15.093372055714367,-8.06724454390722,0.03444533062060444,0.9437298389578549,0.49824843231786264
timestamps_jitter_20,sweep_turn,hold,,1200,200,0.08971520919504954,-10.471339258570769,-8.619833188387107,-14.529856510733287,-6.5207316328163625,0.9933333333333333,3,trajectory,-14.19172094762716,-9.144168215710515,0.016680123833649863,0.9211572467777539,0.1926202441731402
timestamps_jitter_20,sweep_turn,kalman,,1200,200,0.07940110985811766,-11.001734270201649,-8.337779396699208,-16.65902868067053,-8.742766953024178,0.9916666666666667,3,trajectory,-16.737866040872703,-8.61067794937888,0.03139971876231049,0.9547350058091494,0.39876032862221716
timestamps_jitter_20,sweep_turn,latent_ode,17.0,1200,200,0.7723896182576815,-1.1216357223560307,-0.30336354486265726,-1.0666751181555196,0.8625940396553486,0.55,3,trajectory,-4.2131955031128,-0.12826391954525246,0.2603146125562489,0.3172391513930524,4.2774398829291265
timestamps_jitter_20,sweep_turn,linear,,1200,200,0.08297118042730285,-10.810727311763857,-8.116245877322857,-16.41930757459555,-8.299639998370413,0.9916666666666667,3,trajectory,-16.865827219457298,-8.411922043471717,0.032537170847923895,0.9539544446153255,0.4380519006716107
timestamps_jitter_20,sweep_turn,local_dynamics,17.0,1200,200,0.08326597458203039,-10.79532430406778,-8.833206081583182,-14.723393517887375,-7.284904738443569,0.9933333333333333,3,trajectory,-14.670602008362465,-9.301142037347208,0.01647754521541169,0.9278412070072954,0.1698304538273684
timestamps_jitter_20,sweep_turn,neural_flow,17.0,1200,200,0.9658752419551213,-0.1507896595461679,0.09204884913215776,-0.022188696170314704,0.4065710364064478,0.5191666666666667,3,trajectory,-0.7569545560653916,0.1827753679725991,0.49671730120976765,0.08574272896605516,9.243377992709478
timestamps_jitter_20,sweep_turn,observed_state_flow,17.0,1200,200,0.07266481525442633,-11.386758262760141,-9.345964670542692,-14.879832121149974,-8.235121315655725,0.9941666666666666,3,trajectory,-15.19746684718859,-9.664047389074993,0.01894166037229444,0.9363496729484178,0.3195508735578793
timestamps_jitter_20,sweep_turn,tpatchgnn,17.0,1200,200,1.0372015699744224,0.15863165473627344,0.1730472573493958,0.16016482961505218,0.3765948386624738,0.17166666666666666,3,trajectory,0.1342528835729806,0.17463688624622706,0.6937338583668073,0.007843674714163881,12.659857517083486
timestamps_jitter_20,uturn,cru,17.0,1200,200,0.85878308724612,-0.6611651708628992,-0.921376845379563,-0.08570956552321238,1.2289600621705399,0.52,3,trajectory,-4.385804961280551,1.0995953207020372,0.25142397288543483,0.2703844365128949,3.8794292693709336
timestamps_jitter_20,uturn,harmonic,,1200,200,0.16522541846786523,-7.819231395146994,-7.033567849968666,-13.01285344063627,-5.124258904611378,0.9741666666666666,3,trajectory,-8.637584361074282,-6.6927996477828255,0.07878065575290139,0.9126271319466953,0.7100455867688773
timestamps_jitter_20,uturn,hold,,1200,200,0.13111870203202364,-8.823353585766657,-8.773900782019625,-12.771054399581265,-4.668983009644818,0.9908333333333333,3,trajectory,-9.38302199922764,-7.890660889552622,0.03402321506000585,0.8889991986819465,0.2793513698702494
timestamps_jitter_20,uturn,kalman,,1200,200,0.14820196846143513,-8.291460278933867,-7.68637792525352,-13.711959190996126,-5.059112677788402,0.9766666666666667,3,trajectory,-9.213186709225376,-7.526981946051434,0.07370157120454371,0.9178651378427942,0.6462403199242848
timestamps_jitter_20,uturn,latent_ode,17.0,1200,200,0.7167764709020654,-1.4461625937985123,-1.5424300242283522,-0.12618152208992794,0.31320004693968095,0.5725,3,trajectory,-6.381459130030011,0.26680324375555087,0.30505062592293447,0.32813925783333614,5.4447533336374905
timestamps_jitter_20,uturn,linear,,1200,200,0.16211665476838483,-7.9017236638248045,-7.11157415459093,-13.358757883140822,-5.062063836859001,0.9733333333333334,3,trajectory,-8.74435920739807,-6.721349767715408,0.08230041243847755,0.9167588034210106,0.6961614948676917
timestamps_jitter_20,uturn,local_dynamics,17.0,1200,200,0.11667885313766112,-9.330078483061596,-9.217398580436448,-13.341699956623222,-5.211228295705495,0.9916666666666667,3,trajectory,-10.210740974466612,-8.323925923460582,0.033927707079998634,0.9034780266908152,0.2859679917284196
timestamps_jitter_20,uturn,neural_flow,17.0,1200,200,0.8923992543419202,-0.4944080126955882,-0.5440149165912862,0.3201219879676224,0.5515094011649868,0.4266666666666667,3,trajectory,-2.392198777397156,0.4824316897864349,0.39173472171028456,0.186627208979415,6.954019150137901
timestamps_jitter_20,uturn,observed_state_flow,17.0,1200,200,0.11167290982831517,-9.52052167430326,-9.552151985920009,-13.353227203205952,-5.229196791415701,0.9925,3,trajectory,-10.778562467788102,-8.12619830804191,0.038730800908985306,0.9031787888845428,0.5515535207066569
timestamps_jitter_20,uturn,tpatchgnn,17.0,1200,200,1.0254665545125803,0.10921500464992426,0.08076995878878167,0.21891256874809514,0.322356941776,0.3358333333333333,3,trajectory,-0.2161029299093614,0.29985102402289276,0.6418707489967346,0.018248346481808113,11.505592659314473
timestamps_none,climb_descent,cru,17.0,1200,200,0.7020680438758184,-1.5362079435493057,-2.4537975823672147,-6.025171658693697,2.580226527091531,0.6041666666666666,3,trajectory,-8.181088412741747,1.7152808475055845,0.14940105119564875,0.4970891193332348,1.9445622734973829
timestamps_none,climb_descent,harmonic,,1200,200,0.08287459893772994,-10.815785603012246,-9.529004892348462,-14.666941187062177,-6.581908064033586,0.9966666666666667,3,trajectory,-14.805912467673803,-8.685892001872562,0.0262729976805106,0.9372856889913479,0.39361330239507275
timestamps_none,climb_descent,hold,,1200,200,0.06691904070149268,-11.744502933676582,-10.57117988283119,-15.237701314664053,-8.054780171927291,1.0,3,trajectory,-15.846767320632525,-9.848986380563,0.014962414153790888,0.9388331450273594,0.17640240958629874
timestamps_none,climb_descent,kalman,,1200,200,0.06628614131336988,-11.785772616445062,-10.695855587174758,-16.050927007730955,-7.942719219805741,0.9983333333333333,3,trajectory,-14.23440225475022,-10.134844759813115,0.03622219673236633,0.9562501747906208,0.4265440932246717
timestamps_none,climb_descent,latent_ode,17.0,1200,200,0.613784282533452,-2.1198423694751485,-2.618246515584495,-3.5848422796910397,0.7758936393243293,0.6408333333333334,3,trajectory,-6.364811142745726,0.5266831349504967,0.2736744014111658,0.4475908679765871,4.803273611284482
timestamps_none,climb_descent,linear,,1200,200,0.05375993980887865,-12.6954122620212,-11.317037169803951,-16.50657561829172,-9.509538311094838,0.9991666666666666,3,trajectory,-15.951392133985934,-10.536400631888963,0.027877934651284353,0.9658206570645174,0.41791008856415524
timestamps_none,climb_descent,local_dynamics,17.0,1200,200,0.054000486985338846,-12.676023236197764,-11.47782726272595,-15.750499176667507,-8.885465161945296,1.0,3,trajectory,-16.993852580455254,-10.756635297370627,0.014665537166159339,0.9514785825709502,0.1803490843316649
timestamps_none,climb_descent,neural_flow,17.0,1200,200,0.7586731437531611,-1.1994528924058896,-1.5380293480824356,-0.6831666248961881,0.6345817089467625,0.5691666666666667,3,trajectory,-2.5303177391076233,0.41869661507531475,0.3618768791357676,0.2929906381955152,6.28146318813165
timestamps_none,climb_descent,observed_state_flow,17.0,1200,200,0.04679047670590075,-13.298425301511077,-12.211785925946756,-15.772630577090354,-9.40444659353011,1.0,3,trajectory,-16.797984371447754,-11.53494490029481,0.0192512089488991,0.9586173082888126,0.46465845965268576
timestamps_none,climb_descent,tpatchgnn,17.0,1200,200,0.9813350355128447,-0.08182695745918708,-0.1560143569063015,-0.1565114813365257,0.46656013441222327,0.5641666666666667,3,trajectory,-0.43036962589604755,0.3634491961067954,0.6641621982554594,0.061696295574923427,11.761545061270397
timestamps_none,cruise,cru,17.0,1200,200,0.3011210423397521,-5.212588949265249,-4.537307643991009,-5.664934895734865,-2.379389399765198,0.9966666666666667,3,trajectory,-6.228933495929274,-4.644610926460199,0.10841421735861023,0.7106290532710652,1.376364966166099
timestamps_none,cruise,harmonic,,1200,200,0.05843000591213539,-12.333640697464217,-10.988758776200086,-18.573895901885116,-7.763068462473409,1.0,3,trajectory,-15.380262441309567,-11.230620176408113,0.021910797501065293,0.9545713867992163,0.35505252472522747
timestamps_none,cruise,hold,,1200,200,0.059511876849307206,-12.253963530045013,-11.507196023826411,-17.66730167530349,-7.124183109396147,1.0,3,trajectory,-13.95520644761746,-11.216855720382986,0.00916382595914906,0.9431185889244079,0.09464887273818093
timestamps_none,cruise,kalman,,1200,200,0.03918549164683398,-14.068746999189619,-12.821308117922294,-19.460625449681288,-10.070599095661356,1.0,3,trajectory,-16.705239695705085,-13.093910049577275,0.022164141701869037,0.9726915882527828,0.38987746425763664
timestamps_none,cruise,latent_ode,17.0,1200,200,0.3806319974704335,-4.1949470595772915,-3.8954627619217383,-4.221996690663159,-1.0804354650460346,0.995,3,trajectory,-4.50665862783325,-3.9408846153300225,0.15485921501570069,0.6293702620873227,2.71467176026296
timestamps_none,cruise,linear,,1200,200,0.040601818553113796,-13.91454513962342,-12.730438484425264,-19.23585483835381,-9.753059578638165,0.9991666666666666,3,trajectory,-16.532736737036384,-12.768914783165968,0.023252748775727573,0.9725539991259575,0.4334807017826339
timestamps_none,cruise,local_dynamics,17.0,1200,200,0.042722760736760346,-13.693406910450086,-12.717019250720291,-18.731956400467503,-9.225135218885534,1.0,3,trajectory,-15.886203133735652,-12.730887370662396,0.010454264914987969,0.960071830401818,0.09195984064270604
timestamps_none,cruise,neural_flow,17.0,1200,200,0.6966263292108973,-1.5700011527124347,-1.1242009581568315,-1.397674378360521,0.0857965232917334,0.8308333333333333,3,trajectory,-2.040713374551334,-1.0834648908003144,0.33538815341268974,0.3261693479099116,6.016977747778098
timestamps_none,cruise,observed_state_flow,17.0,1200,200,0.03716583128173317,-14.298561489626827,-13.42132341113797,-18.7309607000201,-9.582115977866907,1.0,3,trajectory,-15.99495413328157,-13.587259196055687,0.014834330988887767,0.9658604452013969,0.43712253503385
timestamps_none,cruise,tpatchgnn,17.0,1200,200,0.9730206482112408,-0.11877943586678992,-0.10163053895759035,-0.15088669589212067,0.029719491989169986,0.7841666666666667,3,trajectory,-0.1410508325443231,-0.08105563033928989,0.829223108192285,0.04921576644210892,19.607673099835715
timestamps_none,highspeed,cru,17.0,1200,200,0.5258481167381008,-2.7913967711563448,-2.2240408852766804,-4.203071568093092,0.4010442249394055,0.8233333333333334,3,trajectory,-6.236195833980343,-0.8314198220531167,0.18236678909976034,0.541727979088516,2.4117621359813106
timestamps_none,highspeed,harmonic,,1200,200,0.3414790726946861,-4.666359065994556,-2.7068349612407108,-12.761421289190016,-1.8748170041378491,0.9266666666666666,3,trajectory,-8.403412651512049,-2.4771695720181155,0.1362660531834444,0.8858420655452726,1.0363838953004354
timestamps_none,highspeed,hold,,1200,200,0.16584589249576911,-7.802952801801467,-6.146230176398355,-12.683563308619195,-3.6317029630878728,0.9616666666666667,3,trajectory,-9.368301570120089,-6.539181274613109,0.02190657973693604,0.8765461359515287,0.36495254402348415
timestamps_none,highspeed,kalman,,1200,200,0.29093875141564546,-5.361984293025056,-3.2749928000544486,-14.309873172163917,-3.078766851795691,0.9441666666666667,3,trajectory,-9.247532936442852,-3.051922079595299,0.12243272908742706,0.905169056313025,0.8827457733522017
timestamps_none,highspeed,latent_ode,17.0,1200,200,0.5963424994268766,-2.245042387695288,-1.9254960335859086,-2.5069541405931366,0.0888846593673304,0.8658333333333333,3,trajectory,-5.1901363076605165,-0.7114919206588048,0.25104588478493195,0.43808678879710444,4.495282864989325
timestamps_none,highspeed,linear,,1200,200,0.32547866437907336,-4.874774748258294,-2.791456930733304,-13.807277003975528,-2.4733831793912233,0.93,3,trajectory,-8.886318244015564,-2.505713563805671,0.13695705883898573,0.898941111527763,0.9742428564886602
timestamps_none,highspeed,local_dynamics,17.0,1200,200,0.15710000634963456,-8.038237974068046,-6.2485646359938265,-13.262162732625502,-4.062774760073299,0.9633333333333334,3,trajectory,-9.756920356843683,-6.69530016525648,0.025319278428102384,0.8863058260687648,0.3319294121400162
timestamps_none,highspeed,neural_flow,17.0,1200,200,0.9717587513228257,-0.12441539573362968,-0.14265793772868487,-0.015026496562130051,0.15813017089212184,0.5583333333333333,3,trajectory,-0.4961514825579069,0.07566097684965149,0.7043257846434912,0.05441134158615517,13.547047627766927
timestamps_none,highspeed,observed_state_flow,17.0,1200,200,0.13328160440860903,-8.752297879840183,-7.052832772511221,-12.876775988292454,-5.308920498412643,0.9691666666666666,3,trajectory,-10.54279484783571,-7.425234478311166,0.03330603902601065,0.8931905461148563,0.6705789550413708
timestamps_none,highspeed,tpatchgnn,17.0,1200,200,0.9758489085237185,-0.1061741929438255,-0.12511312077238942,0.005742110622579805,0.18070886887298532,0.4816666666666667,3,trajectory,-0.4926467595621883,0.12839923082418014,0.6962800098955632,0.0515217763796935,13.283299814860026
timestamps_none,occlusion,cru,17.0,1200,200,1.0111678078273931,0.048232346868527544,0.03932957716185925,0.018337937430134836,0.08026664709881311,0.14666666666666667,3,channel_group,0.01528579211747215,0.10357212390421275,0.8684301354487737,0.0032882026071736434,23.646201155384382
timestamps_none,occlusion,harmonic,,1200,200,3.6865508560166926,5.666202293784307,-4.850670255030725,-4.658864553609202,6.463137049190158,0.6783333333333333,3,channel_group,4.221694187693645,6.277208148841172,2.5141646657174475,0.827290556661513,3.901662393866961
timestamps_none,occlusion,hold,,1200,200,1.2613173143885312,1.0082435743119966,-6.703047402707271,-6.094027810503064,4.2925408800751494,0.75,3,channel_group,0.49041375433458056,1.4400074042543722,0.4733122538966078,0.827760903948753,2.1646057811345116
timestamps_none,occlusion,kalman,,1200,200,5.0347964205304745,7.019819147649703,-4.425819590708834,-5.210333492484237,4.644791779850439,0.6841666666666667,3,channel_group,4.944055277208019,8.639565718388264,3.7227845381614557,0.8294628783856751,3.457080825774877
timestamps_none,occlusion,latent_ode,17.0,1200,200,1.0006646806001662,0.002885712236539762,0.0015426154810057858,0.002231832342021807,0.008156408004583556,0.2525,3,channel_group,0.0026520449181170773,0.003226508598327539,0.9826156789064407,0.006066269444018578,42.39086647987366
timestamps_none,occlusion,linear,,1200,200,5.886850531827465,7.698830091387149,-4.388895916533828,-4.714185476244925,5.19137872868494,0.6725,3,channel_group,4.897942055560289,9.862146049980316,4.467921683870566,0.8231267298257444,3.8256897514277566
timestamps_none,occlusion,local_dynamics,17.0,1200,200,1.0307332750501519,0.13146296553814232,-6.89853287510302,-5.965835932909508,3.5939233472290604,0.76,3,channel_group,-0.0356825550242997,0.2909856814822648,0.38493026210334697,0.8219272852539629,2.717614957388601
timestamps_none,occlusion,neural_flow,17.0,1200,200,1.0006883358458678,0.002988376210284725,0.006103614438312819,0.0006634066455481958,0.012306339332145519,0.48583333333333334,3,channel_group,-0.0011260257017416523,0.007096702957766944,0.9702471093336741,0.007205442331188149,37.11558913548787
timestamps_none,occlusion,observed_state_flow,17.0,1200,200,0.6454788121588838,-1.9011800887936179,-3.9799825315052324,-2.2797490867361474,0.9766880581309412,0.8091666666666667,3,channel_group,-3.153307100126053,-0.7656435077644801,0.4011900225483502,0.8236509362446668,11.459147554809073
timestamps_none,occlusion,tpatchgnn,17.0,1200,200,0.9998473302523295,-0.0006630869076119637,-0.0006539927105616893,-0.0007035081665016142,0.003556621386112013,0.6058333333333333,3,channel_group,-0.0026451547487836304,0.0013077942498682178,0.9804372612138589,0.00538159364355877,41.21352199713389
timestamps_none,sweep_turn,cru,17.0,1200,200,0.8516343405904869,-0.697468347533706,0.6015276676737085,-1.2293894404595096,2.3950348622687385,0.5991666666666666,3,trajectory,-5.926438359610474,1.2894561402752176,0.1766190430242568,0.38127173322002783,1.8213303488008143
timestamps_none,sweep_turn,harmonic,,1200,200,0.10011482549973753,-9.995016052782077,-7.516248267817257,-15.45803631175055,-7.1379790147595195,0.9891666666666666,3,trajectory,-14.769839351742494,-7.797122741090111,0.035084480647086164,0.9395607368073736,0.5379787738852367
timestamps_none,sweep_turn,hold,,1200,200,0.08971520919504954,-10.471339258570769,-8.619833188387107,-14.529856510733287,-6.5207316328163625,0.9933333333333333,3,trajectory,-14.19172094762716,-9.144168215710515,0.016680123833649863,0.9211572467777539,0.1926202441731402
timestamps_none,sweep_turn,kalman,,1200,200,0.07986890039402468,-10.976222947348596,-8.321745630086902,-16.68290261755188,-8.771447518229877,0.9916666666666667,3,trajectory,-16.77452377323458,-8.622187425790266,0.032168130152582866,0.954925727036316,0.407605645757914
timestamps_none,sweep_turn,latent_ode,17.0,1200,200,0.772383738309145,-1.1216687838947017,-0.3033778882717841,-1.0678590662114948,0.8638924366106522,0.55,3,trajectory,-4.21288026748805,-0.12844106914801484,0.2603028535159926,0.3172510343271146,4.278048846917227
timestamps_none,sweep_turn,linear,,1200,200,0.08358197237679021,-10.778873845414099,-8.091294695555574,-16.47191619579082,-8.281068545343988,0.9916666666666667,3,trajectory,-16.868401827795367,-8.415016759622741,0.03341224117956694,0.9541606111917644,0.44802866732041974
timestamps_none,sweep_turn,local_dynamics,17.0,1200,200,0.08313536014401199,-10.802142175021952,-8.840792314346128,-14.795504223784718,-7.350227165932977,0.9933333333333333,3,trajectory,-14.664426926167721,-9.313353741812904,0.01643091705723838,0.9279643761383098,0.17017495942956884
timestamps_none,sweep_turn,neural_flow,17.0,1200,200,0.965802143663168,-0.1511183498863189,0.09149566533197431,-0.0218823600844019,0.4095410598851805,0.5175,3,trajectory,-0.7566580737986821,0.18152801473808958,0.4967961621036132,0.08573182052712651,9.245173461437226
timestamps_none,sweep_turn,observed_state_flow,17.0,1200,200,0.07248343033487795,-11.397612615197694,-9.35591045700591,-14.944944870884733,-8.224013030017026,0.9941666666666666,3,trajectory,-15.198776356989654,-9.679507461007464,0.018889470762457325,0.9365297022470137,0.31849206241252737
timestamps_none,sweep_turn,tpatchgnn,17.0,1200,200,1.0371866944432258,0.15856936783246672,0.17303411812003175,0.16038063036724626,0.3765948386624738,0.1725,3,trajectory,0.13397028587483356,0.1747575252873288,0.6937358792126179,0.007860242384291068,12.659924054940541
timestamps_none,uturn,cru,17.0,1200,200,0.8584986904015144,-0.6626036299791572,-0.9229284189237618,-0.08132363157457873,1.2264488349678793,0.5216666666666666,3,trajectory,-4.389753467662857,1.0982100175944303,0.25123084981615346,0.27053285575235597,3.8759141232453596
timestamps_none,uturn,harmonic,,1200,200,0.16939931133835973,-7.710883595457972,-6.882055336467752,-12.650941278270361,-5.239208033616761,0.9733333333333334,3,trajectory,-8.54962672634281,-6.425369998077009,0.08118565778516612,0.910584840788118,0.721973628624631
timestamps_none,uturn,hold,,1200,200,0.13111870203202364,-8.823353585766657,-8.773900782019625,-12.771054399581265,-4.668983009644818,0.9908333333333333,3,trajectory,-9.38302199922764,-7.890660889552622,0.03402321506000585,0.8889991986819465,0.2793513698702494
timestamps_none,uturn,kalman,,1200,200,0.15177525353634333,-8.187990329775442,-7.566765450182994,-13.532057476759498,-4.968269272088493,0.9775,3,trajectory,-9.163623303004298,-7.354808690989855,0.07684315865586082,0.917494431141143,0.6638278565065896
timestamps_none,uturn,latent_ode,17.0,1200,200,0.716799343029658,-1.4460240139102756,-1.5421998400192014,-0.12621341291276134,0.3119885446320394,0.5708333333333333,3,trajectory,-6.380565381444122,0.2668141620101861,0.30504957166578,0.32812741549763963,5.444326672802369
timestamps_none,uturn,linear,,1200,200,0.1659756958786177,-7.799555018308525,-6.996922448324331,-13.251808876748951,-5.096928554290669,0.9725,3,trajectory,-8.69936814041967,-6.569424067517785,0.08553150386427354,0.9163407632533926,0.7127052620172526
timestamps_none,uturn,local_dynamics,17.0,1200,200,0.11678708987092246,-9.326051632827543,-9.236752334904585,-13.279935301361329,-5.273647518184068,0.9925,3,trajectory,-10.222637103309713,-8.274780738112527,0.03426622386730737,0.9034782569661426,0.2870812781313604
timestamps_none,uturn,neural_flow,17.0,1200,200,0.8923712723453839,-0.4945441918458782,-0.5445316228136615,0.31979977670253135,0.5499859980910339,0.4266666666666667,3,trajectory,-2.394352312653826,0.482822921356705,0.39183736201375724,0.18667618250297768,6.955969724357129
timestamps_none,uturn,observed_state_flow,17.0,1200,200,0.11076372980465138,-9.556024284563872,-9.580185971840432,-13.189238412487747,-5.361722424414673,0.9925,3,trajectory,-10.77465796127994,-8.1729997082174,0.03850979565460871,0.9039709662556803,0.5520412758387768
timestamps_none,uturn,tpatchgnn,17.0,1200,200,1.025470402141412,0.10923129968000432,0.08083159769224567,0.21891256874809514,0.3204268669872636,0.3358333333333333,3,trajectory,-0.21608495639659178,0.2998903898256922,0.6418736115594705,0.018250668020415663,11.505615395704906
timestamps_uniform_times,climb_descent,cru,17.0,1200,200,0.702119045049573,-1.5358924652413706,-2.4535026569940745,-6.031861978746182,2.581955775605911,0.6041666666666666,3,trajectory,-8.180580874212401,1.715567680718432,0.14943270362758385,0.4970800226222082,1.944424532353878
timestamps_uniform_times,climb_descent,harmonic,,1200,200,3.9637699719617374,5.981084432889259,7.110391551407789,3.016708478292637,10.340550630803651,0.36,3,trajectory,3.489105648505822,7.937894273125821,2.26730754049262,0.4725889823609032,4.852135213436559
timestamps_uniform_times,climb_descent,hold,,1200,200,0.06691904070149268,-11.744502933676582,-10.57117988283119,-15.237701314664053,-8.054780171927291,1.0,3,trajectory,-15.846767320632525,-9.848986380563,0.014962414153790888,0.9388331450273594,0.17640240958629874
timestamps_uniform_times,climb_descent,kalman,,1200,200,0.07077728302353833,-11.501061129408408,-10.392035154199133,-15.841789533784985,-8.09466181806052,0.9975,3,trajectory,-14.030755512871577,-9.82831071641141,0.03852838614871866,0.9544765038291613,0.4352583771224696
timestamps_uniform_times,climb_descent,latent_ode,17.0,1200,200,0.6138502251015355,-2.1193758056356566,-2.617681902761537,-3.576925102209043,0.7758931719978124,0.64,3,trajectory,-6.362526721905439,0.5267502918631394,0.27369274432150026,0.4475380591796966,4.803275565433626
timestamps_uniform_times,climb_descent,linear,,1200,200,0.05629244224054365,-12.495499091194542,-11.159508502972827,-16.25631850118985,-9.339422622655746,1.0,3,trajectory,-15.434480664908833,-10.43736188151473,0.02901310062989064,0.9646431126693884,0.4368850908950844
timestamps_uniform_times,climb_descent,local_dynamics,17.0,1200,200,0.054023421194821473,-12.674179162799096,-11.466545705750839,-15.693649832801762,-8.9187376660367,1.0,3,trajectory,-17.036637133552034,-10.72434889230503,0.014685447143201552,0.9513730409244696,0.1784345245842754
timestamps_uniform_times,climb_descent,neural_flow,17.0,1200,200,0.7587030738902588,-1.1992815638555314,-1.5384391240535613,-0.675270015055631,0.6410147773044707,0.5716666666666667,3,trajectory,-2.529468420236576,0.41936004923444686,0.3618992188324531,0.2930052488157101,6.282260081171989
timestamps_uniform_times,climb_descent,observed_state_flow,17.0,1200,200,0.04677811630740805,-13.299572706365176,-12.211294310592084,-15.793453670745375,-9.5249428086365,1.0,3,trajectory,-16.814631059144258,-11.522151100892897,0.019272262558479223,0.9586447285115719,0.4664900794622372
timestamps_uniform_times,climb_descent,tpatchgnn,17.0,1200,200,0.9813241465886434,-0.0818751471778878,-0.1560518326690213,-0.1565114813365257,0.46656013441222327,0.5641666666666667,3,trajectory,-0.43054466883471526,0.3634971774676848,0.6641757156451543,0.06171755669964715,11.761945713361104
timestamps_uniform_times,cruise,cru,17.0,1200,200,0.30123560906387864,-5.210936914824128,-4.535461110090013,-5.667743316163325,-2.3757922755234056,0.9966666666666667,3,trajectory,-6.228462729757376,-4.642611861406777,0.10846066116588185,0.7105312292650342,1.376026477208555
timestamps_uniform_times,cruise,harmonic,,1200,200,3.979417214729668,5.9981947434519505,6.281780152707201,4.533537312327543,9.652646019081727,0.275,3,trajectory,4.2960865758268,7.511180472050237,2.1572804755719455,0.41222178330800185,5.340033631323216
timestamps_uniform_times,cruise,hold,,1200,200,0.059511876849307206,-12.253963530045013,-11.507196023826411,-17.66730167530349,-7.124183109396147,1.0,3,trajectory,-13.95520644761746,-11.216855720382986,0.00916382595914906,0.9431185889244079,0.09464887273818093
timestamps_uniform_times,cruise,kalman,,1200,200,0.04079250091885716,-13.894196680105807,-12.68827574994161,-19.0512910156974,-9.842334970084751,1.0,3,trajectory,-16.53170863281967,-12.822384361833347,0.02298348868384584,0.9717285067339738,0.39952278320808543
timestamps_uniform_times,cruise,latent_ode,17.0,1200,200,0.3806422248482704,-4.194830368544574,-3.894936794388453,-4.231762511362433,-1.0795131202526183,0.995,3,trajectory,-4.506607066669548,-3.9407461381122695,0.15479456794758634,0.6293856798329701,2.713110706311557
timestamps_uniform_times,cruise,linear,,1200,200,0.04206316593481456,-13.760980427225658,-12.630772129145251,-18.73166350066104,-9.827364389152374,0.9991666666666666,3,trajectory,-16.28848346940505,-12.574542024868249,0.023722602137616632,0.9714360748231411,0.4388692201907785
timestamps_uniform_times,cruise,local_dynamics,17.0,1200,200,0.04298988932319233,-13.666336729660058,-12.696478315826996,-18.640665515154247,-9.090934896920723,1.0,3,trajectory,-15.886295240508545,-12.668519955011604,0.010646313473795648,0.9598500802616279,0.09417247557933778
timestamps_uniform_times,cruise,neural_flow,17.0,1200,200,0.6965005797768633,-1.5707851772704187,-1.1256202090789653,-1.3896921140594132,0.08509157311971997,0.8308333333333333,3,trajectory,-2.0407979231274718,-1.0852550785647386,0.33550647024065255,0.32619552247456646,6.020172479947408
timestamps_uniform_times,cruise,observed_state_flow,17.0,1200,200,0.03724706541663177,-14.289079383134906,-13.433858793100535,-18.733379127738786,-9.455981158409996,1.0,3,trajectory,-16.01819381504324,-13.498971764622416,0.014906389130671063,0.965784217764934,0.438474850380638
timestamps_uniform_times,cruise,tpatchgnn,17.0,1200,200,0.9729784266650676,-0.11896789006247832,-0.10178165471434407,-0.15088669589212067,0.029797750178789682,0.7858333333333334,3,trajectory,-0.14113710257091577,-0.08121131957928646,0.8292884089549383,0.049332863016503886,19.610998670260113
timestamps_uniform_times,highspeed,cru,17.0,1200,200,0.5258669483164946,-2.7912412451806397,-2.2234360136000904,-4.205285799927861,0.4015736554567658,0.8233333333333334,3,trajectory,-6.233566147220358,-0.8310463458793051,0.18237905700535825,0.5416832754498775,2.411281386662352
timestamps_uniform_times,highspeed,harmonic,,1200,200,17.293243037147914,12.378764450417954,14.247035154312586,7.919752285702701,16.853406689844782,0.1325,3,trajectory,9.549279592364071,14.371098055375509,12.666005286327175,0.3651163373309828,9.146564065427713
timestamps_uniform_times,highspeed,hold,,1200,200,0.16584589249576911,-7.802952801801467,-6.146230176398355,-12.683563308619195,-3.6317029630878728,0.9616666666666667,3,trajectory,-9.368301570120089,-6.539181274613109,0.02190657973693604,0.8765461359515287,0.36495254402348415
timestamps_uniform_times,highspeed,kalman,,1200,200,0.3044980621678527,-5.164154668816358,-3.0736045599303363,-13.950835337053206,-3.0976976367573865,0.9408333333333333,3,trajectory,-8.988639550031094,-2.8663013727008613,0.1308242286473038,0.9031542391423014,0.9167712722179324
timestamps_uniform_times,highspeed,latent_ode,17.0,1200,200,0.5963325384600708,-2.245114930387653,-1.9251977660621025,-2.501553306826387,0.08993137666969422,0.865,3,trajectory,-5.188798955817328,-0.7118636011495123,0.2510932895184184,0.43805431231911673,4.496863060612231
timestamps_uniform_times,highspeed,linear,,1200,200,0.33556190604916386,-4.742273474013447,-2.674970531887939,-13.697495555233996,-2.4383489767437725,0.93,3,trajectory,-8.637907508538248,-2.381114841802276,0.14298115954045892,0.8965612077861684,1.002917045514235
timestamps_uniform_times,highspeed,local_dynamics,17.0,1200,200,0.15777092356805947,-8.01973032162653,-6.228524011007821,-13.248781680922562,-4.010084585157031,0.9633333333333334,3,trajectory,-9.751862762846237,-6.688412484927605,0.02554838205195054,0.8855514444583938,0.33204254677447653
timestamps_uniform_times,highspeed,neural_flow,17.0,1200,200,0.9717603602011998,-0.12440820540557193,-0.14259299284745713,-0.015616190352714079,0.15761616823752367,0.5608333333333333,3,trajectory,-0.49607441087679083,0.07559702195785115,0.7043443334599336,0.05440063235795715,13.547469380696615
timestamps_uniform_times,highspeed,observed_state_flow,17.0,1200,200,0.1337036653068207,-8.738566869735603,-7.034107456241695,-12.880321695297003,-5.296438806866177,0.97,3,trajectory,-10.522421039791872,-7.4219023614983515,0.03349649563038833,0.8928981646205284,0.6698398634265686
timestamps_uniform_times,highspeed,tpatchgnn,17.0,1200,200,0.9758300314346949,-0.10625820487252699,-0.12522040339540733,0.005742110622579805,0.18070886887298532,0.4816666666666667,3,trajectory,-0.49297492270161425,0.12840053564942788,0.6962512418131034,0.05153098820483246,13.282633055051168
timestamps_uniform_times,occlusion,cru,17.0,1200,200,1.0113626028100648,0.049068906713496056,0.03959532982684536,0.01934698578259006,0.08047176538907051,0.13916666666666666,3,channel_group,0.015534738173197567,0.10602130174643282,0.867808581367135,0.0032730307092397465,23.605383110046386
timestamps_uniform_times,occlusion,harmonic,,1200,200,12.846577900849903,11.087874547717291,6.190486342273809,0.5916202393138499,10.072136845693697,0.45416666666666666,3,channel_group,6.228755408081908,14.725304227882333,10.396963580112981,0.6928821513442865,6.2807641568640245
timestamps_uniform_times,occlusion,hold,,1200,200,1.2613173143885312,1.0082435743119966,-6.703047402707271,-6.094027810503064,4.2925408800751494,0.75,3,channel_group,0.49041375433458056,1.4400074042543722,0.4733122538966078,0.827760903948753,2.1646057811345116
timestamps_uniform_times,occlusion,kalman,,1200,200,4.822370270707567,6.832605532731715,-4.486251169499078,-4.966426540117948,4.801577052495521,0.675,3,channel_group,4.585539586169246,8.102914348735592,3.5201661388627445,0.824702736690427,3.3627366059451016
timestamps_uniform_times,occlusion,latent_ode,17.0,1200,200,1.0006660921871662,0.0028918386045858925,0.0014615637525655634,0.0022088056056677368,0.008076052941206929,0.25833333333333336,3,channel_group,0.0026726443153681214,0.00323951993144909,0.9826659147441387,0.005955017645629016,42.42073816776276
timestamps_uniform_times,occlusion,linear,,1200,200,5.490474606787514,7.396098872916176,-4.343746544449461,-4.498278699440994,5.006522962527924,0.655,3,channel_group,4.869961277791165,9.174013498508279,4.090121754526626,0.82055425413729,3.668304371963395
timestamps_uniform_times,occlusion,local_dynamics,17.0,1200,200,1.0654254779836143,0.2752307804613787,-6.860718597397693,-5.94361901702895,3.6380226434966665,0.7608333333333334,3,channel_group,0.26126587003655094,0.3010675036647127,0.4135396672264081,0.823054890477409,2.7569163091465696
timestamps_uniform_times,occlusion,neural_flow,17.0,1200,200,1.0006838700671992,0.0029689948775424783,0.006130532239844934,0.0005818775824085287,0.012656655502200543,0.485,3,channel_group,-0.0012078816142891105,0.00708356963781983,0.9702381659050783,0.007256106716962779,37.11494353930156
timestamps_uniform_times,occlusion,observed_state_flow,17.0,1200,200,0.6461193209556707,-1.896872720244132,-3.979014223544788,-2.2978113163850873,0.9391622122040267,0.8083333333333333,3,channel_group,-3.1533692810094944,-0.7546889309202742,0.40239536810292825,0.8235284328877849,11.51199602586062
timestamps_uniform_times,occlusion,tpatchgnn,17.0,1200,200,0.9998445317645868,-0.0006752424582489506,-0.0006543076749734513,-0.0006998835456724884,0.003514099483159514,0.605,3,channel_group,-0.0026631577647261533,0.001295211296066097,0.9805115164319674,0.005416118463907223,41.25147469679514
timestamps_uniform_times,sweep_turn,cru,17.0,1200,200,0.8516240115712086,-0.6975210211174921,0.6011443191490502,-1.228264462191089,2.3957563449393757,0.5991666666666666,3,trajectory,-5.925359047560424,1.289693127173053,0.1765609211505701,0.38123650751033017,1.82163536694569
timestamps_uniform_times,sweep_turn,harmonic,,1200,200,5.961194808313739,7.7533331454768994,9.356450918601764,4.595172927824257,11.785080706332867,0.34,3,trajectory,3.5879492831906235,9.005479460450239,3.679444862644644,0.49191975300510726,5.8002347128399805
timestamps_uniform_times,sweep_turn,hold,,1200,200,0.08971520919504954,-10.471339258570769,-8.619833188387107,-14.529856510733287,-6.5207316328163625,0.9933333333333333,3,trajectory,-14.19172094762716,-9.144168215710515,0.016680123833649863,0.9211572467777539,0.1926202441731402
timestamps_uniform_times,sweep_turn,kalman,,1200,200,0.08309286357992576,-10.804362739408806,-8.153099379006237,-16.504661451219135,-8.622973319610711,0.9916666666666667,3,trajectory,-16.670369547365034,-8.394687833804195,0.03424785212532389,0.9543795178023478,0.4307242577062546
timestamps_uniform_times,sweep_turn,latent_ode,17.0,1200,200,0.7724915820111831,-1.1210624446754367,-0.302695119245277,-1.0697192389904293,0.8635420046475742,0.55,3,trajectory,-4.212354463055801,-0.12747185249748602,0.2602516496150444,0.31719905839334483,4.276792207990463
timestamps_uniform_times,sweep_turn,linear,,1200,200,0.08754980489376366,-10.577448174121313,-7.90076645307853,-16.176516241643554,-8.459353448431955,0.9916666666666667,3,trajectory,-16.669571229284447,-8.155501205347722,0.0358480731781916,0.9531815980076014,0.4732840164777978
timestamps_uniform_times,sweep_turn,local_dynamics,17.0,1200,200,0.08344629845923913,-10.78592923147476,-8.829263492196212,-14.72909786746456,-7.063040189598518,0.9933333333333333,3,trajectory,-14.646944302265064,-9.304651599109041,0.016671885763924622,0.9277097645048829,0.16954078932776454
timestamps_uniform_times,sweep_turn,neural_flow,17.0,1200,200,0.9660042626659076,-0.1502095717850526,0.09243724894959479,-0.020102918707002697,0.40867483388703085,0.5183333333333333,3,trajectory,-0.7554298595575486,0.18295180471847539,0.49700228376934924,0.085661913983537,9.247920813163121
timestamps_uniform_times,sweep_turn,observed_state_flow,17.0,1200,200,0.07251614441552794,-11.395652948078347,-9.362688242649702,-14.907832253437132,-8.213566307373135,0.9941666666666666,3,trajectory,-15.145553009594435,-9.690950482257568,0.018977686609481025,0.9364601565068976,0.318813950199401
timestamps_uniform_times,sweep_turn,tpatchgnn,17.0,1200,200,1.0371447529395421,0.15839374533358405,0.1729356377729202,0.16016482961505218,0.37624281667645665,0.1725,3,trajectory,0.133734211782635,0.17442085111693428,0.6937653722862402,0.007856665419760654,12.66089958190918
timestamps_uniform_times,uturn,cru,17.0,1200,200,0.8589400089966754,-0.6603716756750486,-0.9210362429793989,-0.0800923249982172,1.2275131732693665,0.5208333333333334,3,trajectory,-4.387631282269485,1.1018789935771136,0.25114315550463895,0.2704622624168522,3.8728215321541453
timestamps_uniform_times,uturn,harmonic,,1200,200,8.175675058325773,9.12523622127669,10.648363437836215,0.009926887164719622,13.68258363932283,0.5,3,trajectory,-0.32598543155634696,10.902385096275452,5.64231351390806,0.5798782927892171,5.4838447262246826
timestamps_uniform_times,uturn,hold,,1200,200,0.13111870203202364,-8.823353585766657,-8.773900782019625,-12.771054399581265,-4.668983009644818,0.9908333333333333,3,trajectory,-9.38302199922764,-7.890660889552622,0.03402321506000585,0.8889991986819465,0.2793513698702494
timestamps_uniform_times,uturn,kalman,,1200,200,0.1520181675437682,-8.181045068412633,-7.588319993973234,-13.297828771893244,-5.089756279909556,0.975,3,trajectory,-9.037367953591334,-7.412135949769563,0.07526466448462084,0.9158758296227704,0.6572322649088165
timestamps_uniform_times,uturn,latent_ode,17.0,1200,200,0.716828731695811,-1.4458459574705682,-1.5419551207328783,-0.12331150540598156,0.3131762982873825,0.5716666666666667,3,trajectory,-6.380753929359574,0.2670907413727628,0.3050241883401759,0.3281192968090227,5.443781363894232
timestamps_uniform_times,uturn,linear,,1200,200,0.1664024366826379,-7.788403184895515,-7.065540129512579,-12.991044319408838,-5.133140429332496,0.97,3,trajectory,-8.54504954963065,-6.712423629510003,0.08353867516827142,0.9139163849002216,0.7075019320426145
timestamps_uniform_times,uturn,local_dynamics,17.0,1200,200,0.11725614976844852,-9.308643704426228,-9.173479391289018,-13.260046981474314,-5.250023601924672,0.9925,3,trajectory,-10.172522634751983,-8.331021160214183,0.03400350508824578,0.9032616491689502,0.2858017668873009
timestamps_uniform_times,uturn,neural_flow,17.0,1200,200,0.8924664866427581,-0.49408083271108993,-0.5431252819728074,0.32232058257467855,0.5483171201795104,0.4266666666666667,3,trajectory,-2.391615190331478,0.4817311173185925,0.3918354249062638,0.18665090163239162,6.955835529764493
timestamps_uniform_times,uturn,observed_state_flow,17.0,1200,200,0.11134646695171488,-9.533235586723087,-9.522587561950544,-13.255760341336368,-5.350533718961763,0.9925,3,trajectory,-10.720333890088533,-8.22696835931794,0.038279118502765976,0.9037949730843441,0.5617607809461576
timestamps_uniform_times,uturn,tpatchgnn,17.0,1200,200,1.0254993530114491,0.10935390707655557,0.0808749099383088,0.21891256874809514,0.3232472701811522,0.3358333333333333,3,trajectory,-0.2159909479130056,0.30023694421498903,0.6418520445624988,0.018245895461410887,11.504958555698394
