time_s,mean_abs_H_squared_db,los,path_count
0.0,-86.9680384628862,0,72
0.002,-86.98093579573303,0,72
0.004,-86.97341608267541,0,72
0.006,-86.93943303411262,0,72
0.008,-86.93695598579737,0,71
0.01,-86.90852609056365,0,71
0.012,-86.90170033947507,0,70
0.014,-86.91877590223794,0,71
0.016,-86.91793547897643,0,71
0.018,-86.89563829403417,0,71
0.02,-87.05028963845969,0,70
0.022,-87.02456308820788,0,70
0.024,-87.01253287080627,0,70
0.026,-87.00613868432447,0,70
0.028,-86.99571139096454,0,70
0.03,-86.97513964831577,0,70
0.032,-86.94888667523558,0,69
0.034,-86.93060780824814,0,69
0.036,-86.93965850406772,0,68
0.038,-86.95094933960488,0,68
0.04,-86.96731916116448,0,68
0.042,-86.97708365424491,0,68
0.044,-86.9772446383081,0,68
0.046,-86.97564482465978,0,68
0.048,-86.98453306857482,0,68
0.05,-87.00934908541497,0,68
0.052,-88.27724402411947,0,67
0.054,-88.28862125849852,0,67
0.056,-88.28309427749943,0,67
0.058,-88.26630053877662,0,67
0.06,-88.25241441505645,0,67
0.062,-88.25089710981801,0,67
0.064,-87.05383792762946,0,69
0.066,-87.08695113135008,0,69
0.068,-87.10965150053192,0,69
0.07,-87.11999213502952,0,69
0.072,-87.12535930826981,0,69
0.074,-87.13332584470967,0,69
0.076,-87.14661850164903,0,69
0.078,-87.16110892944013,0,69
0.08,-87.16748358410118,0,69
0.082,-87.16073889573619,0,69
0.084,-87.14396333105371,0,70
0.086,-87.12545875998251,0,70
0.088,-87.11396270003634,0,70
0.09,-87.10822876464368,0,70
0.092,-87.08504244350614,0,69
0.094,-87.0666729164056,0,68
0.096,-87.03707203704076,0,68
0.098,-87.00562284440046,0,68
0.1,-86.98313973757791,0,68
0.102,-86.9689275092866,0,68
0.104,-86.95522887001451,0,68
0.106,-86.93353487451364,0,68
0.108,-86.90162535333577,0,68
0.11,-86.86682007044206,0,68
0.112,-86.83882315694729,0,68
0.114,-86.81972209173804,0,68
0.116,-87.92303495146406,0,67
0.118,-87.92508250153291,0,67
0.12,-87.91604678680127,0,67
0.122,-87.89884503043523,0,68
0.124,-87.88420797138649,0,68
0.126,-87.87847391184572,0,68
0.128,-86.58227644935805,0,73
0.13,-86.86966098963217,0,74
0.132,-86.89535189143686,0,74
0.134,-86.8936684344594,0,74
0.136,-86.87024893510296,0,74
0.138,-86.81426701077841,0,73
0.14,-86.76712392395528,0,73
0.142,-86.70902127173618,0,74
0.144,-86.6373316200617,0,73
0.146,-86.55719007993865,0,73
0.148,-86.47940829524674,0,73
0.15,-86.41689655247629,0,73
0.152,-86.37443809844383,0,73
0.154,-86.34834254358685,0,72
0.156,-86.33351825231355,0,72
0.158,-86.33108809773367,0,72
0.16,-86.34696278685212,0,72
0.162,-86.38798301340182,0,72
0.164,-86.44851488301512,0,71
0.166,-86.53666824309482,0,71
0.168,-86.6332411392031,0,71
0.17,-86.71431348283448,0,72
0.172,-87.77942320362806,0,71
0.174,-87.89048493141713,0,71
0.176,-87.82548254160282,0,71
0.178,-87.83979954388613,0,71
0.18,-87.84727793698076,0,71
0.182,-87.83954893589795,0,71
0.184,-87.82103543094118,0,70
0.186,-87.80432249364758,0,70
0.188,-87.80037834083936,0,70
0.19,-87.80782269901604,0,70
0.192,-86.98863929392601,0,74
0.194,-86.88213198568711,0,74
0.196,-86.75880615528696,0,74
0.198,-86.63942713798977,0,74
0.2,-86.54318006491371,0,74
0.202,-86.47619951292768,0,74
0.204,-86.4302331022005,0,74
0.206,-86.39385739612727,0,74
0.208,-86.36133702317807,0,75
0.21,-86.35051460010202,0,75
0.212,-86.37430247224331,0,75
0.214,-86.43650082369057,0,75
0.216,-86.52835702376011,0,75
0.218,-86.62786151239439,0,75
0.22,-86.73208964292348,0,74
0.222,-86.80841667475606,0,73
0.224,-86.89044554436234,0,73
0.226,-86.98210083886241,0,73
0.228,-87.07435277629172,0,73
0.23,-87.14774709457258,0,73
0.232,-87.18141999967236,0,73
0.234,-88.49623019324058,0,72
0.236,-88.46142874756326,0,72
0.238,-88.41435445627758,0,72
0.24,-88.17515209151183,0,71
0.242,-88.22437823946507,0,71
0.244,-88.25059839714154,0,71
0.246,-88.24469478978658,0,71
0.248,-88.22393391299408,0,71
0.25,-88.21741568328483,0,71
0.252,-88.23967571708452,0,71
0.254,-88.27540035795032,0,71
0.256,-86.55934306556027,0,77
0.258,-86.56289182825587,0,77
0.26,-86.57781454767587,0,77
0.262,-86.61190210561556,0,78
0.264,-86.6905253169861,0,79
0.266,-86.81984228483118,0,78
0.268,-86.95500285616484,0,78
0.27,-87.0739787470045,0,78
0.272,-87.1697687955068,0,78
0.274,-87.25554630390332,0,78
0.276,-87.34578158504655,0,79
0.278,-87.43017140809422,0,79
0.28,-87.5026148865996,0,78
0.282,-87.51320995536615,0,78
0.284,-87.47101817974239,0,78
0.286,-87.39687017981588,0,78
0.288,-87.3238439876229,0,77
0.29,-87.24782694187694,0,77
0.292,-87.16909106599815,0,77
0.294,-87.07669769773666,0,78
0.296,-86.96700014171783,0,78
0.298,-87.7482225564144,0,77
0.3,-87.65841095275479,0,77
0.302,-87.62380414181321,0,77
0.304,-88.17026708089236,0,76
0.306,-88.18688658585806,0,76
0.308,-88.17982733918902,0,76
0.31,-88.1604961370879,0,76
0.312,-88.15334581008611,0,76
0.314,-88.17271942051755,0,76
0.316,-88.20972540476777,0,76
0.318,-88.23668791716665,0,76
0.32,-87.21015292707051,0,82
0.322,-87.25175396575074,0,82
0.324,-87.27625355178695,0,82
0.326,-87.31685092153016,0,81
0.328,-87.30688655052525,0,81
0.33,-87.26198294273713,0,81
0.332,-87.17675827886696,0,81
0.334,-87.06727467099627,0,80
0.336,-86.97371454135546,0,79
0.338,-86.87562814717545,0,79
0.34,-86.78379715800156,0,79
0.342,-87.91318577359368,0,77
0.344,-87.7951737043547,0,77
0.346,-87.69772782634115,0,76
0.348,-87.61687137035027,0,76
0.35,-87.57875436357926,0,76
0.352,-87.57883107387039,0,76
0.354,-87.6001798133192,0,77
0.356,-87.63437581429854,0,77
0.358,-87.68084147880342,0,77
0.36,-87.75560032369509,0,77
0.362,-87.86676096786911,0,77
0.364,-88.03912840848713,0,78
0.366,-88.1735013259044,0,79
0.368,-88.28570025729124,0,79
0.37,-88.04650499634408,0,78
0.372,-88.04971587229994,0,78
0.374,-88.07646369794628,0,78
0.376,-88.11617394043395,0,78
0.378,-88.17310179722804,0,79
0.38,-88.16182932480629,0,80
0.382,-88.13894885566742,0,80
0.384,-87.5271393539685,0,84
0.386,-87.47867381425941,0,83
0.388,-88.02447656935965,0,83
0.39,-88.43006325856865,0,83
0.392,-87.95750332229305,0,84
0.394,-87.16867265133934,0,84
0.396,-87.65102098228225,0,83
0.398,-87.67934816419654,0,83
0.4,-87.75980036053191,0,83
0.402,-87.86308008817775,0,83
0.404,-87.96320258663431,0,83
0.406,-88.05124734831706,0,82
0.408,-88.17069739365444,0,82
0.41,-88.32520263785932,0,82
0.412,-88.50468963471303,0,82
0.414,-88.66665078042537,0,82
0.416,-88.7473167695089,0,81
0.418,-88.76708124568965,0,81
0.42,-88.75650767078456,0,79
0.422,-88.74086995728341,0,79
0.424,-88.4057288323198,0,78
0.426,-88.50756917912021,0,79
0.428,-88.5076199456226,0,79
0.43,-88.16916597342325,0,80
0.432,-88.41977178694565,0,79
0.434,-88.4295295910081,0,79
0.436,-88.48140770371813,0,79
0.438,-88.53954330848923,0,79
0.44,-88.56856498507494,0,80
0.442,-88.56026765425192,0,80
0.444,-88.51115987797206,0,81
0.446,-88.52613147167217,0,81
0.448,-87.61347016971045,0,85
0.45,-88.23077671334623,0,85
0.452,-88.74513377007416,0,85
0.454,-88.4321102387601,0,85
0.456,-88.2835608452457,0,84
0.458,-88.29859629255935,0,84
0.46,-88.3122924697887,0,85
0.462,-88.373162354193,0,86
0.464,-88.37666392227418,0,86
0.466,-88.35867269897682,0,86
0.468,-88.34608383856924,0,84
0.47,-88.35942253025033,0,84
0.472,-88.40784408498035,0,84
0.474,-88.47149648513665,0,84
0.476,-88.52131287786796,0,84
0.478,-88.5536235458494,0,84
0.48,-88.76647840940461,0,83
0.482,-88.82042481159898,0,83
0.484,-88.90041032975932,0,83
0.486,-89.14768432694927,0,84
0.488,-89.02193162520062,0,83
0.49,-89.0349902477312,0,83
0.492,-89.04325006658162,0,83
0.494,-88.91323981028059,0,84
0.496,-89.10792334079504,0,84
0.498,-89.13273679237386,0,84
0.5,-89.11800511185503,0,83
0.502,-89.03638734721945,0,82
0.504,-89.0686997752534,0,81
0.506,-89.08331787961417,0,81
0.508,-89.11403819812668,0,81
0.51,-89.13005703879143,0,81
0.512,-88.59576225751611,0,83
0.514,-88.72575885466611,0,84
0.516,-88.86218510566533,0,84
0.518,-88.9996481671316,0,84
0.52,-89.10662893249169,0,84
0.522,-89.13822656024509,0,84
0.524,-89.0502287917781,0,85
0.526,-88.94145328309547,0,85
0.528,-88.8392399905615,0,86
0.53,-88.72111444024657,0,85
0.532,-88.56398231844507,0,85
0.534,-88.37369167761501,0,85
0.536,-88.16183685060534,0,86
0.538,-87.9958955187648,0,86
0.54,-87.89501523772574,0,85
0.542,-87.8356884256104,0,84
0.544,-88.16773517035996,0,83
0.546,-88.2278694590014,0,82
0.548,-88.32372481603231,0,81
0.55,-88.39245450214253,0,81
0.552,-88.98386221940028,0,80
0.554,-88.99626490961504,0,81
0.556,-89.06980775636832,0,81
0.558,-89.07416064243944,0,82
0.56,-89.02137880210597,0,80
0.562,-88.95862712449782,0,80
0.564,-88.93636102001074,0,80
0.566,-88.95613682460989,0,81
0.568,-89.00834593415826,0,82
0.57,-89.02681601015915,0,82
0.572,-89.00634157059245,0,82
0.574,-89.00040768230328,0,80
0.576,-88.67290810180083,0,84
0.578,-88.53892528249389,0,84
0.58,-88.4075883706931,0,84
0.582,-88.26471303258471,0,84
0.584,-88.13361985782932,0,84
0.586,-88.05612671362822,0,84
0.588,-88.05979959742741,0,84
0.59,-88.13571062440138,0,84
0.592,-88.26267496400767,0,83
0.594,-88.53022849642086,0,82
0.596,-88.6684872474933,0,82
0.598,-88.86297141109199,0,81
0.6,-89.06287848013673,0,81
0.602,-89.27427382001655,0,81
0.604,-89.46766670060242,0,83
0.606,-89.53044853821962,0,83
0.608,-89.51078023121397,0,83
0.61,-89.45064121488085,0,83
0.612,-88.99401239077295,0,84
0.614,-89.03847005462296,0,84
0.616,-89.06627953306177,0,84
0.618,-89.04715851615646,0,85
0.62,-89.00960078141479,0,84
0.622,-89.05235323400264,0,83
0.624,-89.0934197333915,0,83
0.626,-89.14744751496906,0,83
0.628,-89.17296745669216,0,83
0.63,-89.16482259579466,0,83
0.632,-89.15607817920348,0,83
0.634,-89.18207520808164,0,83
0.636,-89.23927947560522,0,84
0.638,-89.30216264668921,0,82
0.64,-89.22705907480673,0,86
0.642,-89.44053925489065,0,87
0.644,-89.54792870142619,0,87
0.646,-89.6569375459049,0,88
0.648,-89.69538966464695,0,88
0.65,-89.65866662497554,0,88
0.652,-89.5227315760948,0,88
0.654,-89.2995985659361,0,88
0.656,-89.08954503289743,0,89
0.658,-88.90257865439995,0,94
0.66,-88.82018772483504,0,93
0.662,-88.69538449573717,0,93
0.664,-88.56553152843875,0,93
0.666,-88.45837135754005,0,91
0.668,-88.37414415295672,0,88
0.67,-88.39343601317853,0,88
0.672,-88.47537560551112,0,88
0.674,-89.33881825016994,0,87
0.676,-89.30679365534391,0,90
0.678,-89.21999585032806,0,90
0.68,-87.83792789594328,0,91
0.682,-87.91565617922947,0,93
0.684,-87.90911792552771,0,93
0.686,-87.86014499891758,0,94
0.688,-87.80957093503376,0,94
0.69,-87.78377141112806,0,94
0.692,-87.81052357687143,0,94
0.694,-87.86508152017397,0,96
0.696,-87.94016828990395,0,95
0.698,-87.96698963783325,0,95
0.7,-87.94551075110176,0,95
0.702,-87.95339989492146,0,95
0.704,-87.54816837980131,0,99
0.706,-87.47578899539242,0,99
0.708,-87.43216490890768,0,100
0.71,-87.38623058803795,0,100
0.712,-87.36650688358885,0,99
0.714,-87.37466413504698,0,97
0.716,-87.4639490886298,0,94
0.718,-87.60730488848218,0,94
0.72,-87.79349621806526,0,94
0.722,-88.03195995052812,0,96
0.724,-88.2039578869514,0,96
0.726,-88.36782899221944,0,95
0.728,-88.46481201757099,0,95
0.73,-88.53055725884289,0,100
0.732,-88.52471166128716,0,100
0.734,-88.46430474164052,0,100
0.736,-88.21902523347235,0,100
0.738,-88.24183390131222,0,100
0.74,-88.25491762214041,0,100
0.742,-88.23415402591968,0,100
0.744,-88.19234925824492,0,100
0.746,-88.16390707161287,0,100
0.748,-88.18333966332477,0,100
0.75,-88.24510703115975,0,100
0.752,-88.30713041406845,0,100
0.754,-88.31784236487684,0,100
0.756,-88.26026362177024,0,99
0.758,-88.23713931729769,0,98
0.76,-88.24771130034915,0,98
0.762,-88.31051405635816,0,98
0.764,-88.37702501637403,0,98
0.766,-88.39144684830494,0,98
0.768,-88.54935003303054,0,98
0.77,-88.49961375210182,0,100
0.772,-88.4580809551055,0,100
0.774,-88.38757490573549,0,100
0.776,-88.28813809715837,0,100
0.778,-88.14957745746935,0,99
0.78,-87.95503523395071,0,100
0.782,-87.75705806208443,0,101
0.784,-87.6416507775389,0,100
0.786,-87.54452186644372,0,100
0.788,-87.48886956715583,0,100
0.79,-87.47763153573786,0,100
0.792,-87.50847056771735,0,101
0.794,-87.58735269692164,0,101
0.796,-87.68829841252264,0,100
0.798,-88.1047412126172,0,99
0.8,-88.07741051629412,0,102
0.802,-88.03858799220635,0,102
0.804,-88.03360927801992,0,102
0.806,-88.06160133171032,0,102
0.808,-88.0889523582766,0,102
0.81,-88.0619876836218,0,103
0.812,-87.98785938649216,0,103
0.814,-87.90718114407014,0,102
0.816,-87.88791515510412,0,101
0.818,-87.8849639378762,0,101
0.82,-87.88661101242916,0,101
0.822,-87.8404215378076,0,101
0.824,-87.7128175898651,0,100
0.826,-87.6288452008765,0,101
0.828,-87.56945153341525,0,101
0.83,-87.56352043084195,0,101
0.832,-87.57428485222691,0,99
0.834,-87.59686407695911,0,99
0.836,-87.61428735515226,0,98
0.838,-87.61637060565664,0,98
0.84,-87.62872424302407,0,100
0.842,-87.63888318128411,0,101
0.844,-87.68485220236443,0,100
0.846,-87.72050878141766,0,98
0.848,-87.74837614208978,0,98
0.85,-87.76200527852616,0,98
0.852,-87.7510684419372,0,99
0.854,-87.69465037229102,0,97
0.856,-87.59123451108877,0,97
0.858,-87.50996939463991,0,97
0.86,-87.46117765846256,0,97
0.862,-87.44448991871869,0,96
0.864,-87.41460095034681,0,98
0.866,-87.3519354116813,0,100
0.868,-87.28644764091725,0,100
0.87,-87.242094280847,0,101
0.872,-87.25130171564442,0,101
0.874,-87.321909705175,0,101
0.876,-87.41138609057812,0,98
0.878,-87.47392245456376,0,99
0.88,-87.47620828725951,0,100
0.882,-87.49104496161131,0,100
0.884,-87.53306886058402,0,100
0.886,-87.6151320162457,0,99
0.888,-87.67685263212738,0,102
0.89,-87.68933527835503,0,100
0.892,-87.65094589419093,0,100
0.894,-87.57570813445389,0,100
0.896,-87.29070864486346,0,92
0.898,-86.98872312830119,0,92
0.9,-86.69794133011605,0,88
0.902,-86.45025316021619,0,88
0.904,-86.27304659510904,0,90
0.906,-86.17641074787022,0,90
0.908,-86.15719172572395,0,90
0.91,-87.16349002762185,0,90
0.912,-87.16657120460381,0,90
0.914,-87.20041267919781,0,92
0.916,-87.29882369496212,0,94
0.918,-87.41018922903456,0,93
0.92,-88.83012390212647,0,93
0.922,-88.9031760077937,0,93
0.924,-88.91223961109603,0,93
0.926,-88.88453979517169,0,93
0.928,-88.84579389119607,0,95
0.93,-88.8145334973022,0,95
0.932,-88.757114586921,0,94
0.934,-88.6611181085049,0,94
0.936,-88.54866340921811,0,94
0.938,-88.47118646626,0,94
0.94,-88.4431067017932,0,94
0.942,-88.45730918190847,0,94
0.944,-88.46565625124919,0,94
0.946,-88.46883132032215,0,94
0.948,-88.49056418622895,0,95
0.95,-88.55831514852039,0,95
0.952,-88.65339113556885,0,95
0.954,-88.72355244165256,0,94
0.956,-88.7596115516564,0,95
0.958,-88.76801437656384,0,95
0.96,-89.22392196583267,0,95
0.962,-89.41613564592117,0,95
0.964,-89.44452735306088,0,96
0.966,-89.29388911606966,0,96
0.968,-88.97826225974649,0,96
0.97,-88.588948904001,0,96
0.972,-88.19819230087307,0,95
0.974,-87.84994804413674,0,94
0.976,-88.5618206594418,0,92
0.978,-88.50015466659501,0,92
0.98,-88.43908583645654,0,92
0.982,-88.41981924773577,0,92
0.984,-88.4529080516019,0,93
0.986,-88.51902454552773,0,94
0.988,-88.5703173267973,0,94
0.99,-88.601579755378,0,94
0.992,-88.64572812053561,0,93
0.994,-88.69922534282827,0,93
0.996,-88.7594287597388,0,94
0.998,-88.7168324533375,0,95
1.0,-88.69140885330759,0,95
1.002,-88.66248426670526,0,95
1.004,-88.61631190712498,0,95
1.006,-88.58563288385622,0,94
1.008,-88.52377614560689,0,95
1.01,-88.40822527263563,0,95
1.012,-88.26168276568119,0,96
1.014,-88.1324678021762,0,95
1.016,-88.05553844584368,0,95
1.018,-88.01500516248538,0,94
1.02,-88.01354061943842,0,94
1.022,-88.27691691923611,0,93
1.024,-88.152055234269,0,94
1.026,-88.1952434503535,0,94
1.028,-88.26304187099683,0,95
1.03,-88.33553800376457,0,95
1.032,-88.37046967743504,0,94
1.034,-88.36839673303018,0,92
1.036,-88.35553894283956,0,92
1.038,-88.35465406189427,0,92
1.04,-88.3517330765523,0,92
1.042,-88.31270907827546,0,93
1.044,-88.246388964555,0,95
1.046,-87.74108143065854,0,96
1.048,-87.73311453653945,0,96
1.05,-87.76040985209366,0,96
1.052,-87.77988579338333,0,96
1.054,-87.75377031583218,0,94
1.056,-87.68799863335116,0,94
1.058,-87.6239882329015,0,94
1.06,-88.02182261076794,0,93
1.062,-88.05965499073093,0,90
1.064,-88.08443499788854,0,92
1.066,-88.09009344726343,0,90
1.068,-88.10077021811396,0,90
1.07,-88.14572889196316,0,90
1.072,-88.21287116684701,0,93
1.074,-87.79926478348939,0,96
1.076,-87.82892736711695,0,95
1.078,-87.79830766322485,0,93
1.08,-87.73614851877963,0,93
1.082,-87.66175673299847,0,93
1.084,-87.56363891010267,0,93
1.086,-87.44174634582035,0,94
1.088,-87.32392492121029,0,92
1.09,-87.25218837624274,0,92
1.092,-87.25441104646114,0,92
1.094,-87.31199896694648,0,93
1.096,-87.38403215299081,0,93
1.098,-87.437879111522,0,95
1.1,-87.94977765146368,0,94
1.102,-87.99738553829427,0,92
1.104,-88.06854638965454,0,92
1.106,-88.12364883457863,0,92
1.108,-88.13082343659232,0,92
1.11,-88.10052149046784,0,92
1.112,-87.35046170383976,0,95
1.114,-87.34300375405907,0,95
1.116,-87.36807187497817,0,95
1.118,-87.38624288648785,0,95
1.12,-87.3856300548465,0,95
1.122,-87.3718593980277,0,95
1.124,-87.35991688993543,0,95
1.126,-87.33829870754482,0,95
1.128,-87.2850566023377,0,95
1.13,-87.1996149057155,0,95
1.132,-87.12197195512145,0,95
1.134,-87.09279397235159,0,95
1.136,-87.12626752762704,0,95
1.138,-87.93790508023312,0,94
1.14,-87.97658605354869,0,93
1.142,-88.0021753494614,0,93
1.144,-88.02920007712864,0,93
1.146,-88.07114842955022,0,93
1.148,-88.10197222444953,0,93
1.15,-88.0706687224797,0,94
1.152,-88.00446086979085,0,92
1.154,-87.92853103541705,0,92
1.156,-87.88130411610928,0,92
1.158,-87.86546452430734,0,93
1.16,-87.83438966178622,0,91
1.162,-87.80887292447913,0,91
1.164,-87.78693917857213,0,91
1.166,-87.80107795084794,0,91
1.168,-87.85701127338692,0,92
1.17,-87.90162745432228,0,93
1.172,-87.93049609297773,0,93
1.174,-87.93649085977447,0,93
1.176,-87.95539987005134,0,92
1.178,-87.98040288805657,0,92
1.18,-88.00468683635101,0,92
1.182,-87.99411920697165,0,92
1.184,-87.94274071170493,0,92
1.186,-87.89662659831723,0,92
1.188,-87.87228391932285,0,91
1.19,-87.20524310292197,0,92
1.192,-87.21165487528317,0,92
1.194,-87.15880003678194,0,92
1.196,-87.06780081919375,0,93
1.198,-86.99228152880706,0,94
1.2,-86.9359267362478,0,94
1.202,-86.89365560635154,0,93
1.204,-86.87633604334727,0,93
1.206,-86.88224697402612,0,93
1.208,-86.93317360598661,0,93
1.21,-87.02514209419853,0,92
1.212,-87.13837162569264,0,92
1.214,-87.87550565485012,0,91
1.216,-87.865916769669,0,91
1.218,-87.83924213568305,0,91
1.22,-87.82007557276214,0,91
1.222,-87.80644667858513,0,91
1.224,-87.7716416174085,0,92
1.226,-87.70951536607117,0,92
1.228,-86.80835667876974,0,92
1.23,-86.80581994755343,0,92
1.232,-86.86724544839011,0,92
1.234,-86.95613297570924,0,92
1.236,-87.02386904106322,0,92
1.238,-87.05487044716536,0,91
1.24,-87.06374390695632,0,91
1.242,-87.05633118073861,0,91
1.244,-87.01955033054638,0,92
1.246,-87.7275935578522,0,91
1.248,-87.67366799317814,0,91
1.25,-87.61967181151184,0,91
1.252,-87.59367979114427,0,91
1.254,-87.61470928000229,0,90
1.256,-87.60832133095705,0,91
1.258,-87.58646439915861,0,91
1.26,-87.57265995966932,0,91
1.262,-87.59210319972156,0,90
1.264,-87.6651014577088,0,91
1.266,-87.71413015136184,0,91
1.268,-87.72335435122953,0,90
1.27,-87.73590526711315,0,90
1.272,-87.76173558747446,0,90
1.274,-87.80723935107093,0,90
1.276,-87.8431728862819,0,91
1.278,-87.83650495982383,0,91
1.28,-87.80123534050827,0,89
1.282,-87.76704694601571,0,90
1.284,-87.76029097568312,0,90
1.286,-87.7605154778411,0,90
1.288,-87.72908229345545,0,90
1.29,-87.66351146158021,0,90
1.292,-87.59751369810388,0,90
1.294,-87.56506502228913,0,90
1.296,-87.56201148368851,0,90
1.298,-87.55842328264046,0,90
1.3,-87.53784244499569,0,90
1.302,-87.51575203520112,0,90
1.304,-87.52107188120482,0,90
1.306,-87.54802901022222,0,90
1.308,-87.56594813888066,0,90
1.31,-87.5519633836778,0,90
1.312,-87.52087637197617,0,90
1.314,-87.50857396580655,0,90
1.316,-86.6637503190684,0,91
1.318,-86.630801655557,0,91
1.32,-86.60805293106812,0,91
1.322,-86.60258342984903,0,91
1.324,-86.63906032459253,0,91
1.326,-86.71673466615468,0,91
1.328,-86.80300834238862,0,91
1.33,-86.84435152775096,0,91
1.332,-86.82258652985736,0,91
1.334,-86.75581701299542,0,91
1.336,-86.68055808963766,0,91
1.338,-86.61001891236359,0,91
1.34,-86.53877095150294,0,91
1.342,-86.47577187759347,0,92
1.344,-86.44939594598748,0,91
1.346,-86.47931417681205,0,91
1.348,-86.55322191045619,0,91
1.35,-86.6301284343556,0,91
1.352,-86.6671498003387,0,91
1.354,-86.65978185675486,0,91
1.356,-86.62677250315542,0,91
1.358,-86.57742814676055,0,91
1.36,-86.50420480535291,0,91
1.362,-86.40359622391722,0,91
1.364,-86.31007026296737,0,90
1.366,-86.26146607192308,0,90
1.368,-86.28287065523084,0,90
1.37,-86.35050425237723,0,90
1.372,-86.42790304680787,0,90
1.374,-86.48695237361962,0,90
1.376,-86.53034025718898,0,90
1.378,-86.56012147034944,0,91
1.38,-86.56161764697033,0,91
1.382,-86.50959867388036,0,91
1.384,-86.41571526062228,0,91
1.386,-86.31608920602358,0,91
1.388,-86.25430295228385,0,90
1.39,-86.23573100229643,0,90
1.392,-86.23922844777816,0,90
1.394,-86.24832248269735,0,90
1.396,-86.26295134748412,0,90
1.398,-86.29203186403441,0,90
1.4,-86.31908935455053,0,90
1.402,-87.01921906695107,0,89
1.404,-87.00253165110425,0,89
1.406,-86.97582881125581,0,89
1.408,-86.97488387112298,0,88
1.41,-86.09995076745754,0,89
1.412,-86.12713954106282,0,90
1.414,-86.17692987556283,0,89
1.416,-86.24169066506417,0,89
1.418,-86.32746787536186,0,89
1.42,-86.42695180693543,0,89
1.422,-86.50314075561269,0,89
1.424,-86.51105340432908,0,90
1.426,-86.4469314696957,0,90
1.428,-86.34629334489401,0,90
1.43,-86.24588705314231,0,90
1.432,-87.10741667840217,0,88
1.434,-87.05480434051495,0,88
1.436,-86.98524143578663,0,88
1.438,-86.93041902261413,0,88
1.44,-86.91492295311062,0,88
1.442,-86.92838045582094,0,88
1.444,-86.94219134082196,0,88
1.446,-86.9343914135319,0,88
1.448,-86.1894983498175,0,89
1.45,-86.16369449179489,0,89
1.452,-86.14972063334768,0,89
1.454,-86.13719407778294,0,89
1.456,-86.12535477243227,0,88
1.458,-86.12987118225051,0,88
1.46,-86.1789721924503,0,88
1.462,-86.27545079164017,0,89
1.464,-86.37593399459354,0,89
1.466,-86.43977513676369,0,89
1.468,-86.4547747889633,0,89
1.47,-86.43782333632949,0,89
1.472,-86.39888812464413,0,88
1.474,-86.3311576627652,0,88
1.476,-86.23608327445821,0,88
1.478,-86.14283927584795,0,88
1.48,-86.09624630149705,0,88
1.482,-86.11602254589025,0,88
1.484,-87.20070748985692,0,87
1.486,-87.22751858349723,0,87
1.488,-87.23065601070272,0,87
1.49,-87.23667573595534,0,87
1.492,-87.26511873715536,0,87
1.494,-87.29919478690843,0,87
1.496,-86.39774958763991,0,88
1.498,-86.2894988351947,0,87
1.5,-86.19481956416044,0,87
1.502,-86.13529633218664,0,87
1.504,-86.12226411957758,0,87
1.506,-86.14022718264604,0,87
1.508,-86.17870225755695,0,87
1.51,-86.24326251885239,0,87
1.512,-86.33868128227883,0,88
1.514,-86.4413994920043,0,88
1.516,-86.49796603563202,0,88
1.518,-86.48305992370626,0,88
1.52,-87.40672747089764,0,87
1.522,-87.41495364353204,0,87
1.524,-87.42946053010023,0,87
1.526,-87.42585060624522,0,87
1.528,-86.22134364179894,0,88
1.53,-86.22568438674008,0,87
1.532,-86.24911347072286,0,87
1.534,-86.29776202889121,0,87
1.536,-86.35822958684179,0,88
1.538,-86.34633160368593,0,88
1.54,-86.28735584848853,0,88
1.542,-86.22755940573953,0,88
1.544,-86.16494417570932,0,89
1.546,-87.19015151772052,0,88
1.548,-87.20173647432819,0,88
1.55,-87.21326788849551,0,88
1.552,-87.24936607419554,0,88
1.554,-87.31910164077014,0,88
1.556,-87.39674944625435,0,88
1.558,-87.44175088150604,0,88
1.56,-87.45161373372824,0,88
1.562,-87.45869428887679,0,88
1.564,-87.48496001144892,0,88
1.566,-87.51156924056738,0,88
1.568,-87.50712255889303,0,88
1.57,-87.46516479716931,0,88
1.572,-87.42382465229664,0,88
1.574,-87.41260514177452,0,88
1.576,-87.42116133044787,0,88
1.578,-87.42499625644425,0,88
1.58,-87.41581898215509,0,88
1.582,-87.41908499656445,0,88
1.584,-87.45365098164578,0,88
1.586,-87.50928483183655,0,88
1.588,-87.54852336129173,0,88
1.59,-87.54795847910418,0,87
1.592,-87.55915739955803,0,87
1.594,-87.59456746378657,0,87
1.596,-87.65000541468305,0,87
1.598,-87.68504431779067,0,87
1.6,-87.5414897534784,0,86
1.602,-87.5250988756554,0,86
1.604,-87.52389930234314,0,86
1.606,-87.53616794395349,0,86
1.608,-87.53307739036599,0,85
1.61,-87.48842314169048,0,85
1.612,-87.42694272372054,0,85
1.614,-87.3861552026078,0,85
1.616,-87.37516934936934,0,85
1.618,-87.37116611625702,0,85
1.62,-87.36092367243327,0,85
1.622,-87.36062822664805,0,85
1.624,-87.39952212398282,0,86
1.626,-87.46783466430094,0,86
1.628,-87.54238430541702,0,85
1.63,-87.58013113104788,0,86
1.632,-87.60709002079567,0,86
1.634,-87.64880713351474,0,85
1.636,-87.704322128439,0,86
1.638,-87.74260648304906,0,86
1.64,-87.7305569029891,0,87
1.642,-87.68840743618287,0,86
1.644,-87.651088264285,0,86
1.646,-87.63739281988384,0,86
1.648,-87.62663553814596,0,86
1.65,-87.59845759044963,0,86
1.652,-87.55997466981844,0,86
1.654,-87.54251152088271,0,86
1.656,-86.42660410361233,0,87
1.658,-87.55343258404241,0,86
1.66,-87.52442093798429,0,86
1.662,-87.4726950668564,0,86
1.664,-87.54360822479521,0,86
1.666,-87.5414699532449,0,86
1.668,-87.54956594400353,0,86
1.67,-87.53948698583194,0,86
1.672,-87.51935819536561,0,86
1.674,-86.29245105684436,0,88
1.676,-87.55808927991725,0,87
1.678,-87.6079424709311,0,87
1.68,-87.6308470562812,0,87
1.682,-87.62670530157715,0,87
1.684,-87.63121600856087,0,87
1.686,-87.66314992672011,0,87
1.688,-87.70296866394466,0,87
1.69,-87.71898626259753,0,87
1.692,-86.18833390471067,0,88
1.694,-86.23847717457808,0,88
1.696,-87.70893211548463,0,87
1.698,-87.70867924004081,0,87
1.7,-87.66949190493696,0,87
1.702,-87.6017634767723,0,87
1.704,-87.53837585523144,0,87
1.706,-87.50618279684684,0,87
1.708,-87.48512117701465,0,87
1.71,-87.44595394046628,0,87
1.712,-85.90797435321646,0,88
1.714,-85.86990619490169,0,88
1.716,-85.90750968502293,0,88
1.718,-86.00452114856535,0,88
1.72,-86.1200356614009,0,88
1.722,-86.22047807540542,0,88
1.724,-86.29742447966214,0,88
1.726,-86.34293645150763,0,88
1.728,-86.34159450810337,0,87
1.73,-86.28033547144776,0,87
1.732,-86.17958227235448,0,87
1.734,-86.0882069585098,0,87
1.736,-86.04450798058798,0,87
1.738,-86.04840332886127,0,87
1.74,-86.07681897409708,0,87
1.742,-86.11410110746407,0,87
1.744,-86.16168697208613,0,87
1.746,-86.21741316639992,0,87
1.748,-86.25260043823347,0,87
1.75,-86.23167672234337,0,87
1.752,-86.14983348168762,0,87
1.754,-86.0419009358668,0,87
1.756,-85.94687523977808,0,87
1.758,-85.87651458442097,0,88
1.76,-85.83486767306864,0,88
1.762,-85.82218237837517,0,88
1.764,-85.85533894025636,0,88
1.766,-85.93985817634416,0,88
1.768,-86.0490707649967,0,88
1.77,-86.13725173536724,0,88
1.772,-86.17477442596162,0,88
1.774,-86.16698991988633,0,88
1.776,-86.13234960638236,0,88
1.778,-86.07362844574911,0,88
1.78,-85.98769682406058,0,87
1.782,-85.89089448595803,0,87
1.784,-85.82412229710107,0,87
1.786,-85.81592605014905,0,87
1.788,-85.8627290235807,0,87
1.79,-85.93126414154906,0,87
1.792,-86.06695800192779,0,87
1.794,-86.1177627514424,0,87
1.796,-86.14409112620112,0,88
1.798,-86.14123033910448,0,88
1.8,-86.08439272274501,0,88
1.802,-85.98409101615607,0,88
1.804,-85.88335932378922,0,88
1.806,-85.81945932478692,0,88
1.808,-85.80025194027542,0,89
1.81,-85.80948637386832,0,89
1.812,-85.83732663028431,0,89
1.814,-85.89179243282214,0,89
1.816,-85.97004642193792,0,89
1.818,-86.0486715299501,0,89
1.82,-86.0811166959904,0,89
1.822,-86.04547713747452,0,88
1.824,-85.9598342003328,0,89
1.826,-85.85624971088775,0,89
1.828,-85.75252947480453,0,89
1.83,-85.65525447030788,0,89
1.832,-85.5816994930438,0,89
1.834,-85.56186774359423,0,89
1.836,-85.61257289106666,0,89
1.838,-85.72048337970158,0,88
1.84,-85.83224772883793,0,88
1.842,-85.91648138044464,0,87
1.844,-85.97052053558885,0,87
1.846,-85.99673725191478,0,87
1.848,-85.99252455421748,0,88
1.85,-85.93711490421965,0,87
1.852,-85.8460146868937,0,87
1.854,-85.75703109198852,0,87
1.856,-85.61323335544627,0,87
1.858,-85.6090248908515,0,87
1.86,-85.63241370363855,0,87
1.862,-85.6671657310462,0,87
1.864,-85.71646259382197,0,87
1.866,-85.7767428101249,0,87
1.868,-85.81966521649437,0,86
1.87,-85.8114984857164,0,86
1.872,-85.74373586003624,0,86
1.874,-85.64823480303518,0,86
1.876,-85.56259341335043,0,86
1.878,-85.50216434445076,0,86
1.88,-85.46537299547437,0,86
1.882,-85.45814352003447,0,86
1.884,-85.49692731736437,0,86
1.886,-85.59146268366794,0,86
1.888,-85.71802286794372,0,86
1.89,-85.83517165310585,0,86
1.892,-85.90720919736312,0,86
1.894,-85.93237272017765,0,86
1.896,-85.9194173925016,0,86
1.898,-85.86724343671106,0,86
1.9,-85.77309003198378,0,86
1.902,-85.65783791925126,0,85
1.904,-85.5618003295679,0,85
1.906,-85.51475212663578,0,85
1.908,-85.51366611184883,0,85
1.91,-85.5340511176953,0,85
1.912,-85.56107776026126,0,85
1.914,-85.59384191022423,0,85
1.916,-85.62847754851477,0,85
1.918,-85.63966457202267,0,85
1.92,-85.70453207443455,0,82
1.922,-85.60722851448554,0,82
1.924,-85.49330348987199,0,82
1.926,-85.39700930092012,0,82
1.928,-85.33139947655462,0,82
1.93,-85.29479329482099,0,82
1.932,-85.2930304501217,0,82
1.934,-85.34312864138583,0,82
1.936,-85.44264187028246,0,82
1.938,-85.56459475981336,0,82
1.94,-85.6634834745803,0,82
1.942,-85.71079184616225,0,82
1.944,-85.71549004211704,0,82
1.946,-85.68729358496263,0,82
1.948,-85.63065753267423,0,82
1.95,-85.54096633148896,0,82
1.952,-85.43884390680022,0,82
1.954,-85.36199795537274,0,82
1.956,-85.33554759265436,0,82
1.958,-85.35384814302583,0,82
1.96,-85.39783473745959,0,82
1.962,-85.4511295892494,0,82
1.964,-85.51616297904295,0,82
1.966,-85.57663474864833,0,82
1.968,-85.60616359089684,0,82
1.97,-85.57217106681347,0,82
1.972,-85.48543968617798,0,82
1.974,-85.38206138802289,0,82
1.976,-85.29600329190029,0,82
1.978,-85.23355655924232,0,82
1.98,-85.1927661316359,0,82
1.982,-85.17988311369385,0,82
1.984,-85.21080202849421,0,84
1.986,-85.28535509158189,0,84
1.988,-85.37574073274278,0,84
1.99,-85.4486206209967,0,84
1.992,-85.48255570720913,0,84
1.994,-85.48418869291959,0,84
1.996,-85.45347329190355,0,84
1.998,-85.38324388898613,0,84
2.0,-85.27489771052134,0,84
2.002,-85.15692436418914,0,84
2.004,-85.07022637437859,0,84
2.006,-85.03676436430895,0,84
2.008,-85.04856676415358,0,84
2.01,-85.08578350572611,0,84
2.012,-85.13952716588769,0,84
2.014,-85.20940166777265,0,84
2.016,-85.28386751282483,0,84
2.018,-85.33201018776413,0,84
2.02,-85.32672627027678,0,84
2.022,-85.27224575515021,0,84
2.024,-85.19552281061277,0,84
2.026,-85.11662834999646,0,84
2.028,-85.03981610485215,0,84
2.03,-84.96964134313345,0,84
2.032,-84.92663248216263,0,84
2.034,-84.93473907288231,0,84
2.036,-84.99354471838714,0,84
2.038,-85.07799227119621,0,84
2.04,-85.1532321610577,0,84
2.042,-85.204272222118,0,84
2.044,-85.23220628450629,0,84
2.046,-85.23352174311691,0,83
2.048,-85.18978466061652,0,83
2.05,-85.10234478098967,0,83
2.052,-84.99663568545812,0,83
2.054,-84.91002559475696,0,83
2.056,-84.85778411066772,0,83
2.058,-84.83947179384776,0,83
2.06,-84.8479615394651,0,83
2.062,-84.88590588701832,0,83
2.064,-84.96193323947756,0,83
2.066,-85.05909030204677,0,83
2.068,-85.14048159292761,0,83
2.07,-85.17446930143458,0,83
2.072,-85.15716502095849,0,83
2.074,-85.1066652760018,0,83
2.076,-85.03179139149077,0,83
2.078,-84.935666303054,0,83
2.08,-84.8283328768072,0,83
2.082,-84.74149093021404,0,83
2.084,-84.69705363309001,0,83
2.086,-84.70176290680585,0,83
2.088,-84.7335272245229,0,83
2.09,-84.77436537618338,0,83
2.092,-84.82235120809145,0,83
2.094,-84.87429675002217,0,83
2.096,-84.91074011027207,0,83
2.098,-84.90466920148532,0,83
2.1,-84.84466255311008,0,83
2.102,-84.75122052103019,0,83
2.104,-84.65597209742262,0,83
2.106,-84.57445901623622,0,83
2.108,-84.50839015725917,0,83
2.11,-84.46629052273396,0,83
2.112,-84.41822532829654,0,84
2.114,-84.46788643864116,0,84
2.116,-84.55817203716353,0,84
2.118,-84.65650599371034,0,84
2.12,-84.73700280618601,0,84
2.122,-84.7931715704753,0,84
2.124,-84.82552962530738,0,83
2.126,-84.82622755177486,0,83
2.128,-84.7766058776599,0,83
2.13,-84.68416625626894,0,83
2.132,-84.57881488707629,0,83
2.134,-84.49304058767444,0,83
2.136,-84.43525449376133,0,82
2.138,-84.40687066249352,0,82
2.14,-84.4032620420537,0,82
2.142,-84.43123619073592,0,82
2.144,-84.4911532251735,0,81
2.146,-84.55788176571075,0,81
2.148,-84.60190357176663,0,81
2.15,-84.60516953734009,0,81
2.152,-84.57607439598229,0,81
2.154,-84.52474928423955,0,81
2.156,-84.45149021697212,0,82
2.158,-84.35135287813472,0,82
2.16,-84.24164706216963,0,82
2.162,-84.15245236311016,0,82
2.164,-84.10460511558136,0,82
2.166,-84.09795759373768,0,82
2.168,-84.11941184732044,0,82
2.17,-84.16064434310152,0,82
2.172,-84.22247140852237,0,82
2.174,-84.29778454855656,0,82
2.176,-84.43139679155186,0,80
2.178,-84.46173862578837,0,80
2.18,-84.44345002017769,0,80
2.182,-84.39313952236012,0,80
2.184,-84.32738095301538,0,80
2.186,-84.25439553351808,0,80
2.188,-84.17313693080358,0,80
2.19,-84.10352314410231,0,79
2.192,-84.06509258880556,0,79
2.194,-84.07205885938873,0,79
2.196,-84.11485091483439,0,79
2.198,-84.17526077735326,0,79
2.2,-84.24059130698231,0,79
2.202,-84.30940370667706,0,79
2.204,-84.37205395674198,0,79
2.206,-84.4041283783624,0,79
2.208,-84.38498366566944,0,79
2.21,-84.31514991026441,0,79
2.212,-84.21929461591066,0,78
2.214,-84.1214545204775,0,78
2.216,-84.02837409557428,0,78
2.218,-83.94157370724427,0,78
2.22,-83.87432340764602,0,78
2.222,-83.84577632196111,0,78
2.224,-83.85755890096782,0,79
2.226,-83.89958387859069,0,79
2.228,-83.94854480499714,0,79
2.23,-83.99572259873867,0,79
2.232,-84.04056866472612,0,79
2.234,-84.07342572293172,0,79
2.236,-84.07356148393127,0,79
2.238,-84.02730701943221,0,79
2.24,-83.8710140673173,0,82
2.242,-83.78143749038594,0,82
2.244,-83.7019986015249,0,82
2.246,-83.63487850646263,0,82
2.248,-83.58195635356738,0,82
2.25,-83.55183780673117,0,82
2.252,-83.55784584575375,0,82
2.254,-83.59998056073897,0,82
2.256,-83.66164045778746,0,82
2.258,-83.72206781229819,0,82
2.26,-83.77179691614187,0,82
2.262,-83.81302113941254,0,82
2.264,-83.83568222387807,0,82
2.266,-83.82391877485817,0,82
2.268,-83.77228465052173,0,81
2.27,-83.6886283770238,0,81
2.272,-83.59848383484464,0,81
2.274,-83.51905635801158,0,81
2.276,-83.45116687122449,0,81
2.278,-83.39739239866546,0,81
2.28,-83.36712120363134,0,81
2.282,-83.37350665893354,0,82
2.284,-83.41080926910719,0,82
2.286,-83.46198212695796,0,82
2.288,-83.50827280980775,0,82
2.29,-83.54225632816528,0,82
2.292,-83.56475851799854,0,83
2.294,-83.57093524211807,0,83
2.296,-83.54562156893364,0,83
2.298,-83.45670364385809,0,84
2.3,-83.36519053583159,0,84
2.302,-83.2705277166133,0,84
2.304,-83.25472646990607,0,80
2.306,-83.17775912807953,0,80
2.308,-83.11682247663029,0,80
2.31,-83.08221734766431,0,80
2.312,-83.08427182486068,0,80
2.314,-83.11929528919404,0,80
2.316,-83.17015941553977,0,80
2.318,-83.21904933270847,0,80
2.32,-83.26120213104721,0,80
2.322,-83.29649481829797,0,80
2.324,-83.31872940297913,0,80
2.326,-83.31218020504235,0,80
2.328,-83.26882859768483,0,80
2.33,-83.19841541544697,0,80
2.332,-83.12144123578159,0,80
2.334,-83.04901590871721,0,80
2.336,-82.98444750136699,0,80
2.338,-82.92920205542217,0,80
2.34,-82.89507250155383,0,80
2.342,-82.89438434583823,0,80
2.344,-82.92670806854264,0,80
2.346,-82.97718129074755,0,80
2.348,-83.03270141715436,0,80
2.35,-83.08481001390078,0,80
2.352,-83.13327294625181,0,80
2.354,-83.16485852513209,0,79
2.356,-83.17451671879054,0,79
2.358,-83.14729866301514,0,79
2.36,-83.0920177992719,0,79
2.362,-83.02210737482953,0,79
2.364,-82.9484374503845,0,78
2.366,-82.87041943685855,0,77
2.368,-82.79391633569402,0,77
2.37,-82.7328922168274,0,77
2.372,-82.70230983631107,0,77
2.374,-82.7053704486415,0,77
2.376,-82.73224879975098,0,77
2.378,-82.77107042097262,0,77
2.38,-82.8174538938775,0,77
2.382,-82.87109261319256,0,77
2.384,-82.92250584683882,0,77
2.386,-82.95606664324124,0,77
2.388,-82.95820038791939,0,77
2.39,-82.92973190798409,0,77
2.392,-82.88045327696808,0,77
2.394,-82.81714388389368,0,77
2.396,-82.7370274818615,0,77
2.398,-82.64616456914366,0,77
2.4,-82.55538780668971,0,77
2.402,-82.4839125410696,0,77
2.404,-82.43829752895289,0,77
2.406,-82.41485496387382,0,77
2.408,-82.40819919670969,0,77
2.41,-82.41822382297553,0,77
2.412,-82.44644999299432,0,77
2.414,-82.4862761422178,0,77
2.416,-82.52188628178163,0,77
2.418,-82.53900072428557,0,77
2.42,-82.53531261964368,0,77
2.422,-82.51551482527461,0,77
2.424,-82.48049544804161,0,77
2.426,-82.42462136585432,0,77
2.428,-82.3456951183471,0,77
2.43,-82.25432859246972,0,76
2.432,-82.16770304728895,0,76
2.434,-82.09629499801889,0,76
2.436,-82.04083838777919,0,76
2.438,-81.99994678203112,0,76
2.44,-81.97749184917754,0,76
2.442,-82.03322985901085,0,75
2.444,-82.06144287577764,0,75
2.446,-82.10434849811952,0,75
2.448,-82.14819507216482,0,75
2.45,-82.18510201052794,0,75
2.452,-82.21750498354683,0,76
2.454,-82.24046960955957,0,76
2.456,-82.24671992522067,0,76
2.458,-82.22556787297131,0,76
2.46,-82.17938742962264,0,76
2.462,-82.11907067535148,0,76
2.464,-82.05386947500097,0,75
2.466,-81.9848093561678,0,75
2.468,-81.91466621287718,0,75
2.47,-81.84880520632166,0,75
2.472,-81.80142513682168,0,75
2.474,-81.7788823647791,0,75
2.476,-81.77825405870962,0,75
2.478,-81.79356812702397,0,75
2.48,-81.81798455796759,0,75
2.482,-81.85363214698236,0,75
2.484,-81.8993813026931,0,75
2.486,-81.94655938030326,0,75
2.488,-81.98094736066685,0,75
2.49,-81.99644128842596,0,75
2.492,-81.99271571132095,0,75
2.494,-81.97554416663269,0,75
2.496,-81.94187061372062,0,75
2.498,-81.88919644415036,0,75
2.5,-81.81813495740073,0,75
2.502,-81.74149313669771,0,75
2.504,-81.65862330808329,0,76
2.506,-81.5999854431582,0,76
2.508,-81.55199541812246,0,76
2.51,-81.51462459297755,0,76
2.512,-81.49274291332526,0,76
2.514,-81.49104303132434,0,76
2.516,-81.50716876267856,0,76
2.518,-81.5325454077707,0,76
2.52,-81.55939816542588,0,76
2.522,-81.58562078977822,0,76
2.524,-81.6113129910357,0,76
2.526,-81.63219999772687,0,76
2.528,-81.63878803779446,0,76
2.53,-81.62399055360787,0,76
2.532,-81.58970404321862,0,76
2.534,-81.54184413715501,0,76
2.536,-81.4853631080696,0,76
2.538,-81.42008893668816,0,76
2.54,-81.34723531232356,0,76
2.542,-81.2729047216345,0,76
2.544,-81.20798979028655,0,76
2.546,-81.15800383443298,0,76
2.548,-81.12140130260718,0,76
2.55,-81.0950086330192,0,76
2.552,-81.07760370118697,0,76
2.554,-81.07481218277583,0,76
2.556,-81.08555241639002,0,76
2.558,-81.10523405119463,0,76
2.56,-81.12511787059714,0,76
2.562,-81.13948136749286,0,76
2.564,-81.14928237251829,0,76
2.566,-81.15362511064289,0,76
2.568,-81.15037412968887,0,75
2.57,-81.12816508660394,0,75
2.572,-81.08885052659531,0,75
2.574,-81.03613178986001,0,75
2.576,-80.97811049332152,0,75
2.578,-80.9171736247089,0,75
2.58,-80.85378264410281,0,75
2.582,-80.78757084284612,0,75
2.584,-80.72528472359099,0,75
2.586,-80.67376748092502,0,75
2.588,-80.63546109259079,0,75
2.59,-80.60670201338597,0,75
2.592,-80.58972756057165,0,76
2.594,-80.5779272589873,0,76
2.596,-80.57431558848032,0,75
2.598,-80.58661072092839,0,75
2.6,-80.60492115886,0,74
2.602,-80.62139592373542,0,74
2.604,-80.63351846356115,0,74
2.606,-80.64243059318933,0,74
2.608,-80.64620179832534,0,74
2.61,-80.64117123710403,0,74
2.612,-80.62117678632282,0,75
2.614,-80.58832011199654,0,75
2.616,-80.54503718935308,0,75
2.618,-80.49758088656269,0,75
2.62,-80.44490845823697,0,75
2.622,-80.385753246098,0,75
2.624,-80.32220636978728,0,75
2.626,-80.2586794602813,0,75
2.628,-80.20259574174142,0,75
2.63,-80.15534139176916,0,75
2.632,-80.11578794361682,0,75
2.634,-80.08180102624495,0,75
2.636,-80.05547343367547,0,77
2.638,-80.04152972293326,0,77
2.64,-80.03857271741512,0,77
2.642,-80.04255257537349,0,77
2.644,-80.04753451232523,0,77
2.646,-80.05286423450474,0,77
2.648,-80.0591433223137,0,77
2.65,-80.0660334262676,0,77
2.652,-80.06964352646669,0,77
2.654,-80.06396361893613,0,77
2.656,-80.0477297806731,0,77
2.658,-80.02254335402935,0,77
2.66,-79.99062314463707,0,77
2.662,-79.95121513290738,0,77
2.664,-79.90268617665295,0,77
2.666,-79.84499884318073,0,77
2.668,-79.78248738432917,0,77
2.67,-79.72053760238592,0,77
2.672,-79.6614783854163,0,77
2.674,-79.6052399568361,0,77
2.676,-79.55127786876656,0,76
2.678,-79.50215094713393,0,76
2.68,-79.46089032811085,0,76
2.682,-79.42912562781287,0,76
2.684,-79.4056119610647,0,76
2.686,-79.38769192492772,0,76
2.688,-79.37380114963352,0,76
2.69,-79.36605271907554,0,76
2.692,-79.36496300693148,0,76
2.694,-79.36754124199112,0,76
2.696,-79.36928838730472,0,76
2.698,-79.36759495293988,0,76
2.7,-79.36203380699381,0,76
2.702,-79.35331062424144,0,76
2.704,-79.3403854065038,0,76
2.706,-79.31993679949568,0,76
2.708,-79.28989226734504,0,76
2.71,-79.2512569937299,0,76
2.712,-79.2071516070952,0,76
2.714,-79.15972537470238,0,76
2.716,-79.10829017770402,0,76
2.718,-79.05162386761144,0,76
2.72,-78.99072170615102,0,76
2.722,-78.92908822503206,0,76
2.724,-78.87017238896631,0,76
2.726,-78.81472840176686,0,76
2.728,-78.76208678503373,0,76
2.73,-78.7121835438918,0,76
2.732,-78.66671723522859,0,76
2.734,-78.62829680289356,0,76
2.736,-78.59752327068253,0,76
2.738,-78.57208833297096,0,76
2.74,-78.54965835660832,0,76
2.742,-78.53012403909013,0,76
2.744,-78.5143080188947,0,76
2.746,-78.50298690465657,0,76
2.748,-78.49406583537407,0,76
2.75,-78.48551659676475,0,78
2.752,-78.47389087774081,0,78
2.754,-78.45960852437992,0,79
2.756,-77.99262239909811,0,80
2.758,-77.97617951142131,0,80
2.76,-77.9585099641502,0,80
2.762,-77.93722404257137,0,80
2.764,-77.91145307029923,0,80
2.766,-77.88271903021845,0,80
2.768,-77.85099834968429,0,80
2.77,-77.8148514187217,0,80
2.772,-77.77288757485414,0,80
2.774,-77.72427086577521,0,80
2.776,-77.67173156585739,0,80
2.778,-77.61799425953298,0,80
2.78,-77.5638162799155,0,80
2.782,-77.50481638206863,0,81
2.784,-77.45118903599464,0,81
2.786,-77.4001647459059,0,81
2.788,-77.35468327355254,0,81
2.79,-77.31659289029457,0,81
2.792,-77.28472204561727,0,81
2.794,-77.25768661474491,0,81
2.796,-77.23422281641143,0,81
2.798,-77.21425327236376,0,81
2.8,-77.19812335460406,0,81
2.802,-77.52109326730871,0,80
2.804,-77.5044613522655,0,80
2.806,-77.48800812407008,0,80
2.808,-77.47167136317911,0,80
2.81,-77.45676722786092,0,80
2.812,-77.44344141404304,0,80
2.814,-77.42947798707674,0,80
2.816,-77.41315111773501,0,80
2.818,-77.39358211898379,0,80
2.82,-77.37217021385752,0,80
2.822,-77.3492483634469,0,80
2.824,-77.3246888262458,0,80
2.826,-77.29715305389045,0,80
2.828,-77.26471448892296,0,80
2.83,-77.2282744415526,0,80
2.832,-77.1897889996985,0,80
2.834,-77.1508339406751,0,80
2.836,-77.11030848793992,0,80
2.838,-77.0670053990375,0,80
2.84,-77.02064629020197,0,80
2.842,-76.97244106587925,0,80
2.844,-76.92476962018885,0,80
2.846,-76.87699476326561,0,80
2.848,-76.8291813164883,0,80
2.85,-76.77983189320432,0,80
2.852,-76.73283761625385,0,80
2.854,-76.68569835466224,0,80
2.856,-76.64644718000173,0,80
2.858,-77.21604765291461,0,79
2.86,-76.55365459497557,1,80
2.862,-76.51951815754146,1,80
2.864,-76.48470545370712,1,80
2.866,-76.45308265372162,1,80
2.868,-76.42384452466551,1,80
2.87,-76.39849283535425,1,80
2.872,-76.37347034138428,1,80
2.874,-76.3493888339435,1,80
2.876,-76.32771125922302,1,80
2.878,-76.30754130191482,1,80
2.88,-76.46911659999793,1,82
2.882,-76.31056552428969,1,82
2.884,-76.1200924702158,1,82
2.886,-75.97637125165592,1,82
2.888,-75.93086637817993,1,82
2.89,-75.99264031072418,1,82
2.892,-76.12666421835178,1,82
2.894,-76.26221974757843,1,82
2.896,-76.32453150476861,1,83
2.898,-76.2601286527217,1,84
2.9,-76.01373467119461,1,85
2.902,-75.8316995967169,1,85
2.904,-75.68463797277242,1,85
2.906,-75.6210146301497,1,85
2.908,-75.65254813952808,1,85
2.91,-75.75165320989376,1,85
2.912,-75.9454106964818,1,84
2.914,-75.91109611875211,1,85
2.916,-75.85742861942092,1,85
2.918,-75.70621331396075,1,85
2.92,-75.5096983108179,1,85
2.922,-75.33731801969844,1,85
2.924,-75.24108317571715,1,85
2.926,-75.23984645537541,1,85
2.928,-75.31506311463103,1,85
2.93,-75.41499292839524,1,85
2.932,-75.47549271724102,1,85
2.934,-75.44551768518494,1,85
2.936,-75.31593049062207,1,85
2.938,-75.1918293266079,1,84
2.94,-75.00144676754807,1,84
2.942,-74.8713191115193,1,84
2.944,-74.78806387065038,1,84
2.946,-74.90139261755996,1,83
2.948,-74.94457155938987,1,84
2.95,-75.0404045580513,1,84
2.952,-75.13014487041968,1,82
2.954,-75.04288954448903,1,83
2.956,-74.89691194578917,1,83
2.958,-74.72271948659865,1,84
2.96,-74.57913567199424,1,84
2.962,-74.50835340875497,1,84
2.964,-74.52353248395903,1,84
2.966,-74.60913628125186,1,84
2.968,-74.72304977558535,1,84
2.97,-74.80911494390672,1,84
2.972,-74.8212298239725,1,84
2.974,-74.746026385079,1,84
2.976,-74.60820217001192,1,84
2.978,-74.45870123989155,1,84
2.98,-74.34897115792342,1,83
2.982,-74.30974310067376,1,83
2.984,-74.34552077599616,1,83
2.986,-74.43583179412482,1,83
2.988,-74.54351331489521,1,82
2.99,-74.60538611227969,1,83
2.992,-74.60201657459011,1,83
2.994,-74.52545077877252,1,83
2.996,-74.40166042972963,1,83
2.998,-74.27394399164379,1,83
3.0,-74.1822722955454,1,83
3.002,-74.15042168906976,1,83
3.004,-74.17906356816766,1,83
3.006,-74.24824210036944,1,83
3.008,-74.32216670081394,1,83
3.01,-74.35744048838376,1,82
3.012,-74.33697683592739,1,82
3.014,-74.26077048183112,1,83
3.016,-74.13563046143862,1,82
3.018,-74.01958196208858,1,83
3.02,-73.9276697419671,1,83
3.022,-73.88568361954512,1,83
3.024,-73.89580804002266,1,83
3.026,-73.9421061052943,1,83
3.028,-73.9969407820597,1,83
3.03,-74.02621293522999,1,83
3.032,-74.00645479767141,1,83
3.034,-73.93197439028013,1,84
3.036,-73.81748629946189,1,84
3.038,-73.69407270281003,1,84
3.04,-73.58278403479386,1,82
3.042,-73.52088716792547,1,82
3.044,-73.51784903561465,1,83
3.046,-73.54477298219618,1,83
3.048,-73.59034069493282,1,83
3.05,-73.62456648672872,1,83
3.052,-73.62433515809568,1,84
3.054,-73.5729503887687,1,84
3.056,-73.47753704943253,1,84
3.058,-73.36036876639396,1,84
3.06,-73.24855981027882,1,84
3.062,-73.16683560275807,1,84
3.064,-73.12912291110635,1,84
3.066,-73.13495815027244,1,84
3.068,-73.17135791295021,1,84
3.07,-73.21540614892629,1,84
3.072,-73.2347511592098,1,85
3.074,-73.22180347031654,1,85
3.076,-73.1620429629132,1,85
3.078,-73.06417797148212,1,85
3.08,-72.95111870731104,1,86
3.082,-72.84836589876625,1,86
3.084,-72.77669640386947,1,86
3.086,-72.73706831680676,1,85
3.088,-72.7497905797786,1,85
3.09,-72.8006564464105,1,86
3.092,-72.8338615374461,1,85
3.094,-72.8607866350589,1,85
3.096,-72.86203074349453,1,86
3.098,-72.80903708455334,1,86
3.1,-72.72200606412453,1,86
3.102,-72.62067032494768,1,86
3.104,-72.51561910399927,1,85
3.106,-72.4604064231314,1,86
3.108,-72.43073096687,1,86
3.11,-72.42614516250677,1,85
3.112,-72.47029097373706,1,85
3.114,-72.50960662509031,1,85
3.116,-72.53593315504618,1,85
3.118,-72.52284687492617,1,84
3.12,-72.48584082587446,1,84
3.122,-72.41952976413421,1,84
3.124,-72.34700579757275,1,86
3.126,-72.26245135880237,1,86
3.128,-72.19414261757285,1,86
3.13,-72.15415523210294,1,86
3.132,-72.14370384771344,1,86
3.134,-72.14677207378902,1,85
3.136,-72.18737272183374,1,86
3.138,-72.21394331303863,1,86
3.14,-72.22446608819361,1,85
3.142,-72.21014808609111,1,85
3.144,-72.16610056843636,1,85
3.146,-72.08681414982757,1,84
3.148,-72.0233700701996,1,85
3.15,-71.94943795133783,1,85
3.152,-71.89090560948362,1,85
3.154,-71.84404417830598,1,84
3.156,-71.8446598302172,1,85
3.158,-71.85498905822413,1,85
3.16,-71.87752589922746,1,84
3.162,-71.88570092104658,1,82
3.164,-71.90418432842768,1,83
3.166,-71.88900475321614,1,83
3.168,-71.84903593950054,1,83
3.17,-71.78821358998971,1,83
3.172,-71.70338063066335,1,82
3.174,-71.63089826360724,1,82
3.176,-71.5831512164391,1,83
3.178,-71.54473884807783,1,83
3.18,-71.52959693516878,1,83
3.182,-71.53644975871782,1,83
3.184,-71.54438930528488,1,82
3.186,-71.57557293266456,1,83
3.188,-71.58440019369098,1,83
3.19,-71.57468044054642,1,83
3.192,-71.5406371778204,1,83
3.194,-71.47508311984254,1,82
3.196,-71.41795913909019,1,83
3.198,-71.34877184191163,1,83
3.2,-71.29606019701795,1,82
3.202,-71.2561644738763,1,82
3.204,-71.22702127788155,1,81
3.206,-71.23496757575614,1,82
3.208,-71.23832064012171,1,80
3.21,-71.26347594728658,1,81
3.212,-71.27363690824728,1,81
3.214,-71.26987692098625,1,81
3.216,-71.24842728328812,1,81
3.218,-71.19959277884897,1,80
3.22,-71.14491510635784,1,80
3.222,-71.09234548876303,1,81
3.224,-71.03387867011247,1,81
3.226,-70.98608956102075,1,81
3.228,-70.95343289079398,1,81
3.23,-70.93835613039339,1,81
3.232,-70.93761648476902,1,81
3.234,-70.947098089332,1,81
3.236,-70.95857894082384,1,81
3.238,-70.96431643614756,1,81
3.24,-70.9589412761692,1,81
3.242,-70.93670221654494,1,80
3.244,-70.89851576086822,1,80
3.246,-70.84693679116079,1,80
3.248,-70.79071390817057,1,80
3.25,-70.78538184143329,1,78
3.252,-70.73165690862791,1,78
3.254,-70.7100728514751,1,78
3.256,-70.68857108468399,1,78
3.258,-70.66707895046746,1,78
3.26,-70.64568802443769,1,78
3.262,-70.62415296716256,1,78
3.264,-70.60275601337501,1,78
3.266,-70.5816476926205,1,78
3.268,-70.56080411183628,1,78
3.27,-70.53998771296789,1,78
3.272,-70.5192253645853,1,78
3.274,-70.49902642491095,1,78
3.276,-70.47973903551257,1,78
3.278,-70.4593125825943,1,78
3.28,-70.44008659541029,1,78
3.282,-70.42112199099884,1,78
3.284,-70.40209329241974,1,78
3.286,-70.3833418601934,1,78
3.288,-70.36510627482387,1,78
3.29,-70.34746271852526,1,78
3.292,-70.32996780059568,1,78
3.294,-70.31251825528008,1,78
3.296,-70.29563704810539,1,78
3.298,-70.27843328430768,1,78
3.3,-70.26198837544909,1,78
3.302,-70.24520279163667,1,78
3.304,-70.22868307442174,1,78
3.306,-70.21247261350592,1,78
3.308,-70.19658380853836,1,78
3.31,-70.18086083944856,1,78
3.312,-70.16605043696319,1,78
3.314,-70.15135760425801,1,79
3.316,-70.13682632390578,1,79
3.318,-70.12263631372322,1,79
3.32,-70.10946493487656,1,78
3.322,-70.09618878866047,1,78
3.324,-70.08241463946712,1,78
3.326,-70.06976560646683,1,78
3.328,-70.0562963247628,1,78
3.33,-70.04337167211764,1,78
3.332,-70.03041875409242,1,78
3.334,-70.01724988953438,1,78
3.336,-70.0042703461879,1,78
3.338,-69.99160416740963,1,78
3.34,-69.97894690298492,1,77
3.342,-69.96630039271474,1,77
3.344,-69.95393526156097,1,77
3.346,-69.94205433160221,1,77
3.348,-69.95068895674723,1,78
3.35,-69.95100334488855,1,78
3.352,-69.94367249548822,1,78
3.354,-69.92797673608032,1,78
3.356,-69.90505901766345,1,78
3.358,-69.87682841811562,1,78
3.36,-69.84520817888871,1,78
3.362,-69.81470119429562,1,78
3.364,-69.78520421340954,1,79
3.366,-69.76342064610134,1,79
3.368,-69.74867145935904,1,79
3.37,-69.8015633652928,1,78
3.372,-69.78227750973835,1,78
3.374,-69.76294399514516,1,78
3.376,-69.74413877807174,1,77
3.378,-69.7274026814152,1,77
3.38,-69.71345438015908,1,77
3.382,-69.70269623487029,1,77
3.384,-69.69442298074553,1,77
3.386,-69.68781239258189,1,77
3.388,-69.5738394470598,1,78
3.39,-69.5775039727196,1,78
3.392,-69.57220648581082,1,79
3.394,-69.55432658822484,1,79
3.396,-69.52478122219422,1,79
3.398,-69.48682720920817,1,79
3.4,-69.44423216942654,1,79
3.402,-69.4576727251296,1,80
3.404,-69.4055805360682,1,79
3.406,-69.37274270477833,1,79
3.408,-69.19772712350733,1,80
3.41,-69.33494535762057,1,79
3.412,-69.22289575739504,1,79
3.414,-69.21439169832225,1,79
3.416,-69.39851689088982,1,78
3.418,-69.2617747441906,1,79
3.42,-69.39129893634808,1,79
3.422,-69.38820281247379,1,79
3.424,-69.4033234202095,1,80
3.426,-69.38357787170384,1,79
3.428,-69.45383678027636,1,81
3.43,-69.45149539758906,1,81
3.432,-69.37912949648621,1,80
3.434,-69.37793481007103,1,80
3.436,-69.37666544205291,1,80
3.438,-69.37547370584186,1,80
3.44,-69.37372027120163,1,80
3.442,-69.37223942180614,1,80
3.444,-69.370096503651,1,80
3.446,-69.36787020893638,1,80
3.448,-69.36535496002341,1,80
3.45,-69.34233499698361,1,82
3.452,-69.35465687043451,1,82
3.454,-69.36516133471271,1,82
3.456,-69.37247936747991,1,81
3.458,-69.2057250079779,1,81
3.46,-69.20053566109887,1,81
3.462,-69.20421371936501,1,81
3.464,-69.21530850004413,1,81
3.466,-69.23243640059239,1,81
3.468,-69.2562166236834,1,82
3.47,-69.27651290675568,1,83
3.472,-69.2944154419837,1,82
3.474,-69.31119425049252,1,83
3.476,-69.31795767652628,1,83
3.478,-69.26528195339205,1,82
3.48,-69.25509748895357,1,81
3.482,-69.24453566420506,1,81
3.484,-69.23381414770161,1,81
3.486,-69.22298355467122,1,81
3.488,-69.21205246539535,1,81
3.49,-69.20105807605876,1,81
3.492,-69.19011672372575,1,81
3.494,-69.1796981556129,1,81
3.496,-69.21292330128603,1,82
3.498,-69.1998144767481,1,82
3.5,-69.18019099683124,1,82
3.502,-69.15570552607933,1,82
3.504,-69.12849202403703,1,82
3.506,-69.10127632664563,1,82
3.508,-69.07798528804821,1,81
3.51,-69.1181378309613,1,80
3.512,-69.11437972254659,1,80
3.514,-69.11179789183933,1,80
3.516,-69.1104109684012,1,80
3.518,-69.1102557373714,1,80
3.52,-69.11128912923567,1,80
3.522,-69.10540221978384,1,82
3.524,-69.12788840160997,1,81
3.526,-69.14760062320633,1,81
3.528,-69.16291099011659,1,81
3.53,-69.1724487518553,1,81
3.532,-69.1761001141218,1,81
3.534,-69.17440060261234,1,81
3.536,-69.1688422165763,1,81
3.538,-69.16148849940019,1,81
3.54,-69.1539632031853,1,81
3.542,-69.14836771168261,1,81
3.544,-69.14569338854753,1,81
3.546,-69.14656385764145,1,81
3.548,-69.15122074961099,1,81
3.55,-69.15933737204642,1,81
3.552,-69.17019844572866,1,81
3.554,-69.18289590430825,1,81
3.556,-69.19657927796226,1,81
3.558,-69.21034578025639,1,81
3.56,-69.22351662639622,1,81
3.562,-69.23548112104635,1,81
3.564,-69.24573206624095,1,81
3.566,-69.25383670470022,1,81
3.568,-69.25943790184196,1,81
3.57,-69.26215533046636,1,81
3.572,-69.26173258376636,1,81
3.574,-69.25790617649034,1,81
3.576,-69.25067101212356,1,82
3.578,-69.2402115501558,1,82
3.58,-69.22713056215096,1,82
3.582,-69.21236332843021,1,82
3.584,-69.19717406258663,1,83
3.586,-69.18298820386516,1,83
3.588,-69.1713580776645,1,83
3.59,-69.16403009260307,1,82
3.592,-69.16148085854144,1,82
3.594,-69.16449074426279,1,82
3.596,-69.17321269133394,1,82
3.598,-69.18681181740713,1,82
3.6,-69.20431941046932,1,82
3.602,-69.22392703305265,1,83
3.604,-69.24424616050808,1,81
3.606,-69.26241740614341,1,81
3.608,-69.27756188270794,1,80
3.61,-69.28899410919223,1,80
3.612,-69.26372080206946,1,79
3.614,-69.27539209323089,1,79
3.616,-69.2881557033007,1,79
3.618,-69.301772327646,1,79
3.62,-69.31616484324462,1,79
3.622,-69.33071254436945,1,80
3.624,-69.31104990776996,1,83
3.626,-69.31972348775143,1,83
3.628,-69.3313440992413,1,83
3.63,-69.34533238975986,1,83
3.632,-69.36111056934494,1,83
3.634,-69.37739865661445,1,83
3.636,-69.39366529118072,1,83
3.638,-69.40914320431938,1,83
3.64,-69.42408657586151,1,81
3.642,-69.4377087720501,1,81
3.644,-69.45008288992969,1,81
3.646,-69.46122530168131,1,80
3.648,-69.47331859667521,1,81
3.65,-69.48394802608492,1,81
3.652,-69.49375743591973,1,81
3.654,-69.50186676464104,1,81
3.656,-69.50743741260825,1,81
3.658,-69.48266395483107,1,82
3.66,-69.48371367880978,1,82
3.662,-69.48460281777471,1,82
3.664,-69.48578220155082,1,82
3.666,-69.48752116758823,1,82
3.668,-69.49012987765751,1,82
3.67,-69.45765455309191,1,83
3.672,-69.44988804571413,1,83
3.674,-69.44749400157782,1,83
3.676,-69.45160626628386,1,83
3.678,-69.46294098972912,1,83
3.68,-69.4812915594524,1,83
3.682,-69.50580142271161,1,83
3.684,-69.53485043081655,1,83
3.686,-69.56621298740973,1,83
3.688,-69.5981345427397,1,83
3.69,-69.62858552508744,1,82
3.692,-69.65628950342052,1,82
3.694,-69.68020079275094,1,82
3.696,-69.70076761488558,1,82
3.698,-69.71769910769797,1,82
3.7,-69.73241059305839,1,82
3.702,-69.74509535536586,1,81
3.704,-69.75617232156915,1,81
3.706,-69.76661878676617,1,81
3.708,-69.77599142859009,1,81
3.71,-69.78426101989345,1,81
3.712,-69.79100616135501,1,80
3.714,-69.79558074054346,1,79
3.716,-69.79845044553691,1,80
3.718,-69.79943795697329,1,80
3.72,-69.7990446067534,1,82
3.722,-69.79691650144348,1,82
3.724,-69.79465868455895,1,82
3.726,-69.79326047447174,1,82
3.728,-69.7937277698042,1,82
3.73,-69.79747450667823,1,82
3.732,-69.80484774072026,1,82
3.734,-69.81663285191036,1,82
3.736,-69.83257385344531,1,82
3.738,-69.85216369645633,1,82
3.74,-69.87387053470846,1,82
3.742,-69.89680450428898,1,81
3.744,-69.91952412036851,1,81
3.746,-69.94056515661022,1,81
3.748,-69.95861097039379,1,81
3.75,-69.97361599137864,1,81
3.752,-69.98552621210504,1,81
3.754,-69.99563769522996,1,82
3.756,-70.00405530225622,1,82
3.758,-70.0123942244416,1,82
3.76,-70.02138554384346,1,81
3.762,-70.03174322247807,1,81
3.764,-70.0435892166987,1,81
3.766,-70.05571775741411,1,81
3.768,-70.0685180252883,1,81
3.77,-70.08015926913782,1,80
3.772,-70.09045881125977,1,80
3.774,-70.09862409893128,1,80
3.776,-70.10334982018135,1,81
3.778,-70.10769782679813,1,81
3.78,-70.11037815926106,1,81
3.782,-70.11292427094003,1,81
3.784,-70.11570134583076,1,81
3.786,-70.12020601108952,1,81
3.788,-70.12727827014511,1,81
3.79,-70.13674199256329,1,81
3.792,-70.14877197337631,1,81
3.794,-70.162593085427,1,81
3.796,-70.17729702502197,1,81
3.798,-70.1919990741476,1,81
3.8,-70.20527352376487,1,83
3.802,-70.21672542368306,1,83
3.804,-70.22576502892213,1,83
3.806,-70.23264906582615,1,83
3.808,-70.23769961611823,1,83
3.81,-70.22493865595543,1,82
3.812,-70.24852671386587,1,82
3.814,-70.25648870437509,1,82
3.816,-70.26582394705288,1,82
3.818,-70.27645854409246,1,82
3.82,-70.28839924785055,1,82
3.822,-70.0976984925444,1,82
3.824,-70.31562948329781,1,81
3.826,-70.32927701681866,1,81
3.828,-70.3425795882941,1,81
3.83,-70.35510288999708,1,81
3.832,-70.36662802005279,1,81
3.834,-70.37642636557055,1,82
3.836,-70.38485185885091,1,82
3.838,-70.3915124175187,1,82
3.84,-70.39670697185795,1,81
3.842,-70.40003773523968,1,80
3.844,-70.40208399561565,1,80
3.846,-70.35854592358794,1,81
3.848,-70.3734851802392,1,81
3.85,-70.38623848674025,1,81
3.852,-70.39650924057659,1,81
3.854,-70.40389205311166,1,81
3.856,-70.40815663695379,1,81
3.858,-70.40958357696448,1,81
3.86,-70.40769206105719,1,81
3.862,-70.40314401351334,1,80
3.864,-70.39616138484004,1,80
3.866,-70.38638179928758,1,80
3.868,-70.37482779420704,1,80
3.87,-70.36161067567281,1,80
3.872,-70.34776895581699,1,80
3.874,-70.33410405683122,1,80
3.876,-70.32136802470602,1,80
3.878,-70.31042378349413,1,79
3.88,-70.30168094237906,1,79
3.882,-70.29569817746756,1,79
3.884,-70.29245128289023,1,79
3.886,-70.29184130042606,1,79
3.888,-70.2936333889112,1,78
3.89,-70.29756321173342,1,78
3.892,-70.30340557220798,1,78
3.894,-70.310833243551,1,78
3.896,-70.31935588215313,1,78
3.898,-70.32858932969359,1,78
3.9,-70.33722015807409,1,77
3.902,-70.34605815582344,1,77
3.904,-70.35356841561642,1,77
3.906,-70.35900255470408,1,77
3.908,-70.36185962739803,1,77
3.91,-70.36166039130154,1,77
3.912,-70.35830670021853,1,77
3.914,-70.35185819206582,1,77
3.916,-70.34254422734557,1,77
3.918,-70.33078530190457,1,77
3.92,-70.31684118838501,1,77
3.922,-70.30110278031214,1,77
3.924,-70.28388961141117,1,77
3.926,-70.26579156255548,1,77
3.928,-70.24724367063513,1,77
3.93,-70.22881196986313,1,77
3.932,-70.2113026562058,1,77
3.934,-70.19533437394279,1,77
3.936,-70.18157824540239,1,77
3.938,-70.17004508962675,1,77
3.94,-70.16105314561096,1,77
3.942,-70.1545363394611,1,77
3.944,-70.14992597599273,1,76
3.946,-70.14715039151,1,76
3.948,-70.14578512239915,1,76
3.95,-70.14563973711469,1,77
3.952,-70.14597575650056,1,77
3.954,-70.14647104317658,1,77
3.956,-70.14687687776151,1,77
3.958,-70.14638805211243,1,77
3.96,-70.14452776185009,1,77
3.962,-70.14047145854252,1,77
3.964,-70.13374279426903,1,77
3.966,-70.12402988376978,1,77
3.968,-70.11091831902613,1,77
3.97,-70.0949030125959,1,77
3.972,-70.07609137505186,1,77
3.974,-70.055061558848,1,77
3.976,-70.03245852220475,1,77
3.978,-70.0086651786245,1,77
3.98,-69.9845075497769,1,77
3.982,-69.96019044786908,1,77
3.984,-69.93655148565382,1,77
3.986,-69.91404963490353,1,77
3.988,-69.89366327378005,1,77
3.99,-69.8757883859715,1,77
3.992,-69.86079029180357,1,77
3.994,-69.84904700502823,1,77
3.996,-69.84049803922551,1,77
3.998,-69.83462759250914,1,77
4.0,-69.83090478337377,1,77
4.002,-69.82839713032605,1,77
4.004,-69.82668815765881,1,77
4.006,-69.82475833874243,1,77
4.008,-69.82230122787597,1,77
4.01,-69.81864212928232,1,77
4.012,-69.8135277893285,1,77
4.014,-69.80620310169756,1,77
4.016,-69.7967070256223,1,77
4.018,-69.78425381422531,1,77
4.02,-69.76891762376626,1,77
4.022,-69.7506909135748,1,77
4.024,-69.73001397249489,1,77
4.026,-69.70755207118226,1,77
4.028,-69.68400931748933,1,77
4.03,-69.66027587533732,1,77
4.032,-69.63786206439532,1,78
4.034,-69.6143813071288,1,78
4.036,-69.59205675336884,1,78
4.038,-69.5715399449114,1,78
4.04,-69.55290824715492,1,78
4.042,-69.53674998495775,1,78
4.044,-69.52321524174815,1,78
4.046,-69.51274161441222,1,78
4.048,-69.5054188633425,1,78
4.05,-69.50085417449966,1,78
4.052,-69.49878545701822,1,78
4.054,-69.49834922814868,1,78
4.056,-69.49869984255992,1,78
4.058,-69.49868668822448,1,78
4.06,-69.49766548866316,1,78
4.062,-69.49463711521685,1,78
4.064,-69.48930682634976,1,78
4.066,-69.4811324898657,1,78
4.068,-69.47020576377304,1,78
4.07,-69.45607585077077,1,78
4.072,-69.43913153571695,1,78
4.074,-69.41936726103799,1,78
4.076,-69.39722803350409,1,78
4.078,-69.37341916082796,1,78
4.08,-69.34882414803612,1,78
4.082,-69.32455566310998,1,78
4.084,-69.301821164523,1,78
4.086,-69.28149087203732,1,78
4.088,-69.26444009819508,1,78
4.09,-69.25103129908658,1,78
4.092,-69.24129496902927,1,78
4.094,-69.23510455321237,1,78
4.096,-69.22493728545288,1,79
4.098,-69.22355780630113,1,79
4.1,-69.22473272291424,1,79
4.102,-69.22785829492673,1,81
4.104,-69.23241776853091,1,81
4.106,-69.23735511009666,1,81
4.108,-69.24148587188971,1,81
4.11,-69.24395081247434,1,81
4.112,-69.24361864987456,1,81
4.114,-69.23989986385081,1,81
4.116,-69.2325902880044,1,81
4.118,-69.22174880416627,1,81
4.12,-69.20783599567822,1,81
4.122,-69.19149605532067,1,81
4.124,-69.1392537892282,1,82
4.126,-69.113459727523,1,82
4.128,-69.08746294794126,1,82
4.13,-69.06266983715008,1,82
4.132,-69.04063929426391,1,81
4.134,-69.0225030407333,1,81
4.136,-69.00959667417423,1,81
4.138,-69.06847091262566,1,80
4.14,-69.06502207615375,1,80
4.142,-69.06551338770208,1,80
4.144,-69.06949085379031,1,80
4.146,-69.07626666411367,1,80
4.148,-69.0848019298924,1,80
4.15,-69.09407729524797,1,80
4.152,-69.10303591434251,1,80
4.154,-69.11068858146439,1,80
4.156,-69.11637561805472,1,80
4.158,-69.11931704982513,1,80
4.16,-69.11906480392355,1,80
4.162,-69.11527820218998,1,80
4.164,-69.10775100874608,1,80
4.166,-69.09665495097444,1,80
4.168,-69.08245161229735,1,80
4.17,-69.06609935684307,1,80
4.172,-69.04874514300634,1,80
4.174,-69.03185532414375,1,80
4.176,-69.01656271103417,1,79
4.178,-69.00424754440957,1,79
4.18,-68.99553830757675,1,79
4.182,-68.99088989168965,1,79
4.184,-68.99044796925304,1,79
4.186,-68.99405952582875,1,79
4.188,-69.00135945816088,1,79
4.19,-69.01190886960063,1,79
4.192,-69.02489521594666,1,79
4.194,-69.03943206687148,1,79
4.196,-69.05462280182229,1,81
4.198,-69.06841566126974,1,81
4.2,-69.07984623545434,1,81
4.202,-69.08782670068454,1,81
4.204,-69.09154382082764,1,81
4.206,-69.09101857110426,1,81
4.208,-69.0863867342613,1,81
4.21,-69.07843342115679,1,81
4.212,-69.06807504872421,1,81
4.214,-69.0562916686519,1,81
4.216,-69.04422918188403,1,81
4.218,-69.03276160890336,1,80
4.22,-69.02310858245527,1,80
4.222,-69.01604166728877,1,80
4.224,-69.02410755100091,1,78
4.226,-69.02744273217961,1,78
4.228,-69.03472475146488,1,79
4.23,-69.04573185876295,1,79
4.232,-69.05974307776874,1,79
4.234,-69.07590182944544,1,79
4.236,-69.09291802101049,1,79
4.238,-69.10943003891148,1,79
4.24,-69.12447084305887,1,79
4.242,-69.13700603545942,1,79
4.244,-69.14651220293996,1,79
4.246,-69.1524903799653,1,80
4.248,-69.15509875117895,1,81
4.25,-69.1540932868138,1,80
4.252,-69.14953665282198,1,80
4.254,-69.14214234234558,1,79
4.256,-69.13277463286914,1,79
4.258,-69.12244906671219,1,79
4.26,-69.1125729632372,1,79
4.262,-69.10429099753313,1,79
4.264,-69.09890425178409,1,79
4.266,-69.09726322249162,1,79
4.268,-69.09983933975991,1,79
4.27,-69.10653293543956,1,79
4.272,-69.11705395171154,1,79
4.274,-69.1306888657857,1,78
4.276,-69.14677366340895,1,78
4.278,-69.1639468879074,1,78
4.28,-69.18106756946374,1,79
4.282,-69.19670973475121,1,78
4.284,-69.21016269096667,1,78
4.286,-69.21993153446405,1,78
4.288,-69.22521857899656,1,78
4.29,-69.16908248387928,1,80
4.292,-69.1616259572227,1,80
4.294,-69.1544011885743,1,80
4.296,-69.14286848721491,1,80
4.298,-69.13102253977166,1,80
4.3,-69.1210116759014,1,80
4.302,-69.11429266759149,1,80
4.304,-69.112031446184,1,80
4.306,-69.11488604991595,1,80
4.308,-69.12276574496221,1,79
4.31,-69.13529732831184,1,79
4.312,-69.15207055365336,1,79
4.314,-69.17180390655473,1,80
4.316,-69.19354409074357,1,80
4.318,-69.21599891684087,1,80
4.32,-69.23771233298919,1,80
4.322,-69.23733903212387,1,79
4.324,-69.25208266200612,1,79
4.326,-69.2637513903066,1,79
4.328,-69.27150767614542,1,79
4.33,-69.27501526532706,1,79
4.332,-69.27439934374199,1,79
4.334,-69.27001618481765,1,79
4.336,-69.26252421875941,1,79
4.338,-69.25076821692626,1,79
4.34,-69.23911834022918,1,79
4.342,-69.22715977718046,1,79
4.344,-69.21590287727108,1,79
4.346,-69.20654083473666,1,79
4.348,-69.20001302593911,1,79
4.35,-69.19933971203308,1,78
4.352,-69.24519035040211,1,80
4.354,-69.24585666688274,1,79
4.356,-69.24860817938918,1,79
4.358,-69.25267574091325,1,79
4.36,-69.25761588498696,1,80
4.362,-69.26237483304688,1,80
4.364,-69.26633085558491,1,80
4.366,-69.26866953576533,1,80
4.368,-69.26859392118746,1,80
4.37,-69.26555358111702,1,80
4.372,-69.2586913252818,1,80
4.374,-69.24761531502965,1,80
4.376,-69.2322611932984,1,80
4.378,-69.2130635604036,1,80
4.38,-69.19847409238994,1,79
4.382,-69.1809990636896,1,79
4.384,-69.16476117744278,1,79
4.386,-69.15105975130723,1,79
4.388,-69.14072449214476,1,79
4.39,-69.13418242999464,1,79
4.392,-69.13141826239601,1,79
4.394,-69.13205614411528,1,79
4.396,-69.1355941988326,1,79
4.398,-69.14123806461713,1,79
4.4,-69.14837848897443,1,78
4.402,-69.15585532933059,1,78
4.404,-69.16255759632972,1,78
4.406,-69.16725797204916,1,78
4.408,-69.16903799132602,1,78
4.41,-69.16717446331579,1,78
4.412,-69.16144907449431,1,78
4.414,-69.1530660209472,1,77
4.416,-69.08630034997432,1,79
4.418,-69.07060073793124,1,79
4.42,-69.0542327839316,1,79
4.422,-69.0385921706107,1,79
4.424,-69.02499962647836,1,79
4.426,-69.01407665926459,1,79
4.428,-69.00662418444712,1,79
4.43,-69.00270636841057,1,79
4.432,-69.00243831112508,1,79
4.434,-69.00536483949796,1,79
4.436,-69.01095177577207,1,79
4.438,-69.0183887134714,1,79
4.44,-69.0264279844352,1,79
4.442,-69.03391988946183,1,79
4.444,-69.03959681434343,1,79
4.446,-69.04259836536005,1,79
4.448,-69.04257601697651,1,79
4.45,-69.03924296803496,1,79
4.452,-69.03408077832201,1,78
4.454,-69.02363673479225,1,78
4.456,-69.01065843188174,1,78
4.458,-68.99571061968345,1,78
4.46,-68.97937538516219,1,78
4.462,-68.96258852953886,1,78
4.464,-68.94608982894938,1,78
4.466,-68.93100143474241,1,78
4.468,-68.91826520579919,1,78
4.47,-68.9084102239895,1,78
4.472,-68.90177890451763,1,78
4.474,-68.89814555440475,1,77
4.476,-68.89710046003674,1,77
4.478,-68.89951332895669,1,76
4.48,-68.89955108939873,1,77
4.482,-68.90125371663413,1,77
4.484,-68.90230292121836,1,77
4.486,-68.90199254388328,1,77
4.488,-68.89977161126373,1,77
4.49,-68.89509767616862,1,77
4.492,-68.88775424326008,1,77
4.494,-68.87769436667372,1,77
4.496,-68.86526628638165,1,77
4.498,-68.8510322893076,1,77
4.5,-68.83597077369845,1,77
4.502,-68.82109037302767,1,77
4.504,-68.80733728523525,1,77
4.506,-68.79544225320981,1,77
4.508,-68.78591789339711,1,77
4.51,-68.77893135118987,1,77
4.512,-68.7745309004084,1,77
4.514,-68.77250619886337,1,77
4.516,-68.77264569455237,1,77
4.518,-68.77379501607257,1,78
4.52,-68.7769497566731,1,78
4.522,-68.7805774131924,1,78
4.524,-68.76480079566238,1,79
4.526,-68.76502778524423,1,79
4.528,-68.78605870079144,1,78
4.53,-68.78379954031443,1,78
4.532,-68.77906770306802,1,78
4.534,-68.77210292331695,1,78
4.536,-68.76347211182691,1,78
4.538,-68.75382151191255,1,78
4.54,-68.74385307345156,1,78
4.542,-68.73543327176424,1,77
4.544,-68.72506209432098,1,79
4.546,-68.71741447039338,1,79
4.548,-68.71151980090124,1,79
4.55,-68.70773984227286,1,79
4.552,-68.70627372829156,1,79
4.554,-68.70709734688307,1,79
4.556,-68.70978878760388,1,79
4.558,-68.71361786065953,1,79
4.56,-68.7177015386505,1,79
4.562,-68.72109874022154,1,79
4.564,-68.723048229394,1,79
4.566,-68.7223714667669,1,80
4.568,-68.72035210145363,1,81
4.57,-68.71587594277577,1,81
4.572,-68.70939698937816,1,81
4.574,-68.70127435836726,1,81
4.576,-68.69196156131758,1,81
4.578,-68.6820523246411,1,81
4.58,-68.67230172113867,1,81
4.582,-68.66354037949965,1,81
4.584,-68.60785164130951,1,82
4.586,-68.6060497394898,1,82
4.588,-68.60795329046836,1,82
4.59,-68.61325450313582,1,82
4.592,-68.65575656143945,1,81
4.594,-68.66109903942102,1,81
4.596,-68.66719279305754,1,81
4.598,-68.67320259626594,1,81
4.6,-68.67838299258135,1,81
4.602,-68.6836618693398,1,80
4.604,-68.68577267961562,1,80
4.606,-68.68604889110304,1,80
4.608,-68.68310191573676,1,81
4.61,-68.67952927672212,1,81
4.612,-68.67434056101254,1,81
4.614,-68.66801877444058,1,81
4.616,-68.66125752916962,1,81
4.618,-68.65479958681816,1,81
4.62,-68.64935810232299,1,81
4.622,-68.64539006430081,1,81
4.624,-68.64304195677616,1,82
4.626,-68.64227303043415,1,82
4.628,-68.64280960334301,1,82
4.63,-68.64439663834746,1,82
4.632,-68.64677134858746,1,82
4.634,-68.64975912987812,1,82
4.636,-68.65320691512596,1,82
4.638,-68.65685360258404,1,82
4.64,-68.66029566249847,1,82
4.642,-68.66305030721563,1,82
4.644,-68.66456547857507,1,82
4.646,-68.69188766412348,1,82
4.648,-68.66277312480439,1,81
4.65,-68.68752075506754,1,82
4.652,-68.68390707026732,1,82
4.654,-68.6799488089434,1,82
4.656,-68.64138054215567,1,81
4.658,-68.63529082156805,1,80
4.66,-68.63018711413709,1,80
4.662,-68.6262262822344,1,80
4.664,-68.62393445183918,1,81
4.666,-68.62314306676963,1,81
4.668,-68.62414370820953,1,81
4.67,-68.6267282460706,1,81
4.672,-68.6339636375416,1,81
4.674,-68.63723571469845,1,81
4.676,-68.63977259610989,1,81
4.678,-68.64072012915881,1,81
4.68,-68.63948944573873,1,81
4.682,-68.63587494534673,1,81
4.684,-68.63010316864278,1,81
4.686,-68.62271035135777,1,81
4.688,-68.61437131934181,1,81
4.69,-68.60587075325486,1,82
4.692,-68.59761405064704,1,82
4.694,-68.59013945310653,1,82
4.696,-68.58376067347956,1,82
4.698,-68.60281469721353,1,83
4.7,-68.57514286791849,1,82
4.702,-68.59123051841678,1,83
4.704,-68.58717039545257,1,83
4.706,-68.58394542714525,1,83
4.708,-68.58117751009652,1,83
4.71,-68.57836509729769,1,83
4.712,-68.57523502992584,1,83
4.714,-68.57155638997536,1,83
4.716,-68.56745426889225,1,83
4.718,-68.56326208539055,1,82
4.72,-68.56012006692934,1,82
4.722,-68.55687922821828,1,82
4.724,-68.55345317702944,1,82
4.726,-68.54962877131244,1,82
4.728,-68.54518843534356,1,82
4.73,-68.54007740711553,1,82
4.732,-68.53446031498328,1,82
4.734,-68.52871122764776,1,82
4.736,-68.5234342829746,1,82
4.738,-68.51870492457269,1,82
4.74,-68.51517618300691,1,82
4.742,-68.51300957959357,1,82
4.744,-68.51215127468319,1,82
4.746,-68.51241169738196,1,82
4.748,-68.51349519628427,1,82
4.75,-68.51500765239916,1,82
4.752,-68.51652006219571,1,81
4.754,-68.51741043361365,1,81
4.756,-68.51716390907234,1,80
4.758,-68.51526466222418,1,80
4.76,-68.51143009706095,1,80
4.762,-68.5057038726928,1,80
4.764,-68.49848764000603,1,80
4.766,-68.49051156263594,1,80
4.768,-68.4647640685478,1,80
4.77,-68.45516441384771,1,80
4.772,-68.44665489211809,1,81
4.774,-68.43948211702137,1,81
4.776,-68.43383744369726,1,81
4.778,-68.42933328509405,1,81
4.78,-68.4256063840095,1,81
4.782,-68.42218046893898,1,81
4.784,-68.41880676961303,1,81
4.786,-68.4532249019012,1,80
4.788,-68.4495503016821,1,80
4.79,-68.4451661473817,1,80
4.792,-68.44013414909678,1,80
4.794,-68.4357050780226,1,79
4.796,-68.42998981276968,1,79
4.798,-68.42441620742783,1,79
4.8,-68.4173939543409,1,79
4.802,-68.44741184479665,1,80
4.804,-68.44526357034678,1,80
4.806,-68.44363427887251,1,80
4.808,-68.44206019588209,1,81
4.81,-68.44027061379153,1,81
4.812,-68.43796206589377,1,81
4.814,-68.43512278472437,1,81
4.816,-68.43193341639848,1,81
4.818,-68.42863327958983,1,80
4.82,-68.42554860652717,1,80
4.822,-68.42273045105641,1,80
4.824,-68.42012523290451,1,80
4.826,-68.41755460308578,1,80
4.828,-68.41484001815527,1,80
4.83,-68.41181650637179,1,80
4.832,-68.40846314862094,1,80
4.834,-68.40481776477151,1,80
4.836,-68.40095802586791,1,80
4.838,-68.39698035801914,1,80
4.84,-68.39294422147358,1,80
4.842,-68.38880797955157,1,80
4.844,-68.38464835365923,1,80
4.846,-68.38034923068334,1,80
4.848,-68.37591804587107,1,80
4.85,-68.37134726914738,1,80
4.852,-68.36659390306619,1,80
4.854,-68.3615486450235,1,80
4.856,-68.35618413620382,1,80
4.858,-68.35051707598691,1,81
4.86,-68.34465678869742,1,81
4.862,-68.3260438262666,1,80
4.864,-68.33428611667611,1,85
4.866,-68.3297314792473,1,85
4.868,-68.32621709087172,1,85
4.87,-68.32369959639954,1,85
4.872,-68.32206752103991,1,85
4.874,-68.32079302264957,1,85
4.876,-68.31942068913119,1,85
4.878,-68.31737231099386,1,85
4.88,-68.31444834453475,1,85
4.882,-68.3103157912603,1,85
4.884,-68.30524729448479,1,85
4.886,-68.29936164981575,1,85
4.888,-68.29292246913164,1,85
4.89,-68.2862055873636,1,85
4.892,-68.27936999192785,1,86
4.894,-68.27269653571206,1,86
4.896,-68.26639270519081,1,86
4.898,-68.26057221413339,1,86
4.9,-68.25516640469874,1,87
4.902,-68.25020740979569,1,87
4.904,-68.24504345107768,1,88
4.906,-68.23978652334254,1,88
4.908,-68.2348767680655,1,87
4.91,-68.22878459487512,1,87
4.912,-68.22228740095834,1,87
4.914,-68.21563574726295,1,86
4.916,-68.20908002661638,1,86
4.918,-68.20283219654509,1,86
4.92,-68.19683179498085,1,86
4.922,-68.19085859867909,1,84
4.924,-68.18594985339358,1,83
4.926,-68.20534819301483,1,82
4.928,-68.17394391353841,1,82
4.93,-68.16641463114034,1,82
4.932,-68.15822770627759,1,82
4.934,-68.14957592216585,1,82
4.936,-68.14082140740307,1,82
4.938,-68.13222227824055,1,82
4.94,-68.12420446940573,1,82
4.942,-68.11693549991855,1,82
4.944,-68.11061342868871,1,82
4.946,-68.10521238935675,1,82
4.948,-68.1007738054632,1,82
4.95,-68.09713025107892,1,82
4.952,-68.09403463045984,1,82
4.954,-68.09120949017057,1,82
4.956,-68.08830636103187,1,82
4.958,-68.0851149618,1,82
4.96,-68.08153790697085,1,82
4.962,-68.0779823002316,1,81
4.964,-68.0738430466724,1,81
4.966,-68.06963875258698,1,81
4.968,-68.06550782385871,1,81
4.97,-68.06152388396926,1,81
4.972,-68.05771876910403,1,81
4.974,-68.05402930063852,1,81
4.976,-68.05054312329354,1,81
4.978,-68.04738973377512,1,81
4.98,-68.04480506456852,1,81
4.982,-68.04294710121981,1,81
4.984,-68.04197824837865,1,81
4.986,-68.04181675544869,1,81
4.988,-68.0422551657905,1,81
4.99,-68.04414069173676,1,80
4.992,-68.04356279826428,1,81
4.994,-68.04368008271095,1,81
4.996,-68.04296892201518,1,81
4.998,-68.04123913310082,1,81
5.0,-68.03844566418468,1,81
5.002,-68.03473634510026,1,81
5.004,-68.03041746070897,1,81
5.006,-68.02590171559123,1,80
5.008,-68.02194879739487,1,80
5.01,-68.0190583101174,1,80
5.012,-68.0176035712425,1,80
5.014,-68.01796452845576,1,81
5.016,-68.01966163972222,1,81
5.018,-68.02250570045207,1,81
5.02,-68.0259642977123,1,81
5.022,-68.02937327991799,1,81
5.024,-68.03214019829052,1,81
5.026,-68.03379317085907,1,81
5.028,-68.0341013182642,1,81
5.03,-68.03313273126466,1,81
5.032,-68.03104315774043,1,81
5.034,-68.02821957175551,1,81
5.036,-68.02504524850917,1,81
5.038,-68.0218167401451,1,81
5.04,-68.01875328065209,1,81
5.042,-68.01656752717642,1,81
5.044,-68.01403125949038,1,81
5.046,-68.01203807188095,1,81
5.048,-68.01070249488976,1,81
5.05,-68.01006346395486,1,81
5.052,-68.05540153381624,1,79
5.054,-68.05588217416255,1,79
5.056,-68.01189801828792,1,82
5.058,-68.00342391134045,1,83
5.06,-68.0054400054743,1,83
5.062,-68.00506724056268,1,83
5.064,-68.00208023128073,1,83
5.066,-67.99649185112044,1,83
5.068,-67.98862544334224,1,83
5.07,-67.97897362829099,1,83
5.072,-68.00042643168739,1,82
5.074,-67.99365675944536,1,82
5.076,-67.9865853457927,1,82
5.078,-67.98008344601067,1,82
5.08,-67.97469278916688,1,82
5.082,-67.97094096720821,1,82
5.084,-67.96905877236482,1,82
5.086,-67.9688183964085,1,82
5.088,-67.94973938888084,1,84
5.09,-68.03455584501083,1,83
5.092,-68.02929812912897,1,83
5.094,-68.02268824426164,1,83
5.096,-68.01484505435509,1,83
5.098,-68.00607200682873,1,83
5.1,-67.94824649110029,1,83
5.102,-67.93828563483441,1,82
5.104,-67.93105055215781,1,82
5.106,-67.92642148586836,1,82
5.108,-67.92403880994442,1,82
5.11,-67.92309012860211,1,82
5.112,-67.9225520799467,1,82
5.114,-67.92131773642019,1,82
5.116,-67.91843981554717,1,82
5.118,-67.93698520412191,1,82
5.12,-67.90727462624874,1,83
5.122,-67.89100306665472,1,83
5.124,-67.87371017526154,1,83
5.126,-67.85674154211995,1,83
5.128,-67.84138920346679,1,83
5.13,-67.86068455743833,1,82
5.132,-67.85193019479179,1,82
5.134,-67.84531358362662,1,82
5.136,-67.8405939359776,1,82
5.138,-67.83725666812924,1,82
5.14,-67.83486960923577,1,82
5.142,-67.83288407382403,1,82
5.144,-67.83086576312171,1,81
5.146,-67.82845124778282,1,81
5.148,-67.82532262070585,1,81
5.15,-67.82137226381506,1,81
5.152,-67.80163943027881,1,82
5.154,-67.79289030594425,1,82
5.156,-67.78222119880837,1,82
5.158,-67.79543111957727,1,81
5.16,-67.78670898617949,1,81
5.162,-67.77752627028892,1,81
5.164,-67.76835746527065,1,81
5.166,-67.75978857060406,1,81
5.168,-67.75264651569704,1,81
5.17,-67.74749446664777,1,81
5.172,-67.74494848123044,1,81
5.174,-67.74526052917153,1,81
5.176,-67.74821969430877,1,81
5.178,-67.75328230893037,1,81
5.18,-67.75863800296658,1,80
5.182,-67.77372619094635,1,79
5.184,-67.75195905192794,1,81
5.186,-67.75474191565124,1,81
5.188,-67.75394305330926,1,81
5.19,-67.749563959749,1,81
5.192,-67.74230804318088,1,81
5.194,-67.73342208634963,1,81
5.196,-67.72422032154888,1,81
5.198,-67.71631906600986,1,81
5.2,-67.71076706231077,1,81
5.202,-67.70799145410412,1,82
5.204,-67.7092082506873,1,82
5.206,-67.71372103311413,1,82
5.208,-67.72073793164269,1,82
5.21,-67.72928294943954,1,82
5.212,-67.73843697291856,1,82
5.214,-67.74683414606523,1,81
5.216,-67.75391393825878,1,81
5.218,-67.75879395542181,1,81
5.22,-67.76110579476237,1,81
5.222,-67.76058784656718,1,81
5.224,-67.75735293720997,1,81
5.226,-67.75178631970567,1,81
5.228,-67.74429529894903,1,81
5.23,-67.73545808483017,1,81
5.232,-67.72611573562568,1,81
5.234,-67.71698273506121,1,81
5.236,-67.76762622542026,1,80
5.238,-67.75985747132258,1,80
5.24,-67.75289501965928,1,80
5.242,-67.7473431122847,1,80
5.244,-67.7428808261935,1,79
5.246,-67.7412587289529,1,79
5.248,-67.70477629081122,1,82
5.25,-67.70919427137984,1,82
5.252,-67.71278736940047,1,82
5.254,-67.7143651314133,1,82
5.256,-67.71296388102955,1,82
5.258,-67.70777529525255,1,82
5.26,-67.69873947265278,1,82
5.262,-67.6863175470868,1,82
5.264,-67.67150085345017,1,82
5.266,-67.65570508356527,1,82
5.268,-67.64024919647123,1,82
5.27,-67.6265225106168,1,82
5.272,-67.61546123398576,1,82
5.274,-67.60740915564051,1,82
5.276,-67.60247481432978,1,82
5.278,-67.60009433201162,1,82
5.28,-67.59950969991627,1,82
5.282,-67.59960785003292,1,82
5.284,-67.59922185833035,1,82
5.286,-67.59732965894648,1,82
5.288,-67.59296429646976,1,81
5.29,-67.58557193079395,1,81
5.292,-67.57495103772654,1,81
5.294,-67.56117924201325,1,81
5.296,-67.61202741305797,1,80
5.298,-67.59945490097581,1,80
5.3,-67.58512332131332,1,80
5.302,-67.56973132456828,1,81
5.304,-67.55413747451564,1,81
5.306,-67.53923885423438,1,81
5.308,-67.5259480129532,1,81
5.31,-67.51489301774836,1,81
5.312,-67.50662695766843,1,81
5.314,-67.50139063500104,1,81
5.316,-67.49900239208677,1,81
5.318,-67.4989751295977,1,81
5.32,-67.50056707985433,1,81
5.322,-67.50274591112165,1,81
5.324,-67.50459378148938,1,81
5.326,-67.50521076598443,1,81
5.328,-67.50412819284344,1,81
5.33,-67.50111307345554,1,81
5.332,-67.49614554810779,1,81
5.334,-67.48956995646459,1,81
5.336,-67.48184160450433,1,81
5.338,-67.47348353257391,1,81
5.34,-67.46511644257663,1,81
5.342,-67.45741525176388,1,81
5.344,-67.4509364076824,1,81
5.346,-67.44632928201969,1,81
5.348,-67.44398948721131,1,81
5.35,-67.44416238558611,1,81
5.352,-67.4469312901295,1,81
5.354,-67.45194290376149,1,81
5.356,-67.45878486182743,1,81
5.358,-67.46672025987263,1,81
5.36,-67.47487002095725,1,81
5.362,-67.48244128830842,1,81
5.364,-67.48842956733296,1,81
5.366,-67.49219048762379,1,81
5.368,-67.493186957956,1,81
5.37,-67.49130592458351,1,81
5.372,-67.5165977310442,1,79
5.374,-67.5108968420772,1,79
5.376,-67.47351972623724,1,81
5.378,-67.46561877352849,1,81
5.38,-67.45913479185704,1,81
5.382,-67.4550836608471,1,81
5.384,-67.454047622382,1,80
5.386,-67.45626852972136,1,80
5.388,-67.46146473772241,1,80
5.39,-67.46904244209573,1,80
5.392,-67.47809571969977,1,80
5.394,-67.48755409417181,1,80
5.396,-67.49627955842104,1,80
5.398,-67.50323197719099,1,80
5.4,-67.5074172891925,1,80
5.402,-67.50813646535563,1,80
5.404,-67.50497949514948,1,80
5.406,-67.49807555385961,1,80
5.408,-67.48788378978226,1,80
5.41,-67.4754449224941,1,80
5.412,-67.46184382993549,1,80
5.414,-67.44835539297661,1,80
5.416,-67.43616622222565,1,80
5.418,-67.4261897574566,1,80
5.42,-67.41889227832093,1,80
5.422,-67.41448953138789,1,80
5.424,-67.41261075773053,1,79
5.426,-67.41322230229885,1,79
5.428,-67.41493077224185,1,79
5.43,-67.4167503142913,1,79
5.432,-67.41680430284455,1,78
5.434,-67.41548743624375,1,78
5.436,-67.41121198522548,1,78
5.438,-67.43907572873128,1,77
5.44,-67.39568847508464,1,79
5.442,-67.3813401681039,1,79
5.444,-67.36514336275809,1,79
5.446,-67.34812824945621,1,79
5.448,-67.33132673124709,1,79
5.45,-67.31551290616328,1,79
5.452,-67.30132875464658,1,79
5.454,-67.28911832153881,1,79
5.456,-67.27849771622839,1,76
5.458,-67.27175717802476,1,77
5.46,-67.2660018907255,1,77
5.462,-67.26243900153813,1,77
5.464,-67.26071736030852,1,77
5.466,-67.2601456381594,1,77
5.468,-67.2612819482573,1,76
5.47,-67.26077369440833,1,76
5.472,-67.25961657699756,1,77
5.474,-67.25543035368258,1,76
5.476,-67.249628891239,1,76
5.478,-67.24271799340157,1,75
5.48,-67.23311088724535,1,75
5.482,-67.22243321737241,1,75
5.484,-67.21152276741152,1,75
5.486,-67.20348128832646,1,75
5.488,-67.1941882154091,1,76
5.49,-67.18369756846342,1,75
5.492,-67.17688053049997,1,75
5.494,-67.17361690430836,1,75
5.496,-67.17462827982831,1,75
5.498,-67.18002616404108,1,75
5.5,-67.2258770214074,1,74
5.502,-67.23692109823737,1,74
5.504,-67.21692983267756,1,75
5.506,-67.29589780192427,1,73
5.508,-67.2990893318905,1,73
5.51,-67.30191891436142,1,73
5.512,-67.30454160819863,1,73
5.514,-67.30728624909545,1,72
5.516,-67.31000330674354,1,72
5.518,-67.27469986648096,1,73
5.52,-67.28678145280092,1,74
5.522,-67.30087622397053,1,73
5.524,-67.3132678941701,1,73
5.526,-67.32384863695118,1,72
5.528,-67.33136619416706,1,72
5.53,-67.33541343149786,1,72
5.532,-67.3357947866895,1,72
5.534,-67.33268510191222,1,72
5.536,-67.32633710628488,1,73
5.538,-67.31826894688692,1,72
5.54,-67.308795845914,1,72
5.542,-67.29943951879888,1,70
5.544,-67.29073157999322,1,70
5.546,-67.28362802725093,1,70
5.548,-67.27854669962707,1,70
5.55,-67.27553420616123,1,70
5.552,-67.27408358975184,1,72
5.554,-67.27529733105428,1,71
5.556,-67.27631304040563,1,71
5.558,-67.27747183046084,1,71
5.56,-67.27806867573545,1,71
5.562,-67.27733839928406,1,71
5.564,-67.25030407227955,1,70
5.566,-67.24559016524871,1,69
5.568,-67.26017659893995,1,72
5.57,-67.24801978103372,1,71
5.572,-67.23283982426193,1,71
5.574,-67.21545420060953,1,71
5.576,-67.19691348536202,1,71
5.578,-67.17845897286607,1,71
5.58,-67.16123538386559,1,71
5.582,-67.09431873860761,1,72
5.584,-67.08378747636134,1,73
5.586,-67.0770081356456,1,72
5.588,-67.07125120425273,1,72
5.59,-67.06695287137546,1,72
5.592,-67.06371038379893,1,72
5.594,-67.06101422768754,1,72
5.596,-67.05835132523016,1,72
5.598,-67.05514744104975,1,71
5.6,-67.05080656415178,1,72
5.602,-67.04534062959313,1,71
5.604,-67.03833198863512,1,71
5.606,-67.03010332742102,1,71
5.608,-67.02115853079013,1,71
5.61,-67.01212873609276,1,71
5.612,-67.00368940994628,1,71
5.614,-66.99646840546096,1,71
5.616,-66.99027878533958,1,72
5.618,-66.98753516210404,1,71
5.62,-66.98642450184164,1,71
5.622,-67.03100755042107,1,70
5.624,-67.0338055628064,1,70
5.626,-67.01283334823677,1,69
5.628,-67.02266269300466,1,69
5.63,-67.03471013258432,1,69
5.632,-67.02199625054648,1,72
5.634,-67.03079526310377,1,71
5.636,-67.03777205615364,1,71
5.638,-67.04285306415349,1,71
5.64,-67.04584462901596,1,71
5.642,-67.04677424069644,1,71
5.644,-67.04604666411035,1,71
5.646,-67.04408998339483,1,71
5.648,-67.04112736412371,1,72
5.65,-67.03871514877106,1,71
5.652,-67.03631090624334,1,71
5.654,-67.03466244251081,1,71
5.656,-67.03416619016237,1,71
5.658,-67.03505617671306,1,71
5.66,-67.03740305328947,1,71
5.662,-67.04102051234838,1,71
5.664,-67.04456378402585,1,72
5.666,-67.05000756982345,1,71
5.668,-67.05396160283078,1,71
5.67,-67.05657813114698,1,71
5.672,-67.05729876103977,1,71
5.674,-67.0557716440901,1,71
5.676,-67.05195315870779,1,71
5.678,-67.09985537139765,1,70
5.68,-67.08953383125724,1,71
5.682,-67.0729996372196,1,71
5.684,-67.05649711348511,1,69
5.686,-67.03792582952835,1,69
5.688,-67.01843052003446,1,68
5.69,-67.00204250584703,1,67
5.692,-66.95446301269655,1,66
5.694,-66.93926150602677,1,66
5.696,-66.92054269721261,1,70
5.698,-66.91250729635941,1,69
5.7,-66.90547607704703,1,69
5.702,-66.90011813825203,1,69
5.704,-66.89595836745173,1,69
5.706,-66.89248574087304,1,69
5.708,-66.88920694785904,1,69
5.71,-66.88562804811468,1,69
5.712,-66.88111843487641,1,70
5.714,-66.87607630951709,1,69
5.716,-66.86951427900749,1,69
5.718,-66.86168244305361,1,69
5.72,-66.85278722014759,1,69
5.722,-66.84334617641144,1,69
5.724,-66.83402739415581,1,69
5.726,-66.79733970992163,1,68
5.728,-66.78969027902306,1,69
5.73,-66.78599463690611,1,68
5.732,-66.7837583832412,1,68
5.734,-66.7839681182733,1,68
5.736,-66.78652056916803,1,68
5.738,-66.7911866560129,1,68
5.74,-66.79769761701027,1,68
5.742,-66.8463281674038,1,67
5.744,-66.85815039094724,1,68
5.746,-66.87204714483268,1,68
5.748,-66.88346238152293,1,67
5.75,-66.89807326420878,1,66
5.752,-66.9018763419399,1,66
5.754,-66.90202262267798,1,66
5.756,-66.89949340607411,1,66
5.758,-66.89540544993068,1,66
5.76,-66.84851273050309,1,69
5.762,-66.84717909200715,1,68
5.764,-66.8444461235515,1,68
5.766,-66.84071550005797,1,68
5.768,-66.8363878919683,1,68
5.77,-66.83239931650851,1,68
5.772,-66.8298501164629,1,68
5.774,-66.8296254954679,1,68
5.776,-66.83076721836204,1,69
5.778,-66.83572899749551,1,68
5.78,-66.88322611073447,1,67
5.782,-66.88906024318179,1,67
5.784,-66.89153777647013,1,67
5.786,-66.89006846597691,1,67
5.788,-66.88496693820474,1,67
5.79,-66.87686046642769,1,67
5.792,-66.86614173729737,1,68
5.794,-66.85327248734899,1,67
5.796,-66.83790529890048,1,67
5.798,-66.82029330814932,1,67
5.8,-66.80116728093097,1,67
5.802,-66.78191635354368,1,67
5.804,-66.7642865037029,1,67
5.806,-66.74982945117964,1,67
5.808,-66.73832623488707,1,68
5.81,-66.73286655493328,1,67
5.812,-66.72945270886872,1,67
5.814,-66.73083639455353,1,66
5.816,-66.7299617865501,1,66
5.818,-66.72941913173564,1,66
5.82,-66.7291094323747,1,66
5.822,-66.72904764530568,1,66
5.824,-66.72878450011646,1,67
5.826,-66.72535703917065,1,67
5.828,-66.72340800936675,1,67
5.83,-66.71911633984104,1,67
5.832,-66.71200111341774,1,67
5.834,-66.70232878313088,1,67
5.836,-66.69124465052928,1,67
5.838,-66.68043143644779,1,67
5.84,-66.67085043239703,1,68
5.842,-66.6656927695291,1,67
5.844,-66.66287306261809,1,67
5.846,-66.6634012393496,1,67
5.848,-66.66642620304016,1,67
5.85,-66.67159102890454,1,67
5.852,-66.67878405736478,1,67
5.854,-66.68805382373085,1,67
5.856,-66.69826449980047,1,68
5.858,-66.71118073735055,1,67
5.86,-66.72261063712655,1,67
5.862,-66.7315763303496,1,67
5.864,-66.73647897469978,1,67
5.866,-66.74218840987305,1,66
5.868,-66.73769360174467,1,66
5.87,-66.72971557739365,1,66
5.872,-66.71939273922686,1,67
5.874,-66.70872722999182,1,66
5.876,-66.69767272416337,1,66
5.878,-66.68676382421245,1,66
5.88,-66.67610241680062,1,66
5.882,-66.66583154651595,1,66
5.884,-66.65648297144408,1,66
5.886,-66.6488931138838,1,66
5.888,-66.6373123653481,1,68
5.89,-66.63673037483309,1,67
5.892,-66.63755162328118,1,67
5.894,-66.63988832751345,1,67
5.896,-66.64222311783247,1,67
5.898,-66.6430417056596,1,67
5.9,-66.64239724600107,1,68
5.902,-66.63816686458708,1,68
5.904,-66.63129628191004,1,69
5.906,-66.62314804325882,1,68
5.908,-66.6131868344875,1,68
5.91,-66.601662676762,1,68
5.912,-66.58836020335764,1,68
5.914,-66.57342622337055,1,68
5.916,-66.55749022480563,1,68
5.918,-66.54192350703663,1,68
5.92,-66.52754967057123,1,69
5.922,-66.51865006572348,1,69
5.924,-66.51339618216593,1,69
5.926,-66.512728184758,1,69
5.928,-66.515806746795,1,69
5.93,-66.5217054419841,1,68
5.932,-66.52834125397075,1,68
5.934,-66.5354329282801,1,68
5.936,-66.5418388257548,1,69
5.938,-66.54948588799984,1,68
5.94,-66.55600083152451,1,68
5.942,-66.56155062241547,1,68
5.944,-66.56535468641597,1,68
5.946,-66.56658715138308,1,68
5.948,-66.56483129617258,1,68
5.95,-66.56030354933063,1,68
5.952,-66.55511920809573,1,70
5.954,-66.54868584702746,1,69
5.956,-66.5425943309393,1,69
5.958,-66.53804700199385,1,69
5.96,-66.53532044737183,1,69
5.962,-66.53412203716725,1,69
5.964,-66.53396238434838,1,69
5.966,-66.5345547937199,1,69
5.968,-66.53488598749601,1,70
5.97,-66.53843709111416,1,69
5.972,-66.5422281955123,1,69
5.974,-66.54696686657213,1,69
5.976,-66.55172641255858,1,69
5.978,-66.55509145309789,1,69
5.98,-66.55557694720672,1,69
5.982,-66.55222845061795,1,69
5.984,-66.54477293592717,1,70
5.986,-66.53411009313801,1,69
5.988,-66.51945564677237,1,68
5.99,-66.50544392834749,1,68
5.992,-66.49129626004795,1,68
5.994,-66.47749377659412,1,68
5.996,-66.46418314670278,1,68
5.998,-66.45153474823168,1,68
6.0,-66.4390471056874,1,69
6.002,-66.42990482025178,1,68
6.004,-66.42238562371827,1,68
6.006,-66.41796775389767,1,68
6.008,-66.41678183655185,1,68
6.01,-66.41829815399096,1,68
6.012,-66.42152138975632,1,68
6.014,-66.42517799019254,1,68
6.016,-66.42932423669022,1,70
6.018,-66.43187989360855,1,69
6.02,-66.43272630366167,1,69
6.022,-66.43270516585547,1,69
6.024,-66.43201294209044,1,69
6.026,-66.43056825108546,1,69
6.028,-66.42801548888491,1,69
6.03,-66.42404032403056,1,69
6.032,-66.41825271774272,1,70
6.034,-66.4121307539745,1,69
6.036,-66.4057366452806,1,69
6.038,-66.40061633633987,1,69
6.04,-66.39777726297328,1,69
6.042,-66.39764256185644,1,69
6.044,-66.39991662498083,1,69
6.046,-66.40372979332084,1,69
6.048,-66.40709288366975,1,70
6.05,-66.41184319361442,1,69
6.052,-66.41470573693076,1,69
6.054,-66.41651789672883,1,69
6.056,-66.41741521167775,1,69
6.058,-66.4180024244905,1,68
6.06,-66.41687905574162,1,68
6.062,-66.41399630497551,1,68
6.064,-66.40855057181514,1,69
6.066,-66.40031035116584,1,68
6.068,-66.3891142510845,1,68
6.07,-66.3758061823375,1,68
6.072,-66.36150320273659,1,68
6.074,-66.34744836457445,1,68
6.076,-66.3345897108792,1,68
6.078,-66.32332250194094,1,68
6.08,-66.27874049137881,1,72
6.082,-66.27685773204634,1,70
6.084,-66.27035211811504,1,70
6.086,-66.26559181616757,1,70
6.088,-66.26283467242095,1,70
6.09,-66.26222775455955,1,70
6.092,-66.2635948429467,1,69
6.094,-66.2651124307798,1,69
6.096,-66.26693786860409,1,70
6.098,-66.26926266681052,1,70
6.1,-66.2691624455561,1,70
6.102,-66.26708225523531,1,70
6.104,-66.20371789479412,1,71
6.106,-66.20131200221282,1,71
6.108,-66.1987610839061,1,71
6.11,-66.19631340272451,1,71
6.112,-66.19352739685142,1,72
6.114,-66.19114419546946,1,71
6.116,-66.187466623195,1,71
6.118,-66.18274842263043,1,71
6.12,-66.18019805797715,1,71
6.122,-66.2000025716475,1,70
6.124,-66.19609281204696,1,70
6.126,-66.19387236400284,1,70
6.128,-66.24881103258784,1,70
6.13,-66.25258647991984,1,69
6.132,-66.26112164932007,1,68
6.134,-66.26467361208631,1,68
6.136,-66.26703687766312,1,68
6.138,-66.26774707502057,1,68
6.14,-66.26671915360816,1,68
6.142,-66.26402578352929,1,68
6.144,-66.1824309183529,1,73
6.146,-66.17710958154193,1,72
6.148,-66.16926079350301,1,72
6.15,-66.15986554368492,1,72
6.152,-66.14954552990605,1,72
6.154,-66.13859287877075,1,72
6.156,-66.1242046062996,1,71
6.158,-66.11761804361768,1,70
6.16,-66.10639567174891,1,71
6.162,-66.09747833879646,1,70
6.164,-66.08248977556099,1,71
6.166,-66.07507115637077,1,71
6.168,-66.07723772898433,1,70
6.17,-66.07418727293684,1,70
6.172,-66.07327356222339,1,70
6.174,-66.07470886308566,1,70
6.176,-66.07731964515936,1,71
6.178,-66.13831016147655,1,69
6.18,-66.14315030292394,1,69
6.182,-66.14743179719918,1,69
6.184,-66.15051368394492,1,69
6.186,-66.17365205180322,1,68
6.188,-66.17298153411271,1,68
6.19,-66.17045506169431,1,68
6.192,-66.16592714290124,1,69
6.194,-66.16052848825124,1,68
6.196,-66.15386878155573,1,68
6.198,-66.14676360293595,1,68
6.2,-66.13975155320279,1,68
6.202,-66.13337257992661,1,68
6.204,-66.12800522279372,1,68
6.206,-66.12389061445467,1,68
6.208,-66.0441003038357,1,74
6.21,-66.04045428593216,1,74
6.212,-66.04127921044608,1,73
6.214,-66.0343631221094,1,74
6.216,-66.0359741343632,1,73
6.218,-66.05446728835064,1,72
6.22,-66.05511923420414,1,73
6.222,-66.06108474203589,1,72
6.224,-66.1128499132462,1,70
6.226,-66.04894800468293,1,72
6.228,-66.05131507974895,1,72
6.23,-66.09479683580614,1,71
6.232,-66.09201483743061,1,71
6.234,-66.08792975967535,1,70
6.236,-66.081665035551,1,71
6.238,-66.07447154721044,1,71
6.24,-66.0295913950151,1,72
6.242,-66.02015091204,1,72
6.244,-66.01033369368747,1,73
6.246,-66.00096848671117,1,73
6.248,-65.99264994084113,1,73
6.25,-65.98655274488893,1,72
6.252,-66.02911911841227,1,72
6.254,-66.04354811588965,1,71
6.256,-66.04247780102386,1,71
6.258,-66.04336095191096,1,70
6.26,-66.04409377659903,1,70
6.262,-66.04536970903997,1,70
6.264,-66.04686245927024,1,70
6.266,-66.04827678581334,1,70
6.268,-66.04927021567234,1,70
6.27,-66.0496344541502,1,70
6.272,-66.03254940597613,1,71
6.274,-66.03040285945103,1,71
6.276,-66.02719825980705,1,71
6.278,-66.02297805274979,1,71
6.28,-66.01783134899443,1,71
6.282,-66.01234016849592,1,68
6.284,-66.00562732901338,1,69
6.286,-65.99910214620914,1,68
6.288,-65.99289496602643,1,68
6.29,-65.98726589973295,1,68
6.292,-65.98251910537928,1,68
6.294,-65.97886585249388,1,68
6.296,-65.97636005109676,1,68
6.298,-65.97581420513946,1,67
6.3,-65.97459110647605,1,68
6.302,-65.97490675522107,1,68
6.304,-65.97562246284724,1,68
6.306,-65.97645668972075,1,68
6.308,-65.97591894366192,1,69
6.31,-65.9763075718887,1,69
6.312,-65.9761889421982,1,69
6.314,-65.98799836954495,1,67
6.316,-65.98655368696214,1,68
6.318,-65.98478787620932,1,68
6.32,-65.98247254698533,1,67
6.322,-65.97435955811585,1,68
6.324,-65.9750422720246,1,67
6.326,-65.97028563303884,1,67
6.328,-65.96501655874808,1,67
6.33,-65.95949464070803,1,67
6.332,-65.95395612237593,1,67
6.334,-65.94867726332271,1,67
6.336,-65.94237525790918,1,70
6.338,-65.93836375653837,1,70
6.34,-65.93496635349229,1,70
6.342,-65.92707640633178,1,71
6.344,-65.9245854948294,1,71
6.346,-65.92297452996529,1,70
6.348,-65.92061480300065,1,71
6.35,-65.91922869620207,1,71
6.352,-65.918142291985,1,71
6.354,-65.91713513457566,1,71
6.356,-65.9153398404662,1,72
6.358,-65.93183047637204,1,71
6.36,-65.93385419824861,1,71
6.362,-65.86803951957994,1,72
6.364,-65.8645865915013,1,74
6.366,-65.86164551310472,1,74
6.368,-65.85956903637181,1,74
6.37,-65.85819444375687,1,74
6.372,-65.85728048950914,1,74
6.374,-65.85751362190264,1,73
6.376,-65.85733701067213,1,73
6.378,-65.85608859806138,1,72
6.38,-65.85607030431078,1,73
6.382,-65.85467848581509,1,73
6.384,-65.85203280916987,1,72
6.386,-65.87988376497245,1,72
6.388,-65.87550066194699,1,72
6.39,-65.87057754853033,1,72
6.392,-65.86510698902887,1,72
6.394,-65.85928596233236,1,72
6.396,-65.85321040358659,1,72
6.398,-65.84709709674257,1,72
6.4,-65.8520755303586,1,73
6.402,-65.84577978025821,1,72
6.404,-65.84097659041056,1,72
6.406,-65.83677909855118,1,72
6.408,-65.83326878628336,1,72
6.41,-65.82999314069363,1,71
6.412,-65.82830779798202,1,72
6.414,-65.82676178461335,1,72
6.416,-65.82574794715572,1,72
6.418,-65.82519363809763,1,72
6.42,-65.82499042484416,1,72
6.422,-65.82503225418485,1,72
6.424,-65.82524288039791,1,72
6.426,-65.82524237911882,1,71
6.428,-65.8256987109624,1,72
6.43,-65.82565973975512,1,72
6.432,-65.82525908682658,1,72
6.434,-65.8243274360091,1,71
6.436,-65.82282365412853,1,71
6.438,-65.8020568018206,1,72
6.44,-65.79907560672369,1,72
6.442,-65.79535901549721,1,72
6.444,-65.79140092033226,1,73
6.446,-65.78687168039826,1,73
6.448,-65.78209115449474,1,73
6.45,-65.77688809984113,1,72
6.452,-65.79093962517231,1,71
6.454,-65.7859607863219,1,71
6.456,-65.78111248718967,1,71
6.458,-65.77636278816203,1,71
6.46,-65.7717646959131,1,70
6.462,-65.76726230962537,1,69
6.464,-65.74720219965107,1,72
6.466,-65.74000879498625,1,73
6.468,-65.73683561805092,1,73
6.47,-65.73373697972194,1,73
6.472,-65.73059981265634,1,73
6.474,-65.72716983966185,1,72
6.476,-65.72424522875389,1,73
6.478,-65.72126029044165,1,73
6.48,-65.71862513274344,1,73
6.482,-65.71645149948628,1,73
6.484,-65.7148038467958,1,73
6.486,-65.71360996090849,1,73
6.488,-65.71259108407675,1,73
6.49,-65.7113341291266,1,72
6.492,-65.71000015623108,1,73
6.494,-65.70816801835163,1,73
6.496,-65.70611996823533,1,73
6.498,-65.69805987830347,1,74
6.5,-65.69653380417031,1,73
6.502,-65.69304961678965,1,74
6.504,-65.68997263121686,1,73
6.506,-65.68679095402383,1,72
6.508,-65.68468252246558,1,73
6.51,-65.68944100326887,1,71
6.512,-65.68494047005534,1,70
6.514,-65.69795073234609,1,69
6.516,-65.69302160181641,1,69
6.518,-65.68800918539638,1,69
6.52,-65.68299940896874,1,69
6.522,-65.67810132236917,1,69
6.524,-65.6733876184222,1,69
6.526,-65.6689232678268,1,69
6.528,-65.63782435465144,1,74
6.53,-65.63502624226396,1,74
6.532,-65.63283211470248,1,74
6.534,-65.6307743801757,1,74
6.536,-65.62864364749444,1,74
6.538,-65.62624078577565,1,73
6.54,-65.62445438184494,1,74
6.542,-65.62321992531976,1,74
6.544,-65.62323408793766,1,74
6.546,-65.62454310787186,1,74
6.548,-65.62677143259253,1,74
6.55,-65.6292114766979,1,74
6.552,-65.61711749935745,1,75
6.554,-65.61912375011205,1,74
6.556,-65.6193860654835,1,75
6.558,-65.61696505094352,1,75
6.56,-65.6124618786551,1,75
6.562,-65.62395908967844,1,74
6.564,-65.62852469671842,1,73
6.566,-65.62495465754323,1,73
6.568,-65.62076934770958,1,73
6.57,-65.61580621691036,1,72
6.572,-65.61075683137483,1,73
6.574,-65.60511702866313,1,73
6.576,-65.59925323456733,1,73
6.578,-65.60480274830962,1,70
6.58,-65.59889310029669,1,70
6.582,-65.59329352368935,1,70
6.584,-65.58821086408743,1,70
6.586,-65.5838121037942,1,70
6.588,-65.58023534541222,1,70
6.59,-65.57750726435106,1,70
6.592,-65.56871121149003,1,76
6.594,-65.56988172100199,1,76
6.596,-65.57148117546112,1,76
6.598,-65.57287228587495,1,76
6.6,-65.57354619023072,1,76
6.602,-65.5625113470541,1,76
6.604,-65.56205505046789,1,77
6.606,-65.56256241836492,1,77
6.608,-65.56435055485738,1,77
6.61,-65.56685007620926,1,77
6.612,-65.56942720905741,1,77
6.614,-65.49382894609751,1,79
6.616,-65.50111715305418,1,78
6.618,-65.49802098841268,1,77
6.62,-65.56712819310772,1,77
6.622,-65.56082279808857,1,77
6.624,-65.5546191259244,1,77
6.626,-65.54899957893538,1,77
6.628,-65.55379550086639,1,76
6.63,-65.54761273866282,1,76
6.632,-65.54339808275967,1,75
6.634,-65.53252205643022,1,73
6.636,-65.52620714240334,1,73
6.638,-65.52050699333594,1,73
6.64,-65.52175869733605,1,72
6.642,-65.51791357130314,1,72
6.644,-65.51526551839395,1,72
