model,case,group,n,nmse,nmse_db,median_db,energy_weighted_db
W,all_dense,all,10356,5.700393199920654,7.559048133332313,-7.244626265337935,-0.3594280916143438
Hold,all_dense,all,10356,29.817200771849233,14.744668696199295,-9.804484711189883,-0.31435795153628565
Linear,all_dense,all,10356,33563.60432399959,45.258685926206624,1.872681262849816,14.447883371204979
W,all_dense,near,5184,0.46575960516929626,-3.3183818006240244,-6.625809655818422,-3.966570490410458
Hold,all_dense,near,5184,1.3356931952523623,1.2570671344597952,-7.275039480857278,-3.4062027411316445
Linear,all_dense,near,5184,643.7364861866608,28.087081250998644,3.0027173815614274,20.210684790860757
W,all_dense,far,5172,10.947172164916992,10.393019482373639,-8.000840889299935,-0.1808706758675916
Hold,all_dense,far,5172,58.36479073261454,17.661509326961635,-13.07093034682255,-0.15285659640333882
Linear,all_dense,far,5172,66559.85236561256,48.23212349988333,0.6104557950394819,13.445967322090087
W,all_dense,normal,2592,0.22828525304794312,-6.415221425034611,-8.033841135170187,-6.3223865603119025
Hold,all_dense,normal,2592,0.22816611446561377,-6.417488533153675,-11.11136398049796,-6.323077730045665
Linear,all_dense,normal,2592,127.47380334494224,21.054209437371565,2.246675174999015,21.04239972936915
W,all_dense,maneuver,2592,0.12452805787324905,-9.047327850609628,-9.59967340017125,-8.949614577670978
Hold,all_dense,maneuver,2592,0.08847604566508674,-10.531742958970764,-15.52018718587627,-10.34168168115021
Linear,all_dense,maneuver,2592,31.51195665888588,14.984753704788067,-4.785550091168181,14.892319524170858
W,all_dense,occlusion,5172,11.23719596862793,10.506579547138404,-2.9684622785715336,-0.1407365161119593
Hold,all_dense,occlusion,5172,59.54489456964653,17.74844530633533,-4.474116629258062,-0.09004668385698164
Linear,all_dense,occlusion,5172,67125.40512169564,48.268869198113144,4.881871833381403,13.916456400629869
W,all_dense,far_maneuver,1296,0.09687231481075287,-10.138003224627695,-10.434073932974556,-10.1271757229929
Hold,all_dense,far_maneuver,1296,0.02156674046793807,-16.662154878950076,-19.31883437875632,-16.7482572794521
Linear,all_dense,far_maneuver,1296,42.761695454386654,16.31054916178625,-5.490734025543596,16.125214734905878
W,all_dense,far_normal,1296,0.14759834110736847,-8.309185236238484,-9.22934559391442,-8.203181665867831
Hold,all_dense,far_normal,1296,0.08742774867729242,-10.583507048395324,-15.552157969132523,-10.369304562098517
Linear,all_dense,far_normal,1296,52.78417514149857,17.22503739222415,-3.658177307899262,16.975972367758793
W,all_dense,far_occlusion,2580,21.82245635986328,13.3890363367179,-0.7458271328793731,-0.055599966311719935
Hold,all_dense,far_occlusion,2580,116.9462948880427,20.679864669731526,-1.7707620801042023,-0.01751367219390079
Linear,all_dense,far_occlusion,2580,133381.29030490544,51.250949143841034,6.990206608330607,13.290184755085006
W,all_dense,near_maneuver,1296,0.15218381583690643,-8.176315306564428,-8.699297078501653,-8.016220351115239
Hold,all_dense,near_maneuver,1296,0.15538535086223543,-8.085899272312485,-10.270539482328909,-7.840802485934454
Linear,all_dense,near_maneuver,1296,20.26221786338511,13.066869806645636,-3.9678412057264807,13.143848645245503
W,all_dense,near_normal,1296,0.30897217988967896,-5.100806230487062,-5.311986262333608,-5.006741404496951
Hold,all_dense,near_normal,1296,0.3689044802539351,-4.330860703417892,-5.675526970512193,-4.254401799576434
Linear,all_dense,near_normal,1296,202.16343154838592,23.057026007454557,7.640503293776588,23.1160359242078
W,all_dense,near_occlusion,2592,0.7009412050247192,-1.5431840914348194,-4.71295954307595,-2.771738896194043
Hold,all_dense,near_occlusion,2592,2.4092414749466395,3.8188033091620066,-6.094143375536595,-2.212171256445246
Linear,all_dense,near_occlusion,2592,1176.260147667436,30.70503383136237,3.4014825455199778,20.025330207692043
W,all_dense,los,8656,0.25144514441490173,-5.995567464983145,-8.391812738865323,-0.39043960459431154
Hold,all_dense,los,8656,0.2635716360333863,-5.791013276780742,-12.064893200655394,-0.4098498756205199
Linear,all_dense,los,8656,100.43288018312386,20.01875917434152,-0.7738676347776197,11.386661067472112
W,all_dense,nlos,1700,33.445152282714844,15.243331777260025,0.13902657900074172,0.10491147544776702
Hold,all_dense,nlos,1700,180.29732653633275,22.559892870156553,3.0091844243184434,0.9725592369970194
Linear,all_dense,nlos,1700,203950.1996285145,53.095241347451456,18.21161006840353,24.000930528799678
W,all_dense,switch_window,1616,33.86678695678711,15.297739957846186,-0.3679853998248972,-0.05045219753622997
Hold,all_dense,switch_window,1616,161.23280567314993,22.074534113728596,-0.08198675912671244,-0.06483156301567952
Linear,all_dense,switch_window,1616,10558.82947713207,40.23615776171404,5.583425571282948,7.824518677733904
W,all_sparse,all,10356,6.115197658538818,7.864104990870025,-7.072948328145518,-0.349324714990416
Hold,all_sparse,all,10356,29.817201182167523,14.744668755963112,-9.804484768150935,-0.2940858015142565
Linear,all_sparse,all,10356,1094.4790302349338,30.392074450812018,-5.004947511404511,6.076153963480441
W,all_sparse,near,5184,0.6103649139404297,-2.1441043920785194,-6.579135574241511,-3.8889718588354683
Hold,all_sparse,near,5184,1.3356931938113352,1.257067129774362,-7.275039330103258,-3.3023670644905883
Linear,all_sparse,near,5184,126.99725489316997,21.037943335730176,-3.9299094166457813,13.228275537744352
W,all_sparse,far,5172,11.632802963256836,10.656843720634424,-7.606765342694091,-0.17421273960091843
Hold,all_sparse,far,5172,58.36479155564751,17.66150938820381,-13.070930501943085,-0.1367494200814012
Linear,all_sparse,far,5172,2064.2055428744743,33.147529398988276,-6.274277696318497,4.468789294711915
W,all_sparse,normal,2592,0.24262920022010803,-6.15056933348551,-7.679316180507804,-6.089702916701616
Hold,all_sparse,normal,2592,0.22816611353049523,-6.417488550952848,-11.111364101453535,-6.351838797553149
Linear,all_sparse,normal,2592,21.700183716502107,13.364634106561494,-5.968591583025625,13.392184630331045
W,all_sparse,maneuver,2592,0.13347958028316498,-8.74585167622519,-9.465801123646488,-8.674093672008894
Hold,all_sparse,maneuver,2592,0.0884760458458659,-10.53174295009702,-15.520187217587962,-10.367051274268604
Linear,all_sparse,maneuver,2592,4.396081843965608,6.430657692955306,-11.3919131484922,6.336501288964024
W,all_sparse,occlusion,5172,12.056093215942383,10.812065972207174,-3.159016437069562,-0.128731199310687
Hold,all_sparse,occlusion,5172,59.544895391613174,17.74844536628599,-4.474116717364343,-0.06427959210239935
Linear,all_sparse,occlusion,5172,2178.4190481013616,33.381414258204984,0.13029296840116328,5.404876099482391
W,all_sparse,far_maneuver,1296,0.10502372682094574,-9.787125746125296,-10.242844389497064,-9.780839887618374
Hold,all_sparse,far_maneuver,1296,0.021566740474462286,-16.662154877636276,-19.31883415148206,-16.74521937257754
Linear,all_sparse,far_maneuver,1296,2.981177961445224,4.743879020194682,-13.867488962492587,4.87088987676427
W,all_sparse,far_normal,1296,0.16201172769069672,-7.904535466486965,-8.831578717178466,-7.8398928892278175
Hold,all_sparse,far_normal,1296,0.08742774889364299,-10.58350703764818,-15.552158021907225,-10.416593537434123
Linear,all_sparse,far_normal,1296,3.7987007618785102,5.796350838723234,-9.39476434694106,5.616545599887887
W,all_sparse,far_occlusion,2580,23.185571670532227,13.652178084611455,-0.8555300671742194,-0.04769804708929328
Hold,all_sparse,far_occlusion,2580,116.94629653782474,20.679864730998215,-1.7707623078394599,0.0017251034683697676
Linear,all_sparse,far_occlusion,2580,4134.606335240835,36.16434165745541,2.149144532584138,4.43918393638268
W,all_sparse,near_maneuver,1296,0.16193543374538422,-7.906581111209862,-8.659646648428549,-7.784824581815661
Hold,all_sparse,near_maneuver,1296,0.15538535121726954,-8.085899262389455,-10.27053935507858,-7.868850839284268
Linear,all_sparse,near_maneuver,1296,5.810985726485992,7.642498086833122,-8.803489021559956,7.440117683907492
W,all_sparse,near_normal,1296,0.32324668765068054,-4.904659166947516,-5.587441859087057,-4.834710055253358
Hold,all_sparse,near_normal,1296,0.3689044781673475,-4.33086072798234,-5.675526814241966,-4.27291064702096
Linear,all_sparse,near_normal,1296,39.6016666711257,15.977134639770627,-1.382568353799002,16.044073254546987
W,all_sparse,near_occlusion,2592,0.9781387448310852,-0.0959953801322297,-4.941498952228922,-2.6843834263844397
Hold,all_sparse,near_occlusion,2592,2.4092414729303617,3.8188033055274255,-6.09414321119513,-2.01399905915986
Linear,all_sparse,near_occlusion,2592,231.2881835875341,23.641534454216423,-1.9001557788193368,12.970345759562248
W,all_sparse,los,8656,0.2589629590511322,-5.867623510929862,-8.165889420401074,-0.3874963524050265
Hold,all_sparse,los,8656,0.26357163585023774,-5.791013279798532,-12.06489305693092,-0.39635366588415105
Linear,all_sparse,los,8656,18.344517338958255,12.63506289556963,-7.802551410455704,4.903713212774042
W,all_sparse,nlos,1700,35.93376541137695,15.55502728245582,0.17220956107875224,0.14083578563544255
Hold,all_sparse,nlos,1700,180.29732903682776,22.559892930387683,3.0091847926061104,0.904248029274314
Linear,all_sparse,nlos,1700,6573.902761780559,38.17823275904039,8.699704289774523,12.339820439637354
W,all_sparse,switch_window,1616,36.4333610534668,15.614992376608663,-0.2738772187605218,-0.03497546479750871
Hold,all_sparse,switch_window,1616,161.23280806880115,22.074534178257533,-0.08198682852335368,-0.03275337825415132
Linear,all_sparse,switch_window,1616,2417.606623235078,33.83385636782552,2.3393640449733,2.665591805410783
W,csi_32,all,10356,5.700393199920654,7.559048133332313,-7.244626265337935,-0.3594280916143438
Hold,csi_32,all,10356,29.817200771849233,14.744668696199295,-9.804484711189883,-0.31435795153628565
Linear,csi_32,all,10356,33563.60432399959,45.258685926206624,1.872681262849816,14.447883371204979
W,csi_32,near,5184,0.46575960516929626,-3.3183818006240244,-6.625809655818422,-3.966570490410458
Hold,csi_32,near,5184,1.3356931952523623,1.2570671344597952,-7.275039480857278,-3.4062027411316445
Linear,csi_32,near,5184,643.7364861866608,28.087081250998644,3.0027173815614274,20.210684790860757
W,csi_32,far,5172,10.947172164916992,10.393019482373639,-8.000840889299935,-0.1808706758675916
Hold,csi_32,far,5172,58.36479073261454,17.661509326961635,-13.07093034682255,-0.15285659640333882
Linear,csi_32,far,5172,66559.85236561256,48.23212349988333,0.6104557950394819,13.445967322090087
W,csi_32,normal,2592,0.22828525304794312,-6.415221425034611,-8.033841135170187,-6.3223865603119025
Hold,csi_32,normal,2592,0.22816611446561377,-6.417488533153675,-11.11136398049796,-6.323077730045665
Linear,csi_32,normal,2592,127.47380334494224,21.054209437371565,2.246675174999015,21.04239972936915
W,csi_32,maneuver,2592,0.12452805787324905,-9.047327850609628,-9.59967340017125,-8.949614577670978
Hold,csi_32,maneuver,2592,0.08847604566508674,-10.531742958970764,-15.52018718587627,-10.34168168115021
Linear,csi_32,maneuver,2592,31.51195665888588,14.984753704788067,-4.785550091168181,14.892319524170858
W,csi_32,occlusion,5172,11.23719596862793,10.506579547138404,-2.9684622785715336,-0.1407365161119593
Hold,csi_32,occlusion,5172,59.54489456964653,17.74844530633533,-4.474116629258062,-0.09004668385698164
Linear,csi_32,occlusion,5172,67125.40512169564,48.268869198113144,4.881871833381403,13.916456400629869
W,csi_32,far_maneuver,1296,0.09687231481075287,-10.138003224627695,-10.434073932974556,-10.1271757229929
Hold,csi_32,far_maneuver,1296,0.02156674046793807,-16.662154878950076,-19.31883437875632,-16.7482572794521
Linear,csi_32,far_maneuver,1296,42.761695454386654,16.31054916178625,-5.490734025543596,16.125214734905878
W,csi_32,far_normal,1296,0.14759834110736847,-8.309185236238484,-9.22934559391442,-8.203181665867831
Hold,csi_32,far_normal,1296,0.08742774867729242,-10.583507048395324,-15.552157969132523,-10.369304562098517
Linear,csi_32,far_normal,1296,52.78417514149857,17.22503739222415,-3.658177307899262,16.975972367758793
W,csi_32,far_occlusion,2580,21.82245635986328,13.3890363367179,-0.7458271328793731,-0.055599966311719935
Hold,csi_32,far_occlusion,2580,116.9462948880427,20.679864669731526,-1.7707620801042023,-0.01751367219390079
Linear,csi_32,far_occlusion,2580,133381.29030490544,51.250949143841034,6.990206608330607,13.290184755085006
W,csi_32,near_maneuver,1296,0.15218381583690643,-8.176315306564428,-8.699297078501653,-8.016220351115239
Hold,csi_32,near_maneuver,1296,0.15538535086223543,-8.085899272312485,-10.270539482328909,-7.840802485934454
Linear,csi_32,near_maneuver,1296,20.26221786338511,13.066869806645636,-3.9678412057264807,13.143848645245503
W,csi_32,near_normal,1296,0.30897217988967896,-5.100806230487062,-5.311986262333608,-5.006741404496951
Hold,csi_32,near_normal,1296,0.3689044802539351,-4.330860703417892,-5.675526970512193,-4.254401799576434
Linear,csi_32,near_normal,1296,202.16343154838592,23.057026007454557,7.640503293776588,23.1160359242078
W,csi_32,near_occlusion,2592,0.7009412050247192,-1.5431840914348194,-4.71295954307595,-2.771738896194043
Hold,csi_32,near_occlusion,2592,2.4092414749466395,3.8188033091620066,-6.094143375536595,-2.212171256445246
Linear,csi_32,near_occlusion,2592,1176.260147667436,30.70503383136237,3.4014825455199778,20.025330207692043
W,csi_32,los,8656,0.25144514441490173,-5.995567464983145,-8.391812738865323,-0.39043960459431154
Hold,csi_32,los,8656,0.2635716360333863,-5.791013276780742,-12.064893200655394,-0.4098498756205199
Linear,csi_32,los,8656,100.43288018312386,20.01875917434152,-0.7738676347776197,11.386661067472112
W,csi_32,nlos,1700,33.445152282714844,15.243331777260025,0.13902657900074172,0.10491147544776702
Hold,csi_32,nlos,1700,180.29732653633275,22.559892870156553,3.0091844243184434,0.9725592369970194
Linear,csi_32,nlos,1700,203950.1996285145,53.095241347451456,18.21161006840353,24.000930528799678
W,csi_32,switch_window,1616,33.86678695678711,15.297739957846186,-0.3679853998248972,-0.05045219753622997
Hold,csi_32,switch_window,1616,161.23280567314993,22.074534113728596,-0.08198675912671244,-0.06483156301567952
Linear,csi_32,switch_window,1616,10558.82947713207,40.23615776171404,5.583425571282948,7.824518677733904
W,csi_4,all,10356,6.115197658538818,7.864104990870025,-7.072948328145518,-0.349324714990416
Hold,csi_4,all,10356,29.817201182167523,14.744668755963112,-9.804484768150935,-0.2940858015142565
Linear,csi_4,all,10356,1094.4790302349338,30.392074450812018,-5.004947511404511,6.076153963480441
W,csi_4,near,5184,0.6103649139404297,-2.1441043920785194,-6.579135574241511,-3.8889718588354683
Hold,csi_4,near,5184,1.3356931938113352,1.257067129774362,-7.275039330103258,-3.3023670644905883
Linear,csi_4,near,5184,126.99725489316997,21.037943335730176,-3.9299094166457813,13.228275537744352
W,csi_4,far,5172,11.632802963256836,10.656843720634424,-7.606765342694091,-0.17421273960091843
Hold,csi_4,far,5172,58.36479155564751,17.66150938820381,-13.070930501943085,-0.1367494200814012
Linear,csi_4,far,5172,2064.2055428744743,33.147529398988276,-6.274277696318497,4.468789294711915
W,csi_4,normal,2592,0.24262920022010803,-6.15056933348551,-7.679316180507804,-6.089702916701616
Hold,csi_4,normal,2592,0.22816611353049523,-6.417488550952848,-11.111364101453535,-6.351838797553149
Linear,csi_4,normal,2592,21.700183716502107,13.364634106561494,-5.968591583025625,13.392184630331045
W,csi_4,maneuver,2592,0.13347958028316498,-8.74585167622519,-9.465801123646488,-8.674093672008894
Hold,csi_4,maneuver,2592,0.0884760458458659,-10.53174295009702,-15.520187217587962,-10.367051274268604
Linear,csi_4,maneuver,2592,4.396081843965608,6.430657692955306,-11.3919131484922,6.336501288964024
W,csi_4,occlusion,5172,12.056093215942383,10.812065972207174,-3.159016437069562,-0.128731199310687
Hold,csi_4,occlusion,5172,59.544895391613174,17.74844536628599,-4.474116717364343,-0.06427959210239935
Linear,csi_4,occlusion,5172,2178.4190481013616,33.381414258204984,0.13029296840116328,5.404876099482391
W,csi_4,far_maneuver,1296,0.10502372682094574,-9.787125746125296,-10.242844389497064,-9.780839887618374
Hold,csi_4,far_maneuver,1296,0.021566740474462286,-16.662154877636276,-19.31883415148206,-16.74521937257754
Linear,csi_4,far_maneuver,1296,2.981177961445224,4.743879020194682,-13.867488962492587,4.87088987676427
W,csi_4,far_normal,1296,0.16201172769069672,-7.904535466486965,-8.831578717178466,-7.8398928892278175
Hold,csi_4,far_normal,1296,0.08742774889364299,-10.58350703764818,-15.552158021907225,-10.416593537434123
Linear,csi_4,far_normal,1296,3.7987007618785102,5.796350838723234,-9.39476434694106,5.616545599887887
W,csi_4,far_occlusion,2580,23.185571670532227,13.652178084611455,-0.8555300671742194,-0.04769804708929328
Hold,csi_4,far_occlusion,2580,116.94629653782474,20.679864730998215,-1.7707623078394599,0.0017251034683697676
Linear,csi_4,far_occlusion,2580,4134.606335240835,36.16434165745541,2.149144532584138,4.43918393638268
W,csi_4,near_maneuver,1296,0.16193543374538422,-7.906581111209862,-8.659646648428549,-7.784824581815661
Hold,csi_4,near_maneuver,1296,0.15538535121726954,-8.085899262389455,-10.27053935507858,-7.868850839284268
Linear,csi_4,near_maneuver,1296,5.810985726485992,7.642498086833122,-8.803489021559956,7.440117683907492
W,csi_4,near_normal,1296,0.32324668765068054,-4.904659166947516,-5.587441859087057,-4.834710055253358
Hold,csi_4,near_normal,1296,0.3689044781673475,-4.33086072798234,-5.675526814241966,-4.27291064702096
Linear,csi_4,near_normal,1296,39.6016666711257,15.977134639770627,-1.382568353799002,16.044073254546987
W,csi_4,near_occlusion,2592,0.9781387448310852,-0.0959953801322297,-4.941498952228922,-2.6843834263844397
Hold,csi_4,near_occlusion,2592,2.4092414729303617,3.8188033055274255,-6.09414321119513,-2.01399905915986
Linear,csi_4,near_occlusion,2592,231.2881835875341,23.641534454216423,-1.9001557788193368,12.970345759562248
W,csi_4,los,8656,0.2589629590511322,-5.867623510929862,-8.165889420401074,-0.3874963524050265
Hold,csi_4,los,8656,0.26357163585023774,-5.791013279798532,-12.06489305693092,-0.39635366588415105
Linear,csi_4,los,8656,18.344517338958255,12.63506289556963,-7.802551410455704,4.903713212774042
W,csi_4,nlos,1700,35.93376541137695,15.55502728245582,0.17220956107875224,0.14083578563544255
Hold,csi_4,nlos,1700,180.29732903682776,22.559892930387683,3.0091847926061104,0.904248029274314
Linear,csi_4,nlos,1700,6573.902761780559,38.17823275904039,8.699704289774523,12.339820439637354
W,csi_4,switch_window,1616,36.4333610534668,15.614992376608663,-0.2738772187605218,-0.03497546479750871
Hold,csi_4,switch_window,1616,161.23280806880115,22.074534178257533,-0.08198682852335368,-0.03275337825415132
Linear,csi_4,switch_window,1616,2417.606623235078,33.83385636782552,2.3393640449733,2.665591805410783
W,csi_8,all,10356,5.829421043395996,7.65625424374126,-7.2091093613624295,-0.3288838377844806
Hold,csi_8,all,10356,29.81720090507504,14.744668715603943,-9.804484918090257,-0.2733773440472277
Linear,csi_8,all,10356,10061.438450126565,40.0266007478491,-2.2821213733594607,9.534995086397686
W,csi_8,near,5184,0.5194728970527649,-2.844371063695238,-6.617848993276124,-3.985458650413634
Hold,csi_8,near,5184,1.335693201480686,1.2570671547109022,-7.275039153797761,-3.3750906045210076
Linear,csi_8,near,5184,202.64791602680202,23.067421419404607,-1.551368780393359,16.29090984791508
W,csi_8,far,5172,11.151688575744629,10.47340632729891,-7.8107669559325785,-0.16155121728423147
Hold,csi_8,far,5172,58.3647909931325,17.66150934634687,-13.070930331448364,-0.12301312126875463
Linear,csi_8,far,5172,19943.103208203356,42.99792736791076,-3.3488477394551412,8.239071765200798
W,csi_8,normal,2592,0.23379041254520416,-6.311733026869582,-7.815143095678067,-6.234988212639768
Hold,csi_8,normal,2592,0.22816611350251984,-6.417488551485335,-11.111363836335503,-6.339269273250646
Linear,csi_8,normal,2592,51.034996929635184,17.078680929789574,-3.4807916981215143,17.07031544392946
W,csi_8,maneuver,2592,0.12823335826396942,-8.919989839789768,-9.603370572320383,-8.832944728405531
Hold,csi_8,maneuver,2592,0.08847604588271324,-10.531742948288327,-15.520187065156218,-10.352253184638087
Linear,csi_8,maneuver,2592,13.869813260447089,11.420706138848686,-9.0772249005814,11.229029396225737
W,csi_8,occlusion,5172,11.490936279296875,10.603554163615668,-3.0289012691505195,-0.1232369377768518
Hold,csi_8,occlusion,5172,59.54489483678087,17.748445325818942,-4.474116342003139,-0.06111235767923505
Linear,csi_8,occlusion,5172,20113.69360431129,43.03491830152939,1.8089911573540687,8.81479071524407
W,csi_8,far_maneuver,1296,0.10041707754135132,-9.981924221384647,-10.333354350728051,-9.973075122253496
Hold,csi_8,far_maneuver,1296,0.02156674048177718,-16.66215487616326,-19.318833951908786,-16.747112625025522
Linear,csi_8,far_maneuver,1296,18.30295981435826,12.625213261841246,-10.938518314442875,12.324518702752185
W,csi_8,far_normal,1296,0.1533253937959671,-8.143859112111794,-9.022837149329927,-8.056024590716477
Hold,csi_8,far_normal,1296,0.08742774866205826,-10.583507049152077,-15.552157976286301,-10.402151251288794
Linear,csi_8,far_normal,1296,15.5145383076165,11.907388560762964,-7.526696314199062,11.558525309408845
W,csi_8,far_occlusion,2580,22.227785110473633,13.468961895445709,-0.823492350497556,-0.04425022954081343
Hold,csi_8,far_occlusion,2580,116.94629541029104,20.67986468912586,-1.7707620074248926,0.0043909340122452204
Linear,csi_8,far_occlusion,2580,39961.977641574296,46.01646972486137,3.542905857798149,8.048613899496342
W,csi_8,near_maneuver,1296,0.15604963898658752,-8.067372317170996,-8.724919240471198,-7.923133889144611
Hold,csi_8,near_maneuver,1296,0.15538535128364928,-8.085899260534173,-10.270539498186677,-7.853311966558939
Linear,csi_8,near_maneuver,1296,9.436666706535913,9.74818616480304,-7.245953513061803,9.74409368698325
W,csi_8,near_normal,1296,0.3142554461956024,-5.027171870478856,-5.432119208177547,-4.945695019282464
Hold,csi_8,near_normal,1296,0.36890447834298146,-4.330860725914682,-5.675526724334814,-4.262413662591697
Linear,csi_8,near_normal,1296,86.55545555165388,19.372944464610832,0.9518370173238971,19.439519526629
W,csi_8,near_occlusion,2592,0.8037932515144348,-0.9485564437730748,-4.854573637671138,-2.7975103685550313
Hold,csi_8,near_occlusion,2592,2.409241488148057,3.818803332959134,-6.094143329162302,-2.142090121066953
Linear,csi_8,near_occlusion,2592,357.2997709245091,25.530327377634432,-0.15955108567558673,15.849034776949779
W,csi_8,los,8656,0.25370660424232483,-5.956682275016922,-8.276727149552391,-0.36247055960403846
Hold,csi_8,los,8656,0.26357163539756506,-5.79101328725735,-12.064893005305475,-0.3716024447998916
Linear,csi_8,los,8656,38.22389366455745,15.823349242392016,-5.275405237870645,7.705412003345985
W,csi_8,nlos,1700,34.21965026855469,15.342755666541464,0.1674011559239581,0.13730490216003977
Hold,csi_8,nlos,1700,180.2973273511505,22.559892889783622,3.009184487822512,0.961694467743037
Linear,csi_8,nlos,1700,61097.288568206044,47.86021937149343,12.41958827315463,17.357460795733324
W,csi_8,switch_window,1616,34.97970962524414,15.438161999774898,-0.29086074363024195,-0.03782757141016419
Hold,csi_8,switch_window,1616,161.23280757357247,22.07453416491812,-0.08198669637405936,-0.03949149629677614
Linear,csi_8,switch_window,1616,2557.5475580573398,34.07823718243372,3.765663949108916,4.9819532401905695
W,default,all,10356,5.660853862762451,7.528819435411794,-7.232110566048585,-0.3494150502455168
Hold,default,all,10356,29.817201063317043,14.74466873865226,-9.804484700105455,-0.3045425615352867
Linear,default,all,10356,10456.620016558683,40.19391326464885,-0.12068527308531721,11.876695315513759
W,default,near,5184,0.46889355778694153,-3.289257340702833,-6.639794308796332,-4.000538089941697
Hold,default,near,5184,1.335693201770582,1.257067155653486,-7.275039286059854,-3.3918073408007943
Linear,default,near,5184,382.58239600365,25.82724982695025,0.6942229925947397,18.455747539765383
W,default,far,5172,10.864860534667969,10.360241559291747,-7.941893282688291,-0.17464550533687145
Hold,default,far,5172,58.36479130969308,17.661509369902255,-13.070930391565721,-0.14782933238555854
Linear,default,far,5172,20554.031274284378,43.12897012999276,-1.0562012623927577,10.590700936020108
W,default,normal,2592,0.22965136170387268,-6.389309751155348,-7.986345169744733,-6.3009293953878345
Hold,default,normal,2592,0.2281661142766002,-6.417488536751384,-11.111364031711332,-6.327857653321002
Linear,default,normal,2592,81.23625946191909,19.0974991802613,-0.29682949924603647,19.089694917393437
W,default,maneuver,2592,0.12580914795398712,-9.002877789106787,-9.6006741363345,-8.909680167972912
Hold,default,maneuver,2592,0.0884760457196348,-10.531742956293213,-15.520187215492758,-10.347454224067956
Linear,default,maneuver,2592,20.95592599171586,13.213068560172632,-7.216316991097046,13.090153307476983
W,default,occlusion,5172,11.156698226928711,10.475356861796385,-3.0796912302179087,-0.13627988074317873
Hold,default,occlusion,5172,59.54489515332581,17.74844534890635,-4.474116413257328,-0.0855601421453274
Linear,default,occlusion,5172,20886.28668731359,43.19861234879453,3.1806070794904477,11.218822790030842
W,default,far_maneuver,1296,0.09814649075269699,-10.08125224071976,-10.4044777584245,-10.070371758884018
Hold,default,far_maneuver,1296,0.021566740496157238,-16.662154873267514,-19.318834004487307,-16.747297419946477
Linear,default,far_maneuver,1296,27.82165333412818,14.443829348779252,-8.678831091634088,14.198764675363213
W,default,far_normal,1296,0.14991319179534912,-8.241601491940923,-9.137588158310106,-8.139051799240068
Hold,default,far_normal,1296,0.08742774889713423,-10.583507037474755,-15.55215808931507,-10.37388079017376
Linear,default,far_normal,1296,28.35148382959339,14.525757934631669,-4.888298968510046,14.210266779706025
W,default,far_occlusion,2580,21.655649185180664,13.355712073831432,-0.7893415712521058,-0.05284752896906813
Hold,default,far_occlusion,2580,116.94629604475926,20.67986471268762,-1.770762089862916,-0.01597498113489728
Linear,default,far_occlusion,2580,41175.445490245984,46.14638306637395,4.8755633670434335,10.402274319661926
W,default,near_maneuver,1296,0.15347181260585785,-8.139713775408374,-8.718622371685715,-7.986619524539917
Hold,default,near_maneuver,1296,0.15538535094311237,-8.085899270052014,-10.270539379312225,-7.8470519286685185
Linear,default,near_maneuver,1296,14.090198649303531,11.489171160112871,-5.430247916684637,11.580349944734785
W,default,near_normal,1296,0.30938956141471863,-5.094943431785483,-5.308411902453821,-5.005888836029656
Hold,default,near_normal,1296,0.3689044796560662,-4.3308607104563315,-5.675526811656773,-4.2590491344449175
Linear,default,near_normal,1296,134.1210350942448,21.274968964864584,4.297030076479214,21.341368892146235
W,default,near_occlusion,2592,0.706356406211853,-1.5097611170377465,-4.7372556378870705,-2.8145525089505545
Hold,default,near_occlusion,2592,2.409241488241575,3.8188033331277116,-6.094143072668175,-2.1846113201922774
Linear,default,near_occlusion,2592,691.0591751355257,28.395152374385646,1.7026461391316947,18.26651573999151
W,default,los,8656,0.2517819106578827,-5.989754751164325,-8.36455686831432,-0.38048430201128014
Hold,default,los,8656,0.2635716359657653,-5.791013277894952,-12.064892999897141,-0.40100287099564674
Linear,default,los,8656,62.34545631139908,17.94804807922158,-2.7486064072621423,9.754480687188327
W,default,nlos,1700,33.202579498291016,15.211718252207936,0.15220164232138464,0.10303213001524966
Hold,default,nlos,1700,180.2973283122304,22.55989291293381,3.0091844981014364,0.961134141309216
Linear,default,nlos,1700,63381.82036567663,48.019647082436066,15.572993884504465,20.299113326973675
W,default,switch_window,1616,33.79241943359375,15.288192870410423,-0.32897179424627077,-0.04787418712955209
Hold,default,switch_window,1616,161.23280731368243,22.074534157917753,-0.08198663714298489,-0.06274472496555741
Linear,default,switch_window,1616,3666.084756957835,35.64202501284568,4.546585338824518,6.858367665973823
W,mismatched_motion,all,10356,5.660853862762451,7.528819435411794,-7.232110566048585,-0.3494150502455168
Hold,mismatched_motion,all,10356,29.817201063317043,14.74466873865226,-9.804484700105455,-0.3045425615352867
Linear,mismatched_motion,all,10356,10456.620016558683,40.19391326464885,-0.12068527308531721,11.876695315513759
W,mismatched_motion,near,5184,0.46889355778694153,-3.289257340702833,-6.639794308796332,-4.000538089941697
Hold,mismatched_motion,near,5184,1.335693201770582,1.257067155653486,-7.275039286059854,-3.3918073408007943
Linear,mismatched_motion,near,5184,382.58239600365,25.82724982695025,0.6942229925947397,18.455747539765383
W,mismatched_motion,far,5172,10.864860534667969,10.360241559291747,-7.941893282688291,-0.17464550533687145
Hold,mismatched_motion,far,5172,58.36479130969308,17.661509369902255,-13.070930391565721,-0.14782933238555854
Linear,mismatched_motion,far,5172,20554.031274284378,43.12897012999276,-1.0562012623927577,10.590700936020108
W,mismatched_motion,normal,2592,0.22965136170387268,-6.389309751155348,-7.986345169744733,-6.3009293953878345
Hold,mismatched_motion,normal,2592,0.2281661142766002,-6.417488536751384,-11.111364031711332,-6.327857653321002
Linear,mismatched_motion,normal,2592,81.23625946191909,19.0974991802613,-0.29682949924603647,19.089694917393437
W,mismatched_motion,maneuver,2592,0.12580914795398712,-9.002877789106787,-9.6006741363345,-8.909680167972912
Hold,mismatched_motion,maneuver,2592,0.0884760457196348,-10.531742956293213,-15.520187215492758,-10.347454224067956
Linear,mismatched_motion,maneuver,2592,20.95592599171586,13.213068560172632,-7.216316991097046,13.090153307476983
W,mismatched_motion,occlusion,5172,11.156698226928711,10.475356861796385,-3.0796912302179087,-0.13627988074317873
Hold,mismatched_motion,occlusion,5172,59.54489515332581,17.74844534890635,-4.474116413257328,-0.0855601421453274
Linear,mismatched_motion,occlusion,5172,20886.28668731359,43.19861234879453,3.1806070794904477,11.218822790030842
W,mismatched_motion,far_maneuver,1296,0.09814649075269699,-10.08125224071976,-10.4044777584245,-10.070371758884018
Hold,mismatched_motion,far_maneuver,1296,0.021566740496157238,-16.662154873267514,-19.318834004487307,-16.747297419946477
Linear,mismatched_motion,far_maneuver,1296,27.82165333412818,14.443829348779252,-8.678831091634088,14.198764675363213
W,mismatched_motion,far_normal,1296,0.14991319179534912,-8.241601491940923,-9.137588158310106,-8.139051799240068
Hold,mismatched_motion,far_normal,1296,0.08742774889713423,-10.583507037474755,-15.55215808931507,-10.37388079017376
Linear,mismatched_motion,far_normal,1296,28.35148382959339,14.525757934631669,-4.888298968510046,14.210266779706025
W,mismatched_motion,far_occlusion,2580,21.655649185180664,13.355712073831432,-0.7893415712521058,-0.05284752896906813
Hold,mismatched_motion,far_occlusion,2580,116.94629604475926,20.67986471268762,-1.770762089862916,-0.01597498113489728
Linear,mismatched_motion,far_occlusion,2580,41175.445490245984,46.14638306637395,4.8755633670434335,10.402274319661926
W,mismatched_motion,near_maneuver,1296,0.15347181260585785,-8.139713775408374,-8.718622371685715,-7.986619524539917
Hold,mismatched_motion,near_maneuver,1296,0.15538535094311237,-8.085899270052014,-10.270539379312225,-7.8470519286685185
Linear,mismatched_motion,near_maneuver,1296,14.090198649303531,11.489171160112871,-5.430247916684637,11.580349944734785
W,mismatched_motion,near_normal,1296,0.30938956141471863,-5.094943431785483,-5.308411902453821,-5.005888836029656
Hold,mismatched_motion,near_normal,1296,0.3689044796560662,-4.3308607104563315,-5.675526811656773,-4.2590491344449175
Linear,mismatched_motion,near_normal,1296,134.1210350942448,21.274968964864584,4.297030076479214,21.341368892146235
W,mismatched_motion,near_occlusion,2592,0.706356406211853,-1.5097611170377465,-4.7372556378870705,-2.8145525089505545
Hold,mismatched_motion,near_occlusion,2592,2.409241488241575,3.8188033331277116,-6.094143072668175,-2.1846113201922774
Linear,mismatched_motion,near_occlusion,2592,691.0591751355257,28.395152374385646,1.7026461391316947,18.26651573999151
W,mismatched_motion,los,8656,0.2517819106578827,-5.989754751164325,-8.36455686831432,-0.38048430201128014
Hold,mismatched_motion,los,8656,0.2635716359657653,-5.791013277894952,-12.064892999897141,-0.40100287099564674
Linear,mismatched_motion,los,8656,62.34545631139908,17.94804807922158,-2.7486064072621423,9.754480687188327
W,mismatched_motion,nlos,1700,33.202579498291016,15.211718252207936,0.15220164232138464,0.10303213001524966
Hold,mismatched_motion,nlos,1700,180.2973283122304,22.55989291293381,3.0091844981014364,0.961134141309216
Linear,mismatched_motion,nlos,1700,63381.82036567663,48.019647082436066,15.572993884504465,20.299113326973675
W,mismatched_motion,switch_window,1616,33.79241943359375,15.288192870410423,-0.32897179424627077,-0.04787418712955209
Hold,mismatched_motion,switch_window,1616,161.23280731368243,22.074534157917753,-0.08198663714298489,-0.06274472496555741
Linear,mismatched_motion,switch_window,1616,3666.084756957835,35.64202501284568,4.546585338824518,6.858367665973823
W,mismatched_rgb,all,10356,5.660853862762451,7.528819435411794,-7.232110566048585,-0.3494150502455168
Hold,mismatched_rgb,all,10356,29.817201063317043,14.74466873865226,-9.804484700105455,-0.3045425615352867
Linear,mismatched_rgb,all,10356,10456.620016558683,40.19391326464885,-0.12068527308531721,11.876695315513759
W,mismatched_rgb,near,5184,0.46889355778694153,-3.289257340702833,-6.639794308796332,-4.000538089941697
Hold,mismatched_rgb,near,5184,1.335693201770582,1.257067155653486,-7.275039286059854,-3.3918073408007943
Linear,mismatched_rgb,near,5184,382.58239600365,25.82724982695025,0.6942229925947397,18.455747539765383
W,mismatched_rgb,far,5172,10.864860534667969,10.360241559291747,-7.941893282688291,-0.17464550533687145
Hold,mismatched_rgb,far,5172,58.36479130969308,17.661509369902255,-13.070930391565721,-0.14782933238555854
Linear,mismatched_rgb,far,5172,20554.031274284378,43.12897012999276,-1.0562012623927577,10.590700936020108
W,mismatched_rgb,normal,2592,0.22965136170387268,-6.389309751155348,-7.986345169744733,-6.3009293953878345
Hold,mismatched_rgb,normal,2592,0.2281661142766002,-6.417488536751384,-11.111364031711332,-6.327857653321002
Linear,mismatched_rgb,normal,2592,81.23625946191909,19.0974991802613,-0.29682949924603647,19.089694917393437
W,mismatched_rgb,maneuver,2592,0.12580914795398712,-9.002877789106787,-9.6006741363345,-8.909680167972912
Hold,mismatched_rgb,maneuver,2592,0.0884760457196348,-10.531742956293213,-15.520187215492758,-10.347454224067956
Linear,mismatched_rgb,maneuver,2592,20.95592599171586,13.213068560172632,-7.216316991097046,13.090153307476983
W,mismatched_rgb,occlusion,5172,11.156698226928711,10.475356861796385,-3.0796912302179087,-0.13627988074317873
Hold,mismatched_rgb,occlusion,5172,59.54489515332581,17.74844534890635,-4.474116413257328,-0.0855601421453274
Linear,mismatched_rgb,occlusion,5172,20886.28668731359,43.19861234879453,3.1806070794904477,11.218822790030842
W,mismatched_rgb,far_maneuver,1296,0.09814649075269699,-10.08125224071976,-10.4044777584245,-10.070371758884018
Hold,mismatched_rgb,far_maneuver,1296,0.021566740496157238,-16.662154873267514,-19.318834004487307,-16.747297419946477
Linear,mismatched_rgb,far_maneuver,1296,27.82165333412818,14.443829348779252,-8.678831091634088,14.198764675363213
W,mismatched_rgb,far_normal,1296,0.14991319179534912,-8.241601491940923,-9.137588158310106,-8.139051799240068
Hold,mismatched_rgb,far_normal,1296,0.08742774889713423,-10.583507037474755,-15.55215808931507,-10.37388079017376
Linear,mismatched_rgb,far_normal,1296,28.35148382959339,14.525757934631669,-4.888298968510046,14.210266779706025
W,mismatched_rgb,far_occlusion,2580,21.655649185180664,13.355712073831432,-0.7893415712521058,-0.05284752896906813
Hold,mismatched_rgb,far_occlusion,2580,116.94629604475926,20.67986471268762,-1.770762089862916,-0.01597498113489728
Linear,mismatched_rgb,far_occlusion,2580,41175.445490245984,46.14638306637395,4.8755633670434335,10.402274319661926
W,mismatched_rgb,near_maneuver,1296,0.15347181260585785,-8.139713775408374,-8.718622371685715,-7.986619524539917
Hold,mismatched_rgb,near_maneuver,1296,0.15538535094311237,-8.085899270052014,-10.270539379312225,-7.8470519286685185
Linear,mismatched_rgb,near_maneuver,1296,14.090198649303531,11.489171160112871,-5.430247916684637,11.580349944734785
W,mismatched_rgb,near_normal,1296,0.30938956141471863,-5.094943431785483,-5.308411902453821,-5.005888836029656
Hold,mismatched_rgb,near_normal,1296,0.3689044796560662,-4.3308607104563315,-5.675526811656773,-4.2590491344449175
Linear,mismatched_rgb,near_normal,1296,134.1210350942448,21.274968964864584,4.297030076479214,21.341368892146235
W,mismatched_rgb,near_occlusion,2592,0.706356406211853,-1.5097611170377465,-4.7372556378870705,-2.8145525089505545
Hold,mismatched_rgb,near_occlusion,2592,2.409241488241575,3.8188033331277116,-6.094143072668175,-2.1846113201922774
Linear,mismatched_rgb,near_occlusion,2592,691.0591751355257,28.395152374385646,1.7026461391316947,18.26651573999151
W,mismatched_rgb,los,8656,0.2517819106578827,-5.989754751164325,-8.36455686831432,-0.38048430201128014
Hold,mismatched_rgb,los,8656,0.2635716359657653,-5.791013277894952,-12.064892999897141,-0.40100287099564674
Linear,mismatched_rgb,los,8656,62.34545631139908,17.94804807922158,-2.7486064072621423,9.754480687188327
W,mismatched_rgb,nlos,1700,33.202579498291016,15.211718252207936,0.15220164232138464,0.10303213001524966
Hold,mismatched_rgb,nlos,1700,180.2973283122304,22.55989291293381,3.0091844981014364,0.961134141309216
Linear,mismatched_rgb,nlos,1700,63381.82036567663,48.019647082436066,15.572993884504465,20.299113326973675
W,mismatched_rgb,switch_window,1616,33.79241943359375,15.288192870410423,-0.32897179424627077,-0.04787418712955209
Hold,mismatched_rgb,switch_window,1616,161.23280731368243,22.074534157917753,-0.08198663714298489,-0.06274472496555741
Linear,mismatched_rgb,switch_window,1616,3666.084756957835,35.64202501284568,4.546585338824518,6.858367665973823
W,motion_16,all,10356,5.660853862762451,7.528819435411794,-7.232110566048585,-0.3494150502455168
Hold,motion_16,all,10356,29.817201063317043,14.74466873865226,-9.804484700105455,-0.3045425615352867
Linear,motion_16,all,10356,10456.620016558683,40.19391326464885,-0.12068527308531721,11.876695315513759
W,motion_16,near,5184,0.46889355778694153,-3.289257340702833,-6.639794308796332,-4.000538089941697
Hold,motion_16,near,5184,1.335693201770582,1.257067155653486,-7.275039286059854,-3.3918073408007943
Linear,motion_16,near,5184,382.58239600365,25.82724982695025,0.6942229925947397,18.455747539765383
W,motion_16,far,5172,10.864860534667969,10.360241559291747,-7.941893282688291,-0.17464550533687145
Hold,motion_16,far,5172,58.36479130969308,17.661509369902255,-13.070930391565721,-0.14782933238555854
Linear,motion_16,far,5172,20554.031274284378,43.12897012999276,-1.0562012623927577,10.590700936020108
W,motion_16,normal,2592,0.22965136170387268,-6.389309751155348,-7.986345169744733,-6.3009293953878345
Hold,motion_16,normal,2592,0.2281661142766002,-6.417488536751384,-11.111364031711332,-6.327857653321002
Linear,motion_16,normal,2592,81.23625946191909,19.0974991802613,-0.29682949924603647,19.089694917393437
W,motion_16,maneuver,2592,0.12580914795398712,-9.002877789106787,-9.6006741363345,-8.909680167972912
Hold,motion_16,maneuver,2592,0.0884760457196348,-10.531742956293213,-15.520187215492758,-10.347454224067956
Linear,motion_16,maneuver,2592,20.95592599171586,13.213068560172632,-7.216316991097046,13.090153307476983
W,motion_16,occlusion,5172,11.156698226928711,10.475356861796385,-3.0796912302179087,-0.13627988074317873
Hold,motion_16,occlusion,5172,59.54489515332581,17.74844534890635,-4.474116413257328,-0.0855601421453274
Linear,motion_16,occlusion,5172,20886.28668731359,43.19861234879453,3.1806070794904477,11.218822790030842
W,motion_16,far_maneuver,1296,0.09814649075269699,-10.08125224071976,-10.4044777584245,-10.070371758884018
Hold,motion_16,far_maneuver,1296,0.021566740496157238,-16.662154873267514,-19.318834004487307,-16.747297419946477
Linear,motion_16,far_maneuver,1296,27.82165333412818,14.443829348779252,-8.678831091634088,14.198764675363213
W,motion_16,far_normal,1296,0.14991319179534912,-8.241601491940923,-9.137588158310106,-8.139051799240068
Hold,motion_16,far_normal,1296,0.08742774889713423,-10.583507037474755,-15.55215808931507,-10.37388079017376
Linear,motion_16,far_normal,1296,28.35148382959339,14.525757934631669,-4.888298968510046,14.210266779706025
W,motion_16,far_occlusion,2580,21.655649185180664,13.355712073831432,-0.7893415712521058,-0.05284752896906813
Hold,motion_16,far_occlusion,2580,116.94629604475926,20.67986471268762,-1.770762089862916,-0.01597498113489728
Linear,motion_16,far_occlusion,2580,41175.445490245984,46.14638306637395,4.8755633670434335,10.402274319661926
W,motion_16,near_maneuver,1296,0.15347181260585785,-8.139713775408374,-8.718622371685715,-7.986619524539917
Hold,motion_16,near_maneuver,1296,0.15538535094311237,-8.085899270052014,-10.270539379312225,-7.8470519286685185
Linear,motion_16,near_maneuver,1296,14.090198649303531,11.489171160112871,-5.430247916684637,11.580349944734785
W,motion_16,near_normal,1296,0.30938956141471863,-5.094943431785483,-5.308411902453821,-5.005888836029656
Hold,motion_16,near_normal,1296,0.3689044796560662,-4.3308607104563315,-5.675526811656773,-4.2590491344449175
Linear,motion_16,near_normal,1296,134.1210350942448,21.274968964864584,4.297030076479214,21.341368892146235
W,motion_16,near_occlusion,2592,0.706356406211853,-1.5097611170377465,-4.7372556378870705,-2.8145525089505545
Hold,motion_16,near_occlusion,2592,2.409241488241575,3.8188033331277116,-6.094143072668175,-2.1846113201922774
Linear,motion_16,near_occlusion,2592,691.0591751355257,28.395152374385646,1.7026461391316947,18.26651573999151
W,motion_16,los,8656,0.2517819106578827,-5.989754751164325,-8.36455686831432,-0.38048430201128014
Hold,motion_16,los,8656,0.2635716359657653,-5.791013277894952,-12.064892999897141,-0.40100287099564674
Linear,motion_16,los,8656,62.34545631139908,17.94804807922158,-2.7486064072621423,9.754480687188327
W,motion_16,nlos,1700,33.202579498291016,15.211718252207936,0.15220164232138464,0.10303213001524966
Hold,motion_16,nlos,1700,180.2973283122304,22.55989291293381,3.0091844981014364,0.961134141309216
Linear,motion_16,nlos,1700,63381.82036567663,48.019647082436066,15.572993884504465,20.299113326973675
W,motion_16,switch_window,1616,33.79241943359375,15.288192870410423,-0.32897179424627077,-0.04787418712955209
Hold,motion_16,switch_window,1616,161.23280731368243,22.074534157917753,-0.08198663714298489,-0.06274472496555741
Linear,motion_16,switch_window,1616,3666.084756957835,35.64202501284568,4.546585338824518,6.858367665973823
W,motion_2,all,10356,5.660853862762451,7.528819435411794,-7.232110566048585,-0.3494150502455168
Hold,motion_2,all,10356,29.817201063317043,14.74466873865226,-9.804484700105455,-0.3045425615352867
Linear,motion_2,all,10356,10456.620016558683,40.19391326464885,-0.12068527308531721,11.876695315513759
W,motion_2,near,5184,0.46889355778694153,-3.289257340702833,-6.639794308796332,-4.000538089941697
Hold,motion_2,near,5184,1.335693201770582,1.257067155653486,-7.275039286059854,-3.3918073408007943
Linear,motion_2,near,5184,382.58239600365,25.82724982695025,0.6942229925947397,18.455747539765383
W,motion_2,far,5172,10.864860534667969,10.360241559291747,-7.941893282688291,-0.17464550533687145
Hold,motion_2,far,5172,58.36479130969308,17.661509369902255,-13.070930391565721,-0.14782933238555854
Linear,motion_2,far,5172,20554.031274284378,43.12897012999276,-1.0562012623927577,10.590700936020108
W,motion_2,normal,2592,0.22965136170387268,-6.389309751155348,-7.986345169744733,-6.3009293953878345
Hold,motion_2,normal,2592,0.2281661142766002,-6.417488536751384,-11.111364031711332,-6.327857653321002
Linear,motion_2,normal,2592,81.23625946191909,19.0974991802613,-0.29682949924603647,19.089694917393437
W,motion_2,maneuver,2592,0.12580914795398712,-9.002877789106787,-9.6006741363345,-8.909680167972912
Hold,motion_2,maneuver,2592,0.0884760457196348,-10.531742956293213,-15.520187215492758,-10.347454224067956
Linear,motion_2,maneuver,2592,20.95592599171586,13.213068560172632,-7.216316991097046,13.090153307476983
W,motion_2,occlusion,5172,11.156698226928711,10.475356861796385,-3.0796912302179087,-0.13627988074317873
Hold,motion_2,occlusion,5172,59.54489515332581,17.74844534890635,-4.474116413257328,-0.0855601421453274
Linear,motion_2,occlusion,5172,20886.28668731359,43.19861234879453,3.1806070794904477,11.218822790030842
W,motion_2,far_maneuver,1296,0.09814649075269699,-10.08125224071976,-10.4044777584245,-10.070371758884018
Hold,motion_2,far_maneuver,1296,0.021566740496157238,-16.662154873267514,-19.318834004487307,-16.747297419946477
Linear,motion_2,far_maneuver,1296,27.82165333412818,14.443829348779252,-8.678831091634088,14.198764675363213
W,motion_2,far_normal,1296,0.14991319179534912,-8.241601491940923,-9.137588158310106,-8.139051799240068
Hold,motion_2,far_normal,1296,0.08742774889713423,-10.583507037474755,-15.55215808931507,-10.37388079017376
Linear,motion_2,far_normal,1296,28.35148382959339,14.525757934631669,-4.888298968510046,14.210266779706025
W,motion_2,far_occlusion,2580,21.655649185180664,13.355712073831432,-0.7893415712521058,-0.05284752896906813
Hold,motion_2,far_occlusion,2580,116.94629604475926,20.67986471268762,-1.770762089862916,-0.01597498113489728
Linear,motion_2,far_occlusion,2580,41175.445490245984,46.14638306637395,4.8755633670434335,10.402274319661926
W,motion_2,near_maneuver,1296,0.15347181260585785,-8.139713775408374,-8.718622371685715,-7.986619524539917
Hold,motion_2,near_maneuver,1296,0.15538535094311237,-8.085899270052014,-10.270539379312225,-7.8470519286685185
Linear,motion_2,near_maneuver,1296,14.090198649303531,11.489171160112871,-5.430247916684637,11.580349944734785
W,motion_2,near_normal,1296,0.30938956141471863,-5.094943431785483,-5.308411902453821,-5.005888836029656
Hold,motion_2,near_normal,1296,0.3689044796560662,-4.3308607104563315,-5.675526811656773,-4.2590491344449175
Linear,motion_2,near_normal,1296,134.1210350942448,21.274968964864584,4.297030076479214,21.341368892146235
W,motion_2,near_occlusion,2592,0.706356406211853,-1.5097611170377465,-4.7372556378870705,-2.8145525089505545
Hold,motion_2,near_occlusion,2592,2.409241488241575,3.8188033331277116,-6.094143072668175,-2.1846113201922774
Linear,motion_2,near_occlusion,2592,691.0591751355257,28.395152374385646,1.7026461391316947,18.26651573999151
W,motion_2,los,8656,0.2517819106578827,-5.989754751164325,-8.36455686831432,-0.38048430201128014
Hold,motion_2,los,8656,0.2635716359657653,-5.791013277894952,-12.064892999897141,-0.40100287099564674
Linear,motion_2,los,8656,62.34545631139908,17.94804807922158,-2.7486064072621423,9.754480687188327
W,motion_2,nlos,1700,33.202579498291016,15.211718252207936,0.15220164232138464,0.10303213001524966
Hold,motion_2,nlos,1700,180.2973283122304,22.55989291293381,3.0091844981014364,0.961134141309216
Linear,motion_2,nlos,1700,63381.82036567663,48.019647082436066,15.572993884504465,20.299113326973675
W,motion_2,switch_window,1616,33.79241943359375,15.288192870410423,-0.32897179424627077,-0.04787418712955209
Hold,motion_2,switch_window,1616,161.23280731368243,22.074534157917753,-0.08198663714298489,-0.06274472496555741
Linear,motion_2,switch_window,1616,3666.084756957835,35.64202501284568,4.546585338824518,6.858367665973823
W,offgrid_queries,all,10353,5.8033223152160645,7.636766918522224,-7.073468841985103,-0.3052296862089059
Hold,offgrid_queries,all,10353,30.101884482920873,14.785936847936856,-9.479762576172641,-0.26646491936329997
Linear,offgrid_queries,all,10353,19870.50796727592,42.9820896950363,1.5033793663787156,11.964739495292044
W,offgrid_queries,near,5184,0.5083170533180237,-2.9386532008741777,-6.521958683689895,-3.784023955520751
Hold,offgrid_queries,near,5184,1.521899929019371,1.8238609678179611,-6.888290451609683,-3.141852761680879
Linear,offgrid_queries,near,5184,431.2207003452495,26.346996005783403,2.4803308644005675,19.00998724550685
W,offgrid_queries,far,5169,11.113694190979004,10.458584423865961,-7.6542958495591185,-0.15349053556961095
Hold,offgrid_queries,far,5169,58.764805730246344,17.691173047626123,-13.13533563743891,-0.13286678349600362
Linear,offgrid_queries,far,5169,39366.20639864923,45.95123565170853,0.32346089083855545,10.644033116422978
W,offgrid_queries,normal,2592,0.229590505361557,-6.390460760055302,-7.905520212272146,-6.305442706991164
Hold,offgrid_queries,normal,2592,0.23829033633718621,-6.228935697413921,-11.273564472883791,-6.128944880423898
Linear,offgrid_queries,normal,2592,93.36355856053369,19.701773965264977,1.4890514604938845,19.707253211415516
W,offgrid_queries,maneuver,2592,0.13503481447696686,-8.695542479050266,-9.404505014348981,-8.591373406149103
Hold,offgrid_queries,maneuver,2592,0.09693594969346361,-10.135151305027502,-15.470289982720884,-9.932567398520641
Linear,offgrid_queries,maneuver,2592,24.0775027868726,13.816114418000494,-5.315490509555478,13.674461669865694
W,offgrid_queries,occlusion,5169,11.440645217895508,10.584505180470288,-2.4509905381712103,-0.1171647805492635
Hold,offgrid_queries,occlusion,5169,60.12302254174662,17.790408055842914,-4.348385626960944,-0.07454977251316039
Linear,offgrid_queries,occlusion,5169,39739.787532249014,45.992255408357366,4.723593783875314,11.27590387566322
W,offgrid_queries,far_maneuver,1296,0.10165154188871384,-9.928860294343885,-10.218954985392909,-9.916173837319047
Hold,offgrid_queries,far_maneuver,1296,0.019421214132510273,-17.117236233174495,-19.064981121774313,-17.204982375471022
Linear,offgrid_queries,far_maneuver,1296,32.107352530875765,15.066044965153036,-7.257593734832345,14.79121769904862
W,offgrid_queries,far_normal,1296,0.14062488079071045,-8.519378327007121,-9.391394101723119,-8.497393927124982
Hold,offgrid_queries,far_normal,1296,0.07124399271847773,-11.472517494135646,-15.82433648719234,-11.412018110189475
Linear,offgrid_queries,far_normal,1296,32.60756090731592,15.133183141659519,-3.9475815591967978,14.830348103494707
W,offgrid_queries,far_occlusion,2577,22.17023468017578,13.457702903073578,-0.5886211333456325,-0.04581460666709245
Hold,offgrid_queries,far_occlusion,2577,117.82606857259,20.712413870955814,-1.5762302077361077,-0.015575293643694773
Linear,offgrid_queries,far_occlusion,2577,78929.00673139385,48.97236637535013,6.6915883429887,10.438553721148189
W,offgrid_queries,near_maneuver,1296,0.16841810941696167,-7.7361121214157516,-8.358342436112737,-7.571050577298507
Hold,offgrid_queries,near_maneuver,1296,0.17445068525441693,-7.583273202736091,-9.348036938007665,-7.335344747592342
Linear,offgrid_queries,near_maneuver,1296,16.047653042869435,12.05411526145177,-3.5342700296294387,12.154070899242166
W,offgrid_queries,near_normal,1296,0.3185561001300812,-4.968140740618729,-5.221359186485063,-4.855136918340354
Hold,offgrid_queries,near_normal,1296,0.40533667995589473,-3.921840940583294,-5.461875403927751,-3.8142936999115653
Linear,offgrid_queries,near_normal,1296,154.11955621375145,21.878577497946594,6.450316744604862,21.94721011993005
W,offgrid_queries,near_occlusion,2592,0.7731470465660095,-1.1173789878693539,-4.637237462424291,-2.623723465766038
Hold,offgrid_queries,near_occlusion,2592,2.7539061754335865,4.399491399203318,-6.168644904972767,-2.0258802570432284
Linear,offgrid_queries,near_occlusion,2592,777.3577960621886,28.906209584269043,3.387988575919914,18.79035312664464
W,offgrid_queries,los,8648,0.26150915026664734,-5.825131104648214,-8.168871877691881,-0.32322904575813605
Hold,offgrid_queries,los,8648,0.26612493153510636,-5.749144372828059,-11.728352452033043,-0.3401957611832557
Linear,offgrid_queries,los,8648,69.53401964898057,18.421973359714364,-1.24197616035772,9.711182930613196
W,offgrid_queries,nlos,1705,33.91217803955078,15.303556836200695,0.23006316652564698,0.11177191286147323
Hold,offgrid_queries,nlos,1705,181.43305668255957,22.58716417381743,3.3157683700522083,1.2262734283171166
Linear,offgrid_queries,nlos,1705,120303.8350635092,50.802794720644684,17.614684524918726,22.324668649863796
W,offgrid_queries,switch_window,1616,34.302310943603516,15.353233794085723,-0.19589265420392277,-0.03734216859371039
Hold,offgrid_queries,switch_window,1616,154.44754168780668,21.88781000109681,-0.03541125795529568,-0.04728754227096232
Linear,offgrid_queries,switch_window,1616,4043.7495633846456,36.067842511207445,6.8281778570587415,6.82734139292791
W,pattern_bursty,all,10356,5.830364227294922,7.6569568631362275,-7.08855684929342,-0.34486779791042965
Hold,pattern_bursty,all,10356,29.81720124739215,14.74466876546323,-9.8044846422397,-0.28465520928718824
Linear,pattern_bursty,all,10356,1467.059933084579,31.664478562265423,-3.3455337524116837,9.065914387928286
W,pattern_bursty,near,5184,0.5104278922080994,-2.9206560172205895,-6.357464321427594,-3.7978788120712177
Hold,pattern_bursty,near,5184,1.3356931934416485,1.2570671285723427,-7.275039433165614,-3.2181518549574935
Linear,pattern_bursty,near,5184,206.71346081691055,23.15368758040751,-2.4463363163858323,16.258496282813827
W,pattern_bursty,far,5172,11.162644386291504,10.477670894342616,-7.978510987997886,-0.17255375474334364
Hold,pattern_bursty,far,5172,58.36479168661865,17.66150939794942,-13.07093023977448,-0.13005137856427115
Linear,pattern_bursty,far,5172,2730.3306431069286,34.36215243297789,-4.545995895332923,7.436535604753813
W,pattern_bursty,normal,2592,0.231685072183609,-6.351019475528724,-7.845660568401338,-6.269347074185
Hold,pattern_bursty,normal,2592,0.22816611416891894,-6.417488538801005,-11.111363812712732,-6.327448238027781
Linear,pattern_bursty,normal,2592,44.769881765279145,16.50985947437842,-3.9532412821311436,16.50218920031919
W,pattern_bursty,maneuver,2592,0.12918443977832794,-8.88789793812881,-9.644203544919295,-8.792934748293442
Hold,pattern_bursty,maneuver,2592,0.08847604583342555,-10.531742950707667,-15.520186882398265,-10.346101033695154
Linear,pattern_bursty,maneuver,2592,9.01732023551342,9.550774932135505,-10.240116012553006,9.556679975876103
W,pattern_bursty,occlusion,5172,11.493403434753418,10.604486513222591,-3.1248170648671914,-0.13528420363493765
Hold,pattern_bursty,occlusion,5172,59.54489552190005,17.748445375788545,-4.4741165832699,-0.06843702462767798
Linear,pattern_bursty,occlusion,5172,2910.5677183754533,34.63977708199031,0.6770843920845758,8.407337503366515
W,pattern_bursty,far_maneuver,1296,0.09754671156406403,-10.107873666964572,-10.450402336379842,-10.092796006497446
Hold,pattern_bursty,far_maneuver,1296,0.021566740471745234,-16.66215487818342,-19.31883436071106,-16.751861718018752
Linear,pattern_bursty,far_maneuver,1296,8.323725673593536,9.20317758660231,-12.531674842405579,9.381529269355944
W,pattern_bursty,far_normal,1296,0.14627708494663239,-8.34823702997696,-9.267111859170743,-8.243636920758146
Hold,pattern_bursty,far_normal,1296,0.08742774876383093,-10.583507044096551,-15.552158014678152,-10.37304925414366
Linear,pattern_bursty,far_normal,1296,11.352372028102447,10.550866149286794,-8.610078693148187,10.203689266930729
W,pattern_bursty,far_occlusion,2580,22.254728317260742,13.474222968421007,-0.7162384252759588,-0.0518862513848014
Hold,pattern_bursty,far_occlusion,2580,116.94629680044277,20.67986474075086,-1.7707622462101211,0.00028794150143846416
Linear,pattern_bursty,far_occlusion,2580,5463.476691289781,37.37469094595667,2.9301553021175444,7.3336278580625445
W,pattern_bursty,near_maneuver,1296,0.16082216799259186,-7.936540875944323,-8.525874238549854,-7.786771832956736
Hold,pattern_bursty,near_maneuver,1296,0.15538535119510588,-8.085899263008919,-10.270539587841846,-7.848443570175318
Linear,pattern_bursty,near_maneuver,1296,9.710914797433304,9.87260143683878,-7.683946683281087,9.726346597934384
W,pattern_bursty,near_normal,1296,0.3170930743217468,-4.988132433614174,-5.286395947632968,-4.906678882856862
Hold,pattern_bursty,near_normal,1296,0.36890447957400696,-4.330860711422377,-5.675526889537314,-4.255195453675403
Linear,pattern_bursty,near_normal,1296,78.18739150245585,18.931367243846744,0.5505349613917505,18.98769635449568
W,pattern_bursty,near_occlusion,2592,0.7818981409072876,-1.0684981947617862,-4.776436888055134,-2.6483064400117193
Hold,pattern_bursty,near_occlusion,2592,2.4092414714987402,3.8188033029467574,-6.094143454127688,-2.0163780177904487
Linear,pattern_bursty,near_occlusion,2592,369.47776848387656,25.675883119724062,-1.301008933194726,16.16228447308157
W,pattern_bursty,los,8656,0.2531411051750183,-5.96637328167618,-8.256514506010848,-0.3966503042998387
Hold,pattern_bursty,los,8656,0.2635716358417269,-5.791013279938769,-12.064892904397924,-0.4299630055348156
Linear,pattern_bursty,los,8656,36.655346616316336,15.641373305899373,-6.228599410370453,7.417163636346188
W,pattern_bursty,nlos,1700,34.228271484375,15.343849679736305,0.15342020260367478,0.1564276531926963
Hold,pattern_bursty,nlos,1700,180.29732943420422,22.55989293995956,3.0091843727578347,0.9853213326951782
Linear,pattern_bursty,nlos,1700,8750.34352159592,39.420251029200315,10.465283764419048,15.360906212192027
W,pattern_bursty,switch_window,1616,35.01319885253906,15.442317903006684,-0.3496386521106577,-0.059858264778852976
Hold,pattern_bursty,switch_window,1616,161.23280870875138,22.074534195495144,-0.0819866548862882,-0.081099205147191
Linear,pattern_bursty,switch_window,1616,3272.5093955577645,35.14880902108365,2.7548842790366583,4.577463523356451
W,pattern_gap,all,10356,5.70164680480957,7.56000310926243,-7.207584557225242,-0.33605799949816606
Hold,pattern_gap,all,10356,29.817200791931477,14.744668699124318,-9.80448475126699,-0.29403504527407864
Linear,pattern_gap,all,10356,13255.885356539282,41.22408739433786,0.8930830033534353,12.681625208887661
W,pattern_gap,near,5184,0.48079901933670044,-3.180364268145805,-6.655889934799277,-4.013484162998386
Hold,pattern_gap,near,5184,1.3356931894206334,1.2570671154981978,-7.275039585151413,-3.4324465943581144
Linear,pattern_gap,near,5184,392.92347259546443,25.94307973617592,1.8224355503459986,19.24964110613589
W,pattern_gap,far,5172,10.934609413146973,10.38803274548366,-7.788530939548252,-0.16639938985136157
Hold,pattern_gap,far,5172,58.364790778670894,17.661509330388704,-13.070930386935252,-0.140914499318219
Linear,pattern_gap,far,5172,26148.69169961058,44.17449964642923,-0.10636793914612398,11.451227159859481
W,pattern_gap,normal,2592,0.23196808993816376,-6.345717535441136,-7.879444989183093,-6.257864893244739
Hold,pattern_gap,normal,2592,0.22816611360701072,-6.417488549496442,-11.111364072007843,-6.321091023257734
Linear,pattern_gap,normal,2592,98.80059740790873,19.94759570601533,0.9104007006982456,19.930356970181194
W,pattern_gap,maneuver,2592,0.12760116159915924,-8.94145372058361,-9.528282439078454,-8.855671471996406
Hold,pattern_gap,maneuver,2592,0.0884760459129152,-10.531742946805828,-15.520187177576796,-10.352904253465114
Linear,pattern_gap,maneuver,2592,28.01289730511613,14.473580291574308,-6.038176683182827,14.326938402481597
W,pattern_gap,occlusion,5172,11.236322402954102,10.506241918872421,-3.025695453043097,-0.12920372440654915
Hold,pattern_gap,occlusion,5172,59.54489461016371,17.748445309290474,-4.47411653842192,-0.08103636608739044
Linear,pattern_gap,occlusion,5172,26478.972964815275,44.22901136192002,4.101168292695354,12.015650682430032
W,pattern_gap,far_maneuver,1296,0.10082300007343292,-9.964403839068709,-10.310520038620293,-9.954782973484548
Hold,pattern_gap,far_maneuver,1296,0.021566740516603154,-16.662154869150275,-19.318833891139565,-16.74455250918296
Linear,pattern_gap,far_maneuver,1296,40.43726297548789,16.067817523870723,-7.332764734527965,15.787363099223624
W,pattern_gap,far_normal,1296,0.15441253781318665,-8.113174392204026,-8.995555456382723,-8.022158648026634
Hold,pattern_gap,far_normal,1296,0.08742774852956356,-10.583507055733708,-15.552157976221219,-10.382829445525878
Linear,pattern_gap,far_normal,1296,39.00149722313278,15.910812794178756,-4.274697012216451,15.570190807636894
W,pattern_gap,far_occlusion,2580,21.7918643951416,13.382943877443946,-0.7816986906347645,-0.04861939350373122
Hold,pattern_gap,far_occlusion,2580,116.9462949804194,20.679864673162047,-1.7707620626795695,-0.012903218046947393
Linear,pattern_gap,far_occlusion,2580,52379.10109967772,47.1915804103844,6.07938469015565,11.217738072272104
W,pattern_gap,near_maneuver,1296,0.15437932312488556,-8.114108675631,-8.651850152488086,-7.9696284305417215
Hold,pattern_gap,near_maneuver,1296,0.15538535130922723,-8.085899259819282,-10.270539459427571,-7.849021299072084
Linear,pattern_gap,near_maneuver,1296,15.588531634744374,11.928052086486698,-4.809379843227366,12.075028120126099
W,pattern_gap,near_normal,1296,0.30952364206314087,-5.093061730560705,-5.445157787434576,-5.001821765513554
Hold,pattern_gap,near_normal,1296,0.36890447868445786,-4.330860721894635,-5.675526884261254,-4.25205237560237
Linear,pattern_gap,near_normal,1296,158.59969759268466,22.003023548986498,5.566196805933897,22.069444161353367
W,pattern_gap,near_occlusion,2592,0.7296465635299683,-1.3688745861761833,-4.773628638843006,-2.8256683758350705
Hold,pattern_gap,near_occlusion,2592,2.409241463844424,3.8188032891489403,-6.094143247509609,-2.2313154208240924
Linear,pattern_gap,near_occlusion,2592,698.7528305772144,28.4432358018117,2.495099855911283,19.12950438101729
W,pattern_gap,los,8656,0.2526017129421234,-5.975637087340147,-8.335271573891614,-0.36309557581295887
Hold,pattern_gap,los,8656,0.2635716359412605,-5.791013278298726,-12.064893022096062,-0.3827580175846723
Linear,pattern_gap,los,8656,75.46524831367827,18.777470054026026,-1.8266910525205537,10.367253771919636
W,pattern_gap,nlos,1700,33.44690704345703,15.243559631781247,0.13280616431612502,0.12609004318417746
Hold,pattern_gap,nlos,1700,180.29732665913815,22.55989287311465,3.0091845010486007,1.0599662843533668
Linear,pattern_gap,nlos,1700,80367.48327230447,49.05080368501267,16.84535076092353,21.962292794798522
W,pattern_gap,switch_window,1616,34.1133918762207,15.329249032212374,-0.302892574643414,-0.042071607542760334
Hold,pattern_gap,switch_window,1616,161.23280581188877,22.074534117465646,-0.08198679726558326,-0.055665365830654324
Linear,pattern_gap,switch_window,1616,4000.6683156642566,36.021325467181825,4.7081441684341705,7.53801027402814
W,pattern_recent,all,10356,5.903349876403809,7.710985235038659,-6.848204854235997,-0.3066306680593768
Hold,pattern_recent,all,10356,29.817200916874462,14.744668717322558,-9.804484514626347,-0.25627315448254173
Linear,pattern_recent,all,10356,43436.55121248877,46.37855335714199,3.785116672571687,15.545704255591556
W,pattern_recent,near,5184,0.4451492726802826,-3.514943318715697,-6.106474361811763,-4.060200022690395
Hold,pattern_recent,near,5184,1.3356931967900527,1.2570671394595248,-7.275039412349111,-3.2934032888226077
Linear,pattern_recent,near,5184,670.4083310011561,28.26339402527575,4.412544246477729,22.17302940969651
W,pattern_recent,far,5172,11.374214172363281,10.559214016020846,-7.7662271077637035,-0.15258876668283305
Hold,pattern_recent,far,5172,58.36479102146024,17.661509348454747,-13.070930438857921,-0.122041202628695
Linear,pattern_recent,far,5172,86301.9194834926,49.360204551800805,2.8325335331811563,14.440899525381617
W,pattern_recent,normal,2592,0.2413972169160843,-6.17267741218598,-7.604550802578023,-6.142261112068911
Hold,pattern_recent,normal,2592,0.22816611385085692,-6.41748854485504,-11.11136398409111,-6.3787193761205465
Linear,pattern_recent,normal,2592,206.18116051863112,23.14248979780706,5.353216120596905,23.070458414167277
W,pattern_recent,maneuver,2592,0.13284499943256378,-8.766547887111178,-9.491216216826526,-8.689849412636113
Hold,pattern_recent,maneuver,2592,0.08847604567602387,-10.531742958433902,-15.520187208302318,-10.407297534514992
Linear,pattern_recent,maneuver,2592,70.39352240146991,18.4753269728518,-2.207040612818116,18.340396590693693
W,pattern_recent,occlusion,5172,11.632840156555176,10.656857606211666,-3.142530714255318,-0.11218103207189725
Hold,pattern_recent,occlusion,5172,59.54489486033609,17.748445327536956,-4.474116528344839,-0.054002315601818215
Linear,pattern_recent,occlusion,5172,86835.275092499,49.38696184461318,5.814907856818225,14.799946301290614
W,pattern_recent,far_maneuver,1296,0.10159581899642944,-9.9312416433696,-10.282215651000556,-9.903604398209612
Hold,pattern_recent,far_maneuver,1296,0.021566740423092326,-16.662154887980765,-19.318833854892862,-16.71689576275615
Linear,pattern_recent,far_maneuver,1296,112.72909256588143,20.520360110800976,-1.8710575926518171,20.35640771099441
W,pattern_recent,far_normal,1296,0.1503056287765503,-8.230247552692306,-9.004708887757733,-8.187837194965086
Hold,pattern_recent,far_normal,1296,0.08742774874481309,-10.583507045041259,-15.552158018011673,-10.479323691382906
Linear,pattern_recent,far_normal,1296,99.11389627801687,19.961345490742517,-1.005017587712371,19.61071892635443
W,pattern_recent,far_occlusion,2580,22.674793243408203,13.555433357031891,-0.8002030584099095,-0.04135235063370143
Hold,pattern_recent,far_occlusion,2580,116.94629546706616,20.679864691234275,-1.770762203473103,-0.001372682031274513
Linear,pattern_recent,far_occlusion,2580,172898.82909111708,52.37792052146169,8.517231704751657,14.089741838471026
W,pattern_recent,near_maneuver,1296,0.16409416496753693,-7.849068617711322,-8.438695356235387,-7.732507033010028
Hold,pattern_recent,near_maneuver,1296,0.15538535092895542,-8.085899270447694,-10.270539324635005,-7.915582823769398
Linear,pattern_recent,near_maneuver,1296,28.057952237058362,14.480559715890545,-2.538945479229448,14.387739049894893
W,pattern_recent,near_normal,1296,0.3324888348579407,-4.782229339428326,-4.938720774235128,-4.7436021261933385
Hold,pattern_recent,near_normal,1296,0.36890447895690076,-4.330860718687289,-5.675526745311901,-4.288800172526014
Linear,pattern_recent,near_normal,1296,313.2484247592454,24.958888957233704,10.038327298240583,24.98911513169146
W,pattern_recent,near_occlusion,2592,0.642007052898407,-1.924602008750179,-4.739865439026771,-2.896700893346069
Hold,pattern_recent,near_occlusion,2592,2.4092414786371776,3.818803315814641,-6.09414319532176,-1.9312968854113386
Linear,pattern_recent,near_occlusion,2592,1170.1634735041603,30.682465375422872,4.266179940207281,22.077484670808445
W,pattern_recent,los,8656,0.25714731216430664,-5.898180107880031,-7.998574029700113,-0.3369832982584759
Hold,pattern_recent,los,8656,0.26357163537995587,-5.791013287547501,-12.064893110463814,-0.3422014634765025
Linear,pattern_recent,los,8656,152.00327764688257,21.81852952738243,0.8722130389400268,12.680034544573523
W,pattern_recent,nlos,1700,34.65248489379883,15.39734382871945,0.16859354728416676,0.07352598524158284
Hold,pattern_recent,nlos,1700,180.29732742311947,22.55989289151719,3.00918461347921,0.7382207250711534
Linear,pattern_recent,nlos,1700,263831.28469718964,54.2132629221784,19.966110055563817,24.205651469681833
W,pattern_recent,switch_window,1616,35.2960090637207,15.477256022833112,-0.4116786677439369,-0.029508032319355684
Hold,pattern_recent,switch_window,1616,161.23280703933972,22.074534150528102,-0.08198680359852467,-0.017297240375918788
Linear,pattern_recent,switch_window,1616,10515.940441184783,40.21848117740711,6.511207884839511,9.7272370953895
W,pattern_uniform,all,10356,5.032824516296387,7.018117877520382,-7.264487061757524,-0.3800183832431263
Hold,pattern_uniform,all,10356,29.817201054965548,14.744668737435846,-9.804484584869336,-0.3312442988304176
Linear,pattern_uniform,all,10356,58698.53388254603,47.6862725397893,4.718697267920289,17.636148450031126
W,pattern_uniform,near,5184,0.4902443587779999,-3.0958739504045685,-6.821680735592434,-4.039382755630746
Hold,pattern_uniform,near,5184,1.3356932008969065,1.2570671528127701,-7.275039101038619,-3.412631081143301
Linear,pattern_uniform,near,5184,884.1669146574029,29.46534259664453,4.603602424417786,22.92572051453797
W,pattern_uniform,far,5172,9.585944175720215,9.816348955250305,-7.873090557074056,-0.18946827111751177
Hold,pattern_uniform,far,5172,58.3647912938464,17.6615093687231,-13.070930417473445,-0.1608089778688804
Linear,pattern_uniform,far,5172,116647.04091300516,50.66873726143457,4.954961914692423,16.734398375206435
W,pattern_uniform,normal,2592,0.23041492700576782,-6.374893893710202,-7.90200212070559,-6.284450949080443
Hold,pattern_uniform,normal,2592,0.22816611387591054,-6.417488544378166,-11.111363786432491,-6.322787767294167
Linear,pattern_uniform,normal,2592,297.8160890271394,24.739481560990374,6.655101104268656,24.790960483338566
W,pattern_uniform,maneuver,2592,0.1250220388174057,-9.030134230469647,-9.616060933990479,-8.940420747095105
Hold,pattern_uniform,maneuver,2592,0.08847604581985984,-10.531742951373555,-15.520187061912672,-10.347251046496114
Linear,pattern_uniform,maneuver,2592,156.43214737632312,21.943260069941893,0.9636718778590383,21.76784401674713
W,pattern_uniform,occlusion,5172,9.899195671081543,9.955999087589818,-3.016556180884557,-0.14491803332757774
Hold,pattern_uniform,occlusion,5172,59.544895136754,17.748445347697675,-4.474116402590403,-0.08966072107694686
Linear,pattern_uniform,occlusion,5172,117305.60817070551,50.69318775452011,5.736289533986413,16.676853746955242
W,pattern_uniform,far_maneuver,1296,0.09850107878446579,-10.065590130803061,-10.366283403673549,-10.058404916393576
Hold,pattern_uniform,far_maneuver,1296,0.021566740490620396,-16.66215487438248,-19.318834093007382,-16.748337145975118
Linear,pattern_uniform,far_maneuver,1296,280.85674153947355,24.48484852916643,3.6189153681186754,24.276432474496076
W,pattern_uniform,far_normal,1296,0.15561224520206451,-8.079562311609699,-9.024857630603144,-7.996564977567688
Hold,pattern_uniform,far_normal,1296,0.08742774895236859,-10.583507034731007,-15.552158019620169,-10.383476581981574
Linear,pattern_uniform,far_normal,1296,197.70196598567077,22.96010988041457,0.6769851037893377,22.762703545777487
W,pattern_uniform,far_occlusion,2580,19.08882713317871,12.807792450392057,-0.7798780466266698,-0.054791956479933325
Hold,pattern_uniform,far_occlusion,2580,116.94629601296724,20.679864711506983,-1.7707621305329277,-0.01451010511299556
Linear,pattern_uniform,far_occlusion,2580,233596.23392136052,53.68465836726509,8.83063412127467,16.077276360265806
W,pattern_uniform,near_maneuver,1296,0.1515430212020874,-8.194640587896648,-8.747685205896099,-8.043483403370141
Hold,pattern_uniform,near_maneuver,1296,0.1553853511490993,-8.085899264294781,-10.270539411169972,-7.844853381035391
Linear,pattern_uniform,near_maneuver,1296,32.00755321317268,15.052524761862385,-1.8981861787486598,14.985755442694186
W,pattern_uniform,near_normal,1296,0.30521759390830994,-5.153904356022703,-5.527130183624016,-5.053218123041016
Hold,pattern_uniform,near_normal,1296,0.3689044787994525,-4.330860720540855,-5.675526892785529,-4.2515825897494235
Linear,pattern_uniform,near_normal,1296,397.93021206860806,25.998069133524204,10.659119986155119,26.17522633862223
W,pattern_uniform,near_occlusion,2592,0.7521084547042847,-1.2371952924423415,-4.762824926472022,-2.821110462077489
Hold,pattern_uniform,near_occlusion,2592,2.4092414868195373,3.8188033305643194,-6.094143217077487,-2.1861961839651403
Linear,pattern_uniform,near_occlusion,2592,1553.3649466739153,31.91273500613896,4.400125519426302,22.5075911744212
W,pattern_uniform,los,8656,0.251169353723526,-6.000333518803284,-8.38477391439212,-0.4079824555379166
Hold,pattern_uniform,los,8656,0.2635716355866437,-5.791013284141847,-12.064893218919647,-0.4263108756771645
Linear,pattern_uniform,los,8656,225.5819298562281,23.53304307731341,2.320369574264645,14.774287395899897
W,pattern_uniform,nlos,1700,29.379886627197266,14.680501155768509,0.1378817123450712,0.15768846418371618
Hold,pattern_uniform,nlos,1700,180.29732826328538,22.559892911754837,3.0091844302374167,1.266331161384808
Linear,pattern_uniform,nlos,1700,356429.0468840065,55.51973089268895,20.739968780840353,28.014645401972626
W,pattern_uniform,switch_window,1616,29.973133087158203,14.767321420562782,-0.25931550942065207,-0.04349923578913066
Hold,pattern_uniform,switch_window,1616,161.2328074152096,22.074534160652476,-0.08198683075342607,-0.05730258105033019
Linear,pattern_uniform,switch_window,1616,5476.708421022511,37.38519619783667,6.416007289130805,9.99813127586709
W,rgb_10,all,10356,5.660853862762451,7.528819435411794,-7.232110566048585,-0.3494150502455168
Hold,rgb_10,all,10356,29.817201063317043,14.74466873865226,-9.804484700105455,-0.3045425615352867
Linear,rgb_10,all,10356,10456.620016558683,40.19391326464885,-0.12068527308531721,11.876695315513759
W,rgb_10,near,5184,0.46889355778694153,-3.289257340702833,-6.639794308796332,-4.000538089941697
Hold,rgb_10,near,5184,1.335693201770582,1.257067155653486,-7.275039286059854,-3.3918073408007943
Linear,rgb_10,near,5184,382.58239600365,25.82724982695025,0.6942229925947397,18.455747539765383
W,rgb_10,far,5172,10.864860534667969,10.360241559291747,-7.941893282688291,-0.17464550533687145
Hold,rgb_10,far,5172,58.36479130969308,17.661509369902255,-13.070930391565721,-0.14782933238555854
Linear,rgb_10,far,5172,20554.031274284378,43.12897012999276,-1.0562012623927577,10.590700936020108
W,rgb_10,normal,2592,0.22965136170387268,-6.389309751155348,-7.986345169744733,-6.3009293953878345
Hold,rgb_10,normal,2592,0.2281661142766002,-6.417488536751384,-11.111364031711332,-6.327857653321002
Linear,rgb_10,normal,2592,81.23625946191909,19.0974991802613,-0.29682949924603647,19.089694917393437
W,rgb_10,maneuver,2592,0.12580914795398712,-9.002877789106787,-9.6006741363345,-8.909680167972912
Hold,rgb_10,maneuver,2592,0.0884760457196348,-10.531742956293213,-15.520187215492758,-10.347454224067956
Linear,rgb_10,maneuver,2592,20.95592599171586,13.213068560172632,-7.216316991097046,13.090153307476983
W,rgb_10,occlusion,5172,11.156698226928711,10.475356861796385,-3.0796912302179087,-0.13627988074317873
Hold,rgb_10,occlusion,5172,59.54489515332581,17.74844534890635,-4.474116413257328,-0.0855601421453274
Linear,rgb_10,occlusion,5172,20886.28668731359,43.19861234879453,3.1806070794904477,11.218822790030842
W,rgb_10,far_maneuver,1296,0.09814649075269699,-10.08125224071976,-10.4044777584245,-10.070371758884018
Hold,rgb_10,far_maneuver,1296,0.021566740496157238,-16.662154873267514,-19.318834004487307,-16.747297419946477
Linear,rgb_10,far_maneuver,1296,27.82165333412818,14.443829348779252,-8.678831091634088,14.198764675363213
W,rgb_10,far_normal,1296,0.14991319179534912,-8.241601491940923,-9.137588158310106,-8.139051799240068
Hold,rgb_10,far_normal,1296,0.08742774889713423,-10.583507037474755,-15.55215808931507,-10.37388079017376
Linear,rgb_10,far_normal,1296,28.35148382959339,14.525757934631669,-4.888298968510046,14.210266779706025
W,rgb_10,far_occlusion,2580,21.655649185180664,13.355712073831432,-0.7893415712521058,-0.05284752896906813
Hold,rgb_10,far_occlusion,2580,116.94629604475926,20.67986471268762,-1.770762089862916,-0.01597498113489728
Linear,rgb_10,far_occlusion,2580,41175.445490245984,46.14638306637395,4.8755633670434335,10.402274319661926
W,rgb_10,near_maneuver,1296,0.15347181260585785,-8.139713775408374,-8.718622371685715,-7.986619524539917
Hold,rgb_10,near_maneuver,1296,0.15538535094311237,-8.085899270052014,-10.270539379312225,-7.8470519286685185
Linear,rgb_10,near_maneuver,1296,14.090198649303531,11.489171160112871,-5.430247916684637,11.580349944734785
W,rgb_10,near_normal,1296,0.30938956141471863,-5.094943431785483,-5.308411902453821,-5.005888836029656
Hold,rgb_10,near_normal,1296,0.3689044796560662,-4.3308607104563315,-5.675526811656773,-4.2590491344449175
Linear,rgb_10,near_normal,1296,134.1210350942448,21.274968964864584,4.297030076479214,21.341368892146235
W,rgb_10,near_occlusion,2592,0.706356406211853,-1.5097611170377465,-4.7372556378870705,-2.8145525089505545
Hold,rgb_10,near_occlusion,2592,2.409241488241575,3.8188033331277116,-6.094143072668175,-2.1846113201922774
Linear,rgb_10,near_occlusion,2592,691.0591751355257,28.395152374385646,1.7026461391316947,18.26651573999151
W,rgb_10,los,8656,0.2517819106578827,-5.989754751164325,-8.36455686831432,-0.38048430201128014
Hold,rgb_10,los,8656,0.2635716359657653,-5.791013277894952,-12.064892999897141,-0.40100287099564674
Linear,rgb_10,los,8656,62.34545631139908,17.94804807922158,-2.7486064072621423,9.754480687188327
W,rgb_10,nlos,1700,33.202579498291016,15.211718252207936,0.15220164232138464,0.10303213001524966
Hold,rgb_10,nlos,1700,180.2973283122304,22.55989291293381,3.0091844981014364,0.961134141309216
Linear,rgb_10,nlos,1700,63381.82036567663,48.019647082436066,15.572993884504465,20.299113326973675
W,rgb_10,switch_window,1616,33.79241943359375,15.288192870410423,-0.32897179424627077,-0.04787418712955209
Hold,rgb_10,switch_window,1616,161.23280731368243,22.074534157917753,-0.08198663714298489,-0.06274472496555741
Linear,rgb_10,switch_window,1616,3666.084756957835,35.64202501284568,4.546585338824518,6.858367665973823
W,rgb_2,all,10356,5.660853862762451,7.528819435411794,-7.232110566048585,-0.3494150502455168
Hold,rgb_2,all,10356,29.817201063317043,14.74466873865226,-9.804484700105455,-0.3045425615352867
Linear,rgb_2,all,10356,10456.620016558683,40.19391326464885,-0.12068527308531721,11.876695315513759
W,rgb_2,near,5184,0.46889355778694153,-3.289257340702833,-6.639794308796332,-4.000538089941697
Hold,rgb_2,near,5184,1.335693201770582,1.257067155653486,-7.275039286059854,-3.3918073408007943
Linear,rgb_2,near,5184,382.58239600365,25.82724982695025,0.6942229925947397,18.455747539765383
W,rgb_2,far,5172,10.864860534667969,10.360241559291747,-7.941893282688291,-0.17464550533687145
Hold,rgb_2,far,5172,58.36479130969308,17.661509369902255,-13.070930391565721,-0.14782933238555854
Linear,rgb_2,far,5172,20554.031274284378,43.12897012999276,-1.0562012623927577,10.590700936020108
W,rgb_2,normal,2592,0.22965136170387268,-6.389309751155348,-7.986345169744733,-6.3009293953878345
Hold,rgb_2,normal,2592,0.2281661142766002,-6.417488536751384,-11.111364031711332,-6.327857653321002
Linear,rgb_2,normal,2592,81.23625946191909,19.0974991802613,-0.29682949924603647,19.089694917393437
W,rgb_2,maneuver,2592,0.12580914795398712,-9.002877789106787,-9.6006741363345,-8.909680167972912
Hold,rgb_2,maneuver,2592,0.0884760457196348,-10.531742956293213,-15.520187215492758,-10.347454224067956
Linear,rgb_2,maneuver,2592,20.95592599171586,13.213068560172632,-7.216316991097046,13.090153307476983
W,rgb_2,occlusion,5172,11.156698226928711,10.475356861796385,-3.0796912302179087,-0.13627988074317873
Hold,rgb_2,occlusion,5172,59.54489515332581,17.74844534890635,-4.474116413257328,-0.0855601421453274
Linear,rgb_2,occlusion,5172,20886.28668731359,43.19861234879453,3.1806070794904477,11.218822790030842
W,rgb_2,far_maneuver,1296,0.09814649075269699,-10.08125224071976,-10.4044777584245,-10.070371758884018
Hold,rgb_2,far_maneuver,1296,0.021566740496157238,-16.662154873267514,-19.318834004487307,-16.747297419946477
Linear,rgb_2,far_maneuver,1296,27.82165333412818,14.443829348779252,-8.678831091634088,14.198764675363213
W,rgb_2,far_normal,1296,0.14991319179534912,-8.241601491940923,-9.137588158310106,-8.139051799240068
Hold,rgb_2,far_normal,1296,0.08742774889713423,-10.583507037474755,-15.55215808931507,-10.37388079017376
Linear,rgb_2,far_normal,1296,28.35148382959339,14.525757934631669,-4.888298968510046,14.210266779706025
W,rgb_2,far_occlusion,2580,21.655649185180664,13.355712073831432,-0.7893415712521058,-0.05284752896906813
Hold,rgb_2,far_occlusion,2580,116.94629604475926,20.67986471268762,-1.770762089862916,-0.01597498113489728
Linear,rgb_2,far_occlusion,2580,41175.445490245984,46.14638306637395,4.8755633670434335,10.402274319661926
W,rgb_2,near_maneuver,1296,0.15347181260585785,-8.139713775408374,-8.718622371685715,-7.986619524539917
Hold,rgb_2,near_maneuver,1296,0.15538535094311237,-8.085899270052014,-10.270539379312225,-7.8470519286685185
Linear,rgb_2,near_maneuver,1296,14.090198649303531,11.489171160112871,-5.430247916684637,11.580349944734785
W,rgb_2,near_normal,1296,0.30938956141471863,-5.094943431785483,-5.308411902453821,-5.005888836029656
Hold,rgb_2,near_normal,1296,0.3689044796560662,-4.3308607104563315,-5.675526811656773,-4.2590491344449175
Linear,rgb_2,near_normal,1296,134.1210350942448,21.274968964864584,4.297030076479214,21.341368892146235
W,rgb_2,near_occlusion,2592,0.706356406211853,-1.5097611170377465,-4.7372556378870705,-2.8145525089505545
Hold,rgb_2,near_occlusion,2592,2.409241488241575,3.8188033331277116,-6.094143072668175,-2.1846113201922774
Linear,rgb_2,near_occlusion,2592,691.0591751355257,28.395152374385646,1.7026461391316947,18.26651573999151
W,rgb_2,los,8656,0.2517819106578827,-5.989754751164325,-8.36455686831432,-0.38048430201128014
Hold,rgb_2,los,8656,0.2635716359657653,-5.791013277894952,-12.064892999897141,-0.40100287099564674
Linear,rgb_2,los,8656,62.34545631139908,17.94804807922158,-2.7486064072621423,9.754480687188327
W,rgb_2,nlos,1700,33.202579498291016,15.211718252207936,0.15220164232138464,0.10303213001524966
Hold,rgb_2,nlos,1700,180.2973283122304,22.55989291293381,3.0091844981014364,0.961134141309216
Linear,rgb_2,nlos,1700,63381.82036567663,48.019647082436066,15.572993884504465,20.299113326973675
W,rgb_2,switch_window,1616,33.79241943359375,15.288192870410423,-0.32897179424627077,-0.04787418712955209
Hold,rgb_2,switch_window,1616,161.23280731368243,22.074534157917753,-0.08198663714298489,-0.06274472496555741
Linear,rgb_2,switch_window,1616,3666.084756957835,35.64202501284568,4.546585338824518,6.858367665973823
W,wrong_uniform_clocks,all,10356,5.737739086151123,7.587407955619232,-7.255462301075935,-0.34950987623037444
Hold,wrong_uniform_clocks,all,10356,29.817201063317043,14.74466873865226,-9.804484700105455,-0.3045425615352867
Linear,wrong_uniform_clocks,all,10356,10456.620016558683,40.19391326464885,-0.12068527308531721,11.876695315513759
W,wrong_uniform_clocks,near,5184,0.463665246963501,-3.337954544979857,-6.667404601250695,-4.000972841726261
Hold,wrong_uniform_clocks,near,5184,1.335693201770582,1.257067155653486,-7.275039286059854,-3.3918073408007943
Linear,wrong_uniform_clocks,near,5184,382.58239600365,25.82724982695025,0.6942229925947397,18.455747539765383
W,wrong_uniform_clocks,far,5172,11.02405071258545,10.423412023996688,-8.04505670544647,-0.17473093181447474
Hold,wrong_uniform_clocks,far,5172,58.36479130969308,17.661509369902255,-13.070930391565721,-0.14782933238555854
Linear,wrong_uniform_clocks,far,5172,20554.031274284378,43.12897012999276,-1.0562012623927577,10.590700936020108
W,wrong_uniform_clocks,normal,2592,0.22765694558620453,-6.427190952624569,-8.080789310075374,-6.3373330188582795
Hold,wrong_uniform_clocks,normal,2592,0.2281661142766002,-6.417488536751384,-11.111364031711332,-6.327857653321002
Linear,wrong_uniform_clocks,normal,2592,81.23625946191909,19.0974991802613,-0.29682949924603647,19.089694917393437
W,wrong_uniform_clocks,maneuver,2592,0.12455010414123535,-9.046559049966442,-9.66095362120294,-8.948799630422542
Hold,wrong_uniform_clocks,maneuver,2592,0.0884760457196348,-10.531742956293213,-15.520187215492758,-10.347454224067956
Linear,wrong_uniform_clocks,maneuver,2592,20.95592599171586,13.213068560172632,-7.216316991097046,13.090153307476983
W,wrong_uniform_clocks,occlusion,5172,11.31227970123291,10.535501347131042,-3.0614978030806164,-0.13594306634446396
Hold,wrong_uniform_clocks,occlusion,5172,59.54489515332581,17.74844534890635,-4.474116413257328,-0.0855601421453274
Linear,wrong_uniform_clocks,occlusion,5172,20886.28668731359,43.19861234879453,3.1806070794904477,11.218822790030842
W,wrong_uniform_clocks,far_maneuver,1296,0.09597428888082504,-10.178450970931083,-10.459508701525957,-10.165870357461532
Hold,wrong_uniform_clocks,far_maneuver,1296,0.021566740496157238,-16.662154873267514,-19.318834004487307,-16.747297419946477
Linear,wrong_uniform_clocks,far_maneuver,1296,27.82165333412818,14.443829348779252,-8.678831091634088,14.198764675363213
W,wrong_uniform_clocks,far_normal,1296,0.14752846956253052,-8.31124162866608,-9.207050151167717,-8.206972202247913
Hold,wrong_uniform_clocks,far_normal,1296,0.08742774889713423,-10.583507037474755,-15.55215808931507,-10.37388079017376
Linear,wrong_uniform_clocks,far_normal,1296,28.35148382959339,14.525757934631669,-4.888298968510046,14.210266779706025
W,wrong_uniform_clocks,far_occlusion,2580,21.97705841064453,13.419695624497152,-0.7710020367785718,-0.0526080411717763
Hold,wrong_uniform_clocks,far_occlusion,2580,116.94629604475926,20.67986471268762,-1.770762089862916,-0.01597498113489728
Linear,wrong_uniform_clocks,far_occlusion,2580,41175.445490245984,46.14638306637395,4.8755633670434335,10.402274319661926
W,wrong_uniform_clocks,near_maneuver,1296,0.15312592685222626,-8.149512695528507,-8.761505443591064,-7.990871389384939
Hold,wrong_uniform_clocks,near_maneuver,1296,0.15538535094311237,-8.085899270052014,-10.270539379312225,-7.8470519286685185
Linear,wrong_uniform_clocks,near_maneuver,1296,14.090198649303531,11.489171160112871,-5.430247916684637,11.580349944734785
W,wrong_uniform_clocks,near_normal,1296,0.30778539180755615,-5.117519966160508,-5.385487315803852,-5.0269527654811625
Hold,wrong_uniform_clocks,near_normal,1296,0.3689044796560662,-4.3308607104563315,-5.675526811656773,-4.2590491344449175
Linear,wrong_uniform_clocks,near_normal,1296,134.1210350942448,21.274968964864584,4.297030076479214,21.341368892146235
W,wrong_uniform_clocks,near_occlusion,2592,0.6968748569488525,-1.5684520442163639,-4.727118432248216,-2.809855455542572
Hold,wrong_uniform_clocks,near_occlusion,2592,2.409241488241575,3.8188033331277116,-6.094143072668175,-2.1846113201922774
Linear,wrong_uniform_clocks,near_occlusion,2592,691.0591751355257,28.395152374385646,1.7026461391316947,18.26651573999151
W,wrong_uniform_clocks,los,8656,0.25056174397468567,-6.010852368094643,-8.404592475423163,-0.3805001254789391
Hold,wrong_uniform_clocks,los,8656,0.2635716359657653,-5.791013277894952,-12.064892999897141,-0.40100287099564674
Linear,wrong_uniform_clocks,los,8656,62.34545631139908,17.94804807922158,-2.7486064072621423,9.754480687188327
W,wrong_uniform_clocks,nlos,1700,33.677154541015625,15.273353898543249,0.14926229580518777,0.10183879367443216
Hold,wrong_uniform_clocks,nlos,1700,180.2973283122304,22.55989291293381,3.0091844981014364,0.961134141309216
Linear,wrong_uniform_clocks,nlos,1700,63381.82036567663,48.019647082436066,15.572993884504465,20.299113326973675
W,wrong_uniform_clocks,switch_window,1616,34.28028869628906,15.35044470738831,-0.3310436141962386,-0.047250270029259495
Hold,wrong_uniform_clocks,switch_window,1616,161.23280731368243,22.074534157917753,-0.08198663714298489,-0.06274472496555741
Linear,wrong_uniform_clocks,switch_window,1616,3666.084756957835,35.64202501284568,4.546585338824518,6.858367665973823
WM,all_dense,all,10356,0.8115277886390686,-0.9069660430850902,-9.455929622383632,-0.3908752032101201
WM,all_dense,near,5184,0.39765700697898865,-4.004913605883188,-8.523066057261417,-4.691744289332471
WM,all_dense,far,5172,1.2263586521148682,0.8861749942861709,-10.590060554006179,-0.19241530969325185
WM,all_dense,normal,2592,0.16032493114471436,-7.949989379285903,-11.927012727619864,-7.794614757636353
WM,all_dense,maneuver,2592,0.09899771958589554,-10.04374809267789,-14.841055366310398,-10.031714453214956
WM,all_dense,occlusion,5172,1.4949761629104614,1.7463426797885409,-2.7871640440930467,-0.1589268336272032
WM,all_dense,far_maneuver,1296,0.10111905634403229,-9.95166991934434,-17.193249326721393,-10.214893968346878
WM,all_dense,far_normal,1296,0.0817483514547348,-10.875209966044444,-15.018722202901003,-10.639382499505414
WM,all_dense,far_occlusion,2580,2.3665623664855957,3.741179540031056,-0.45628839097957397,-0.062352539399057993
WM,all_dense,near_maneuver,1296,0.09687637537717819,-10.137821186587548,-12.552778020518765,-9.85430147867522
WM,all_dense,near_normal,1296,0.2389015108346939,-6.217811037239779,-6.723990718345435,-6.080910144289159
WM,all_dense,near_occlusion,2592,0.6274250745773315,-2.0243812903488223,-5.638389144643455,-3.3112877912612557
WM,all_dense,los,8656,0.21931786835193634,-6.589259838695814,-12.070080320452888,-0.42090831435834025
WM,all_dense,nlos,1700,3.826920747756958,5.828494684517737,0.050513040908835585,0.059592426758120945
WM,all_dense,switch_window,1616,2.9715816974639893,4.729876747827044,-0.41310701680821393,-0.06588756356446435
WM,all_sparse,all,10356,0.9027372598648071,-0.444386319617346,-8.802995217519094,-0.3675087060515435
WM,all_sparse,near,5184,0.5988507866859436,-2.2268137559323646,-8.123323950839055,-4.359496237343855
WM,all_sparse,far,5172,1.2073287963867188,0.8182555925292584,-9.617575060303507,-0.17893669231277523
WM,all_sparse,normal,2592,0.19867950677871704,-7.0184692681023195,-11.016531837815108,-6.941782774189093
WM,all_sparse,maneuver,2592,0.11232095956802368,-9.495391949817416,-14.057652073410953,-9.472681275936592
WM,all_sparse,occlusion,5172,1.6517082452774048,2.1793333677605773,-2.719001469396622,-0.13740403094007614
WM,all_sparse,far_maneuver,1296,0.10501255095005035,-9.787587915719655,-16.405836318309447,-9.99894650416132
WM,all_sparse,far_normal,1296,0.10326410084962845,-9.860506321359683,-14.09944074528265,-9.755772663835327
WM,all_sparse,far_occlusion,2580,2.315650463104248,3.646730052275158,-0.5477022169193971,-0.047707992399044157
WM,all_sparse,near_maneuver,1296,0.11962935328483582,-9.221622450505647,-11.878220448269982,-8.998853526547606
WM,all_sparse,near_normal,1296,0.29409492015838623,-5.315124769082141,-6.517076062740972,-5.234104491573825
WM,all_sparse,near_occlusion,2592,0.9908394813537598,-0.03996696684042921,-5.655470988675193,-3.0861705185535704
WM,all_sparse,los,8656,0.2393067181110382,-6.210451091692681,-11.40406508266735,-0.40731199543676644
WM,all_sparse,nlos,1700,4.2807698249816895,6.315218766481897,0.11945216731786278,0.14232609791167908
WM,all_sparse,switch_window,1616,3.5114970207214355,5.454923042816265,-0.3344733099590183,-0.04441106159010267
WM,csi_32,all,10356,0.8094533681869507,-0.9180816546826578,-9.465575949764888,-0.3908018451173114
WM,csi_32,near,5184,0.3963567614555359,-4.019137287717496,-8.507425568739807,-4.691201043316004
WM,csi_32,far,5172,1.2235082387924194,0.8760689812592682,-10.575667451919646,-0.1923538870173968
WM,csi_32,normal,2592,0.16034053266048431,-7.949566779849521,-11.917434326444187,-7.794225701799644
WM,csi_32,maneuver,2592,0.09922201931476593,-10.033919386752,-14.836878233320721,-10.02159259139097
WM,csi_32,occlusion,5172,1.4907022714614868,1.7339091322305262,-2.7903215080097405,-0.1588892426812283
WM,csi_32,far_maneuver,1296,0.10159491002559662,-9.931280499573207,-17.17292966925232,-10.19263597849924
WM,csi_32,far_normal,1296,0.0817214697599411,-10.87663831186774,-15.030136949477264,-10.640606712748312
WM,csi_32,far_occlusion,2580,2.3606228828430176,3.7302661266881727,-0.45575878070792136,-0.06232654178070309
WM,csi_32,near_maneuver,1296,0.09684911370277405,-10.139043492944397,-12.547524374684517,-9.855486902950231
WM,csi_32,near_normal,1296,0.23895958065986633,-6.216755525284087,-6.715157117396523,-6.079952986929462
WM,csi_32,near_occlusion,2592,0.6248091459274292,-2.0425262190165383,-5.617471416743836,-3.3106760874208767
WM,csi_32,los,8656,0.21941153705120087,-6.587405401799872,-12.06431787969409,-0.4208042162335302
WM,csi_32,nlos,1700,3.8138067722320557,5.813586855953583,0.0443894270010189,0.059236479424759264
WM,csi_32,switch_window,1616,2.957401990890503,4.709103609007363,-0.4098351467708913,-0.06585681410428139
WM,csi_4,all,10356,0.9088262319564819,-0.4151914616921881,-8.823647334127694,-0.3674410941505126
WM,csi_4,near,5184,0.6105244755744934,-2.142969207545227,-8.142031486924967,-4.35634463083776
WM,csi_4,far,5172,1.2078200578689575,0.8200223751726922,-9.63639290588817,-0.17895584445644452
WM,csi_4,normal,2592,0.19860100746154785,-7.0201855274959435,-10.987829415095947,-6.94327146145409
WM,csi_4,maneuver,2592,0.11207570135593414,-9.504885346922933,-14.139483739391494,-9.481525181856442
WM,csi_4,occlusion,5172,1.6640625,2.2116963379086934,-2.741950831657007,-0.137290747869844
WM,csi_4,far_maneuver,1296,0.10443029552698135,-9.81173492985653,-16.48249903603911,-10.022804408633206
WM,csi_4,far_normal,1296,0.1031590923666954,-9.864924876068981,-14.076944247966976,-9.759829308860494
WM,csi_4,far_occlusion,2580,2.3169803619384766,3.6492235285001087,-0.538599706020616,-0.04767763310378821
WM,csi_4,near_maneuver,1296,0.11972110718488693,-9.218292754430774,-11.866953601156148,-8.995688974436591
WM,csi_4,near_normal,1296,0.2940428853034973,-5.315893243755729,-6.532146364299334,-5.234677742089309
WM,csi_4,near_occlusion,2592,1.014167070388794,0.06109505067492454,-5.659567232058365,-3.082126245610527
WM,csi_4,los,8656,0.2392086237668991,-6.212231675478987,-11.444360831206561,-0.4073097209391388
WM,csi_4,nlos,1700,4.318361759185791,6.3531902137876965,0.11762143161651359,0.143177260685636
WM,csi_4,switch_window,1616,3.5623345375061035,5.517347014749832,-0.33539883040073215,-0.044308023786751645
WM,csi_8,all,10356,0.8289074897766113,-0.8149393618243232,-9.235530647819674,-0.3511452488119185
WM,csi_8,near,5184,0.4829120934009552,-3.161319185765877,-8.338049592780244,-4.608393862083162
WM,csi_8,far,5172,1.1757056713104248,0.7029861313089605,-10.156649208407593,-0.16778884377995784
WM,csi_8,normal,2592,0.1751248985528946,-7.566521032860739,-11.38771594008442,-7.451672943272404
WM,csi_8,maneuver,2592,0.1054583266377449,-9.769191241268693,-14.615645451615634,-9.743869137316544
WM,csi_8,occlusion,5172,1.5191212892532349,1.8159245006456168,-2.7498103234803355,-0.13461262442113822
WM,csi_8,far_maneuver,1296,0.10253177583217621,-9.89141520657521,-16.82437365165873,-10.127259354496259
WM,csi_8,far_normal,1296,0.09064596891403198,-10.426515045008314,-14.279515697359496,-10.255882992216321
WM,csi_8,far_occlusion,2580,2.2598416805267334,3.540780145093248,-0.46581226466027514,-0.04604770288922716
WM,csi_8,near_maneuver,1296,0.1083848848938942,-9.65031279281787,-12.275489099078447,-9.388433403340793
WM,csi_8,near_normal,1296,0.2596038281917572,-5.8568890759471355,-6.565470475426876,-5.748864204765461
WM,csi_8,near_occlusion,2592,0.7818297743797302,-1.0688779437627947,-5.494342631169941,-3.287106476420858
WM,csi_8,los,8656,0.22726967930793762,-6.434585008681154,-11.780473723774703,-0.385736054248872
WM,csi_8,nlos,1700,3.892305850982666,5.9020695908222445,0.07669251283957139,0.1281946908115023
WM,csi_8,switch_window,1616,3.1542904376983643,4.989016793804767,-0.4010232984622752,-0.04902306762817706
WM,default,all,10356,0.8367065191268921,-0.7742684723299641,-9.388769016418943,-0.3781035271490788
WM,default,near,5184,0.4114775061607361,-3.8565390095542726,-8.473364114414581,-4.6979394290571905
WM,default,far,5172,1.2629220485687256,1.0137654539205274,-10.355547580624297,-0.1848260435521135
WM,default,normal,2592,0.16442488133907318,-7.840324628870084,-11.76418930737578,-7.693137113088361
WM,default,maneuver,2592,0.10100675374269485,-9.956495864636727,-14.69272306610662,-9.940752029710657
WM,default,occlusion,5172,1.5423306226730347,1.8817748150434668,-2.7964097187990418,-0.1525456001656521
WM,default,far_maneuver,1296,0.1017661988735199,-9.923964467568924,-17.117389909005396,-10.17964396147746
WM,default,far_normal,1296,0.08543693274259567,-10.683543515710971,-14.658555780344395,-10.463380304116583
WM,default,far_occlusion,2580,2.437681198120117,3.869769076193549,-0.467112096508263,-0.058415017434753976
WM,default,near_maneuver,1296,0.100247323513031,-9.989272137106582,-12.401276964178304,-9.712161233029356
WM,default,near_normal,1296,0.2434128373861313,-6.136565211801507,-6.754771019205883,-6.0058477330107705
WM,default,near_occlusion,2592,0.6511249542236328,-1.863356600916701,-5.602837420050615,-3.3395551782700923
WM,default,los,8656,0.22155217826366425,-6.545239757012521,-11.977579108997954,-0.40891296861461224
WM,default,nlos,1700,3.9689278602600098,5.986732051868988,0.07000055274173343,0.07075853560535611
WM,default,switch_window,1616,3.021280527114868,4.801910515631812,-0.3889688616218995,-0.062246186489691775
WM,mismatched_motion,all,10356,12.751077651977539,11.055468905369947,-8.36461770754588,-0.3631118989182741
WM,mismatched_motion,near,5184,0.5428231358528137,-2.6534165040234607,-5.72713643946643,-3.666808586785554
WM,mismatched_motion,far,5172,24.98765754699707,13.9772554535832,-12.81675612648877,-0.19918090713731015
WM,mismatched_motion,normal,2592,0.16771265864372253,-7.754341564062085,-11.609533969744232,-7.615748057031874
WM,mismatched_motion,maneuver,2592,0.11041369289159775,-9.56977064482674,-15.277973601980277,-9.63191266707755
WM,mismatched_motion,occlusion,5172,25.392356872558594,14.047030131715562,-1.7556516078664721,-0.13891252702491305
WM,mismatched_motion,far_maneuver,1296,0.02048305608332157,-16.886052458844205,-19.610687397222055,-16.974906054104725
WM,mismatched_motion,far_normal,1296,0.08555876463651657,-10.67735494734185,-14.713659169377816,-10.457583361697969
WM,mismatched_motion,far_occlusion,2580,50.038272857666016,16.99302310986807,-0.9082006642402014,-0.06721735747271498
WM,mismatched_motion,near_maneuver,1296,0.20034432411193848,-6.982229569087575,-9.094413795021765,-7.022611535841651
WM,mismatched_motion,near_normal,1296,0.2498665601015091,-6.022918620614044,-6.504302998361689,-5.902920031283701
WM,mismatched_motion,near_occlusion,2592,0.8605408072471619,-0.6522853040085317,-2.5125102408268467,-2.3212661745827616
WM,mismatched_motion,los,8656,0.2500652074813843,-6.019467291010335,-11.282456119450067,-0.39529568594975095
WM,mismatched_motion,nlos,1700,76.40328979492188,18.831120589555482,0.07916642515666948,0.10465373277568017
WM,mismatched_motion,switch_window,1616,78.77151489257812,18.96369197673976,-0.43865396242942856,-0.06330011435958757
WM,mismatched_rgb,all,10356,0.8367065191268921,-0.7742684723299641,-9.388769016418943,-0.3781035271490788
WM,mismatched_rgb,near,5184,0.4114775061607361,-3.8565390095542726,-8.473364114414581,-4.6979394290571905
WM,mismatched_rgb,far,5172,1.2629220485687256,1.0137654539205274,-10.355547580624297,-0.1848260435521135
WM,mismatched_rgb,normal,2592,0.16442488133907318,-7.840324628870084,-11.76418930737578,-7.693137113088361
WM,mismatched_rgb,maneuver,2592,0.10100675374269485,-9.956495864636727,-14.69272306610662,-9.940752029710657
WM,mismatched_rgb,occlusion,5172,1.5423306226730347,1.8817748150434668,-2.7964097187990418,-0.1525456001656521
WM,mismatched_rgb,far_maneuver,1296,0.1017661988735199,-9.923964467568924,-17.117389909005396,-10.17964396147746
WM,mismatched_rgb,far_normal,1296,0.08543693274259567,-10.683543515710971,-14.658555780344395,-10.463380304116583
WM,mismatched_rgb,far_occlusion,2580,2.437681198120117,3.869769076193549,-0.467112096508263,-0.058415017434753976
WM,mismatched_rgb,near_maneuver,1296,0.100247323513031,-9.989272137106582,-12.401276964178304,-9.712161233029356
WM,mismatched_rgb,near_normal,1296,0.2434128373861313,-6.136565211801507,-6.754771019205883,-6.0058477330107705
WM,mismatched_rgb,near_occlusion,2592,0.6511249542236328,-1.863356600916701,-5.602837420050615,-3.3395551782700923
WM,mismatched_rgb,los,8656,0.22155217826366425,-6.545239757012521,-11.977579108997954,-0.40891296861461224
WM,mismatched_rgb,nlos,1700,3.9689278602600098,5.986732051868988,0.07000055274173343,0.07075853560535611
WM,mismatched_rgb,switch_window,1616,3.021280527114868,4.801910515631812,-0.3889688616218995,-0.062246186489691775
WM,motion_16,all,10356,0.8371345400810242,-0.7720473875794427,-9.380885310053698,-0.3781792127644539
WM,motion_16,near,5184,0.41235050559043884,-3.8473346860417736,-8.478535360839658,-4.698606473268058
WM,motion_16,far,5172,1.262904167175293,1.0137039628294282,-10.409050344249245,-0.184886009263814
WM,motion_16,normal,2592,0.16440510749816895,-7.840846945586479,-11.774601220075226,-7.6936028308900815
WM,motion_16,maneuver,2592,0.10086570680141449,-9.962564638761748,-14.696013326977688,-9.947367815689555
WM,motion_16,occlusion,5172,1.5432682037353516,1.884414084223556,-2.798876587449284,-0.15259681018066193
WM,motion_16,far_maneuver,1296,0.10146157443523407,-9.936984027792194,-17.1836032918806,-10.194681859102372
WM,motion_16,far_normal,1296,0.08547549694776535,-10.681583655703278,-14.696648300431418,-10.461557244997785
WM,motion_16,far_occlusion,2580,2.437778949737549,3.869943225860517,-0.4665638716472994,-0.05845358526262785
WM,motion_16,near_maneuver,1296,0.10026983916759491,-9.988296816645837,-12.410219087875172,-9.711155064838003
WM,motion_16,near_normal,1296,0.24333471059799194,-6.137959365029793,-6.751768004615427,-6.007139382342155
WM,motion_16,near_occlusion,2592,0.6528987884521484,-1.8515413729082648,-5.584419668517748,-3.34024665114943
WM,motion_16,los,8656,0.22148220241069794,-6.546611665306239,-11.976691468303006,-0.40900540515759776
WM,motion_16,nlos,1700,3.971891164779663,5.989973397268665,0.06974939079934193,0.07091541338359215
WM,motion_16,switch_window,1616,3.0282371044158936,4.811898764779906,-0.38282114832127984,-0.062281374571402544
WM,motion_2,all,10356,0.8332617878913879,-0.7921853379707949,-9.350115455453654,-0.3780498702357027
WM,motion_2,near,5184,0.4106777310371399,-3.8649884608692577,-8.465014738261807,-4.694095326398112
WM,motion_2,far,5172,1.2568261623382568,0.9927521248455804,-10.373567764460354,-0.18486980223305638
WM,motion_2,normal,2592,0.16443942487239838,-7.839940508358655,-11.752355618006987,-7.69257976323366
WM,motion_2,maneuver,2592,0.10132241249084473,-9.942944781887524,-14.674691940887168,-9.92868267683454
WM,motion_2,occlusion,5172,1.5352675914764404,1.8618408233648978,-2.808731409197681,-0.15253514374467741
WM,motion_2,far_maneuver,1296,0.10241871327161789,-9.896206846873909,-17.015227395491944,-10.153068989607982
WM,motion_2,far_normal,1296,0.08542448282241821,-10.684176418303391,-14.678559569449876,-10.463724125609167
WM,motion_2,far_occlusion,2580,2.4251396656036377,3.8473675500192197,-0.4678939122315934,-0.05850186112168576
WM,motion_2,near_maneuver,1296,0.10022609680891037,-9.990191824164171,-12.392241513442867,-9.71328667349884
WM,motion_2,near_normal,1296,0.24345435202121735,-6.135824575448429,-6.755710960376541,-6.004966040462433
WM,motion_2,near_occlusion,2592,0.6495152115821838,-1.8741067333792278,-5.5936567896577,-3.334657419391898
WM,motion_2,los,8656,0.22179538011550903,-6.540475042248991,-11.957942462135481,-0.4088310572607058
WM,motion_2,nlos,1700,3.946704626083374,5.96234624732931,0.06831346415187842,0.07040044594032313
WM,motion_2,switch_window,1616,3.027493715286255,4.810832502727834,-0.38894111654135194,-0.062264043092541514
WM,offgrid_queries,all,10353,0.7265776991844177,-1.3871793604910965,-9.072282274325561,-0.3313601439304189
WM,offgrid_queries,near,5184,0.44592177867889404,-3.5074131632702112,-8.130162008281891,-4.493824876407092
WM,offgrid_queries,far,5169,1.0080480575561523,0.034812371034935556,-10.424780540336167,-0.1619679447942697
WM,offgrid_queries,normal,2592,0.15891285240650177,-7.9884097690527085,-11.788128221178411,-7.849304461401726
WM,offgrid_queries,maneuver,2592,0.10979589819908142,-9.594138841371048,-14.344520213197281,-9.563734359259145
WM,offgrid_queries,occlusion,5169,1.3205195665359497,1.207448406626979,-2.153160441711806,-0.1316055438683896
WM,offgrid_queries,far_maneuver,1296,0.10736919939517975,-9.691202852208905,-16.615059511602173,-9.9472137341731
WM,offgrid_queries,far_normal,1296,0.07140681147575378,-11.462603590188017,-14.882826555597577,-11.381668116221103
WM,offgrid_queries,far_occlusion,2577,1.9320552349090576,2.8601953816297,-0.2765590483117978,-0.05006776824661663
WM,offgrid_queries,near_maneuver,1296,0.11222260445356369,-9.499196564427047,-11.76959688504004,-9.208915740502126
WM,offgrid_queries,near_normal,1296,0.24641889333724976,-6.083259971669122,-6.849657729385479,-5.926877927607052
WM,offgrid_queries,near_occlusion,2592,0.7125227451324463,-1.4720126756107197,-5.455204728681854,-3.156778897955542
WM,offgrid_queries,los,8648,0.2298576980829239,-6.385409468671154,-11.608216085560855,-0.34863940653856995
WM,offgrid_queries,nlos,1705,3.246011257171631,5.113500216267022,0.1094507977453474,0.06972035085500271
WM,offgrid_queries,switch_window,1616,1.877795934677124,2.7364839450142804,-0.19574642297526298,-0.04994207667835941
WM,pattern_bursty,all,10356,0.8221864104270935,-0.8502970576693061,-9.074191245636007,-0.37707540659886846
WM,pattern_bursty,near,5184,0.44904983043670654,-3.477054632663705,-8.184868106411006,-4.371399891463834
WM,pattern_bursty,far,5172,1.1961886882781982,0.7779969120300074,-10.382645021389116,-0.1884919562244563
WM,pattern_bursty,normal,2592,0.16877365112304688,-7.726953543043827,-11.341901852354306,-7.596157442142799
WM,pattern_bursty,maneuver,2592,0.10517331957817078,-9.780944182580342,-14.225180546107389,-9.756087426205962
WM,pattern_bursty,occlusion,5172,1.5089889764785767,1.7868606716325584,-2.737608251073877,-0.1556909079981706
WM,pattern_bursty,far_maneuver,1296,0.10013773292303085,-9.994022450737473,-16.77364231532956,-10.236363142784516
WM,pattern_bursty,far_normal,1296,0.08359239250421524,-10.778332446157041,-14.876083430237108,-10.560747876939809
WM,pattern_bursty,far_occlusion,2580,2.3056488037109375,3.627931562865499,-0.4547463180346096,-0.06333846293188879
WM,pattern_bursty,near_maneuver,1296,0.1102089136838913,-9.577832783773957,-11.805821811640826,-9.320419219306956
WM,pattern_bursty,near_normal,1296,0.2539549171924591,-5.952433737435271,-6.518098882407706,-5.837729103567886
WM,pattern_bursty,near_occlusion,2592,0.7160177230834961,-1.4507622777300448,-5.567192369406775,-3.054695327036079
WM,pattern_bursty,los,8656,0.2256757915019989,-6.465150256851121,-11.455699564101804,-0.43097254357894144
WM,pattern_bursty,nlos,1700,3.859477996826172,5.865285693276375,0.06571301477276902,0.1433886478273848
WM,pattern_bursty,switch_window,1616,3.0387802124023438,4.826992897500005,-0.39366514642081823,-0.08031438716329392
WM,pattern_gap,all,10356,0.8318720459938049,-0.7994346937312686,-9.38109463078957,-0.36459361696231896
WM,pattern_gap,near,5184,0.4362095892429352,-3.6030479150945722,-8.557810824023118,-4.728691162992426
WM,pattern_gap,far,5172,1.2284523248672485,0.893583065638857,-10.344418574628742,-0.17670698908462584
WM,pattern_gap,normal,2592,0.1665685474872589,-7.784070013823809,-11.681386955079297,-7.6411586484845015
WM,pattern_gap,maneuver,2592,0.10186558216810226,-9.919725284506566,-14.723694686483238,-9.911705078979404
WM,pattern_gap,occlusion,5172,1.5311455726623535,1.8501648292459287,-2.7629118237679053,-0.1455226814124781
WM,pattern_gap,far_maneuver,1296,0.10379541665315628,-9.838218234258122,-16.92067893873894,-10.091711895709558
WM,pattern_gap,far_normal,1296,0.08728110045194626,-10.590797867414949,-14.678205146777499,-10.386005528006754
WM,pattern_gap,far_occlusion,2580,2.36663556098938,3.74131385923591,-0.4229805287659102,-0.054237290485635775
WM,pattern_gap,near_maneuver,1296,0.09993574023246765,-10.002791663299035,-12.409694377342086,-9.736796676860418
WM,pattern_gap,near_normal,1296,0.24585598707199097,-6.093192113287972,-6.917298392345432,-5.966134002096628
WM,pattern_gap,near_occlusion,2592,0.699523389339447,-1.5519775981227415,-5.628317594692829,-3.3749189113233453
WM,pattern_gap,los,8656,0.22265543043613434,-6.52366708214379,-11.896737871511842,-0.3913014977304379
WM,pattern_gap,nlos,1700,3.933859348297119,5.948188280412677,0.058050969544860456,0.09221033637672375
WM,pattern_gap,switch_window,1616,3.311994791030884,5.2008964507289015,-0.3442260645886972,-0.056750105880786106
WM,pattern_recent,all,10356,0.7208995223045349,-1.4212526225639759,-9.0874671813255,-0.3259526955563424
WM,pattern_recent,near,5184,0.383418470621109,-4.163269694558557,-8.196011602447776,-4.729804067001238
WM,pattern_recent,far,5172,1.0591636896133423,0.249630838112002,-10.346053642698536,-0.15661264353883778
WM,pattern_recent,normal,2592,0.16849283874034882,-7.73418552725233,-11.221346767283224,-7.66315533505345
WM,pattern_recent,maneuver,2592,0.10910902917385101,-9.62139308457274,-14.645338035313252,-9.619985242132623
WM,pattern_recent,occlusion,5172,1.3043487071990967,1.153937120762781,-2.6812689078427985,-0.11925529273588628
WM,pattern_recent,far_maneuver,1296,0.10927325487136841,-9.61486120603918,-16.90948393443041,-9.82123407904113
WM,pattern_recent,far_normal,1296,0.08092387765645981,-10.919233151689653,-14.637897130171316,-10.789018322077698
WM,pattern_recent,far_occlusion,2580,2.027712821960449,3.070064473726859,-0.3603704774953273,-0.04111454115975418
WM,pattern_recent,near_maneuver,1296,0.10894481092691422,-9.627934504978171,-11.775013638996052,-9.425491049131027
WM,pattern_recent,near_normal,1296,0.2560617923736572,-5.916552188732118,-6.464518855955003,-5.847456969776149
WM,pattern_recent,near_occlusion,2592,0.5843336582183838,-2.3333909716138588,-5.505420897410012,-3.3306345564511237
WM,pattern_recent,los,8656,0.22754216194152832,-6.429381198770829,-11.412137824137245,-0.35494759673498344
WM,pattern_recent,nlos,1700,3.232959270477295,5.096002333098601,0.0355441694218333,0.0379538672647301
WM,pattern_recent,switch_window,1616,2.662456750869751,4.252825617947121,-0.3120686129993325,-0.03362185263828769
WM,pattern_uniform,all,10356,0.7850579023361206,-1.0509831046787956,-9.208048232105186,-0.40893287785762783
WM,pattern_uniform,near,5184,0.42634138464927673,-3.702425086560133,-8.58695551748603,-4.720194583471822
WM,pattern_uniform,far,5172,1.1446068286895752,0.586563325677875,-9.933301501366191,-0.1987779365707573
WM,pattern_uniform,normal,2592,0.17206811904907227,-7.6429958872915655,-11.418502322161642,-7.5114560131510935
WM,pattern_uniform,maneuver,2592,0.10001133382320404,-9.999507806204022,-14.80914838859027,-9.991673934035113
WM,pattern_uniform,occlusion,5172,1.4355818033218384,1.5702794480817932,-2.8251891012328505,-0.16097710696454004
WM,pattern_uniform,far_maneuver,1296,0.10321938246488571,-9.862387435308875,-17.198891395630966,-10.120925246596125
WM,pattern_uniform,far_normal,1296,0.09830019623041153,-10.074456152126267,-14.46304620492083,-9.931272855702407
WM,pattern_uniform,far_occlusion,2580,2.1933085918426514,3.410997398881464,-0.4594300026224938,-0.0595711515467897
WM,pattern_uniform,near_maneuver,1296,0.09680327773094177,-10.14109937357296,-12.571570320481522,-9.8648279544747
WM,pattern_uniform,near_normal,1296,0.2458360195159912,-6.093544846270261,-6.900687669073369,-5.958810655420928
WM,pattern_uniform,near_occlusion,2592,0.6813631057739258,-1.6662138616672264,-5.713825163212592,-3.3328377617251768
WM,pattern_uniform,los,8656,0.22285765409469604,-6.51972445383029,-11.963240942048634,-0.436467779908853
WM,pattern_uniform,nlos,1700,3.647648811340332,5.620130186259788,0.05486365874779683,0.12103542850797545
WM,pattern_uniform,switch_window,1616,2.996828556060791,4.766618983388702,-0.35701526735778244,-0.05783811509407723
WM,rgb_10,all,10356,0.8367065191268921,-0.7742684723299641,-9.388769016418943,-0.3781035271490788
WM,rgb_10,near,5184,0.4114775061607361,-3.8565390095542726,-8.473364114414581,-4.6979394290571905
WM,rgb_10,far,5172,1.2629220485687256,1.0137654539205274,-10.355547580624297,-0.1848260435521135
WM,rgb_10,normal,2592,0.16442488133907318,-7.840324628870084,-11.76418930737578,-7.693137113088361
WM,rgb_10,maneuver,2592,0.10100675374269485,-9.956495864636727,-14.69272306610662,-9.940752029710657
WM,rgb_10,occlusion,5172,1.5423306226730347,1.8817748150434668,-2.7964097187990418,-0.1525456001656521
WM,rgb_10,far_maneuver,1296,0.1017661988735199,-9.923964467568924,-17.117389909005396,-10.17964396147746
WM,rgb_10,far_normal,1296,0.08543693274259567,-10.683543515710971,-14.658555780344395,-10.463380304116583
WM,rgb_10,far_occlusion,2580,2.437681198120117,3.869769076193549,-0.467112096508263,-0.058415017434753976
WM,rgb_10,near_maneuver,1296,0.100247323513031,-9.989272137106582,-12.401276964178304,-9.712161233029356
WM,rgb_10,near_normal,1296,0.2434128373861313,-6.136565211801507,-6.754771019205883,-6.0058477330107705
WM,rgb_10,near_occlusion,2592,0.6511249542236328,-1.863356600916701,-5.602837420050615,-3.3395551782700923
WM,rgb_10,los,8656,0.22155217826366425,-6.545239757012521,-11.977579108997954,-0.40891296861461224
WM,rgb_10,nlos,1700,3.9689278602600098,5.986732051868988,0.07000055274173343,0.07075853560535611
WM,rgb_10,switch_window,1616,3.021280527114868,4.801910515631812,-0.3889688616218995,-0.062246186489691775
WM,rgb_2,all,10356,0.8367065191268921,-0.7742684723299641,-9.388769016418943,-0.3781035271490788
WM,rgb_2,near,5184,0.4114775061607361,-3.8565390095542726,-8.473364114414581,-4.6979394290571905
WM,rgb_2,far,5172,1.2629220485687256,1.0137654539205274,-10.355547580624297,-0.1848260435521135
WM,rgb_2,normal,2592,0.16442488133907318,-7.840324628870084,-11.76418930737578,-7.693137113088361
WM,rgb_2,maneuver,2592,0.10100675374269485,-9.956495864636727,-14.69272306610662,-9.940752029710657
WM,rgb_2,occlusion,5172,1.5423306226730347,1.8817748150434668,-2.7964097187990418,-0.1525456001656521
WM,rgb_2,far_maneuver,1296,0.1017661988735199,-9.923964467568924,-17.117389909005396,-10.17964396147746
WM,rgb_2,far_normal,1296,0.08543693274259567,-10.683543515710971,-14.658555780344395,-10.463380304116583
WM,rgb_2,far_occlusion,2580,2.437681198120117,3.869769076193549,-0.467112096508263,-0.058415017434753976
WM,rgb_2,near_maneuver,1296,0.100247323513031,-9.989272137106582,-12.401276964178304,-9.712161233029356
WM,rgb_2,near_normal,1296,0.2434128373861313,-6.136565211801507,-6.754771019205883,-6.0058477330107705
WM,rgb_2,near_occlusion,2592,0.6511249542236328,-1.863356600916701,-5.602837420050615,-3.3395551782700923
WM,rgb_2,los,8656,0.22155217826366425,-6.545239757012521,-11.977579108997954,-0.40891296861461224
WM,rgb_2,nlos,1700,3.9689278602600098,5.986732051868988,0.07000055274173343,0.07075853560535611
WM,rgb_2,switch_window,1616,3.021280527114868,4.801910515631812,-0.3889688616218995,-0.062246186489691775
WM,wrong_uniform_clocks,all,10356,0.8274619579315186,-0.8225196352227143,-9.342884762077015,-0.3780848883566565
WM,wrong_uniform_clocks,near,5184,0.4093916714191437,-3.87860996782209,-8.428009411054555,-4.690555336093397
WM,wrong_uniform_clocks,far,5172,1.24650239944458,0.9569311883220122,-10.399576496674614,-0.18499486805448417
WM,wrong_uniform_clocks,normal,2592,0.16480068862438202,-7.830409779232211,-11.738098257279514,-7.685169816435207
WM,wrong_uniform_clocks,maneuver,2592,0.10007806122303009,-9.996611166669098,-14.755135864232464,-9.978684434206057
WM,wrong_uniform_clocks,occlusion,5172,1.524097204208374,1.830126664163633,-2.8370187144682255,-0.1524418414105472
WM,wrong_uniform_clocks,far_maneuver,1296,0.09955296665430069,-10.019457935733342,-17.13669173592277,-10.276589878018527
WM,wrong_uniform_clocks,far_normal,1296,0.08541245758533478,-10.68478781933938,-14.616607412724507,-10.4694413103901
WM,wrong_uniform_clocks,far_occlusion,2580,2.4058897495269775,3.812757218113375,-0.45538906936399115,-0.0584197400075203
WM,wrong_uniform_clocks,near_maneuver,1296,0.1006031483411789,-9.973884279698904,-12.46271024779119,-9.697269070386701
WM,wrong_uniform_clocks,near_normal,1296,0.24418891966342926,-6.122740465262978,-6.707190616637956,-5.992830919538147
WM,wrong_uniform_clocks,near_occlusion,2592,0.6463872790336609,-1.8950719910823508,-5.575172248093888,-3.334000860342256
WM,wrong_uniform_clocks,los,8656,0.22131796181201935,-6.5498333799642205,-11.95974126900974,-0.4088068823299918
WM,wrong_uniform_clocks,nlos,1700,3.913804531097412,5.925991316986766,0.06722422799936256,0.06958075262279753
WM,wrong_uniform_clocks,switch_window,1616,3.037451982498169,4.825094211245869,-0.3798703394723086,-0.06203847757713502
WI,all_dense,all,10356,5.541162490844727,7.436008857387745,-7.306933471855167,-0.3606722754379888
WI,all_dense,near,5184,0.4394058287143707,-3.5713418646489776,-6.7701092408497,-3.9839074894524114
WI,all_dense,far,5172,10.654756546020508,10.275435308284639,-7.7789795240684745,-0.18161557558492097
WI,all_dense,normal,2592,0.22520017623901367,-6.474312739467962,-7.947059072552946,-6.378793735301484
WI,all_dense,maneuver,2592,0.12307709455490112,-9.09822764566824,-9.712844155249542,-9.008064389226204
WI,all_dense,occlusion,5172,10.920639038085938,10.382480525256984,-2.9264438325446718,-0.1413221301275182
WI,all_dense,far_maneuver,1296,0.09909308701753616,-10.039566419310521,-10.415239954028303,-10.030307897369246
WI,all_dense,far_normal,1296,0.1488318145275116,-8.273042233810079,-9.167102021944409,-8.16708164834289
WI,all_dense,far_occlusion,2580,21.234529495239258,13.2704264253955,-0.7635363814930513,-0.05660376478326258
WI,all_dense,near_maneuver,1296,0.14706110954284668,-8.325021616981697,-8.873950371345899,-8.173982631344272
WI,all_dense,near_normal,1296,0.30156856775283813,-5.206139266049163,-5.433908132902766,-5.1084722425726135
WI,all_dense,near_occlusion,2592,0.6544968485832214,-1.8409244024571145,-4.755398256436851,-2.754394526728764
WI,all_dense,los,8656,0.2496568262577057,-6.0265655472193655,-8.4071743779279,-0.3914388839499236
WI,all_dense,nlos,1700,32.48426055908203,15.116729853459512,0.12727019937018336,0.10019236150330625
WI,all_dense,switch_window,1616,32.94976043701172,15.178522613803445,-0.3729580226944154,-0.05044591231508986
WI,all_sparse,all,10356,6.0121169090271,7.790274170997835,-7.070976351177368,-0.3500199521079318
WI,all_sparse,near,5184,0.601513147354126,-2.2075487578723223,-6.7239219310086025,-3.903506366237845
WI,all_sparse,far,5172,11.435274124145508,10.582465798895806,-7.46353135155672,-0.174474926893474
WI,all_sparse,normal,2592,0.24102096259593964,-6.179451833843527,-7.6840944390858095,-6.1182509644362035
WI,all_sparse,maneuver,2592,0.132600337266922,-8.77455371308494,-9.545200665723598,-8.71218644242649
WI,all_sparse,occlusion,5172,11.85093879699707,10.737527552580259,-3.119945196777305,-0.1290266548035136
WI,all_sparse,far_maneuver,1296,0.10677441209554672,-9.715328111384396,-10.275044179225478,-9.713267893574157
WI,all_sparse,far_normal,1296,0.1646394431591034,-7.834661114430226,-8.756958294416567,-7.773926778096301
WI,all_sparse,far_occlusion,2580,22.787399291992188,13.57694762320028,-0.8742612150249369,-0.048274650951561804
WI,all_sparse,near_maneuver,1296,0.15842625498771667,-8.00172843886602,-8.80393950567556,-7.8916919190545665
WI,all_sparse,near_normal,1296,0.31740251183509827,-4.983896406819703,-5.735888689590593,-4.911845586301686
WI,all_sparse,near_occlusion,2592,0.9651119112968445,-0.15422324334258958,-4.958977749617154,-2.672519214762106
WI,all_sparse,los,8656,0.25774645805358887,-5.888072940690852,-8.183526161494495,-0.3881346048821962
WI,all_sparse,nlos,1700,35.31201171875,15.479224599438716,0.16475022465693143,0.13945074993665316
WI,all_sparse,switch_window,1616,35.784706115722656,15.536974548923094,-0.3001827892562343,-0.03469521053259353
WI,csi_32,all,10356,5.538825511932373,7.4341768390484555,-7.309447096861551,-0.36062670907356925
WI,csi_32,near,5184,0.4395218789577484,-3.570195013089392,-6.765451595564768,-3.9837108801649657
WI,csi_32,far,5172,10.6499605178833,10.273479977374606,-7.785996714631004,-0.18157481870945794
WI,csi_32,normal,2592,0.22516100108623505,-6.475068290948817,-7.94970602727023,-6.379519353359999
WI,csi_32,maneuver,2592,0.12304967641830444,-9.099195240166813,-9.715937577805724,-9.008792151288528
WI,csi_32,occlusion,5172,10.915992736816406,10.380632380310574,-2.9257202509967266,-0.1412675764454806
WI,csi_32,far_maneuver,1296,0.09907317161560059,-10.04043933776337,-10.417246701283641,-10.030934208192232
WI,csi_32,far_normal,1296,0.14877787232398987,-8.274616564392902,-9.175615837329588,-8.168508509248923
WI,csi_32,far_occlusion,2580,21.224956512451172,13.268468090963514,-0.7576778704087906,-0.0565581325463596
WI,csi_32,near_maneuver,1296,0.1470261663198471,-8.32605366768539,-8.86834985114591,-8.174776629069783
WI,csi_32,near_normal,1296,0.3015441298484802,-5.206491215098153,-5.430845342505536,-5.108849099778081
WI,csi_32,near_occlusion,2592,0.654758632183075,-1.8391876722916969,-4.756344276634965,-2.753961608531033
WI,csi_32,los,8656,0.249635711312294,-6.026932871126432,-8.402782606894863,-0.3913810962269999
WI,csi_32,nlos,1700,32.47014236450195,15.114841927831336,0.1315787918870342,0.10007397642887689
WI,csi_32,switch_window,1616,32.93706130981445,15.176848482076085,-0.36713854378737176,-0.050380179922345024
WI,csi_4,all,10356,6.002123832702637,7.783049513195321,-7.062998001249982,-0.35000227520910804
WI,csi_4,near,5184,0.6006819009780884,-2.2135545349256733,-6.718720382845206,-3.9021895374637006
WI,csi_4,far,5172,11.416098594665527,10.575177108892008,-7.47252646374446,-0.1744978319822321
WI,csi_4,normal,2592,0.2411550134420395,-6.17703704973363,-7.664089859785285,-6.115975009458534
WI,csi_4,maneuver,2592,0.13259842991828918,-8.77461618328381,-9.549464531702421,-8.712305753489375
WI,csi_4,occlusion,5172,11.830863952636719,10.730164602798753,-3.1180599140590988,-0.1290266548035136
WI,csi_4,far_maneuver,1296,0.10673945397138596,-9.71675023172122,-10.27764353030105,-9.714397862620261
WI,csi_4,far_normal,1296,0.16475847363471985,-7.831522401138304,-8.756496550936946,-7.770939318101533
WI,csi_4,far_occlusion,2580,22.748912811279297,13.569606462087593,-0.8711287851635462,-0.04830396740085779
WI,csi_4,near_maneuver,1296,0.15845739841461182,-8.000874786849172,-8.786283593614172,-7.891139956967882
WI,csi_4,near_normal,1296,0.31755155324935913,-4.981857586421925,-5.746230615825537,-4.909942129462145
WI,csi_4,near_occlusion,2592,0.9633592963218689,-0.16211707363759348,-4.96360025716594,-2.67124579671135
WI,csi_4,los,8656,0.25785696506500244,-5.8862113321812295,-8.182546164693349,-0.3881065820730285
WI,csi_4,nlos,1700,35.250579833984375,15.471662650615665,0.15893443492943005,0.13934446040059023
WI,csi_4,switch_window,1616,35.727901458740234,15.53007507899766,-0.31421837148747733,-0.03471347608830419
WI,csi_8,all,10356,5.698528289794922,7.557627086288857,-7.227578770605534,-0.3299193239427584
WI,csi_8,near,5184,0.4937514662742615,-3.0649160165636906,-6.769716734761918,-4.004514584381025
WI,csi_8,far,5172,10.915382385253906,10.380389544195852,-7.6378159354493205,-0.1620716626908006
WI,csi_8,normal,2592,0.23112322390079498,-6.361564132175096,-7.769626028578901,-6.282653437554662
WI,csi_8,maneuver,2592,0.12711282074451447,-8.95810643798543,-9.689828839170795,-8.87973112267558
WI,csi_8,occlusion,5172,11.230746269226074,10.50408615552519,-3.031049418992474,-0.12374721845928793
WI,csi_8,far_maneuver,1296,0.10251156985759735,-9.892271156643716,-10.32007237463418,-9.885856269752294
WI,csi_8,far_normal,1296,0.15511244535446167,-8.093533554299102,-8.959497051023044,-8.006488684177118
WI,csi_8,far_occlusion,2580,21.75212287902832,13.375016479415809,-0.8022171986442874,-0.04503954051072525
WI,csi_8,near_maneuver,1296,0.15171407163143158,-8.189741360988204,-8.868868031406965,-8.056458091453928
WI,csi_8,near_normal,1296,0.3071340024471283,-5.126721006598095,-5.558455794829349,-5.042102375595698
WI,csi_8,near_occlusion,2592,0.758078932762146,-1.2028557236488109,-4.910829396625613,-2.7848920709949714
WI,csi_8,los,8656,0.2521197497844696,-5.983931325605352,-8.288943075278478,-0.3633874309366483
WI,csi_8,nlos,1700,33.430362701416016,15.241410884791689,0.1417097900215592,0.13471784409703197
WI,csi_8,switch_window,1616,34.177589416503906,15.337414281907662,-0.30908291839688123,-0.03791557116725623
WI,default,all,10356,5.5230183601379395,7.42176486948707,-7.262825191022687,-0.3507728303157776
WI,default,near,5184,0.4412837028503418,-3.552821112857803,-6.759666705640438,-4.018217497036552
WI,default,far,5172,10.616544723510742,10.259831936116248,-7.721155935762457,-0.17551574830423933
WI,default,normal,2592,0.22672206163406372,-6.445062179424744,-7.938000627856308,-6.3540590122464105
WI,default,maneuver,2592,0.1245092898607254,-9.047982438715781,-9.762260337076556,-8.962911567928682
WI,default,occlusion,5172,10.882828712463379,10.367417937575752,-3.008465546676558,-0.13703907766107778
WI,default,far_maneuver,1296,0.1003660261631012,-9.984132707251865,-10.37193041437866,-9.974900442492629
WI,default,far_normal,1296,0.15145596861839294,-8.197136071977077,-9.071028032787726,-8.094979020476798
WI,default,far_occlusion,2580,21.15597152709961,13.254329738493176,-0.781692802366458,-0.053992221980433935
WI,default,near_maneuver,1296,0.1486525535583496,-8.278276260703773,-8.938665711991183,-8.135436744477433
WI,default,near_normal,1296,0.3019881546497345,-5.2001009171552495,-5.462114411384958,-5.10738969442457
WI,default,near_occlusion,2592,0.6572470664978027,-1.8227134361134492,-4.773975199665682,-2.7980546352237967
WI,default,los,8656,0.25009629130363464,-6.018927484066778,-8.380000047129334,-0.38166415614036764
WI,default,nlos,1700,32.371498107910156,15.101627984122597,0.13128344756565025,0.09921128689250712
WI,default,switch_window,1616,32.95110321044922,15.178699594517248,-0.34772844754497945,-0.04815398443584934
WI,mismatched_motion,all,10356,5.5230183601379395,7.42176486948707,-7.262825191022687,-0.3507728303157776
WI,mismatched_motion,near,5184,0.4412837028503418,-3.552821112857803,-6.759666705640438,-4.018217497036552
WI,mismatched_motion,far,5172,10.616544723510742,10.259831936116248,-7.721155935762457,-0.17551574830423933
WI,mismatched_motion,normal,2592,0.22672206163406372,-6.445062179424744,-7.938000627856308,-6.3540590122464105
WI,mismatched_motion,maneuver,2592,0.1245092898607254,-9.047982438715781,-9.762260337076556,-8.962911567928682
WI,mismatched_motion,occlusion,5172,10.882828712463379,10.367417937575752,-3.008465546676558,-0.13703907766107778
WI,mismatched_motion,far_maneuver,1296,0.1003660261631012,-9.984132707251865,-10.37193041437866,-9.974900442492629
WI,mismatched_motion,far_normal,1296,0.15145596861839294,-8.197136071977077,-9.071028032787726,-8.094979020476798
WI,mismatched_motion,far_occlusion,2580,21.15597152709961,13.254329738493176,-0.781692802366458,-0.053992221980433935
WI,mismatched_motion,near_maneuver,1296,0.1486525535583496,-8.278276260703773,-8.938665711991183,-8.135436744477433
WI,mismatched_motion,near_normal,1296,0.3019881546497345,-5.2001009171552495,-5.462114411384958,-5.10738969442457
WI,mismatched_motion,near_occlusion,2592,0.6572470664978027,-1.8227134361134492,-4.773975199665682,-2.7980546352237967
WI,mismatched_motion,los,8656,0.25009629130363464,-6.018927484066778,-8.380000047129334,-0.38166415614036764
WI,mismatched_motion,nlos,1700,32.371498107910156,15.101627984122597,0.13128344756565025,0.09921128689250712
WI,mismatched_motion,switch_window,1616,32.95110321044922,15.178699594517248,-0.34772844754497945,-0.04815398443584934
WI,mismatched_rgb,all,10356,5.522060871124268,7.421011896715295,-7.263501304746592,-0.3507380317260619
WI,mismatched_rgb,near,5184,0.4413675367832184,-3.551996129831231,-6.760600340341821,-4.01810453653288
WI,mismatched_rgb,far,5172,10.614542007446289,10.259012601195511,-7.721109984339335,-0.17548340416342878
WI,mismatched_rgb,normal,2592,0.22673530876636505,-6.44480843312634,-7.935686663695771,-6.3538426704314555
WI,mismatched_rgb,maneuver,2592,0.1245102807879448,-9.047947874828115,-9.763179447457953,-8.962909019541232
WI,mismatched_rgb,occlusion,5172,10.880903244018555,10.366649484514008,-3.0086083792278577,-0.1370054158727169
WI,mismatched_rgb,far_maneuver,1296,0.10037527233362198,-9.983732634036356,-10.372364019358502,-9.974561373457881
WI,mismatched_rgb,far_normal,1296,0.15145047008991241,-8.197293743143666,-9.070936853100182,-8.095168084972787
WI,mismatched_rgb,far_occlusion,2580,21.15195655822754,13.253505458548354,-0.7842090596694374,-0.05395972195523401
WI,mismatched_rgb,near_maneuver,1296,0.1486453115940094,-8.278487842791664,-8.93600865531227,-8.13565706796801
WI,mismatched_rgb,near_normal,1296,0.3020201623439789,-5.1996406332614455,-5.462479533791424,-5.106968077175907
WI,mismatched_rgb,near_occlusion,2592,0.6574023962020874,-1.8216871726770822,-4.77115533958342,-2.797971807634908
WI,mismatched_rgb,los,8656,0.2501036822795868,-6.018799140994342,-8.381010477681528,-0.3816313702350075
WI,mismatched_rgb,nlos,1700,32.365631103515625,15.100840798261295,0.13108955414808726,0.09927555178569392
WI,mismatched_rgb,switch_window,1616,32.939273834228516,15.177140206605804,-0.3463278843074869,-0.04812362202274309
WI,motion_16,all,10356,5.5230183601379395,7.42176486948707,-7.262825191022687,-0.3507728303157776
WI,motion_16,near,5184,0.4412837028503418,-3.552821112857803,-6.759666705640438,-4.018217497036552
WI,motion_16,far,5172,10.616544723510742,10.259831936116248,-7.721155935762457,-0.17551574830423933
WI,motion_16,normal,2592,0.22672206163406372,-6.445062179424744,-7.938000627856308,-6.3540590122464105
WI,motion_16,maneuver,2592,0.1245092898607254,-9.047982438715781,-9.762260337076556,-8.962911567928682
WI,motion_16,occlusion,5172,10.882828712463379,10.367417937575752,-3.008465546676558,-0.13703907766107778
WI,motion_16,far_maneuver,1296,0.1003660261631012,-9.984132707251865,-10.37193041437866,-9.974900442492629
WI,motion_16,far_normal,1296,0.15145596861839294,-8.197136071977077,-9.071028032787726,-8.094979020476798
WI,motion_16,far_occlusion,2580,21.15597152709961,13.254329738493176,-0.781692802366458,-0.053992221980433935
WI,motion_16,near_maneuver,1296,0.1486525535583496,-8.278276260703773,-8.938665711991183,-8.135436744477433
WI,motion_16,near_normal,1296,0.3019881546497345,-5.2001009171552495,-5.462114411384958,-5.10738969442457
WI,motion_16,near_occlusion,2592,0.6572470664978027,-1.8227134361134492,-4.773975199665682,-2.7980546352237967
WI,motion_16,los,8656,0.25009629130363464,-6.018927484066778,-8.380000047129334,-0.38166415614036764
WI,motion_16,nlos,1700,32.371498107910156,15.101627984122597,0.13128344756565025,0.09921128689250712
WI,motion_16,switch_window,1616,32.95110321044922,15.178699594517248,-0.34772844754497945,-0.04815398443584934
WI,motion_2,all,10356,5.5230183601379395,7.42176486948707,-7.262825191022687,-0.3507728303157776
WI,motion_2,near,5184,0.4412837028503418,-3.552821112857803,-6.759666705640438,-4.018217497036552
WI,motion_2,far,5172,10.616544723510742,10.259831936116248,-7.721155935762457,-0.17551574830423933
WI,motion_2,normal,2592,0.22672206163406372,-6.445062179424744,-7.938000627856308,-6.3540590122464105
WI,motion_2,maneuver,2592,0.1245092898607254,-9.047982438715781,-9.762260337076556,-8.962911567928682
WI,motion_2,occlusion,5172,10.882828712463379,10.367417937575752,-3.008465546676558,-0.13703907766107778
WI,motion_2,far_maneuver,1296,0.1003660261631012,-9.984132707251865,-10.37193041437866,-9.974900442492629
WI,motion_2,far_normal,1296,0.15145596861839294,-8.197136071977077,-9.071028032787726,-8.094979020476798
WI,motion_2,far_occlusion,2580,21.15597152709961,13.254329738493176,-0.781692802366458,-0.053992221980433935
WI,motion_2,near_maneuver,1296,0.1486525535583496,-8.278276260703773,-8.938665711991183,-8.135436744477433
WI,motion_2,near_normal,1296,0.3019881546497345,-5.2001009171552495,-5.462114411384958,-5.10738969442457
WI,motion_2,near_occlusion,2592,0.6572470664978027,-1.8227134361134492,-4.773975199665682,-2.7980546352237967
WI,motion_2,los,8656,0.25009629130363464,-6.018927484066778,-8.380000047129334,-0.38166415614036764
WI,motion_2,nlos,1700,32.371498107910156,15.101627984122597,0.13128344756565025,0.09921128689250712
WI,motion_2,switch_window,1616,32.95110321044922,15.178699594517248,-0.34772844754497945,-0.04815398443584934
WI,offgrid_queries,all,10353,5.675062656402588,7.539706607866905,-7.108524063964126,-0.30664122435652424
WI,offgrid_queries,near,5184,0.47486916184425354,-3.234260327252696,-6.588619871134304,-3.8060963341211873
WI,offgrid_queries,far,5169,10.89034652709961,10.370416990774295,-7.528456161389917,-0.15432704466700572
WI,offgrid_queries,normal,2592,0.22568601369857788,-6.464953543548543,-8.005386746674176,-6.378440388301988
WI,offgrid_queries,maneuver,2592,0.13350538909435272,-8.745012031630639,-9.38664924298651,-8.648985900333766
WI,offgrid_queries,occlusion,5169,11.186477661132812,10.486933597057273,-2.4109365390909354,-0.11789377861895269
WI,offgrid_queries,far_maneuver,1296,0.1039983257651329,-9.829736522090746,-10.136895081840018,-9.818707754159554
WI,offgrid_queries,far_normal,1296,0.14212223887443542,-8.473379596181566,-9.363541454659206,-8.4506418248749
WI,offgrid_queries,far_occlusion,2577,21.720308303833008,13.368659854519453,-0.6160860492016558,-0.04689700101435774
WI,offgrid_queries,near_maneuver,1296,0.16301244497299194,-7.877792386832691,-8.514303497338734,-7.722343948810026
WI,offgrid_queries,near_normal,1296,0.30924978852272034,-5.096905886865443,-5.388986484262639,-4.980960580376881
WI,offgrid_queries,near_occlusion,2592,0.7136071920394897,-1.4654078160373243,-4.61170167224073,-2.607519209541857
WI,offgrid_queries,los,8648,0.25959742069244385,-5.856996269125147,-8.254330158507289,-0.32439930292904817
WI,offgrid_queries,nlos,1705,33.143070220947266,15.203927369817677,0.21081826955482574,0.10503023408019543
WI,offgrid_queries,switch_window,1616,33.482261657714844,15.248147860085314,-0.21905408370388352,-0.037605882597044026
WI,pattern_bursty,all,10356,5.7642364501953125,7.607417873586203,-7.121057314547871,-0.34717938414614824
WI,pattern_bursty,near,5184,0.4874388575553894,-3.1207985276880734,-6.468156548000369,-3.8088606413348485
WI,pattern_bursty,far,5172,11.053277015686035,10.434910543866406,-7.874127299566434,-0.1745878366774513
WI,pattern_bursty,normal,2592,0.2281535118818283,-6.417728419070524,-7.834424885438675,-6.3340029929045585
WI,pattern_bursty,maneuver,2592,0.12760521471500397,-8.941315773728876,-9.708259582456604,-8.855192650194063
WI,pattern_bursty,occlusion,5172,11.363554954528809,10.55514216552382,-3.122628417695878,-0.13688519732982896
WI,pattern_bursty,far_maneuver,1296,0.09917598217725754,-10.035934898500203,-10.450531554560985,-10.02395311762595
WI,pattern_bursty,far_normal,1296,0.14684893190860748,-8.331292079282758,-9.321091663497107,-8.22751739724161
WI,pattern_bursty,far_occlusion,2580,22.034381866455078,13.431008716939948,-0.7454029970045474,-0.05408081199382543
WI,pattern_bursty,near_maneuver,1296,0.1560344398021698,-8.067795339194605,-8.65839060849135,-7.928640493990608
WI,pattern_bursty,near_normal,1296,0.30945804715156555,-5.093982194242947,-5.372813255349889,-5.009654106146532
WI,pattern_bursty,near_occlusion,2592,0.7421314716339111,-1.2951915085666568,-4.88492841402611,-2.625543997148746
WI,pattern_bursty,los,8656,0.2509024441242218,-6.004951080576792,-8.233631314865804,-0.3986020151024075
WI,pattern_bursty,nlos,1700,33.83683776855469,15.293897691471832,0.1556959653244366,0.15084272935347584
WI,pattern_bursty,switch_window,1616,34.62113571166992,15.393413103684097,-0.33444898625092767,-0.06053964417728253
WI,pattern_gap,all,10356,5.550996780395508,7.443709754390719,-7.239289653642641,-0.33709072176900395
WI,pattern_gap,near,5184,0.457789808511734,-3.3933387998035696,-6.766379098287843,-4.036387810693256
WI,pattern_gap,far,5172,10.656021118164062,10.275950725143858,-7.598084800377073,-0.16680555402179761
WI,pattern_gap,normal,2592,0.22941961884498596,-6.393694461043296,-7.91238887879587,-6.3040205505689055
WI,pattern_gap,maneuver,2592,0.12659507989883423,-8.97583172788718,-9.610383293960881,-8.899758576525596
WI,pattern_gap,occlusion,5172,10.936452865600586,10.388764855538442,-2.9793674059919355,-0.1297336429908993
WI,pattern_gap,far_maneuver,1296,0.10349205136299133,-9.850930046201483,-10.283416078072996,-9.842936215670807
WI,pattern_gap,far_normal,1296,0.1568237841129303,-8.045880709520631,-8.938766067496775,-7.955878161645728
WI,pattern_gap,far_occlusion,2580,21.23084259033203,13.26967230391633,-0.7616752102891629,-0.049380175108709214
WI,pattern_gap,near_maneuver,1296,0.14969810843467712,-8.247836873093993,-8.800777291896978,-8.116670707910279
WI,pattern_gap,near_normal,1296,0.30201542377471924,-5.199708772772723,-5.568337052973227,-5.105436335929986
WI,pattern_gap,near_occlusion,2592,0.6897228360176086,-1.613253947269434,-4.845834143238465,-2.815413724722317
WI,pattern_gap,los,8656,0.2510237693786621,-6.002851533347432,-8.350134955062561,-0.3638726799736375
WI,pattern_gap,nlos,1700,32.53721237182617,15.123803419814994,0.107351692050746,0.12091307870924704
WI,pattern_gap,switch_window,1616,33.193939208984375,15.210587942950111,-0.33047877908433226,-0.042087290342999815
WI,pattern_recent,all,10356,5.971960067749023,7.761168950988301,-6.991065678163009,-0.3088005264578513
WI,pattern_recent,near,5184,0.4264102578163147,-3.70172356374924,-6.292968159003839,-4.108821424623507
WI,pattern_recent,far,5172,11.530375480651855,10.618434500978216,-7.818864071861987,-0.1535862740372353
WI,pattern_recent,normal,2592,0.23474937677383423,-6.293955520503246,-7.745957807688361,-6.260419155562698
WI,pattern_recent,maneuver,2592,0.1272302269935608,-8.954096979879395,-9.672821093180424,-8.877258283918447
WI,pattern_recent,occlusion,5172,11.776365280151367,10.710112681800508,-3.1651661643738405,-0.11281195698764984
WI,pattern_recent,far_maneuver,1296,0.09849468618631363,-10.06587199169524,-10.411938229138272,-10.038232724550928
WI,pattern_recent,far_normal,1296,0.14629721641540527,-8.34763937079953,-9.13654035938441,-8.301027594187886
WI,pattern_recent,far_occlusion,2580,22.991416931152344,13.615657370986929,-0.827230367187922,-0.04189439583559244
WI,pattern_recent,near_maneuver,1296,0.15596577525138855,-8.06970691710701,-8.631382812708825,-7.952618734219406
WI,pattern_recent,near_normal,1296,0.3232015371322632,-4.905265824071284,-5.093991813930272,-4.864035990496329
WI,pattern_recent,near_occlusion,2592,0.6132368445396423,-2.12371759721858,-4.7798063846052985,-2.902236161698192
WI,pattern_recent,los,8656,0.2521072328090668,-5.984146944901277,-8.117973269375078,-0.3391924489053584
WI,pattern_recent,nlos,1700,35.09610366821289,15.45258904234429,0.16745296251839498,0.07183415516048056
WI,pattern_recent,switch_window,1616,35.826351165771484,15.542025784908226,-0.4087039270731529,-0.02938189189920796
WI,pattern_uniform,all,10356,4.8789520263671875,6.883265478137545,-7.2987133348736535,-0.3810048113150272
WI,pattern_uniform,near,5184,0.4646335542201996,-3.3288943016540005,-6.9681307565728225,-4.062603184083743
WI,pattern_uniform,far,5172,9.303512573242188,9.686469488940306,-7.624936280621881,-0.18973543733715428
WI,pattern_uniform,normal,2592,0.22791683673858643,-6.422235913067951,-7.794917770208048,-6.330589611821398
WI,pattern_uniform,maneuver,2592,0.1240115687251091,-9.065377987158193,-9.711075744006143,-8.984925197476928
WI,pattern_uniform,occlusion,5172,9.592851638793945,9.819477278066394,-2.9974536486390493,-0.1453326324383108
WI,pattern_uniform,far_maneuver,1296,0.10134520381689072,-9.94196799562447,-10.311802714507552,-9.937270421510107
WI,pattern_uniform,far_normal,1296,0.15897421538829803,-7.986733097843457,-8.9094505923324,-7.9087216792374235
WI,pattern_uniform,far_occlusion,2580,18.519535064697266,12.676300794641122,-0.8092890250552799,-0.05554044845366729
WI,pattern_uniform,near_maneuver,1296,0.14667794108390808,-8.336351948538752,-8.892219778062284,-8.196641730930265
WI,pattern_uniform,near_normal,1296,0.296859472990036,-5.274490878810665,-5.696927393194919,-5.169428405723822
WI,pattern_uniform,near_occlusion,2592,0.7074984312057495,-1.5027451879934932,-4.804570014638458,-2.8076590416305027
WI,pattern_uniform,los,8656,0.24973967671394348,-6.025124548090087,-8.391527642210379,-0.4087218445253059
WI,pattern_uniform,nlos,1700,28.449813842773438,14.540794289974954,0.12891996965397956,0.1522521308943964
WI,pattern_uniform,switch_window,1616,29.031240463256836,14.62865593008311,-0.2888049569177422,-0.04343413137563864
WI,rgb_10,all,10356,5.522791862487793,7.42158676271599,-7.256107337408595,-0.3507282095939387
WI,rgb_10,near,5184,0.44102486968040466,-3.5553691969218497,-6.7635713828219615,-4.018374863098171
WI,rgb_10,far,5172,10.616348266601562,10.259751570099585,-7.721206482889455,-0.17546507592389438
WI,rgb_10,normal,2592,0.2267714887857437,-6.444115487270205,-7.935868516757703,-6.353159335869226
WI,rgb_10,maneuver,2592,0.12453073263168335,-9.04723456879242,-9.758008919556321,-8.96228470967428
WI,rgb_10,occlusion,5172,10.882338523864746,10.367222316562412,-3.0063939678867104,-0.13700301146924632
WI,rgb_10,far_maneuver,1296,0.10040283203125,-9.982540370097436,-10.372360141398536,-9.97333721358298
WI,rgb_10,far_normal,1296,0.15151511132717133,-8.195440507344431,-9.086584001642958,-8.093373347481528
WI,rgb_10,far_occlusion,2580,21.15553092956543,13.25423929071102,-0.7906785960046607,-0.053947927651396214
WI,rgb_10,near_maneuver,1296,0.1486586332321167,-8.278098644193767,-8.939680017532613,-8.135429583098375
WI,rgb_10,near_normal,1296,0.3020278513431549,-5.199530069536773,-5.4626215847175805,-5.106847263061587
WI,rgb_10,near_occlusion,2592,0.6567065119743347,-1.8262867717898443,-4.768462257515674,-2.79838596137693
WI,rgb_10,los,8656,0.25009769201278687,-6.018903160693213,-8.38651514438422,-0.3816226085263475
WI,rgb_10,nlos,1700,32.3701057434082,15.101441181144565,0.12998731155320903,0.09930945492884509
WI,rgb_10,switch_window,1616,32.94486618041992,15.17787747815465,-0.3465280572734586,-0.04810765566652975
WI,rgb_2,all,10356,5.541993141174316,7.436659839593869,-7.26205891821925,-0.35084102513488746
WI,rgb_2,near,5184,0.4417518675327301,-3.5482160581113593,-6.765861540863504,-4.020009587272133
WI,rgb_2,far,5172,10.65406608581543,10.275153863305416,-7.7283326197198265,-0.17553219000149883
WI,rgb_2,normal,2592,0.22657856345176697,-6.447811810348133,-7.9324210423334875,-6.356627986514213
WI,rgb_2,maneuver,2592,0.12452542036771774,-9.047419835199152,-9.764777937289272,-8.962517095351242
WI,rgb_2,occlusion,5172,10.920882225036621,10.382577235325376,-3.018930884463355,-0.13709010515524644
WI,rgb_2,far_maneuver,1296,0.10037651658058167,-9.983678799438753,-10.372881934396945,-9.974571989069872
WI,rgb_2,far_normal,1296,0.1513521820306778,-8.200113134781276,-9.060813974174165,-8.097713953309706
WI,rgb_2,far_occlusion,2580,21.231237411499023,13.26975306710747,-0.784068281881988,-0.054003230108625795
WI,rgb_2,near_maneuver,1296,0.14867433905601501,-8.277639835161816,-8.92445236325025,-8.13499865831732
WI,rgb_2,near_normal,1296,0.30180492997169495,-5.20273670319157,-5.461947794651671,-5.109874081774989
WI,rgb_2,near_occlusion,2592,0.6582641005516052,-1.8159982918176485,-4.776843935602617,-2.7999512275322043
WI,rgb_2,los,8656,0.24997882544994354,-6.020967768468032,-8.382528571075804,-0.38173679476060846
WI,rgb_2,nlos,1700,32.48767852783203,15.117186790712632,0.13374654684524961,0.09921482907673732
WI,rgb_2,switch_window,1616,33.064796447753906,15.193658534610087,-0.3529578420401768,-0.04817806512131901
WI,wrong_uniform_clocks,all,10356,5.6037116050720215,7.484757762303098,-7.343213717337493,-0.35105964866706835
WI,wrong_uniform_clocks,near,5184,0.4368560314178467,-3.5966166385880944,-6.800482606596417,-4.020493656845278
WI,wrong_uniform_clocks,far,5172,10.782553672790527,10.32721628630068,-7.847587591257171,-0.1757435117829234
WI,wrong_uniform_clocks,normal,2592,0.22402150928974152,-6.497102811418316,-8.010008169656542,-6.404098778710033
WI,wrong_uniform_clocks,maneuver,2592,0.12283463776111603,-9.106791505616608,-9.799165892949478,-9.01502148681275
WI,wrong_uniform_clocks,occlusion,5172,11.046592712402344,10.432283418769547,-3.006473625724869,-0.13674815225007733
WI,wrong_uniform_clocks,far_maneuver,1296,0.09771067649126053,-10.10057979905471,-10.427028391367228,-10.088796715880953
WI,wrong_uniform_clocks,far_normal,1296,0.1482161283493042,-8.291045354120792,-9.156531864699044,-8.186756477748297
WI,wrong_uniform_clocks,far_occlusion,2580,21.491722106933594,13.322712164022604,-0.7993052459106798,-0.05380115677193174
WI,wrong_uniform_clocks,near_maneuver,1296,0.14795860648155212,-8.298597676528201,-8.893892431124911,-8.147176205159862
WI,wrong_uniform_clocks,near_normal,1296,0.29982689023017883,-5.2312941967026125,-5.475914781193528,-5.136459783877526
WI,wrong_uniform_clocks,near_occlusion,2592,0.6498193144798279,-1.8720738433091186,-4.787271050098054,-2.7933404144154523
WI,wrong_uniform_clocks,los,8656,0.24844828248023987,-6.047640011802017,-8.455238269312611,-0.3819306921247946
WI,wrong_uniform_clocks,nlos,1700,32.87144470214844,15.168187917720154,0.1293571894381365,0.09864905503194962
WI,wrong_uniform_clocks,switch_window,1616,33.49434280395508,15.249714608727256,-0.3348622282083141,-0.04758838847335869
WMI,all_dense,all,10356,0.7051506638526917,-1.517180808963554,-9.267408157847076,-0.39334772730203516
WMI,all_dense,near,5184,0.34402701258659363,-4.634074558101004,-8.259739769102891,-4.709590960835268
WMI,all_dense,far,5172,1.0671122074127197,0.28210088119910043,-10.571232770482089,-0.19448226973436405
WMI,all_dense,normal,2592,0.16127747297286987,-7.924262900618024,-12.046136496840633,-7.769827391933944
WMI,all_dense,maneuver,2592,0.09309811145067215,-10.310591288454116,-15.060591125409687,-10.296460147208215
WMI,all_dense,occlusion,5172,1.284454584121704,1.0871875304453718,-2.6061392282275957,-0.16068725978524515
WMI,all_dense,far_maneuver,1296,0.09434942156076431,-10.252607580717923,-17.28820584508632,-10.505223022932505
WMI,all_dense,far_normal,1296,0.08178355544805527,-10.873340129073082,-14.91643162265033,-10.640045744029521
WMI,all_dense,far_occlusion,2580,2.0507118701934814,3.1190464526579023,-0.43046459038012685,-0.06395917904412124
WMI,all_dense,near_maneuver,1296,0.09184680879116058,-10.369359286174673,-12.643982097433666,-10.095411876758133
WMI,all_dense,near_normal,1296,0.24077139794826508,-6.183951056659536,-6.725019614727142,-6.047189150511461
WMI,all_dense,near_occlusion,2592,0.521744966506958,-2.825417320637494,-5.328262987557695,-3.3205304201603143
WMI,all_dense,los,8656,0.22077901661396027,-6.5604220540757865,-11.827145476311525,-0.422134007860402
WMI,all_dense,nlos,1700,3.171457290649414,5.012588672201045,0.03135301911929907,0.039388065304722816
WMI,all_dense,switch_window,1616,2.337074041366577,3.686724715910137,-0.45325335192746474,-0.06882737613082895
WMI,all_sparse,all,10356,0.7822600603103638,-1.0664884287121326,-8.602703103329896,-0.3699017182727675
WMI,all_sparse,near,5184,0.4631540775299072,-3.342745081408482,-7.871451073699913,-4.405426830727233
WMI,all_sparse,far,5172,1.1021063327789307,0.42223497883570305,-9.614825672372977,-0.18010863533347965
WMI,all_sparse,normal,2592,0.19878995418548584,-7.016055663775665,-10.995827049551854,-6.938415825889942
WMI,all_sparse,maneuver,2592,0.10702112317085266,-9.705304954815182,-14.278333090465388,-9.679466342714317
WMI,all_sparse,occlusion,5172,1.4130746126174927,1.5016509390273742,-2.5331285069185543,-0.13905685703579654
WMI,all_sparse,far_maneuver,1296,0.09755156934261322,-10.10765739582073,-16.369756166455026,-10.306662475927288
WMI,all_sparse,far_normal,1296,0.10382690280675888,-9.83690100951019,-13.759772523709419,-9.733245590184955
WMI,all_sparse,far_occlusion,2580,2.1081812381744385,3.23907943995742,-0.5256374725562841,-0.048398200185391725
WMI,all_sparse,near_maneuver,1296,0.1164906844496727,-9.337088029972934,-11.88194447228684,-9.126320214193157
WMI,all_sparse,near_normal,1296,0.2937530279159546,-5.320176481230554,-6.429611291327671,-5.2375913869564625
WMI,all_sparse,near_occlusion,2592,0.7211863398551941,-1.4195250793645688,-5.284699529782898,-3.133862604235935
WMI,all_sparse,los,8656,0.23990730941295624,-6.199565198964732,-11.19974401655744,-0.40757015865810964
WMI,all_sparse,nlos,1700,3.543792247772217,5.494682537650178,0.06062333483181636,0.11415936319811332
WMI,all_sparse,switch_window,1616,2.7871038913726807,4.451531576651993,-0.37355267150737037,-0.04653748116585102
WMI,csi_32,all,10356,0.7050762176513672,-1.5176393390750977,-9.251074139568123,-0.39331995423290694
WMI,csi_32,near,5184,0.3443510830402374,-4.629985467496379,-8.236872825581129,-4.707868234116319
WMI,csi_32,far,5172,1.0666383504867554,0.2801719448407319,-10.564542060156095,-0.19449959554177598
WMI,csi_32,normal,2592,0.16131716966629028,-7.923194063587857,-12.030688358289938,-7.768973597996569
WMI,csi_32,maneuver,2592,0.09325411170721054,-10.303320104320328,-15.05477170750198,-10.288266058487675
WMI,csi_32,occlusion,5172,1.2842074632644653,1.086351895215721,-2.6146686317886507,-0.16069048318782053
WMI,csi_32,far_maneuver,1296,0.0947021022439003,-10.236403802069493,-17.28682920604905,-10.486068865092264
WMI,csi_32,far_normal,1296,0.08175592124462128,-10.874807833681182,-14.907180052406407,-10.641311776198103
WMI,csi_32,far_occlusion,2580,2.049598455429077,3.1166878511778444,-0.4349962479892788,-0.06400410100339261
WMI,csi_32,near_maneuver,1296,0.09180611371994019,-10.371283965065626,-12.658757407598255,-10.09731086578161
WMI,csi_32,near_normal,1296,0.2408784031867981,-6.182021364784457,-6.72917055075858,-6.045594971992027
WMI,csi_32,near_occlusion,2592,0.5223599076271057,-2.8203016359458215,-5.292932977823714,-3.318484621065641
WMI,csi_32,los,8656,0.22092099487781525,-6.5576300967716525,-11.839618428906032,-0.42207210161646513
WMI,csi_32,nlos,1700,3.170280694961548,5.010977161218744,0.031727705496175186,0.0389186036000192
WMI,csi_32,switch_window,1616,2.3385233879089355,3.689417177078549,-0.4573823182726309,-0.06884894175754491
WMI,csi_4,all,10356,0.7816368937492371,-1.0699494983487894,-8.624468906023473,-0.3699617577901529
WMI,csi_4,near,5184,0.4692721962928772,-3.2857517635278546,-7.905917369698178,-4.404070370239979
WMI,csi_4,far,5172,1.094726324081421,0.3930556137091696,-9.646864805497442,-0.18020793048944878
WMI,csi_4,normal,2592,0.1985374242067337,-7.0215761688814755,-11.010235511714836,-6.943222801384563
WMI,csi_4,maneuver,2592,0.10643982887268066,-9.72895832351673,-14.271837314742822,-9.70167740537776
WMI,csi_4,occlusion,5172,1.4122449159622192,1.4991001996454947,-2.531977384569504,-0.13900286635907416
WMI,csi_4,far_maneuver,1296,0.09637895971536636,-10.160177656496083,-16.450264533525093,-10.358634491915144
WMI,csi_4,far_normal,1296,0.10360304266214371,-9.846274898419903,-13.762220314180656,-9.741659051718806
WMI,csi_4,far_occlusion,2580,2.094088554382324,3.2099504308609665,-0.5236453643337102,-0.048397153143219414
WMI,csi_4,near_maneuver,1296,0.11650069057941437,-9.33671500269378,-11.92438065550521,-9.125761128997743
WMI,csi_4,near_normal,1296,0.2934718132019043,-5.324336046675562,-6.441915517704921,-5.241105312965218
WMI,csi_4,near_occlusion,2592,0.7335581183433533,-1.3456547217391863,-5.3295574498558995,-3.1312429700312268
WMI,csi_4,los,8656,0.23955994844436646,-6.205857890522201,-11.195482521536967,-0.4076597232730783
WMI,csi_4,nlos,1700,3.5417652130126953,5.492197680136638,0.06321764838868836,0.11446646361940913
WMI,csi_4,switch_window,1616,2.7972047328948975,4.467242543988888,-0.37583582987462166,-0.04646814488054526
WMI,csi_8,all,10356,0.7158700227737427,-1.4516582338539017,-8.998454748209728,-0.3531128332352102
WMI,csi_8,near,5184,0.38958895206451416,-4.0939336731048765,-8.145816718203422,-4.63935839496016
WMI,csi_8,far,5172,1.0429080724716187,0.1824602906142964,-10.082016848355721,-0.16904013620577849
WMI,csi_8,normal,2592,0.17579764127731323,-7.549869562652011,-11.433975265695368,-7.433873958294748
WMI,csi_8,maneuver,2592,0.09929419308900833,-10.030761491193434,-14.75299805050086,-9.999559896123912
WMI,csi_8,occlusion,5172,1.295535922050476,1.1244945941525393,-2.5449458337428,-0.13585759817018708
WMI,csi_8,far_maneuver,1296,0.09424162656068802,-10.257572267989605,-16.914310174303818,-10.48075480986446
WMI,csi_8,far_normal,1296,0.09106222540140152,-10.406617405011536,-14.122117078362749,-10.237005193929672
WMI,csi_8,far_occlusion,2580,1.9975839853286743,3.0050504760957804,-0.44852723902164326,-0.046792595895797845
WMI,csi_8,near_maneuver,1296,0.10434675961732864,-9.815210329632999,-12.385290270566367,-9.562550460551574
WMI,csi_8,near_normal,1296,0.26053303480148315,-5.841372016451132,-6.535901503386887,-5.731451023706915
WMI,csi_8,near_occlusion,2592,0.5967380404472351,-2.242162761667362,-5.23310375248248,-3.3148273777269015
WMI,csi_8,los,8656,0.22817528247833252,-6.417314031459944,-11.577205908689038,-0.38618900605956075
WMI,csi_8,nlos,1700,3.199096918106079,5.050273974336154,0.04890590313262637,0.10638284262490119
WMI,csi_8,switch_window,1616,2.487879753112793,3.9582938573678823,-0.4321782055217157,-0.051131840740906515
WMI,default,all,10356,0.738969087600708,-1.31373728540531,-9.166876856911808,-0.3806645799310732
WMI,default,near,5184,0.3537382483482361,-4.513179790642296,-8.238176577737509,-4.718779526140825
WMI,default,far,5172,1.125093698501587,0.5118869226755582,-10.34974926494306,-0.18692101235761938
WMI,default,normal,2592,0.16537348926067352,-7.815341102042911,-11.806472139935176,-7.669211208294974
WMI,default,maneuver,2592,0.09516247361898422,-10.21534277594073,-14.948909553920437,-10.196266243190665
WMI,default,occlusion,5172,1.349082350730896,1.3003846069964233,-2.5981011253853614,-0.1544249474144136
WMI,default,far_maneuver,1296,0.09471969306468964,-10.235597179324685,-17.227377972259102,-10.479449082268243
WMI,default,far_normal,1296,0.08557472378015518,-10.6765449401244,-14.56320925936065,-10.45864913356324
WMI,default,far_occlusion,2580,2.164854049682617,3.354286223734096,-0.4541806835756123,-0.06005143390474808
WMI,default,near_maneuver,1296,0.09560524672269821,-10.195182734122842,-12.574261125224544,-9.927902264471554
WMI,default,near_normal,1296,0.24517224729061127,-6.105286921091343,-6.722104027042933,-5.975018167910884
WMI,default,near_occlusion,2592,0.5370877385139465,-2.6995476227078092,-5.2784646289569706,-3.3537104001413116
WMI,default,los,8656,0.22287632524967194,-6.519360614412283,-11.770508855952645,-0.4102570474028749
WMI,default,nlos,1700,3.3667914867401123,5.2721622034939175,0.03288548256093569,0.05138034110325761
WMI,default,switch_window,1616,2.408771276473999,3.817955637670663,-0.4541743608425272,-0.06525317007487368
WMI,mismatched_motion,all,10356,12.85132122039795,11.08947778969384,-8.04167196570983,-0.3626892065534669
WMI,mismatched_motion,near,5184,0.5116207599639893,-2.9105184152942094,-5.593943977387198,-3.6086030002834617
WMI,mismatched_motion,far,5172,25.219654083251953,14.017391254263904,-12.628030281019845,-0.20064839368828818
WMI,mismatched_motion,normal,2592,0.16739550232887268,-7.762562150404476,-11.71072870214948,-7.624013512428876
WMI,mismatched_motion,maneuver,2592,0.10983485728502274,-9.592598099393953,-15.209184945218077,-9.699956112552966
WMI,mismatched_motion,occlusion,5172,25.593523025512695,14.081300719453441,-1.6766801890113223,-0.13819789686831788
WMI,mismatched_motion,far_maneuver,1296,0.020443452522158623,-16.89445758013668,-19.635946251013348,-16.985327613582506
WMI,mismatched_motion,far_normal,1296,0.08616939932107925,-10.646469344705803,-14.50437978137339,-10.428830224639471
WMI,mismatched_motion,far_occlusion,2580,50.503047943115234,17.033175893054217,-0.8783489861365433,-0.06872691328120568
WMI,mismatched_motion,near_maneuver,1296,0.1992262601852417,-7.006534174088934,-9.266331028592345,-7.0965813400094016
WMI,mismatched_motion,near_normal,1296,0.2486216276884079,-6.0446109461159425,-6.5117299179247485,-5.924320015080879
WMI,mismatched_motion,near_occlusion,2592,0.7993175387382507,-0.9728065757475595,-2.177303203684229,-2.232804697406989
WMI,mismatched_motion,los,8656,0.2554978132247925,-5.926128125878593,-10.969518467476327,-0.3942705743468681
WMI,mismatched_motion,nlos,1700,76.98628997802734,18.864133911850722,0.05954493475458068,0.09680648919682122
WMI,mismatched_motion,switch_window,1616,79.20382690429688,18.98746165974173,-0.4409074316490167,-0.06554880588355574
WMI,mismatched_rgb,all,10356,0.7387699484825134,-1.314907790055654,-9.17183158192941,-0.38067899118498305
WMI,mismatched_rgb,near,5184,0.35387593507766724,-4.511489700506216,-8.238300374751171,-4.7186057453035755
WMI,mismatched_rgb,far,5172,1.1245570182800293,0.5098148031109341,-10.34824392365288,-0.18694019974415743
WMI,mismatched_rgb,normal,2592,0.16537053883075714,-7.815418585251866,-11.807701457744797,-7.66927666813219
WMI,mismatched_rgb,maneuver,2592,0.09512048959732056,-10.217259230143917,-14.942366033314547,-10.198050001477942
WMI,mismatched_rgb,occlusion,5172,1.3487062454223633,1.2991736858634526,-2.6001252728203914,-0.15443353077420952
WMI,mismatched_rgb,far_maneuver,1296,0.09465067833662033,-10.238762692142318,-17.237744454286872,-10.482462280429578
WMI,mismatched_rgb,far_normal,1296,0.08557721972465515,-10.676418271983641,-14.565685215417549,-10.458517875605335
WMI,mismatched_rgb,far_occlusion,2580,2.163811206817627,3.3521936576256888,-0.4552407336907265,-0.060066394372159625
WMI,mismatched_rgb,near_maneuver,1296,0.09559029340744019,-10.195862053557965,-12.571546336895572,-9.928592915910178
WMI,mismatched_rgb,near_normal,1296,0.24516385793685913,-6.105435531401814,-6.7189775761654165,-5.975154445576916
WMI,mismatched_rgb,near_occlusion,2592,0.5373748540878296,-2.6972265979791232,-5.280640608658132,-3.3533985937351685
WMI,mismatched_rgb,los,8656,0.2228650152683258,-6.519581005120687,-11.766467970530607,-0.4102758247828441
WMI,mismatched_rgb,nlos,1700,3.3656365871429443,5.27067220160569,0.032795564194710206,0.05141410858114086
WMI,mismatched_rgb,switch_window,1616,2.4086053371429443,3.8176564435589446,-0.4552407336907265,-0.06526762291319826
WMI,motion_16,all,10356,0.7397450804710388,-1.3091791434764115,-9.172967635722566,-0.380707248684403
WMI,motion_16,near,5184,0.3538168668746948,-4.512214675936111,-8.241105948555049,-4.719335057667583
WMI,motion_16,far,5172,1.1265685558319092,0.5175762527740057,-10.402018627059462,-0.18695019883834676
WMI,motion_16,normal,2592,0.16531549394130707,-7.816864409362763,-11.81072570622992,-7.670548979518901
WMI,motion_16,maneuver,2592,0.09507682919502258,-10.219253103900828,-14.93761274395901,-10.201241803993451
WMI,motion_16,occlusion,5172,1.3507081270217896,1.3056151296100031,-2.588847659259134,-0.15444452822873986
WMI,motion_16,far_maneuver,1296,0.09454520791769028,-10.243604787453917,-17.231496195148704,-10.49020800847958
WMI,motion_16,far_normal,1296,0.085616834461689,-10.674408335121674,-14.554633471073505,-10.456638984227911
WMI,motion_16,far_occlusion,2580,2.167876720428467,3.360345817593726,-0.45474861751202855,-0.060067444231457
WMI,motion_16,near_maneuver,1296,0.09560845047235489,-10.195037203669967,-12.57278020101031,-9.927740916114798
WMI,motion_16,near_normal,1296,0.24501414597034454,-6.108088407803271,-6.725395313978821,-5.977557426043322
WMI,motion_16,near_occlusion,2592,0.537322461605072,-2.6976500430894927,-5.29846482362043,-3.3539202447276626
WMI,motion_16,los,8656,0.22281794250011444,-6.520498403607742,-11.757800853203635,-0.4103332954502767
WMI,motion_16,nlos,1700,3.3718159198760986,5.2786385682926245,0.032194347852782544,0.05179474198956009
WMI,motion_16,switch_window,1616,2.4127321243286133,3.825091066647393,-0.45445659362071067,-0.06527997355860618
WMI,motion_2,all,10356,0.74028080701828,-1.3060351026132881,-9.148842323690424,-0.38048232408187643
WMI,motion_2,near,5184,0.35413482785224915,-4.508313598833651,-8.203604004549614,-4.713832369195854
WMI,motion_2,far,5172,1.1273229122161865,0.5204833388689425,-10.352728875133684,-0.18685912685754594
WMI,motion_2,normal,2592,0.16541382670402527,-7.814281912146376,-11.791501045758375,-7.6678579620803
WMI,motion_2,maneuver,2592,0.0958372950553894,-10.18465452457855,-14.889078929658465,-10.167687410708059
WMI,motion_2,occlusion,5172,1.3513506650924683,1.3076805972051768,-2.587251439279946,-0.1543383100762582
WMI,motion_2,far_maneuver,1296,0.09599576145410538,-10.177479421451302,-17.13423646770186,-10.422280289830017
WMI,motion_2,far_normal,1296,0.08553407341241837,-10.678608449542644,-14.584890035226763,-10.46033822002711
WMI,motion_2,far_occlusion,2580,2.1687021255493164,3.3619990511973583,-0.44967835495790554,-0.0600747932536448
WMI,motion_2,near_maneuver,1296,0.09567882120609283,-10.191841839706605,-12.598131082764862,-9.92490858991735
WMI,motion_2,near_normal,1296,0.24529355764389038,-6.103138578941039,-6.712629415722262,-5.972575117337965
WMI,motion_2,near_occlusion,2592,0.5377834439277649,-2.693925719927667,-5.256666019051273,-3.3480794829091027
WMI,motion_2,los,8656,0.22332459688186646,-6.510634412735086,-11.778803201094252,-0.41006273473789717
WMI,motion_2,nlos,1700,3.3725006580352783,5.279520430825816,0.03129442326502693,0.05139108532924507
WMI,motion_2,switch_window,1616,2.4160079956054688,3.830983672179637,-0.4353184427992135,-0.06524029395033389
WMI,offgrid_queries,all,10353,0.6369721293449402,-1.958795697627687,-8.927659445309844,-0.3338115859112417
WMI,offgrid_queries,near,5184,0.37517213821411133,-4.257694215434041,-7.9475838967727155,-4.5218439582809244
WMI,offgrid_queries,far,5169,0.8995318412780762,-0.4598345905926967,-10.281826170590156,-0.1638123970934774
WMI,offgrid_queries,normal,2592,0.15951961278915405,-7.971859132183386,-11.900599611187923,-7.832060552122138
WMI,offgrid_queries,maneuver,2592,0.1027219295501709,-9.883368313203816,-14.565845391276582,-9.847866468193484
WMI,offgrid_queries,occlusion,5169,1.1442915201187134,0.585366795710875,-2.1679276319718372,-0.13326630742517973
WMI,offgrid_queries,far_maneuver,1296,0.09903807938098907,-10.041977903991402,-16.796280467618043,-10.284324561916208
WMI,offgrid_queries,far_normal,1296,0.07138757407665253,-11.463773761731396,-14.745165978900092,-11.38403719389843
WMI,offgrid_queries,far_occlusion,2577,1.7185908555984497,2.3517249663736175,-0.23685900704247184,-0.051424159313874104
WMI,offgrid_queries,near_maneuver,1296,0.10640577971935272,-9.73034781514193,-11.988963612066794,-9.448527583983209
WMI,offgrid_queries,near_normal,1296,0.24765168130397797,-6.061587192520422,-6.816449146922077,-5.904063483682936
WMI,offgrid_queries,near_occlusion,2592,0.5733155608177185,-2.4160627053030224,-5.116383029539304,-3.1749199344898695
WMI,offgrid_queries,los,8648,0.23093131184577942,-6.365171773474928,-11.430255793050694,-0.34990547441993913
WMI,offgrid_queries,nlos,1705,2.6964683532714844,4.307953276168693,0.06106391084057617,0.04095257124406574
WMI,offgrid_queries,switch_window,1616,1.3821284770965576,1.4054841518049386,-0.20982369350503502,-0.0524859441610594
WMI,pattern_bursty,all,10356,0.7371464371681213,-1.324462291874151,-8.979815772945562,-0.38183459030833566
WMI,pattern_bursty,near,5184,0.37327608466148376,-4.279698338943813,-7.9449245266747255,-4.395552310262475
WMI,pattern_bursty,far,5172,1.1018611192703247,0.4212685863963219,-10.557104515732469,-0.19270728222085676
WMI,pattern_bursty,normal,2592,0.16884277760982513,-7.725175119387528,-11.320815224167202,-7.594044248509486
WMI,pattern_bursty,maneuver,2592,0.09882667660713196,-10.051258090613977,-14.428432677584857,-10.01801830216554
WMI,pattern_bursty,occlusion,5172,1.3418580293655396,1.2770656924226589,-2.544943973288969,-0.159625547435682
WMI,pattern_bursty,far_maneuver,1296,0.09132920205593109,-10.393903367703532,-16.848622842787513,-10.623348147815065
WMI,pattern_bursty,far_normal,1296,0.08324702829122543,-10.79631260761677,-14.797424116683286,-10.581261383790661
WMI,pattern_bursty,far_occlusion,2580,2.121152877807617,3.265719705418282,-0.425887973740942,-0.06694868472726856
WMI,pattern_bursty,near_maneuver,1296,0.10632415115833282,-9.733680758015582,-11.880373158329542,-9.482877063705947
WMI,pattern_bursty,near_normal,1296,0.25443851947784424,-5.944171401528596,-6.487475647786201,-5.827948194138592
WMI,pattern_bursty,near_occlusion,2592,0.5661708116531372,-2.470525239937531,-5.240554573983306,-3.0732869912135237
WMI,pattern_bursty,los,8656,0.226119264960289,-6.456624349588202,-11.362424441556191,-0.4346866659036379
WMI,pattern_bursty,nlos,1700,3.339176893234253,5.236394264579686,0.036106414938004074,0.12916321000061004
WMI,pattern_bursty,switch_window,1616,2.489055871963501,3.960346453482887,-0.4058895297771151,-0.08520597819949743
WMI,pattern_gap,all,10356,0.7101498246192932,-1.4865001587101836,-9.13474881106993,-0.3665059041636823
WMI,pattern_gap,near,5184,0.3743801414966583,-4.266871959038899,-8.305058286741703,-4.7464736415005495
WMI,pattern_gap,far,5172,1.0466985702514648,0.19821630939223164,-10.334400199453968,-0.1782313588137785
WMI,pattern_gap,normal,2592,0.16832342743873596,-7.738554342363405,-11.578798317758693,-7.597608742620732
WMI,pattern_gap,maneuver,2592,0.0966680720448494,-10.147169429218817,-14.818258506475106,-10.139862787761707
WMI,pattern_gap,occlusion,5172,1.2891441583633423,1.1030148498805752,-2.5494746794145944,-0.14695340147449437
WMI,pattern_gap,far_maneuver,1296,0.09789929538965225,-10.09220433932175,-17.004669393296485,-10.335495238471815
WMI,pattern_gap,far_normal,1296,0.08826462179422379,-10.542133353618038,-14.52563419438497,-10.344388800866028
WMI,pattern_gap,far_occlusion,2580,2.0047507286071777,3.020603799883766,-0.4035166638328077,-0.055444225271927376
WMI,pattern_gap,near_maneuver,1296,0.09543684870004654,-10.202839093919438,-12.528061239320714,-9.950430120761062
WMI,pattern_gap,near_normal,1296,0.24838224053382874,-6.048794596785863,-6.804143574523972,-5.92188253635986
WMI,pattern_gap,near_occlusion,2592,0.5768507719039917,-2.3893652188893943,-5.299901293806629,-3.388243644621994
WMI,pattern_gap,los,8656,0.22450049221515656,-6.487827024731655,-11.695185584198,-0.3918929975740293
WMI,pattern_gap,nlos,1700,3.182961940765381,5.02831445716699,0.03803392800835247,0.06886536863991503
WMI,pattern_gap,switch_window,1616,2.5803821086883545,4.116840220125644,-0.3702726799311648,-0.059245482090991675
WMI,pattern_recent,all,10356,0.6355127692222595,-1.9687571883609132,-8.787569834927517,-0.32519015808629065
WMI,pattern_recent,near,5184,0.34333598613739014,-4.642806744017352,-7.79810496681804,-4.6737003236620875
WMI,pattern_recent,far,5172,0.9283674955368042,-0.32280073683728033,-10.217919897136829,-0.1570632515473801
WMI,pattern_recent,normal,2592,0.1702825278043747,-7.68829911446846,-11.338831987524605,-7.618878953608358
WMI,pattern_recent,maneuver,2592,0.10411360114812851,-9.824925316063593,-14.749570656431395,-9.821602999485274
WMI,pattern_recent,occlusion,5172,1.1349836587905884,0.5498960871137544,-2.457711156559492,-0.11806374504783974
WMI,pattern_recent,far_maneuver,1296,0.1051061674952507,-9.78371799380252,-17.02244811336342,-9.982435631539673
WMI,pattern_recent,far_normal,1296,0.0830158218741417,-10.808391281324736,-14.504280735316087,-10.690807174113168
WMI,pattern_recent,far_occlusion,2580,1.766554594039917,2.4712706352229867,-0.37158342057063753,-0.0414359790380015
WMI,pattern_recent,near_maneuver,1296,0.10312104225158691,-9.866527061877653,-11.918136310369484,-9.664765357796757
WMI,pattern_recent,near_normal,1296,0.2575492262840271,-5.891397504663077,-6.406948213433675,-5.820811487481539
WMI,pattern_recent,near_occlusion,2592,0.5063368082046509,-2.9556050038499952,-5.00740267018792,-3.2375194470001825
WMI,pattern_recent,los,8656,0.23131945729255676,-6.3578783528217455,-11.150988327714579,-0.3527582147925724
WMI,pattern_recent,nlos,1700,2.693570137023926,4.303282884863524,0.021300496618877125,0.021546233563128344
WMI,pattern_recent,switch_window,1616,2.1538140773773193,3.3320821119313573,-0.36564835421644826,-0.033839164017203986
WMI,pattern_uniform,all,10356,0.6794636845588684,-1.6783375014143207,-9.010006389601791,-0.41043401320667644
WMI,pattern_uniform,near,5184,0.3601171374320984,-4.435562107167506,-8.423216164785046,-4.723386293836752
WMI,pattern_uniform,far,5172,0.9995511770248413,-0.0019496509714387834,-9.835763331203234,-0.20023119108061394
WMI,pattern_uniform,normal,2592,0.17313410341739655,-7.6161737772143745,-11.331975807280623,-7.4850860840886115
WMI,pattern_uniform,maneuver,2592,0.09408161044120789,-10.26495257172019,-15.091096831694522,-10.256473357338866
WMI,pattern_uniform,occlusion,5172,1.226585865020752,0.8869795564019091,-2.5865601452534586,-0.16171161636983689
WMI,pattern_uniform,far_maneuver,1296,0.09683559089899063,-10.139649929997299,-17.3223980281457,-10.387199264426009
WMI,pattern_uniform,far_normal,1296,0.09886753559112549,-10.049462910943321,-14.2031064738857,-9.909440574667268
WMI,pattern_uniform,far_occlusion,2580,1.9054447412490845,2.7999635855631992,-0.42179082445121674,-0.060596080623882075
WMI,pattern_uniform,near_maneuver,1296,0.09132762998342514,-10.393978124547488,-12.737271805737633,-10.128223065542784
WMI,pattern_uniform,near_normal,1296,0.2474006861448288,-6.0659910022630115,-6.847470770145165,-5.930613159053172
WMI,pattern_uniform,near_occlusion,2592,0.5508701205253601,-2.5895078334074224,-5.4251694758347515,-3.32004834755675
WMI,pattern_uniform,los,8656,0.2247689813375473,-6.4826362265559165,-11.670729021639518,-0.43652015983745124
WMI,pattern_uniform,nlos,1700,2.994662284851074,4.763478530707854,0.0319821037461482,0.09329940523162168
WMI,pattern_uniform,switch_window,1616,2.390099287033081,3.784159423351502,-0.3686551697234204,-0.05999946636574953
WMI,rgb_10,all,10356,0.7427181601524353,-1.2917595704902898,-9.172119311332198,-0.38072476842637737
WMI,rgb_10,near,5184,0.35363051295280457,-4.514502690116037,-8.224639314458242,-4.719970092686329
WMI,rgb_10,far,5172,1.1327085494995117,0.541181785069206,-10.377235354986906,-0.1869520905614588
WMI,rgb_10,normal,2592,0.16536465287208557,-7.815573164470297,-11.804258185418153,-7.669402293242408
WMI,rgb_10,maneuver,2592,0.0951867327094078,-10.21423580109516,-14.942045956445645,-10.195280546865167
WMI,rgb_10,occlusion,5172,1.356581687927246,1.3244595036292242,-2.6066416322015034,-0.15448717715727991
WMI,rgb_10,far_maneuver,1296,0.09476901590824127,-10.23333629112864,-17.226380099474447,-10.477309376391117
WMI,rgb_10,far_normal,1296,0.08556288480758667,-10.677145813364191,-14.552853785930553,-10.459246497282122
WMI,rgb_10,far_occlusion,2580,2.1800999641418457,3.384764077696728,-0.4573572963516237,-0.060085029412415863
WMI,rgb_10,near_maneuver,1296,0.09560444951057434,-10.195218948272347,-12.575235515764769,-9.927943000310153
WMI,rgb_10,near_normal,1296,0.24516642093658447,-6.1053901294886215,-6.725630370881155,-5.975063764097549
WMI,rgb_10,near_occlusion,2592,0.5368756055831909,-2.701263289503359,-5.281004760690954,-3.3552366974822876
WMI,rgb_10,los,8656,0.22283315658569336,-6.520201875968508,-11.786418623660687,-0.410329312310184
WMI,rgb_10,nlos,1700,3.389850378036499,5.301805296405012,0.030951570271962048,0.051476014942032945
WMI,rgb_10,switch_window,1616,2.4177844524383545,3.834175805242394,-0.4617622244756019,-0.06531124449870628
WMI,rgb_2,all,10356,0.7386763095855713,-1.3154582920595794,-9.17873646225322,-0.3807459617570954
WMI,rgb_2,near,5184,0.35291826725006104,-4.523258617290653,-8.240323467739836,-4.7199823722241545
WMI,rgb_2,far,5172,1.125329613685608,0.5127974772582269,-10.395449785452502,-0.18697344006513467
WMI,rgb_2,normal,2592,0.1653887778520584,-7.814939620281571,-11.79626156011065,-7.668790094320683
WMI,rgb_2,maneuver,2592,0.09509935230016708,-10.218224409324206,-14.936525567340414,-10.199242968469171
WMI,rgb_2,occlusion,5172,1.348520278930664,1.2985748172066107,-2.5991870211131998,-0.15449924768479537
WMI,rgb_2,far_maneuver,1296,0.09459871798753738,-10.241147491659762,-17.221441954949285,-10.4853737224631
WMI,rgb_2,far_normal,1296,0.08560074865818024,-10.675224369969742,-14.567562328994478,-10.457492402056943
WMI,rgb_2,far_occlusion,2580,2.165374517440796,3.3553302160914056,-0.45445199497631783,-0.06009631546158993
WMI,rgb_2,near_maneuver,1296,0.09559997916221619,-10.195422023864054,-12.555749196508684,-9.928259034288695
WMI,rgb_2,near_normal,1296,0.24517680704593658,-6.105206151013002,-6.719360658284154,-5.97486140265175
WMI,rgb_2,near_occlusion,2592,0.5354481339454651,-2.7128259062520415,-5.273588022863951,-3.3552666851967228
WMI,rgb_2,los,8656,0.22280028462409973,-6.520842586931158,-11.755029396147345,-0.41033528702169303
WMI,rgb_2,nlos,1700,3.3653957843780518,5.270361463798197,0.03201550847008887,0.05124885008916302
WMI,rgb_2,switch_window,1616,2.424037456512451,3.8453932631561294,-0.43046459038012685,-0.0653002076706073
WMI,wrong_uniform_clocks,all,10356,0.728030264377594,-1.3785056659494184,-9.161941651165805,-0.38089488314422376
WMI,wrong_uniform_clocks,near,5184,0.35287660360336304,-4.523771352438644,-8.245100393673674,-4.716350677720058
WMI,wrong_uniform_clocks,far,5172,1.1040544509887695,0.4299049294100962,-10.451415366415166,-0.18721937229539476
WMI,wrong_uniform_clocks,normal,2592,0.16540569067001343,-7.814495529208917,-11.837758514805287,-7.669907100654541
WMI,wrong_uniform_clocks,maneuver,2592,0.09371230751276016,-10.282033681957918,-14.92548970254534,-10.258810892663996
WMI,wrong_uniform_clocks,occlusion,5172,1.327890157699585,1.2316215193115905,-2.659838101577323,-0.15445659863771977
WMI,wrong_uniform_clocks,far_maneuver,1296,0.09153308719396591,-10.38421889667937,-17.211740830788614,-10.629476638654992
WMI,wrong_uniform_clocks,far_normal,1296,0.08549978584051132,-10.68034973089379,-14.678908319185407,-10.467078803277223
WMI,wrong_uniform_clocks,far_occlusion,2580,2.1243157386779785,3.272190667289579,-0.4505380155709652,-0.060113900759453005
WMI,wrong_uniform_clocks,near_maneuver,1296,0.09589152783155441,-10.182197617400977,-12.529443277662242,-9.914097657719886
WMI,wrong_uniform_clocks,near_normal,1296,0.24531160295009613,-6.102819096899576,-6.741085845235775,-5.972944815774381
WMI,wrong_uniform_clocks,near_occlusion,2592,0.5351516604423523,-2.7152312272767354,-5.265009146011303,-3.352194721231801
WMI,wrong_uniform_clocks,los,8656,0.2221716046333313,-6.533114482713208,-11.783843534227277,-0.41046616371676625
WMI,wrong_uniform_clocks,nlos,1700,3.303743600845337,5.190063349380262,0.03571721529341639,0.05084411929805756
WMI,wrong_uniform_clocks,switch_window,1616,2.4019641876220703,3.8056652794862593,-0.43053519146225855,-0.06510864433692547
