traj_id,scenario,split,lag_s,valid_pair_fraction,nmse_linear,nmse_db,median_sample_nmse_db,physical_error_sum,physical_energy_sum
cruise_000,cruise,train,0.002,1.0,0.0006663619424216449,-31.762901306152344,-39.94221115112305,0.00014595422290714088,0.22024766170943622
cruise_000,cruise,train,0.004,1.0,0.002050054492428899,-26.88234519958496,-36.324954986572266,0.000444962403490734,0.22019957857992267
cruise_000,cruise,train,0.01,1.0,0.0052786339074373245,-22.77478790283203,-32.569583892822266,0.001070982322496583,0.2200552632457402
cruise_000,cruise,train,0.02,1.0,0.012969961389899254,-18.870615005493164,-30.796607971191406,0.002545374903774267,0.21981451699321042
cruise_000,cruise,train,0.05,0.9999999403953552,0.026012597605586052,-15.848163604736328,-24.78445053100586,0.005181998251853059,0.2190906357318454
cruise_000,cruise,train,0.1,0.9999999403953552,0.029289964586496353,-15.332812309265137,-19.537376403808594,0.006001872108470252,0.21787872963614063
cruise_000,cruise,train,0.2,1.0,0.05171388015151024,-12.863929748535156,-13.979474067687988,0.010910614392514617,0.21543448852025904
cruise_000,cruise,train,0.5,1.0,0.2072470635175705,-6.835116863250732,-6.576652526855469,0.043140215725543385,0.20793295944167767
cruise_001,cruise,train,0.002,1.0,0.007132067810744047,-21.467845916748047,-23.22107696533203,0.028691633678854522,3.165428681226331
cruise_001,cruise,train,0.004,1.0,0.017009252682328224,-17.69314956665039,-19.01401710510254,0.058488550576974774,3.1653564665684826
cruise_001,cruise,train,0.01,1.0,0.031352486461400986,-15.037280082702637,-15.064162254333496,0.11100344641367954,3.1651411522107082
cruise_001,cruise,train,0.02,1.0,0.017006367444992065,-17.693883895874023,-20.653554916381836,0.07326819986073474,3.1647807581466623
cruise_001,cruise,train,0.05,0.9999999403953552,0.019209647551178932,-17.164806365966797,-20.0919189453125,0.09869542736360515,3.1636927470681258
cruise_001,cruise,train,0.1,0.9999999403953552,0.039888907223939896,-13.99147891998291,-15.611860275268555,0.20415122563329646,3.1618589032732416
cruise_001,cruise,train,0.2,1.0,0.09703094512224197,-10.130897521972656,-13.463507652282715,0.5591813702408501,3.1581192339144764
cruise_001,cruise,train,0.5,1.0,0.37370607256889343,-4.274698257446289,-7.714609146118164,2.2838035734332607,3.146245283111057
cruise_002,cruise,train,0.002,1.0,0.036033038049936295,-14.432991981506348,-18.357025146484375,0.04126860205636618,3.044408206245862
cruise_002,cruise,train,0.004,1.0,0.019517166540026665,-17.09583282470703,-20.2615966796875,0.06792243982831536,3.044140435726149
cruise_002,cruise,train,0.01,1.0,0.05856723710894585,-12.32345199584961,-13.172039985656738,0.18635278447098358,3.043336097121937
cruise_002,cruise,train,0.02,1.0,0.0470799095928669,-13.271644592285156,-15.662861824035645,0.09959449598068204,3.041989821649622
cruise_002,cruise,train,0.05,0.9999999403953552,0.053868986666202545,-12.68661117553711,-13.12894344329834,0.15349768063674674,3.0378981567628216
cruise_002,cruise,train,0.1,0.9999999403953552,0.09287836402654648,-10.320855140686035,-10.718961715698242,0.2636241791055909,3.030922707315767
cruise_002,cruise,train,0.2,1.0,0.1774095743894577,-7.51023006439209,-8.242685317993164,0.5707038922087122,3.016305088851368
cruise_002,cruise,train,0.5,1.0,0.5613915324211121,-2.507341146469116,-3.4917867183685303,2.2001408708083545,2.966105597821297
cruise_003,cruise,train,0.002,1.0,0.05353192985057831,-12.713871002197266,-13.75650405883789,0.01733727522722006,0.25755661042967404
cruise_003,cruise,train,0.004,1.0,0.06852973997592926,-11.64120864868164,-11.066083908081055,0.022525817125739422,0.257440017632689
cruise_003,cruise,train,0.01,1.0,0.08740309625864029,-10.584732055664062,-11.139747619628906,0.024484578972817417,0.2570908034340391
cruise_003,cruise,train,0.02,1.0,0.12636005878448486,-8.983901977539062,-8.800233840942383,0.02826684845535965,0.2565096606285806
cruise_003,cruise,train,0.05,0.9999999403953552,0.08479221910238266,-10.716440200805664,-14.445131301879883,0.025473535945263137,0.2547668843271822
cruise_003,cruise,train,0.1,0.9999999403953552,0.09561040997505188,-10.19494915008545,-11.801752090454102,0.027634113442196906,0.2518503405244701
cruise_003,cruise,train,0.2,1.0,0.1337641328573227,-8.736603736877441,-9.247491836547852,0.03660102006483612,0.2458884470488556
cruise_003,cruise,train,0.5,1.0,0.31202641129493713,-5.058086395263672,-5.3573503494262695,0.08310423571174397,0.22907449518424983
cruise_004,cruise,train,0.002,1.0,0.008749773725867271,-20.580032348632812,-21.598220825195312,0.021133797482711714,1.6301357976772124
cruise_004,cruise,train,0.004,1.0,0.021642494946718216,-16.646926879882812,-17.024017333984375,0.04121219698944856,1.6300955603910552
cruise_004,cruise,train,0.01,1.0,0.05991826206445694,-12.224408149719238,-11.849071502685547,0.10768163684704746,1.6299745287906262
cruise_004,cruise,train,0.02,1.0,0.029194558039307594,-15.346981048583984,-16.58432388305664,0.07190598721291508,1.6297711766928842
cruise_004,cruise,train,0.05,0.9999999403953552,0.05605300888419151,-12.51401138305664,-14.77225112915039,0.12506776010771503,1.6291591194567445
cruise_004,cruise,train,0.1,0.9999999403953552,0.06758826225996017,-11.701287269592285,-13.614779472351074,0.20576156822097857,1.6281292084095185
cruise_004,cruise,train,0.2,1.0,0.14269737899303436,-8.455840110778809,-11.087448120117188,0.5084185580601499,1.6260308140299458
cruise_004,cruise,train,0.5,1.0,0.41638100147247314,-3.80509090423584,-9.645315170288086,1.671338107534723,1.6193935180017434
cruise_005,cruise,train,0.002,1.0,0.04373858869075775,-13.591352462768555,-15.231465339660645,0.03602694054960898,1.1545449303594069
cruise_005,cruise,train,0.004,1.0,0.02297418750822544,-16.38759994506836,-18.46628189086914,0.03421037623561318,1.1544717157885316
cruise_005,cruise,train,0.01,1.0,0.045915428549051285,-13.380414009094238,-14.58472728729248,0.04742872445210011,1.1542614954523742
cruise_005,cruise,train,0.02,1.0,0.06406542658805847,-11.93376350402832,-14.195459365844727,0.06332207148798119,1.153931423999893
cruise_005,cruise,train,0.05,0.9999999403953552,0.07554842531681061,-11.217745780944824,-13.448169708251953,0.06487737512806291,1.152982937041088
cruise_005,cruise,train,0.1,0.9999999403953552,0.0851343423128128,-10.698952674865723,-12.572647094726562,0.07408567268169008,1.1509209189243848
cruise_005,cruise,train,0.2,1.0,0.103965625166893,-9.83110237121582,-10.386675834655762,0.11104381222980919,1.1452065329867764
cruise_005,cruise,train,0.5,1.0,0.31326520442962646,-5.0408782958984375,-5.345465660095215,0.3789524450439785,1.1301295290904818
cruise_006,cruise,train,0.002,1.0,0.008258351124823093,-20.83106803894043,-24.746896743774414,0.02485507396514164,2.795768951953505
cruise_006,cruise,train,0.004,1.0,0.019951311871409416,-17.000286102294922,-19.33591651916504,0.06224941199725542,2.7956399415415945
cruise_006,cruise,train,0.01,1.0,0.04740302264690399,-13.24194049835205,-14.394177436828613,0.14735128908599116,2.7952519657701487
cruise_006,cruise,train,0.02,1.0,0.019127734005451202,-17.183364868164062,-19.39645004272461,0.08079964789442329,2.794601524627069
cruise_006,cruise,train,0.05,0.9999999403953552,0.03695762902498245,-14.322958946228027,-14.384218215942383,0.133346579721767,2.792633065197151
cruise_006,cruise,train,0.1,0.9999999403953552,0.06552284955978394,-11.836071968078613,-11.5209379196167,0.23505856362169197,2.789320149051491
cruise_006,cruise,train,0.2,1.0,0.12801003456115723,-8.927560806274414,-10.992027282714844,0.5265809787647413,2.782509743090486
cruise_006,cruise,train,0.5,1.0,0.5618909001350403,-2.5034804344177246,-5.001196384429932,2.258675670193952,2.7606062329286942
cruise_007,cruise,train,0.002,1.0,0.0007097896304912865,-31.488704681396484,-38.6008415222168,0.0001890228786247672,0.2927579797033104
cruise_007,cruise,train,0.004,1.0,0.002243274124339223,-26.49117660522461,-34.885650634765625,0.000591439221527934,0.2927197421522578
cruise_007,cruise,train,0.01,1.0,0.007699027191847563,-21.135639190673828,-29.43102264404297,0.0019077552660795583,0.29260484832775546
cruise_007,cruise,train,0.02,1.0,0.008374234661459923,-20.770549774169922,-27.16041374206543,0.00210008064205347,0.2924118760347483
cruise_007,cruise,train,0.05,0.9999999403953552,0.009599532932043076,-20.177499771118164,-24.763574600219727,0.0024590056304276686,0.29183054854365764
cruise_007,cruise,train,0.1,0.9999999403953552,0.012543792836368084,-19.01571273803711,-20.43209457397461,0.0034189068965417846,0.290857347605197
cruise_007,cruise,train,0.2,1.0,0.03222513943910599,-14.918052673339844,-14.921670913696289,0.009162720824178905,0.2888848550937837
cruise_007,cruise,train,0.5,1.0,0.15618202090263367,-8.063690185546875,-7.616340637207031,0.045148848298822486,0.28274488638635376
cruise_008,cruise,val,0.002,1.0,0.004378469195216894,-23.586776733398438,-30.72624969482422,0.007927391104396053,1.597564995608991
cruise_008,cruise,val,0.004,1.0,0.015452361665666103,-18.110050201416016,-25.062782287597656,0.028213703702608894,1.5974351341283182
cruise_008,cruise,val,0.01,1.0,0.04250635206699371,-13.715462684631348,-18.621973037719727,0.08303616481038745,1.5970448716543615
cruise_008,cruise,val,0.02,1.0,0.01631779782474041,-17.87338638305664,-25.0316162109375,0.0401000343328235,1.5963921895890962
cruise_008,cruise,val,0.05,0.9999999403953552,0.03170790150761604,-14.988325119018555,-17.523326873779297,0.06911520979316066,1.5944173012976535
cruise_008,cruise,val,0.1,0.9999999403953552,0.0511355958878994,-12.91276741027832,-14.017444610595703,0.10583211232179224,1.5910684416885488
cruise_008,cruise,val,0.2,1.0,0.11780203133821487,-9.288472175598145,-10.40703296661377,0.23751228190371876,1.5841476198693272
cruise_008,cruise,val,0.5,1.0,0.5305312871932983,-2.752890110015869,-5.657314777374268,0.975408930433332,1.5614348519738996
cruise_009,cruise,train,0.002,1.0,0.0018035253742709756,-27.438777923583984,-31.130661010742188,0.0019170513140207568,1.105724847599049
cruise_009,cruise,train,0.004,1.0,0.006240015849471092,-22.048145294189453,-25.413345336914062,0.00663595045552845,1.10562219088024
cruise_009,cruise,train,0.01,1.0,0.019626976922154427,-17.07146644592285,-18.895336151123047,0.019989223341937645,1.1053121427685255
cruise_009,cruise,train,0.02,1.0,0.02321843057870865,-16.341670989990234,-18.9143123626709,0.023334548084554818,1.104760187175998
cruise_009,cruise,train,0.05,0.9999999403953552,0.01655130833387375,-17.811677932739258,-18.114582061767578,0.02213731759563231,1.1031525819707895
cruise_009,cruise,train,0.1,0.9999999403953552,0.030399879440665245,-15.171281814575195,-14.941583633422852,0.03999750189058204,1.1005057286456577
cruise_009,cruise,train,0.2,1.0,0.07639960199594498,-11.169089317321777,-11.301229476928711,0.10299516001617803,1.0952807812718675
cruise_009,cruise,train,0.5,1.0,0.3179595470428467,-4.976281642913818,-6.5647735595703125,0.45130136675311405,1.0788992062807665
cruise_010,cruise,test,0.002,1.0,0.00035104528069496155,-34.54637145996094,-36.50982666015625,7.822887075459306e-05,0.21326327400674927
cruise_010,cruise,test,0.004,1.0,0.000900382234249264,-30.455730438232422,-31.19377326965332,0.00020098094808540523,0.2132279297693458
cruise_010,cruise,test,0.01,1.0,0.0031860589515417814,-24.96746253967285,-25.753582000732422,0.0007069101337622286,0.2131213029169885
cruise_010,cruise,test,0.02,1.0,0.005793506745249033,-22.370586395263672,-24.655315399169922,0.001231351900081279,0.2129430423519807
cruise_010,cruise,test,0.05,0.9999999403953552,0.008704611100256443,-20.60250473022461,-21.24932289123535,0.001771651529551832,0.21241118953184923
cruise_010,cruise,test,0.1,0.9999999403953552,0.01693650521337986,-17.711761474609375,-18.291627883911133,0.00354032219482292,0.211511199362576
cruise_010,cruise,test,0.2,1.0,0.03443063050508499,-14.6305513381958,-14.69625473022461,0.007543722329387492,0.20967118440239574
cruise_010,cruise,test,0.5,1.0,0.1646864116191864,-7.833422660827637,-7.365638732910156,0.03475100042419399,0.2040824357245583
cruise_011,cruise,val,0.002,1.0,0.0006284033297561109,-32.017616271972656,-39.59150314331055,0.0004722719741073744,0.713928772303916
cruise_011,cruise,val,0.004,1.0,0.002274216851219535,-26.431682586669922,-35.12270736694336,0.0017234101495489096,0.7138327840293641
cruise_011,cruise,val,0.01,1.0,0.009947123005986214,-20.02302360534668,-30.664440155029297,0.007647544314187016,0.7135446709216922
cruise_011,cruise,val,0.02,1.0,0.0151906069368124,-18.184249877929688,-27.006017684936523,0.011775412299746435,0.713063676499587
cruise_011,cruise,val,0.05,0.9999999403953552,0.018849888816475868,-17.246912002563477,-21.55562400817871,0.01462329286034958,0.7116114052405464
cruise_011,cruise,val,0.1,0.9999999403953552,0.026018479838967323,-15.84718132019043,-16.161691665649414,0.020763881158416098,0.7091663060418796
cruise_011,cruise,val,0.2,1.0,0.08985621482133865,-10.464519500732422,-10.453439712524414,0.07113231844607526,0.7041715746017871
cruise_011,cruise,val,0.5,1.0,0.4878205358982086,-3.117399215698242,-3.193995475769043,0.37268839133867004,0.6883266980803455
cruise_012,cruise,test,0.002,1.0,0.0005916755762882531,-32.2791633605957,-34.46415328979492,0.0002897820067561119,0.5334399908606429
cruise_012,cruise,test,0.004,1.0,0.001770518720149994,-27.51899528503418,-29.26887321472168,0.0008954000455743127,0.5333600903250044
cruise_012,cruise,test,0.01,1.0,0.005735268350690603,-22.41446304321289,-24.682125091552734,0.0031349762106351875,0.5331162860311451
cruise_012,cruise,test,0.02,1.0,0.011597517877817154,-19.35634994506836,-23.614978790283203,0.006469813145564274,0.5326946313944063
cruise_012,cruise,test,0.05,0.9999999403953552,0.025360731407999992,-15.958383560180664,-21.1883544921875,0.014833954044277675,0.5313824924378423
cruise_012,cruise,test,0.1,0.9999999403953552,0.032603245228528976,-14.867391586303711,-17.555858612060547,0.01863692839037867,0.5293313043584931
cruise_012,cruise,test,0.2,1.0,0.06540241092443466,-11.844062805175781,-12.695625305175781,0.036533588422116736,0.5250318456819514
cruise_012,cruise,test,0.5,1.0,0.27989256381988525,-5.530086040496826,-5.4868669509887695,0.14951728647247364,0.5117885439685779
cruise_013,cruise,train,0.002,1.0,0.0005012690671719611,-32.999290466308594,-34.743927001953125,0.00014077214551133643,0.2367534437980794
cruise_013,cruise,train,0.004,1.0,0.0016729936469346285,-27.765060424804688,-31.19308853149414,0.0004857481848956624,0.2367205622322217
cruise_013,cruise,train,0.01,1.0,0.008046363480389118,-20.94400405883789,-26.271568298339844,0.0024210189508089286,0.23662098107524798
cruise_013,cruise,train,0.02,1.0,0.022135505452752113,-16.54910659790039,-20.874000549316406,0.006619314183993197,0.23645491659772233
cruise_013,cruise,train,0.05,0.9999999403953552,0.047682080417871475,-13.216447830200195,-14.08877944946289,0.01183880680821403,0.23595032189405174
cruise_013,cruise,train,0.1,0.9999999403953552,0.0814027190208435,-10.893610954284668,-10.864957809448242,0.017914603362612525,0.23507871999026975
cruise_013,cruise,train,0.2,1.0,0.07075753062963486,-11.502274513244629,-11.788265228271484,0.016090656686230886,0.23326640274535748
cruise_013,cruise,train,0.5,1.0,0.11699249595403671,-9.318419456481934,-9.438888549804688,0.02839598596824544,0.2279012230792432
cruise_014,cruise,train,0.002,1.0,0.013478482142090797,-18.703590393066406,-21.53428077697754,0.023153656878996953,1.2790907736125519
cruise_014,cruise,train,0.004,1.0,0.02280212566256523,-16.420246124267578,-19.138078689575195,0.04057658426050503,1.2789479312559706
cruise_014,cruise,train,0.01,1.0,0.026266664266586304,-15.805951118469238,-17.986080169677734,0.04092346535533942,1.2785171998039004
cruise_014,cruise,train,0.02,1.0,0.0260589849203825,-15.840425491333008,-16.662914276123047,0.040377971230926235,1.2777953101249295
cruise_014,cruise,train,0.05,0.9999999403953552,0.035988420248031616,-14.438372611999512,-16.21693992614746,0.060705157997229975,1.275638351253292
cruise_014,cruise,train,0.1,0.9999999403953552,0.05217345431447029,-12.825504302978516,-15.051584243774414,0.09140519239728917,1.2719795651282766
cruise_014,cruise,train,0.2,1.0,0.13465507328510284,-8.707773208618164,-10.93108081817627,0.2271244046596621,1.2644622371371952
cruise_014,cruise,train,0.5,1.0,0.6364994049072266,-1.9620201587677002,-3.680851697921753,0.9777197339608392,1.2399560859557823
cruise_015,cruise,train,0.002,1.0,0.01634594239294529,-17.865901947021484,-20.391605377197266,0.04277417450154619,3.206570381335041
cruise_015,cruise,train,0.004,1.0,0.03246137499809265,-14.886331558227539,-16.57349967956543,0.08512892670778838,3.2065064936541603
cruise_015,cruise,train,0.01,1.0,0.05031471699476242,-12.983049392700195,-14.04652214050293,0.13167616921351932,3.206314774834027
cruise_015,cruise,train,0.02,1.0,0.038761869072914124,-14.11595344543457,-15.644893646240234,0.1323273327030332,3.205995286698453
cruise_015,cruise,train,0.05,0.9999999403953552,0.050007738173007965,-13.009628295898438,-13.048554420471191,0.22702420615084407,3.2050310953709413
cruise_015,cruise,train,0.1,0.9999999403953552,0.07680752873420715,-11.14596176147461,-15.364585876464844,0.4905588093237583,3.2034043930034386
cruise_015,cruise,train,0.2,1.0,0.21436958014965057,-6.688368320465088,-13.757753372192383,1.521531117750044,3.2000705865575583
cruise_015,cruise,train,0.5,1.0,0.6404847502708435,-1.934912085533142,-10.165220260620117,4.151181775182977,3.189356257309555
cruise_016,cruise,val,0.002,1.0,0.0011906635481864214,-29.242111206054688,-30.760543823242188,0.0002687830347671838,0.2183791093993932
cruise_016,cruise,val,0.004,1.0,0.0038662245497107506,-24.12712860107422,-26.936981201171875,0.0008718662200202232,0.21833850491020712
cruise_016,cruise,val,0.01,1.0,0.018619036301970482,-17.30042839050293,-19.508344650268555,0.004183114299967983,0.21821455536337453
cruise_016,cruise,val,0.02,1.0,0.04226255789399147,-13.740442276000977,-15.853938102722168,0.009380136946549378,0.21799779970024247
cruise_016,cruise,val,0.05,0.9999999403953552,0.04524467885494232,-13.444324493408203,-15.07779312133789,0.009865589439787215,0.21726778182346607
cruise_016,cruise,val,0.1,0.9999999403953552,0.05493038892745972,-12.601873397827148,-14.224957466125488,0.012101343969803224,0.21610375587260933
cruise_016,cruise,val,0.2,1.0,0.0653577670454979,-11.847028732299805,-12.522140502929688,0.014190902766927138,0.21380898174174945
cruise_016,cruise,val,0.5,1.0,0.13394753634929657,-8.730652809143066,-8.924322128295898,0.027903448477900383,0.20678193492858554
cruise_017,cruise,train,0.002,1.0,0.0026924950070679188,-25.69845199584961,-31.358091354370117,0.005853157880293058,2.132385280325252
cruise_017,cruise,train,0.004,1.0,0.010038383305072784,-19.98336410522461,-25.531484603881836,0.021954474550322067,2.1322922445178847
cruise_017,cruise,train,0.01,1.0,0.03881964087486267,-14.109485626220703,-18.00386619567871,0.08886574007974435,2.132012846363068
cruise_017,cruise,train,0.02,1.0,0.023301424458622932,-16.326175689697266,-17.1826171875,0.07567008518866203,2.13154615212261
cruise_017,cruise,train,0.05,0.9999999403953552,0.025942204520106316,-15.859931945800781,-17.375215530395508,0.08863222451806507,2.130138519780303
cruise_017,cruise,train,0.1,0.9999999403953552,0.0593121275305748,-12.268564224243164,-12.345621109008789,0.19335148714943529,2.1277653493525577
cruise_017,cruise,train,0.2,1.0,0.1546519249677658,-8.106447219848633,-8.89006233215332,0.5365510743993127,2.1229201886962983
cruise_017,cruise,train,0.5,1.0,0.6282529234886169,-2.0186548233032227,-4.714601039886475,2.2020221027185016,2.1075465541216545
cruise_018,cruise,test,0.002,1.0,0.001847791951149702,-27.333471298217773,-33.75669479370117,0.0016384788087351332,0.786549537020619
cruise_018,cruise,test,0.004,1.0,0.002787691541016102,-25.54755401611328,-31.812305450439453,0.002493760277601176,0.7864769006991992
cruise_018,cruise,test,0.01,1.0,0.005747044458985329,-22.405555725097656,-29.490562438964844,0.005633145062294176,0.786257935797039
cruise_018,cruise,test,0.02,1.0,0.01276712492108345,-18.939069747924805,-26.144868850708008,0.013350518448344673,0.7858899399871007
cruise_018,cruise,test,0.05,0.9999999403953552,0.02856886014342308,-15.441072463989258,-20.69495964050293,0.0297645786640075,0.7847663141874364
cruise_018,cruise,test,0.1,0.9999999403953552,0.03380982577800751,-14.709571838378906,-17.211078643798828,0.03297252063990186,0.7828640133884619
cruise_018,cruise,test,0.2,1.0,0.054640837013721466,-12.62482738494873,-13.387290954589844,0.05091992361576558,0.7791652028172393
cruise_018,cruise,test,0.5,1.0,0.22187092900276184,-6.53899621963501,-6.71992826461792,0.1887347642646091,0.7673322066184483
cruise_019,cruise,train,0.002,1.0,0.05541875213384628,-12.563432693481445,-21.825862884521484,0.04402586090683003,0.47221016327966936
cruise_019,cruise,train,0.004,1.0,0.04979415982961655,-13.028216361999512,-16.378984451293945,0.0359453141493451,0.4721775661309948
cruise_019,cruise,train,0.01,1.0,0.05527060851454735,-12.575057983398438,-13.428115844726562,0.03130893690361991,0.47208030932597467
cruise_019,cruise,train,0.02,1.0,0.08623252063989639,-10.643289566040039,-13.910304069519043,0.05960481398348971,0.47191791133082006
cruise_019,cruise,train,0.05,0.9999999403953552,0.038922373205423355,-14.098006248474121,-15.56262493133545,0.019213802296171423,0.47142881172840134
cruise_019,cruise,train,0.1,0.9999999403953552,0.06428494304418564,-11.918907165527344,-14.202829360961914,0.03371213175881849,0.47058908175313263
cruise_019,cruise,train,0.2,1.0,0.06991621851921082,-11.554221153259277,-12.53824234008789,0.042079961557419665,0.4688943540932087
cruise_019,cruise,train,0.5,1.0,0.11595124006271362,-9.357246398925781,-11.675506591796875,0.08829871301679759,0.46364418721714173
highspeed_000,highspeed,train,0.002,1.0,0.008890672586858273,-20.51065444946289,-25.483718872070312,0.014798433945022893,1.161251060124414
highspeed_000,highspeed,train,0.004,1.0,0.026021521538496017,-15.846673011779785,-21.153776168823242,0.04418116391781979,1.1611217273439252
highspeed_000,highspeed,train,0.01,1.0,0.019136611372232437,-17.181350708007812,-19.9940128326416,0.03754329109046495,1.160732654372623
highspeed_000,highspeed,train,0.02,1.0,0.03169986233115196,-14.989425659179688,-16.295717239379883,0.04917865907655283,1.1600804807803797
highspeed_000,highspeed,train,0.05,0.9999999403953552,0.04686810448765755,-13.291226387023926,-14.150160789489746,0.06572152177199087,1.158097180274126
highspeed_000,highspeed,train,0.1,0.9999999403953552,0.06523752957582474,-11.855025291442871,-12.68814468383789,0.10109627110383457,1.15469902730365
highspeed_000,highspeed,train,0.2,1.0,0.1491401642560959,-8.264054298400879,-9.58884334564209,0.2441067715943035,1.1475355074489926
highspeed_000,highspeed,train,0.5,1.0,0.6331251263618469,-1.9851046800613403,-3.973367691040039,0.9659269412295544,1.122622489112473
highspeed_001,highspeed,train,0.002,1.0,0.012714647687971592,-18.956958770751953,-29.918170928955078,0.01878518151127584,0.7914780861992767
highspeed_001,highspeed,train,0.004,1.0,0.01843196153640747,-17.344284057617188,-26.068145751953125,0.021411948740746478,0.7913709193908289
highspeed_001,highspeed,train,0.01,1.0,0.02827557921409607,-15.485885620117188,-23.380970001220703,0.03181938060226486,0.7910197429173422
highspeed_001,highspeed,train,0.02,1.0,0.02834867127239704,-15.4746732711792,-19.697853088378906,0.030193119768872734,0.7904628587002662
highspeed_001,highspeed,train,0.05,0.9999999403953552,0.031123921275138855,-15.069056510925293,-20.966442108154297,0.03451121222860465,0.78888536881459
highspeed_001,highspeed,train,0.1,0.9999999403953552,0.047529276460409164,-13.230388641357422,-17.40656280517578,0.05316087276099779,0.7861498925431079
highspeed_001,highspeed,train,0.2,1.0,0.10470660775899887,-9.80025863647461,-12.901426315307617,0.12450414040154101,0.7803952423073497
highspeed_001,highspeed,train,0.5,1.0,0.440522164106369,-3.5603225231170654,-5.3823113441467285,0.5119935331762235,0.7610397944608849
highspeed_002,highspeed,test,0.002,1.0,0.019769337028265,-17.04007911682129,-17.513883590698242,0.023035931884818783,1.3375696732655342
highspeed_002,highspeed,test,0.004,1.0,0.039000313729047775,-14.089319229125977,-15.079839706420898,0.04713980388671413,1.3374752253112092
highspeed_002,highspeed,test,0.01,1.0,0.04942929372191429,-13.060157775878906,-14.26324462890625,0.08204608277717362,1.3372124962152157
highspeed_002,highspeed,test,0.02,1.0,0.04505164176225662,-13.462894439697266,-14.736088752746582,0.062405777368162774,1.3367610095119744
highspeed_002,highspeed,test,0.05,0.9999999403953552,0.04804132878780365,-13.183850288391113,-14.606527328491211,0.07363255548828818,1.3354283215485339
highspeed_002,highspeed,test,0.1,0.9999999403953552,0.07945175468921661,-10.9989652633667,-12.183172225952148,0.13472610434274657,1.3331747348311183
highspeed_002,highspeed,test,0.2,1.0,0.14525078237056732,-8.378815650939941,-10.728038787841797,0.3048342294405302,1.3283293534950644
highspeed_002,highspeed,test,0.5,1.0,0.5586145520210266,-2.5288774967193604,-4.798517227172852,1.1662489137165721,1.3126632301609789
highspeed_003,highspeed,train,0.002,1.0,0.011670727282762527,-19.329021453857422,-28.679935455322266,0.032318433338989844,2.0269855356364133
highspeed_003,highspeed,train,0.004,1.0,0.027936790138483047,-15.53823471069336,-24.514095306396484,0.0785579912055917,2.026956097010043
highspeed_003,highspeed,train,0.01,1.0,0.007856195792555809,-21.04787826538086,-25.445205688476562,0.03234639847132792,2.0268671447011
highspeed_003,highspeed,train,0.02,1.0,0.01784849353134632,-17.483983993530273,-22.184768676757812,0.06200086790481585,2.0267171960476844
highspeed_003,highspeed,train,0.05,0.9999999403953552,0.030861884355545044,-15.105775833129883,-19.72760581970215,0.1273958737073908,2.026266626005963
highspeed_003,highspeed,train,0.1,0.9999999403953552,0.07084188610315323,-11.497098922729492,-17.479703903198242,0.34121844763607,2.02555638971171
highspeed_003,highspeed,train,0.2,1.0,0.22245191037654877,-6.527638912200928,-12.196854591369629,1.0626039141322323,2.0240470121007093
highspeed_003,highspeed,train,0.5,1.0,0.7589560151100159,-1.1978340148925781,-6.177626132965088,2.815663319075128,2.0192394009791315
highspeed_004,highspeed,train,0.002,1.0,0.020205071195960045,-16.945396423339844,-17.224411010742188,0.03923291141201801,2.2916715596693393
highspeed_004,highspeed,train,0.004,1.0,0.047845155000686646,-13.201620101928711,-13.274669647216797,0.09718083854329418,2.2915714980226767
highspeed_004,highspeed,train,0.01,1.0,0.01905054971575737,-17.200925827026367,-19.14491844177246,0.05340078997059017,2.2912930211423372
highspeed_004,highspeed,train,0.02,1.0,0.04174128174781799,-13.794343948364258,-15.466422080993652,0.08363078863322215,2.2908153342395963
highspeed_004,highspeed,train,0.05,0.9999999403953552,0.06454909592866898,-11.901098251342773,-13.752697944641113,0.16753176695285532,2.2894235152307374
highspeed_004,highspeed,train,0.1,0.9999999403953552,0.09143204987049103,-10.389015197753906,-12.624168395996094,0.38708158704247353,2.2870283158954408
highspeed_004,highspeed,train,0.2,1.0,0.21846993267536163,-6.606083393096924,-9.714141845703125,1.129137841751941,2.2820480874688656
highspeed_004,highspeed,train,0.5,1.0,0.6340492367744446,-1.9787702560424805,-4.34360408782959,2.8852366560470273,2.2654415834367683
highspeed_005,highspeed,val,0.002,1.0,0.009826885536313057,-20.075843811035156,-23.886831283569336,0.014838252686485198,1.2979152656589577
highspeed_005,highspeed,val,0.004,1.0,0.030900342389941216,-15.10036849975586,-18.231630325317383,0.046576068826301054,1.297861842725979
highspeed_005,highspeed,val,0.01,1.0,0.04058535397052765,-13.91630744934082,-14.003028869628906,0.05280244374081011,1.2977028859277198
highspeed_005,highspeed,val,0.02,1.0,0.06731577217578888,-11.718832015991211,-11.501641273498535,0.07809393693948152,1.2974386898022203
highspeed_005,highspeed,val,0.05,0.9999999403953552,0.059986893087625504,-12.219436645507812,-12.263423919677734,0.08575687894853701,1.2966305910231313
highspeed_005,highspeed,val,0.1,0.9999999403953552,0.08642098307609558,-10.633808135986328,-11.992618560791016,0.18048401170362638,1.2952712913574942
highspeed_005,highspeed,val,0.2,1.0,0.21793290972709656,-6.616771697998047,-9.557599067687988,0.5129144481393837,1.2924496525156428
highspeed_005,highspeed,val,0.5,1.0,0.7042754888534546,-1.5225744247436523,-4.703544616699219,1.6216615109465238,1.283207874315849
highspeed_006,highspeed,test,0.002,1.0,0.00782510731369257,-21.06509780883789,-29.652324676513672,0.007416028110961204,0.9255444253176393
highspeed_006,highspeed,test,0.004,1.0,0.024736687541007996,-16.066585540771484,-25.238445281982422,0.024129349254537136,0.9254685056184826
highspeed_006,highspeed,test,0.01,1.0,0.03268885612487793,-14.856003761291504,-21.081274032592773,0.043159936869344495,0.9252403237514955
highspeed_006,highspeed,test,0.02,1.0,0.03381424769759178,-14.709003448486328,-21.934804916381836,0.037232154211158885,0.9248586247813364
highspeed_006,highspeed,test,0.05,0.9999999403953552,0.02985205501317978,-15.25025749206543,-18.648113250732422,0.04263711776212631,0.923702678988775
highspeed_006,highspeed,test,0.1,0.9999999403953552,0.06563170254230499,-11.828863143920898,-13.96306037902832,0.08932345779825823,0.9217394988118031
highspeed_006,highspeed,test,0.2,1.0,0.17532126605510712,-7.561654090881348,-10.714644432067871,0.24273833911837528,0.9176695683745493
highspeed_006,highspeed,test,0.5,1.0,0.7604179382324219,-1.189476490020752,-3.989433765411377,0.9498771216085515,0.9041867995656503
highspeed_007,highspeed,val,0.002,1.0,0.0026740303728729486,-25.72833824157715,-36.64432907104492,0.0015621060771735529,0.43022885767823027
highspeed_007,highspeed,val,0.004,1.0,0.005000378470867872,-23.009971618652344,-33.49750900268555,0.002585842386276127,0.43020149971744104
highspeed_007,highspeed,val,0.01,1.0,0.004670230206102133,-23.306617736816406,-30.01173210144043,0.002265898395970467,0.43011950228901696
highspeed_007,highspeed,val,0.02,1.0,0.006325969938188791,-21.988727569580078,-28.605510711669922,0.003023523249894744,0.4299797795829363
highspeed_007,highspeed,val,0.05,0.9999999403953552,0.006568440236151218,-21.82537841796875,-24.92449188232422,0.0031164998101331776,0.4295613094091095
highspeed_007,highspeed,val,0.1,0.9999999403953552,0.011290577240288258,-19.47283935546875,-20.734546661376953,0.0052827818875194055,0.42885407958783617
highspeed_007,highspeed,val,0.2,1.0,0.032042086124420166,-14.942792892456055,-15.564488410949707,0.014503937396099786,0.42742217041086406
highspeed_007,highspeed,val,0.5,1.0,0.1667257398366928,-7.779973983764648,-8.099237442016602,0.07322314240428796,0.4228362876820029
highspeed_008,highspeed,train,0.002,1.0,0.01118153054267168,-19.51498794555664,-22.011184692382812,0.008699626394490956,0.7298358574262238
highspeed_008,highspeed,train,0.004,1.0,0.02971831150352955,-15.269758224487305,-19.738475799560547,0.0200273968390432,0.7297938264746335
highspeed_008,highspeed,train,0.01,1.0,0.08394929021596909,-10.759830474853516,-15.809309005737305,0.047932859746750545,0.7296672922711878
highspeed_008,highspeed,train,0.02,1.0,0.04315713420510292,-13.649474143981934,-15.394208908081055,0.03412001014304877,0.7294554060172231
highspeed_008,highspeed,train,0.05,0.9999999403953552,0.11614254862070084,-9.350086212158203,-12.462289810180664,0.05893582950115217,0.7288155180067406
highspeed_008,highspeed,train,0.1,0.9999999403953552,0.1095670759677887,-9.603199005126953,-10.387451171875,0.08251164283770152,0.7277498621297127
highspeed_008,highspeed,train,0.2,1.0,0.22284530103206635,-6.519965648651123,-7.618947505950928,0.20168465547556025,0.7255090535181807
highspeed_008,highspeed,train,0.5,1.0,0.7657503485679626,-1.1591280698776245,-4.617339611053467,0.7060433691624439,0.7180232745704416
highspeed_009,highspeed,train,0.002,1.0,0.0034645511768758297,-24.603530883789062,-35.5608024597168,0.005432757545250855,0.9953258583045681
highspeed_009,highspeed,train,0.004,1.0,0.011558693833649158,-19.370914459228516,-31.55498695373535,0.018399589432265717,0.9952739587970427
highspeed_009,highspeed,train,0.01,1.0,0.024232851341366768,-16.155954360961914,-28.810300827026367,0.04144169918904783,0.9951182667064131
highspeed_009,highspeed,train,0.02,1.0,0.019894659519195557,-17.012636184692383,-26.421890258789062,0.032294506286689284,0.9948583637960837
highspeed_009,highspeed,train,0.05,0.9999999403953552,0.02591775357723236,-15.86402702331543,-22.88684844970703,0.04393207333437488,0.9940629718621494
highspeed_009,highspeed,train,0.1,0.9999999403953552,0.04898088797926903,-13.099733352661133,-17.733070373535156,0.08033444744793883,0.9927204623818398
highspeed_009,highspeed,train,0.2,1.0,0.1374688297510147,-8.617958068847656,-12.15829849243164,0.2203709812918646,0.9899437179628876
highspeed_009,highspeed,train,0.5,1.0,0.6033373475074768,-2.1943979263305664,-4.602166175842285,0.9106341714432347,0.9808865224913461
highspeed_010,highspeed,train,0.002,1.0,0.00964345596730709,-20.157672882080078,-23.60568618774414,0.005104158991432239,0.6340271754379501
highspeed_010,highspeed,train,0.004,1.0,0.025479303672909737,-15.938124656677246,-20.31243896484375,0.01280989545990785,0.6339731800144364
highspeed_010,highspeed,train,0.01,1.0,0.04239203780889511,-13.727157592773438,-20.244888305664062,0.021401810166260304,0.6338282829638047
highspeed_010,highspeed,train,0.02,1.0,0.03167782351374626,-14.992446899414062,-18.326473236083984,0.022331573725313802,0.633533021187759
highspeed_010,highspeed,train,0.05,0.9999999403953552,0.06200782209634781,-12.07553482055664,-17.062509536743164,0.03239196691746571,0.6327044036224834
highspeed_010,highspeed,train,0.1,0.9999999403953552,0.05987032502889633,-12.227884292602539,-14.70959186553955,0.03787102531805431,0.6313316716768895
highspeed_010,highspeed,train,0.2,1.0,0.11226024478673935,-9.497739791870117,-11.645801544189453,0.07803772950251187,0.6279201940924395
highspeed_010,highspeed,train,0.5,1.0,0.4044591188430786,-3.931253433227539,-5.418673038482666,0.3066695430957225,0.6178256082457665
highspeed_011,highspeed,train,0.002,1.0,0.014304658398032188,-18.44522476196289,-27.941604614257812,0.04497900796826393,2.0378245810024964
highspeed_011,highspeed,train,0.004,1.0,0.026850173249840736,-15.710530281066895,-24.3489990234375,0.08009352840358375,2.037789464036905
highspeed_011,highspeed,train,0.01,1.0,0.02350321039557457,-16.288728713989258,-18.92448616027832,0.07424385882050188,2.037687193718739
highspeed_011,highspeed,train,0.02,1.0,0.032104309648275375,-14.934367179870605,-16.085474014282227,0.0746669581418331,2.0375140936848766
highspeed_011,highspeed,train,0.05,0.9999999403953552,0.06372617185115814,-11.95682144165039,-14.05809497833252,0.17984253652063842,2.036984211696108
highspeed_011,highspeed,train,0.1,0.9999999403953552,0.08744879066944122,-10.582462310791016,-14.012762069702148,0.4713554654511398,2.0361163502384443
highspeed_011,highspeed,train,0.2,1.0,0.23535685241222382,-6.282732009887695,-11.2475004196167,1.3719702151486501,2.034323636744375
highspeed_011,highspeed,train,0.5,1.0,0.6835501194000244,-1.652296543121338,-5.861904144287109,2.8210791315477763,2.028506306836789
highspeed_012,highspeed,train,0.002,1.0,0.003062383970245719,-25.139406204223633,-33.002689361572266,0.001072980655553668,0.4445613195148326
highspeed_012,highspeed,train,0.004,1.0,0.007405662909150124,-21.30436134338379,-29.18896484375,0.0028252850681080854,0.44454970648075687
highspeed_012,highspeed,train,0.01,1.0,0.01748531125485897,-17.573266983032227,-24.652070999145508,0.008404236082794725,0.4445147271781025
highspeed_012,highspeed,train,0.02,1.0,0.026411131024360657,-15.78213119506836,-22.880599975585938,0.01425635313453899,0.444455806617043
highspeed_012,highspeed,train,0.05,0.9999999403953552,0.024272600188851357,-16.14883804321289,-20.103368759155273,0.013745130182115872,0.4442749196141449
highspeed_012,highspeed,train,0.1,0.9999999403953552,0.03758746758103371,-14.249568939208984,-15.558747291564941,0.020399586405652315,0.44395775404700544
highspeed_012,highspeed,train,0.2,1.0,0.09111609309911728,-10.404048919677734,-11.294798851013184,0.0478358087427182,0.4432605130741649
highspeed_012,highspeed,train,0.5,1.0,0.41201069951057434,-3.8509154319763184,-5.002147674560547,0.21622953071585016,0.44044189344094775
highspeed_013,highspeed,train,0.002,1.0,0.017899826169013977,-17.471511840820312,-19.306251525878906,0.029123282473858758,1.7033450502658525
highspeed_013,highspeed,train,0.004,1.0,0.05088386312127113,-12.934199333190918,-14.642677307128906,0.07768188916586283,1.7033169279802678
highspeed_013,highspeed,train,0.01,1.0,0.042001087218523026,-13.76739501953125,-16.426025390625,0.060109919663091205,1.7032322586874216
highspeed_013,highspeed,train,0.02,1.0,0.07763603329658508,-11.099367141723633,-13.340014457702637,0.08995205192741196,1.7030900660411135
highspeed_013,highspeed,train,0.05,0.9999999403953552,0.12172750383615494,-9.146113395690918,-9.814994812011719,0.13789303894441218,1.7026595192055538
highspeed_013,highspeed,train,0.1,0.9999999403953552,0.13744421303272247,-8.618735313415527,-9.328700065612793,0.2517358541458634,1.701967865048573
highspeed_013,highspeed,train,0.2,1.0,0.23025856912136078,-6.377841949462891,-8.346120834350586,0.6903806867341018,1.7005683570132533
highspeed_013,highspeed,train,0.5,1.0,0.6365463733673096,-1.9616996049880981,-4.536914825439453,2.1032099503037216,1.6960907221364323
highspeed_014,highspeed,train,0.002,1.0,0.010346239432692528,-19.852176666259766,-25.534860610961914,0.01763760222203814,1.3447821988447686
highspeed_014,highspeed,train,0.004,1.0,0.029454505071043968,-15.308483123779297,-20.881040573120117,0.05176463281918409,1.3447004001718597
highspeed_014,highspeed,train,0.01,1.0,0.012799667194485664,-18.92801284790039,-24.141494750976562,0.031858042203325,1.3444538957774057
highspeed_014,highspeed,train,0.02,1.0,0.02091969922184944,-16.794445037841797,-19.720298767089844,0.042271986519736515,1.3440410751936724
highspeed_014,highspeed,train,0.05,0.9999999403953552,0.03461238369345665,-14.607686042785645,-18.793636322021484,0.06530121856120275,1.3427904670825228
highspeed_014,highspeed,train,0.1,0.9999999403953552,0.04879312217235565,-13.116415023803711,-15.817008972167969,0.09485101209843094,1.3406662621127907
highspeed_014,highspeed,train,0.2,1.0,0.1227334588766098,-9.110370635986328,-11.351065635681152,0.23597300536732746,1.336252735403832
highspeed_014,highspeed,train,0.5,1.0,0.5794470310211182,-2.3698625564575195,-3.936269760131836,0.9889938374597023,1.321473653166322
highspeed_015,highspeed,test,0.002,1.0,0.012500351294875145,-19.030778884887695,-23.105295181274414,0.012869167132218418,0.9589244309609057
highspeed_015,highspeed,test,0.004,1.0,0.03756045550107956,-14.252692222595215,-17.95465850830078,0.04007175073813207,0.958822547494492
highspeed_015,highspeed,test,0.01,1.0,0.025079239159822464,-16.00685691833496,-20.209463119506836,0.03970642713934058,0.9585163838637527
highspeed_015,highspeed,test,0.02,1.0,0.04045955091714859,-13.929790496826172,-17.732446670532227,0.05153645159886899,0.9580040227810969
highspeed_015,highspeed,test,0.05,0.9999999403953552,0.03655083850026131,-14.371026992797852,-18.58676528930664,0.043770351891613046,0.9564471690609935
highspeed_015,highspeed,test,0.1,0.9999999403953552,0.05282595753669739,-12.771526336669922,-14.625401496887207,0.06644241832999853,0.9537892383523285
highspeed_015,highspeed,test,0.2,1.0,0.10618856549263,-9.73922348022461,-10.330570220947266,0.13310784013000898,0.9482282411190681
highspeed_015,highspeed,test,0.5,1.0,0.4694095551967621,-3.2844808101654053,-3.7836761474609375,0.547262460430602,0.9292885832182947
highspeed_016,highspeed,train,0.002,1.0,0.02360936440527439,-16.26915740966797,-24.011024475097656,0.01900574729755189,0.6894996200535388
highspeed_016,highspeed,train,0.004,1.0,0.034588731825351715,-14.6106538772583,-21.28585433959961,0.02426062909540172,0.6894120058095723
highspeed_016,highspeed,train,0.01,1.0,0.032005418092012405,-14.947766304016113,-22.080934524536133,0.02184885310981244,0.6891526717336092
highspeed_016,highspeed,train,0.02,1.0,0.03837202116847038,-14.159852981567383,-20.811290740966797,0.024211667246680335,0.6887259351751709
highspeed_016,highspeed,train,0.05,0.9999999403953552,0.038118548691272736,-14.188636779785156,-20.668737411499023,0.025746012311149258,0.6874162584535952
highspeed_016,highspeed,train,0.1,0.9999999403953552,0.0435093529522419,-13.614173889160156,-18.919540405273438,0.0321155471582415,0.6849917087201902
highspeed_016,highspeed,train,0.2,1.0,0.08433940261602402,-10.739694595336914,-14.943552017211914,0.06633191370588065,0.6801443566691887
highspeed_016,highspeed,train,0.5,1.0,0.3367522358894348,-4.726894855499268,-7.060967445373535,0.2741918839042228,0.6640499192544667
highspeed_017,highspeed,train,0.002,1.0,0.026132531464099884,-15.82818603515625,-22.660118103027344,0.012056639474392838,0.7554494443102158
highspeed_017,highspeed,train,0.004,1.0,0.04277528449892998,-13.688072204589844,-19.863561630249023,0.018129344086785792,0.7553700664793723
highspeed_017,highspeed,train,0.01,1.0,0.037643514573574066,-14.243098258972168,-18.417564392089844,0.023030893909400163,0.7551343665982131
highspeed_017,highspeed,train,0.02,1.0,0.05456121265888214,-12.631159782409668,-17.09294891357422,0.03660720076949531,0.7547479995846516
highspeed_017,highspeed,train,0.05,0.9999999403953552,0.049056775867938995,-13.093009948730469,-16.100900650024414,0.034399507661305506,0.7535811342822853
highspeed_017,highspeed,train,0.1,0.9999999403953552,0.07023084908723831,-11.534721374511719,-13.901010513305664,0.04451320690623106,0.7515000100902398
highspeed_017,highspeed,train,0.2,1.0,0.09632347524166107,-10.162678718566895,-10.219555854797363,0.07246932482644297,0.7473228934977669
highspeed_017,highspeed,train,0.5,1.0,0.3796238899230957,-4.206464767456055,-5.207019805908203,0.27179985435805065,0.7334547660721
highspeed_018,highspeed,val,0.002,1.0,0.008233011700212955,-20.84441375732422,-21.124420166015625,0.004126183164274266,0.6690459310539154
highspeed_018,highspeed,val,0.004,1.0,0.026277650147676468,-15.804134368896484,-16.198396682739258,0.01381884146752288,0.6690160523048689
highspeed_018,highspeed,val,0.01,1.0,0.05246621370315552,-12.801202774047852,-13.82898235321045,0.03913302921624595,0.6689258623118803
highspeed_018,highspeed,val,0.02,1.0,0.03643471375107765,-14.384846687316895,-18.241674423217773,0.02582528508302495,0.6687750309774856
highspeed_018,highspeed,val,0.05,0.9999999403953552,0.04181836172938347,-13.786330223083496,-17.747997283935547,0.035405774584233995,0.6683185006768326
highspeed_018,highspeed,val,0.1,0.9999999403953552,0.048928335309028625,-13.104395866394043,-14.793705940246582,0.04053549011629087,0.6675493124857894
highspeed_018,highspeed,val,0.2,1.0,0.08624812215566635,-10.64250373840332,-11.194404602050781,0.06974284774297246,0.6659736838737444
highspeed_018,highspeed,val,0.5,1.0,0.323224812746048,-4.9049530029296875,-6.957234859466553,0.24893130553004994,0.6609198987353011
highspeed_019,highspeed,train,0.002,1.0,0.040671806782484055,-13.907065391540527,-23.313098907470703,0.031890322689368866,0.9434180788884987
highspeed_019,highspeed,train,0.004,1.0,0.03831207752227783,-14.166643142700195,-21.444931030273438,0.02961975904589753,0.9432497728921589
highspeed_019,highspeed,train,0.01,1.0,0.044200778007507324,-13.54570198059082,-15.192840576171875,0.04516944316680416,0.9427435491015785
highspeed_019,highspeed,train,0.02,1.0,0.07530642300844193,-11.231679916381836,-13.496278762817383,0.07098768113067422,0.9418947838203167
highspeed_019,highspeed,train,0.05,0.9999999403953552,0.061634451150894165,-12.101764678955078,-13.264205932617188,0.06458892838023189,0.9393148707094952
highspeed_019,highspeed,train,0.1,0.9999999403953552,0.10723605006933212,-9.696592330932617,-10.060925483703613,0.12088874418112994,0.9348970090868534
highspeed_019,highspeed,train,0.2,1.0,0.23376865684986115,-6.312137126922607,-7.815153121948242,0.30333610521313403,0.9255879788906896
highspeed_019,highspeed,train,0.5,1.0,0.8132834434509277,-0.8975806832313538,-3.442685842514038,1.0822394741296648,0.893342425209994
sweep_turn_000,sweep_turn,train,0.002,1.0,0.004009890835732222,-23.96867561340332,-23.649702072143555,0.0039775696322715826,0.8815823397962959
sweep_turn_000,sweep_turn,train,0.004,1.0,0.01243612915277481,-19.05314826965332,-19.021141052246094,0.01224133860051202,0.8814521025269642
sweep_turn_000,sweep_turn,train,0.01,1.0,0.02721432037651539,-15.652026176452637,-16.090030670166016,0.023607278446815094,0.8810580282079172
sweep_turn_000,sweep_turn,train,0.02,1.0,0.02586655132472515,-15.872615814208984,-17.142784118652344,0.022847394336501736,0.8803988872314221
sweep_turn_000,sweep_turn,train,0.05,0.9999999403953552,0.025728696957230568,-15.89582347869873,-17.577165603637695,0.021818384769218824,0.8784137011170969
sweep_turn_000,sweep_turn,train,0.1,0.9999999403953552,0.027820894494652748,-15.556288719177246,-16.80878448486328,0.023789043319382586,0.8750495816711918
sweep_turn_000,sweep_turn,train,0.2,1.0,0.034943584352731705,-14.566326141357422,-15.40000057220459,0.029778767838195108,0.8681550140681793
sweep_turn_000,sweep_turn,train,0.5,1.0,0.08519584685564041,-10.695816040039062,-10.91120719909668,0.07280289052187072,0.8460056830735994
sweep_turn_001,sweep_turn,test,0.002,1.0,0.00490005174651742,-23.097993850708008,-25.416889190673828,0.00850989464230878,1.2609174337922013
sweep_turn_001,sweep_turn,test,0.004,1.0,0.01586216129362583,-17.996376037597656,-20.182130813598633,0.027624002906762257,1.2608048441834399
sweep_turn_001,sweep_turn,test,0.01,1.0,0.04175879806280136,-13.792520523071289,-16.38484764099121,0.0759353245956973,1.2604621483696974
sweep_turn_001,sweep_turn,test,0.02,1.0,0.02500966191291809,-16.018922805786133,-17.47174835205078,0.043495535200307245,1.2598903718098882
sweep_turn_001,sweep_turn,test,0.05,0.9999999403953552,0.042683668434619904,-13.697383880615234,-15.638022422790527,0.08188066509970326,1.2581430572245154
sweep_turn_001,sweep_turn,test,0.1,0.9999999403953552,0.06515585631132126,-11.860465049743652,-14.132596969604492,0.13680576542645895,1.2552526724975905
sweep_turn_001,sweep_turn,test,0.2,1.0,0.13313457369804382,-8.757091522216797,-12.247421264648438,0.30956791116904014,1.2495402428903617
sweep_turn_001,sweep_turn,test,0.5,1.0,0.44214341044425964,-3.5443685054779053,-6.928900718688965,0.9292077814243385,1.232179770966468
sweep_turn_002,sweep_turn,train,0.002,1.0,0.003029664745554328,-25.186054229736328,-25.856924057006836,0.0007164725556049745,0.218093428586144
sweep_turn_002,sweep_turn,train,0.004,1.0,0.009069954045116901,-20.423948287963867,-21.942462921142578,0.0021885452342432776,0.21801285129913595
sweep_turn_002,sweep_turn,train,0.01,1.0,0.028880754485726357,-15.393915176391602,-17.429168701171875,0.006832791579259201,0.21777153274888406
sweep_turn_002,sweep_turn,train,0.02,1.0,0.022370489314198494,-16.503246307373047,-21.370712280273438,0.005014629659501502,0.21737018554267706
sweep_turn_002,sweep_turn,train,0.05,0.9999999403953552,0.02349020354449749,-16.291133880615234,-18.354787826538086,0.005272642768034075,0.21617169935780112
sweep_turn_002,sweep_turn,train,0.1,0.9999999403953552,0.027540849521756172,-15.600227355957031,-17.5674991607666,0.0060418027772044525,0.21419637486542342
sweep_turn_002,sweep_turn,train,0.2,1.0,0.03946571424603462,-14.037800788879395,-14.976595878601074,0.00833445652114051,0.2103217154435697
sweep_turn_002,sweep_turn,train,0.5,1.0,0.10785801708698273,-9.671476364135742,-9.656704902648926,0.021181065403084176,0.19929771179886302
sweep_turn_003,sweep_turn,train,0.002,1.0,0.0010184296406805515,-29.920690536499023,-43.16569900512695,0.00031636160600695407,0.3629077655641595
sweep_turn_003,sweep_turn,train,0.004,1.0,0.003610176732763648,-24.42471694946289,-39.0839729309082,0.0011213783097980268,0.36282740111346357
sweep_turn_003,sweep_turn,train,0.01,1.0,0.009773935191333294,-20.099306106567383,-37.42282485961914,0.0030392235610989804,0.3625832160032587
sweep_turn_003,sweep_turn,train,0.02,1.0,0.0008855988271534443,-30.527629852294922,-33.92893600463867,0.00026939527097979976,0.36217367382050725
sweep_turn_003,sweep_turn,train,0.05,0.9999999403953552,0.009384188801050186,-20.276031494140625,-32.96382522583008,0.0028864252804314816,0.3609560006952961
sweep_turn_003,sweep_turn,train,0.1,0.9999999403953552,0.005987071897834539,-22.227855682373047,-29.493030548095703,0.001815738044861348,0.358932926581474
sweep_turn_003,sweep_turn,train,0.2,1.0,0.011865326203405857,-19.257204055786133,-24.818180084228516,0.003571930809478374,0.3549370534528862
sweep_turn_003,sweep_turn,train,0.5,1.0,0.04190054535865784,-13.777804374694824,-17.619773864746094,0.012016775186339146,0.3432586907292716
sweep_turn_004,sweep_turn,train,0.002,1.0,0.008000475354492664,-20.968841552734375,-26.97039031982422,0.00893868696687683,1.0916273384355009
sweep_turn_004,sweep_turn,train,0.004,1.0,0.023755153641104698,-16.24242401123047,-22.382160186767578,0.027315025115193237,1.0914993080077693
sweep_turn_004,sweep_turn,train,0.01,1.0,0.04073354974389076,-13.90047836303711,-17.674917221069336,0.051649702677963205,1.0911176132503897
sweep_turn_004,sweep_turn,train,0.02,1.0,0.03201184421777725,-14.946893692016602,-17.516496658325195,0.04054105237341332,1.0904813951492542
sweep_turn_004,sweep_turn,train,0.05,0.9999999403953552,0.0431399792432785,-13.651200294494629,-15.769296646118164,0.052962871576070825,1.088562482749694
sweep_turn_004,sweep_turn,train,0.1,0.9999999403953552,0.050738878548145294,-12.9465913772583,-14.814905166625977,0.06425362794385592,1.085338977354695
sweep_turn_004,sweep_turn,train,0.2,1.0,0.09498269110918045,-10.223555564880371,-10.67344856262207,0.12335786043630037,1.078795025125146
sweep_turn_004,sweep_turn,train,0.5,1.0,0.37116631865501404,-4.304314613342285,-4.705801486968994,0.47359388279255654,1.0582571126578841
sweep_turn_005,sweep_turn,train,0.002,1.0,0.0015602654311805964,-28.068016052246094,-33.31139373779297,0.00033837226863178693,0.22864164046404767
sweep_turn_005,sweep_turn,train,0.004,1.0,0.005049469880759716,-22.967544555664062,-27.64508056640625,0.0010931896489615456,0.22860677496282733
sweep_turn_005,sweep_turn,train,0.01,1.0,0.021087607368826866,-16.759727478027344,-21.889156341552734,0.0043638996005948005,0.22850244974324596
sweep_turn_005,sweep_turn,train,0.02,1.0,0.03200193867087364,-14.948238372802734,-18.879634857177734,0.005890533045050272,0.22832916263723746
sweep_turn_005,sweep_turn,train,0.05,0.9999999403953552,0.02707500569522381,-15.674314498901367,-22.68426513671875,0.004859950985341754,0.22781122614469496
sweep_turn_005,sweep_turn,train,0.1,0.9999999403953552,0.029895886778831482,-15.243885040283203,-20.076427459716797,0.005568134296204619,0.22695238264350337
sweep_turn_005,sweep_turn,train,0.2,1.0,0.035287775099277496,-14.523757934570312,-16.6649227142334,0.0072370612184329275,0.2252512363884307
sweep_turn_005,sweep_turn,train,0.5,1.0,0.08008377254009247,-10.964554786682129,-10.943477630615234,0.018523563869933923,0.2202435310027795
sweep_turn_006,sweep_turn,train,0.002,1.0,0.00541041512042284,-22.667694091796875,-38.59817123413086,0.004379227288317078,0.4846242302628525
sweep_turn_006,sweep_turn,train,0.004,1.0,0.013763141818344593,-18.612825393676758,-34.097286224365234,0.010953320308274783,0.48441479192479164
sweep_turn_006,sweep_turn,train,0.01,1.0,0.018207408487796783,-17.397518157958984,-28.0115966796875,0.012816298001617543,0.48378418742868234
sweep_turn_006,sweep_turn,train,0.02,1.0,0.013356152921915054,-18.743186950683594,-28.155088424682617,0.010404767993627217,0.48273421491103363
sweep_turn_006,sweep_turn,train,0.05,0.9999999403953552,0.0189527440816164,-17.22327995300293,-22.788719177246094,0.012544249569945265,0.4795832842537493
sweep_turn_006,sweep_turn,train,0.1,0.9999999403953552,0.024237383157014847,-16.15514373779297,-19.609405517578125,0.016081561198504346,0.4742596182950365
sweep_turn_006,sweep_turn,train,0.2,1.0,0.043161094188690186,-13.649076461791992,-16.53314208984375,0.02739350198800139,0.4635746671301604
sweep_turn_006,sweep_turn,train,0.5,1.0,0.16553807258605957,-7.811021327972412,-10.343021392822266,0.09555685443228867,0.43103204715953325
sweep_turn_007,sweep_turn,train,0.002,1.0,0.0009842866566032171,-30.06878662109375,-33.571327209472656,0.0005790697737300121,0.46581363301811507
sweep_turn_007,sweep_turn,train,0.004,1.0,0.0035808044485747814,-24.460193634033203,-27.95343017578125,0.0021325900492525918,0.46570611482457025
sweep_turn_007,sweep_turn,train,0.01,1.0,0.01610175520181656,-17.9312686920166,-22.504289627075195,0.00970210790345405,0.4653837907317211
sweep_turn_007,sweep_turn,train,0.02,1.0,0.03029603511095047,-15.186142921447754,-21.019920349121094,0.016865556449474184,0.4648480976029532
sweep_turn_007,sweep_turn,train,0.05,0.9999999403953552,0.037356939166784286,-14.276287078857422,-19.960514068603516,0.019810139843286834,0.4632500810912461
sweep_turn_007,sweep_turn,train,0.1,0.9999999403953552,0.03782005235552788,-14.222779273986816,-17.06256675720215,0.019460235448377716,0.46061580407695146
sweep_turn_007,sweep_turn,train,0.2,1.0,0.07204698026180267,-11.423843383789062,-12.71182632446289,0.03382412208372898,0.455455858631467
sweep_turn_007,sweep_turn,train,0.5,1.0,0.2685938775539398,-5.709038734436035,-5.540307998657227,0.1153675036784989,0.4406484307255596
sweep_turn_008,sweep_turn,train,0.002,1.0,0.05996647849678993,-12.220915794372559,-18.63924217224121,0.0082749470899941,0.22907333281318643
sweep_turn_008,sweep_turn,train,0.004,1.0,0.08331689983606339,-10.792669296264648,-15.026391983032227,0.016052537503417952,0.22906707464744613
sweep_turn_008,sweep_turn,train,0.01,1.0,0.11659025400876999,-9.333377838134766,-12.488428115844727,0.025048128152622695,0.2290476687599039
sweep_turn_008,sweep_turn,train,0.02,1.0,0.15409697592258453,-8.122058868408203,-10.173036575317383,0.03150683106110819,0.22901420235666592
sweep_turn_008,sweep_turn,train,0.05,0.9999999403953552,0.159220889210701,-7.979999542236328,-9.596166610717773,0.031706964879099075,0.22886978002952674
sweep_turn_008,sweep_turn,train,0.1,0.9999999403953552,0.1614459753036499,-7.919727325439453,-9.274266242980957,0.032120341400968755,0.22853071437293693
sweep_turn_008,sweep_turn,train,0.2,1.0,0.21702855825424194,-6.634831428527832,-8.294217109680176,0.04135117213178319,0.22784150818824855
sweep_turn_008,sweep_turn,train,0.5,1.0,0.3380263149738312,-4.7104949951171875,-6.1821136474609375,0.0637335540109234,0.2216923373607642
sweep_turn_009,sweep_turn,test,0.002,1.0,0.0112020093947649,-19.507041931152344,-35.82369613647461,0.00806755415966437,0.638102936805808
sweep_turn_009,sweep_turn,test,0.004,1.0,0.01922825165092945,-17.160602569580078,-34.099124908447266,0.013647943881371694,0.6376207065914059
sweep_turn_009,sweep_turn,test,0.01,1.0,0.016164030879735947,-17.91450309753418,-31.518936157226562,0.016886842794824997,0.6361729928321438
sweep_turn_009,sweep_turn,test,0.02,1.0,0.018876705318689346,-17.240737915039062,-30.936079025268555,0.014215394188023645,0.6337719641887816
sweep_turn_009,sweep_turn,test,0.05,0.9999999403953552,0.015833981335163116,-18.004098892211914,-24.997739791870117,0.010481469875577076,0.626695901461062
sweep_turn_009,sweep_turn,test,0.1,0.9999999403953552,0.01975964568555355,-17.04220962524414,-19.976367950439453,0.015492697158469682,0.6153611836343771
sweep_turn_009,sweep_turn,test,0.2,1.0,0.03528274968266487,-14.524375915527344,-15.248026847839355,0.02482077379123382,0.5942380598717136
sweep_turn_009,sweep_turn,test,0.5,1.0,0.12361031025648117,-9.079452514648438,-10.028898239135742,0.07514962199414299,0.5417881508037681
sweep_turn_010,sweep_turn,val,0.002,1.0,0.002031651558354497,-26.9215087890625,-29.812496185302734,0.0004775102614535953,0.25360488400474424
sweep_turn_010,sweep_turn,val,0.004,1.0,0.007323842495679855,-21.352611541748047,-24.775569915771484,0.001657911350747554,0.2534609442736837
sweep_turn_010,sweep_turn,val,0.01,1.0,0.0347549244761467,-14.589838027954102,-17.716609954833984,0.007623392902786463,0.25302916781947715
sweep_turn_010,sweep_turn,val,0.02,1.0,0.06409546732902527,-11.931726455688477,-12.607267379760742,0.013730387137265154,0.25231437838374404
sweep_turn_010,sweep_turn,val,0.05,0.9999999403953552,0.07656478136777878,-11.159709930419922,-10.174368858337402,0.01666285488283492,0.2501907526238938
sweep_turn_010,sweep_turn,val,0.1,0.9999999403953552,0.05679198354482651,-12.457130432128906,-13.604239463806152,0.012566748981598153,0.24672791256307391
sweep_turn_010,sweep_turn,val,0.2,1.0,0.0798577293753624,-10.97683048248291,-11.514299392700195,0.01793800788527733,0.24007479711872293
sweep_turn_010,sweep_turn,val,0.5,1.0,0.1636635810136795,-7.860479354858398,-7.616692066192627,0.037405540906547685,0.22210433014697628
sweep_turn_011,sweep_turn,train,0.002,1.0,0.0009001658181659877,-30.456775665283203,-35.809715270996094,0.0009320367315144296,0.622255166847026
sweep_turn_011,sweep_turn,train,0.004,1.0,0.002713750349357724,-25.664302825927734,-31.4774169921875,0.002988265386119515,0.622141201987688
sweep_turn_011,sweep_turn,train,0.01,1.0,0.006964890751987696,-21.57085609436035,-25.25421905517578,0.007146129991923544,0.6217993990794639
sweep_turn_011,sweep_turn,train,0.02,1.0,0.008904525078833103,-20.50389289855957,-20.995437622070312,0.006292810637468449,0.6212299071266898
sweep_turn_011,sweep_turn,train,0.05,0.9999999403953552,0.03162885457277298,-14.999165534973145,-15.280858039855957,0.02073223495042953,0.6195271220785799
sweep_turn_011,sweep_turn,train,0.1,0.9999999403953552,0.06355056166648865,-11.968807220458984,-12.558691024780273,0.04781994535412082,0.6167225296230754
sweep_turn_011,sweep_turn,train,0.2,1.0,0.13795225322246552,-8.602712631225586,-10.480456352233887,0.1300200101742348,0.611239449128334
sweep_turn_011,sweep_turn,train,0.5,1.0,0.5586435794830322,-2.5286519527435303,-4.718588829040527,0.4995709783770508,0.5955894206126686
sweep_turn_012,sweep_turn,val,0.002,1.0,0.12728336453437805,-8.952282905578613,-12.397823333740234,0.0401288761879357,0.5001749629736878
sweep_turn_012,sweep_turn,val,0.004,1.0,0.1270325779914856,-8.96084976196289,-14.721732139587402,0.03497445492061502,0.4999618769506924
sweep_turn_012,sweep_turn,val,0.01,1.0,0.19725778698921204,-7.049658298492432,-11.363630294799805,0.05706275936045735,0.4993170533271041
sweep_turn_012,sweep_turn,val,0.02,1.0,0.19136101007461548,-7.1814656257629395,-10.380203247070312,0.05730986782181624,0.49823900988849346
sweep_turn_012,sweep_turn,val,0.05,0.9999999403953552,0.18907545506954193,-7.233648777008057,-10.449628829956055,0.05728457327858649,0.4949679987039417
sweep_turn_012,sweep_turn,val,0.1,0.9999999403953552,0.19567611813545227,-7.084622383117676,-10.360003471374512,0.061787999313764885,0.48938196399831213
sweep_turn_012,sweep_turn,val,0.2,1.0,0.22053399682044983,-6.565244197845459,-8.958111763000488,0.07781103918000554,0.47772444738075137
sweep_turn_012,sweep_turn,val,0.5,1.0,0.37684592604637146,-4.238361835479736,-6.2910003662109375,0.1760554305401456,0.4392235320992768
sweep_turn_013,sweep_turn,train,0.002,1.0,0.004204053897410631,-23.763317108154297,-34.29112243652344,0.002421047913021168,0.6370838795701275
sweep_turn_013,sweep_turn,train,0.004,1.0,0.014237619936466217,-18.465627670288086,-29.465028762817383,0.00826808803640866,0.6369353693589801
sweep_turn_013,sweep_turn,train,0.01,1.0,0.028864864259958267,-15.396305084228516,-28.05219841003418,0.019317848594478715,0.6364904397632927
sweep_turn_013,sweep_turn,train,0.02,1.0,0.02406967245042324,-16.185298919677734,-27.38783073425293,0.015163683452968257,0.6357527514337562
sweep_turn_013,sweep_turn,train,0.05,0.9999999403953552,0.029079575091600418,-15.364120483398438,-24.247644424438477,0.02007782374509759,0.633560877511627
sweep_turn_013,sweep_turn,train,0.1,0.9999999403953552,0.03113977424800396,-15.066844940185547,-20.09723663330078,0.024559387574029756,0.6299769977777032
sweep_turn_013,sweep_turn,train,0.2,1.0,0.06421629339456558,-11.923547744750977,-14.519123077392578,0.05043696761015326,0.6230118444364052
sweep_turn_013,sweep_turn,train,0.5,1.0,0.2404916137456894,-6.189000606536865,-7.149448394775391,0.17352834326584343,0.6036167485290207
sweep_turn_014,sweep_turn,train,0.002,1.0,0.04255770146846771,-13.71021842956543,-20.837421417236328,0.0440673578653038,1.6170321648969548
sweep_turn_014,sweep_turn,train,0.004,1.0,0.058982979506254196,-12.292733192443848,-15.208498001098633,0.06455721301999451,1.6168892858695472
sweep_turn_014,sweep_turn,train,0.01,1.0,0.06622035056352615,-11.790085792541504,-11.906373977661133,0.09884977692607144,1.6164580732729519
sweep_turn_014,sweep_turn,train,0.02,1.0,0.06135380640625954,-12.121585845947266,-12.906494140625,0.08904444360587505,1.6157371145382058
sweep_turn_014,sweep_turn,train,0.05,0.9999999403953552,0.0574558861553669,-12.406655311584473,-13.292384147644043,0.08713962003908193,1.6133823030322674
sweep_turn_014,sweep_turn,train,0.1,0.9999999403953552,0.07467182725667953,-11.2684326171875,-11.804954528808594,0.11476328679407288,1.6094808745547198
sweep_turn_014,sweep_turn,train,0.2,1.0,0.11298173666000366,-9.469918251037598,-9.660730361938477,0.1881962364739138,1.6013127240585163
sweep_turn_014,sweep_turn,train,0.5,1.0,0.4020087420940399,-3.9576454162597656,-4.173806667327881,0.6841413834026753,1.575424398863106
sweep_turn_015,sweep_turn,train,0.002,1.0,0.03676740452647209,-14.345370292663574,-21.070491790771484,0.016892162883642925,0.38891515228533535
sweep_turn_015,sweep_turn,train,0.004,1.0,0.03276972472667694,-14.845272064208984,-17.320892333984375,0.012303704562119933,0.38869091617743834
sweep_turn_015,sweep_turn,train,0.01,1.0,0.06973353773355484,-11.565584182739258,-11.909952163696289,0.02370731927602776,0.38802541585391737
sweep_turn_015,sweep_turn,train,0.02,1.0,0.08037763088941574,-10.948648452758789,-10.97311019897461,0.027050922218336382,0.38690618768669083
sweep_turn_015,sweep_turn,train,0.05,0.9999999403953552,0.07263863831758499,-11.388322830200195,-12.52881908416748,0.02737133052934837,0.3835045806154085
sweep_turn_015,sweep_turn,train,0.1,0.9999999403953552,0.08046010136604309,-10.944193840026855,-11.556572914123535,0.03057884401604838,0.3777729291723517
sweep_turn_015,sweep_turn,train,0.2,1.0,0.104246586561203,-9.819381713867188,-10.038410186767578,0.04055419888817369,0.36643387240110314
sweep_turn_015,sweep_turn,train,0.5,1.0,0.21612994372844696,-6.652851104736328,-7.3105549812316895,0.08329577181439163,0.33420664445657167
sweep_turn_016,sweep_turn,test,0.002,1.0,0.022043099626898766,-16.56727409362793,-28.251667022705078,0.027026421435905945,1.5850706762867048
sweep_turn_016,sweep_turn,test,0.004,1.0,0.03437449410557747,-14.6376371383667,-23.125957489013672,0.04633020857961867,1.5848812451586127
sweep_turn_016,sweep_turn,test,0.01,1.0,0.036272380501031876,-14.404239654541016,-17.918842315673828,0.05047971464539103,1.5843160781514598
sweep_turn_016,sweep_turn,test,0.02,1.0,0.03834645077586174,-14.162749290466309,-15.913888931274414,0.05590749935473127,1.5833718884678092
sweep_turn_016,sweep_turn,test,0.05,0.9999999403953552,0.04552745819091797,-13.417266845703125,-15.88156509399414,0.06581471804787498,1.5805220457405085
sweep_turn_016,sweep_turn,test,0.1,0.9999999403953552,0.057994142174720764,-12.366159439086914,-14.045818328857422,0.08651344759925905,1.5757015864655841
sweep_turn_016,sweep_turn,test,0.2,1.0,0.10131946951150894,-9.943071365356445,-10.142455101013184,0.16085737201046868,1.5657855877943803
sweep_turn_016,sweep_turn,test,0.5,1.0,0.39492812752723694,-4.034819602966309,-3.694586753845215,0.641503804934473,1.5335817652667174
sweep_turn_017,sweep_turn,train,0.002,1.0,0.022168900817632675,-16.542558670043945,-21.822280883789062,0.016363735378738475,1.0111512367147952
sweep_turn_017,sweep_turn,train,0.004,1.0,0.012385603040456772,-19.070829391479492,-19.75412940979004,0.01268566397261206,1.0110579261963721
sweep_turn_017,sweep_turn,train,0.01,1.0,0.021358167752623558,-16.704360961914062,-18.839815139770508,0.019511199800131607,1.0107796708543901
sweep_turn_017,sweep_turn,train,0.02,1.0,0.029472211375832558,-15.305872917175293,-18.181243896484375,0.02545410621760258,1.0103117977196234
sweep_turn_017,sweep_turn,train,0.05,0.9999999403953552,0.038909364491701126,-14.099458694458008,-15.786620140075684,0.0343675052420096,1.0088757393168635
sweep_turn_017,sweep_turn,train,0.1,0.9999999403953552,0.05045761913061142,-12.970733642578125,-13.382954597473145,0.05104146273987453,1.0062767985582468
sweep_turn_017,sweep_turn,train,0.2,1.0,0.09140929579734802,-10.390096664428711,-11.075456619262695,0.11074955551907806,1.001088677199732
sweep_turn_017,sweep_turn,train,0.5,1.0,0.3718009889125824,-4.296894550323486,-6.355025291442871,0.4816934993123141,0.9837728499987861
sweep_turn_018,sweep_turn,val,0.002,1.0,0.030013127252459526,-15.226887702941895,-14.76473331451416,0.04974673811386765,2.1310415307525545
sweep_turn_018,sweep_turn,val,0.004,1.0,0.05600711330771446,-12.51756763458252,-13.245302200317383,0.09279792516356622,2.1290930551476777
sweep_turn_018,sweep_turn,val,0.01,1.0,0.05604471638798714,-12.514653205871582,-12.017583847045898,0.12618457985524856,2.123210231307894
sweep_turn_018,sweep_turn,val,0.02,1.0,0.05345243960618973,-12.720325469970703,-13.57746696472168,0.10858741583263054,2.1133296547923237
sweep_turn_018,sweep_turn,val,0.05,0.9999999403953552,0.08452454209327698,-10.730172157287598,-11.88035774230957,0.2515446540509174,2.0839058444835246
sweep_turn_018,sweep_turn,val,0.1,0.9999999403953552,0.14841234683990479,-8.285299301147461,-10.199501037597656,0.5631700152168833,2.0344411861151457
sweep_turn_018,sweep_turn,val,0.2,1.0,0.3766708970069885,-4.240379810333252,-6.401666641235352,1.370767422969493,1.9364653908414766
sweep_turn_018,sweep_turn,val,0.5,1.0,1.0546208620071411,0.2309635877609253,-0.4672778248786926,2.1500706443130184,1.6667825339827687
sweep_turn_019,sweep_turn,train,0.002,1.0,0.005312476772814989,-22.74703025817871,-27.26851463317871,0.009908020964019215,3.3287334063788876
sweep_turn_019,sweep_turn,train,0.004,1.0,0.013870375230908394,-18.579118728637695,-21.881515502929688,0.027197342106546785,3.3257022699108347
sweep_turn_019,sweep_turn,train,0.01,1.0,0.02349330671131611,-16.290557861328125,-19.438688278198242,0.04911440009539092,3.3166052642045543
sweep_turn_019,sweep_turn,train,0.02,1.0,0.04303461313247681,-13.661821365356445,-17.087574005126953,0.09565099858616577,3.301470836275257
sweep_turn_019,sweep_turn,train,0.05,0.9999999403953552,0.05682257562875748,-12.454791069030762,-12.689846992492676,0.18098139710741634,3.2571306423051283
sweep_turn_019,sweep_turn,train,0.1,0.9999999403953552,0.08818461745977402,-10.546072959899902,-10.798258781433105,0.3799112529309241,3.1862681932980195
sweep_turn_019,sweep_turn,train,0.2,1.0,0.15550465881824493,-8.082566261291504,-9.604357719421387,0.7814966003952577,3.04876801406499
sweep_turn_019,sweep_turn,train,0.5,1.0,0.5190291404724121,-2.8480827808380127,-5.513710021972656,2.157479171974046,2.687723503098823
uturn_000,uturn,train,0.002,1.0,0.07127450406551361,-11.470657348632812,-13.019203186035156,0.01633863649846301,0.31237030210922967
uturn_000,uturn,train,0.004,1.0,0.08782271295785904,-10.563931465148926,-13.52047061920166,0.017917643874163502,0.3122615534784927
uturn_000,uturn,train,0.01,1.0,0.1581750363111496,-8.008621215820312,-12.00318431854248,0.03167889911892807,0.3119356504512325
uturn_000,uturn,train,0.02,1.0,0.3187694251537323,-4.965233325958252,-12.427433013916016,0.06142762015228165,0.3113969287051077
uturn_000,uturn,train,0.05,0.9999999403953552,0.4545818567276001,-3.4238791465759277,-10.160881042480469,0.0772864766450283,0.3097982211083945
uturn_000,uturn,train,0.1,0.9999999403953552,0.5029444694519043,-2.984799861907959,-9.34569263458252,0.08852457110756973,0.3071635370843069
uturn_000,uturn,train,0.2,1.0,0.5906181931495667,-2.2869319915771484,-7.933637619018555,0.10585514900181181,0.3020072370973139
uturn_000,uturn,train,0.5,1.0,0.6561163067817688,-1.830191731452942,-5.666045665740967,0.1150283710865665,0.2879454832409465
uturn_001,uturn,train,0.002,1.0,0.0005174307734705508,-32.86147689819336,-41.07298278808594,0.0001368183831769315,0.2442393514465948
uturn_001,uturn,train,0.004,1.0,0.0015595527365803719,-28.06999969482422,-35.487327575683594,0.0004140601607959815,0.24416449962518527
uturn_001,uturn,train,0.01,1.0,0.0041709826327860355,-23.797616958618164,-28.614397048950195,0.0010749692474607553,0.24393975361817866
uturn_001,uturn,train,0.02,1.0,0.007371342275291681,-21.324535369873047,-25.043243408203125,0.0018743410295920526,0.24356475338936434
uturn_001,uturn,train,0.05,0.9999999403953552,0.014772975817322731,-18.305320739746094,-23.433961868286133,0.0037821238822122183,0.24244258180624456
uturn_001,uturn,train,0.1,0.9999999403953552,0.01857624016702175,-17.310422897338867,-21.343276977539062,0.004729421351932217,0.24057098008415778
uturn_001,uturn,train,0.2,1.0,0.038870710879564285,-14.103775024414062,-16.65319061279297,0.009833333276404232,0.23681727837902145
uturn_001,uturn,train,0.5,1.0,0.16507567465305328,-7.823169231414795,-9.371438980102539,0.03974726610438495,0.22549789533150033
uturn_002,uturn,train,0.002,1.0,0.2631255090236664,-5.798370838165283,-7.023093223571777,0.0407676501532436,0.20164870147800684
uturn_002,uturn,train,0.004,1.0,0.26447793841362,-5.7761054039001465,-6.823912620544434,0.04405158426018585,0.2015396078941194
uturn_002,uturn,train,0.01,1.0,0.22288857400417328,-6.519122123718262,-8.319559097290039,0.032126375890090486,0.2012541563317427
uturn_002,uturn,train,0.02,1.0,0.2241208553314209,-6.495177268981934,-8.4330472946167,0.033074353832510006,0.2007582011001432
uturn_002,uturn,train,0.05,0.9999999403953552,0.23701652884483337,-6.252213478088379,-7.903420925140381,0.03651554805096957,0.19933792817118956
uturn_002,uturn,train,0.1,0.9999999403953552,0.26102450489997864,-5.833187103271484,-6.96188497543335,0.04229407979440225,0.19723721608988853
uturn_002,uturn,train,0.2,1.0,0.29523274302482605,-5.2983551025390625,-6.338494300842285,0.047012030336262,0.19345105904449156
uturn_002,uturn,train,0.5,1.0,0.34719398617744446,-4.594277858734131,-5.763167381286621,0.05023999097915066,0.1818087580768406
uturn_003,uturn,train,0.002,1.0,0.0091323247179389,-20.394187927246094,-36.553070068359375,0.004393208388979719,0.4985209668375319
uturn_003,uturn,train,0.004,1.0,0.012269232422113419,-19.111825942993164,-33.34096145629883,0.005919552334689604,0.4984104298710008
uturn_003,uturn,train,0.01,1.0,0.012740246951580048,-18.948223114013672,-30.924137115478516,0.0061306572215928945,0.49807463359320536
uturn_003,uturn,train,0.02,1.0,0.017685361206531525,-17.523860931396484,-25.424907684326172,0.008292981944389766,0.49751029005710734
uturn_003,uturn,train,0.05,0.9999999403953552,0.035601597279310226,-14.485305786132812,-18.743976593017578,0.016893073639398182,0.4958269748240127
uturn_003,uturn,train,0.1,0.9999999403953552,0.026789793744683266,-15.720306396484375,-19.09926986694336,0.01368588480417543,0.4929924608950387
uturn_003,uturn,train,0.2,1.0,0.04668818414211273,-13.307931900024414,-14.420814514160156,0.022998963802419503,0.4871796907100361
uturn_003,uturn,train,0.5,1.0,0.16437041759490967,-7.841763973236084,-8.56753921508789,0.07533308738184274,0.46927167455578456
uturn_004,uturn,test,0.002,1.0,0.1270737200975418,-8.959442138671875,-10.537473678588867,0.04177647068528886,0.38247665767994476
uturn_004,uturn,test,0.004,1.0,0.13021087646484375,-8.853527069091797,-14.06793212890625,0.03838081147220107,0.3822807659380487
uturn_004,uturn,test,0.01,1.0,0.13601042330265045,-8.664278030395508,-11.322563171386719,0.0425476419348183,0.3816922892219736
uturn_004,uturn,test,0.02,1.0,0.1335180401802063,-8.744600296020508,-12.130770683288574,0.039942416272443104,0.3807204717086279
uturn_004,uturn,test,0.05,0.9999999403953552,0.13733921945095062,-8.622054100036621,-11.512938499450684,0.0422149430633203,0.37783867207326693
uturn_004,uturn,test,0.1,0.9999999403953552,0.14071406424045563,-8.51662540435791,-11.502915382385254,0.04309669423425788,0.3731719407442142
uturn_004,uturn,test,0.2,1.0,0.14973077178001404,-8.2468900680542,-10.632299423217773,0.04664857588263871,0.3641894740067073
uturn_004,uturn,test,0.5,1.0,0.21206143498420715,-6.735383033752441,-7.3708600997924805,0.06953662397224036,0.3397330762454658
uturn_005,uturn,train,0.002,1.0,0.030873456969857216,-15.104148864746094,-14.155679702758789,0.023931666799478002,1.064460669113032
uturn_005,uturn,train,0.004,1.0,0.03901141136884689,-14.088083267211914,-16.822101593017578,0.02539683385209024,1.0643721342421486
uturn_005,uturn,train,0.01,1.0,0.03109280951321125,-15.073400497436523,-15.877718925476074,0.025101023958157498,1.0640970189342625
uturn_005,uturn,train,0.02,1.0,0.0489986389875412,-13.098159790039062,-14.633243560791016,0.03738659126861421,1.0636557886391529
uturn_005,uturn,train,0.05,0.9999999403953552,0.055494651198387146,-12.557488441467285,-13.598154067993164,0.04921860388861887,1.062479246975272
uturn_005,uturn,train,0.1,0.9999999403953552,0.05814099311828613,-12.355175971984863,-13.455866813659668,0.04867085370085533,1.0602493953847443
uturn_005,uturn,train,0.2,1.0,0.08974163234233856,-10.470060348510742,-10.599574089050293,0.08339150070389678,1.0558676596629084
uturn_005,uturn,train,0.5,1.0,0.3074546456336975,-5.122189521789551,-5.112528324127197,0.29103755373000695,1.0412710230593802
uturn_006,uturn,train,0.002,1.0,0.0013158980291336775,-28.807777404785156,-40.220611572265625,0.0002034600235223021,0.1375647192053293
uturn_006,uturn,train,0.004,1.0,0.0038513881154358387,-24.143829345703125,-37.01785659790039,0.0005989918487889542,0.13751219574805873
uturn_006,uturn,train,0.01,1.0,0.01705266535282135,-17.682077407836914,-33.711082458496094,0.002644613938224162,0.13735470920255466
uturn_006,uturn,train,0.02,1.0,0.027519922703504562,-15.603528022766113,-30.420902252197266,0.004168663008148735,0.13709204951192078
uturn_006,uturn,train,0.05,0.9999999403953552,0.02573413960635662,-15.894904136657715,-24.658109664916992,0.003961617967061126,0.1363067843067256
uturn_006,uturn,train,0.1,0.9999999403953552,0.023178327828645706,-16.349180221557617,-20.74275779724121,0.003362627319071221,0.13501732171971526
uturn_006,uturn,train,0.2,1.0,0.030532091856002808,-15.152435302734375,-17.540081024169922,0.0044979171967896026,0.13252890319745347
uturn_006,uturn,train,0.5,1.0,0.0915418192744255,-10.383804321289062,-10.769587516784668,0.012948227067766549,0.12543490448115335
uturn_007,uturn,val,0.002,1.0,0.012077001854777336,-19.180410385131836,-20.645584106445312,0.026727124090761833,2.239834893072839
uturn_007,uturn,val,0.004,1.0,0.03147715702652931,-15.020045280456543,-18.123477935791016,0.0666915181047898,2.2396524583309656
uturn_007,uturn,val,0.01,1.0,0.04506014287471771,-13.462075233459473,-16.103755950927734,0.10537319020107816,2.2390957537281793
uturn_007,uturn,val,0.02,1.0,0.05316517874598503,-12.743728637695312,-14.464102745056152,0.1339314071845905,2.23816205674666
uturn_007,uturn,val,0.05,0.9999999403953552,0.05069372430443764,-12.950458526611328,-14.946547508239746,0.12047632424031463,2.2353325860458426
uturn_007,uturn,val,0.1,0.9999999403953552,0.07291979342699051,-11.371545791625977,-11.739492416381836,0.1666693706647493,2.2304674248589436
uturn_007,uturn,val,0.2,1.0,0.13814206421375275,-8.59674072265625,-9.087556838989258,0.30230161273198064,2.22019534278661
uturn_007,uturn,val,0.5,1.0,0.45702120661735535,-3.400636672973633,-5.321836948394775,0.921338447992639,2.184470710082678
uturn_008,uturn,train,0.002,1.0,0.004114978481084108,-23.856325149536133,-28.94261932373047,0.001348719372090107,0.3907308041889337
uturn_008,uturn,train,0.004,1.0,0.014354195445775986,-18.430212020874023,-23.961692810058594,0.004694208514336329,0.39065944088360993
uturn_008,uturn,train,0.01,1.0,0.04151659458875656,-13.81778335571289,-16.76729965209961,0.014024373857885797,0.39044682455278235
uturn_008,uturn,train,0.02,1.0,0.03155623748898506,-15.009147644042969,-17.676523208618164,0.011809928205401832,0.3900857222470222
uturn_008,uturn,train,0.05,0.9999999403953552,0.045748502016067505,-13.396230697631836,-14.043996810913086,0.01679158362881239,0.3889986713475082
uturn_008,uturn,train,0.1,0.9999999403953552,0.05346682667732239,-12.719155311584473,-13.1453218460083,0.019532867097883155,0.38717396229185397
uturn_008,uturn,train,0.2,1.0,0.08899366855621338,-10.50640869140625,-10.244028091430664,0.03271038571495666,0.3834290027007228
uturn_008,uturn,train,0.5,1.0,0.3357849419116974,-4.7393879890441895,-3.9130172729492188,0.12011849651558748,0.371544090055977
uturn_009,uturn,test,0.002,1.0,0.0025614777114242315,-25.915096282958984,-35.47468566894531,0.00149907575836572,0.6576379443722544
uturn_009,uturn,test,0.004,1.0,0.00780139397829771,-21.078277587890625,-31.044776916503906,0.004880437690239603,0.6575581897777738
uturn_009,uturn,test,0.01,1.0,0.02258172817528248,-16.46242904663086,-25.34684944152832,0.015476033032133074,0.6573228529887274
uturn_009,uturn,test,0.02,1.0,0.012524893507361412,-19.022260665893555,-22.63440704345703,0.008519372822632931,0.6569293061256758
uturn_009,uturn,test,0.05,0.9999999403953552,0.026944510638713837,-15.695297241210938,-19.09832000732422,0.01880856276028453,0.6557396857315325
uturn_009,uturn,test,0.1,0.9999999403953552,0.045837730169296265,-13.38776969909668,-14.626785278320312,0.03098425905881186,0.6537257134405081
uturn_009,uturn,test,0.2,1.0,0.10812569409608841,-9.660710334777832,-9.628442764282227,0.06779223591090044,0.6495491576206405
uturn_009,uturn,test,0.5,1.0,0.49384307861328125,-3.064110517501831,-2.6037940979003906,0.28815360981633376,0.6358719803683925
uturn_010,uturn,train,0.002,1.0,0.0042175655253231525,-23.74938201904297,-25.30707550048828,0.0074967556992433515,2.159230965975439
uturn_010,uturn,train,0.004,1.0,0.009369432926177979,-20.282867431640625,-20.01462745666504,0.018276620965700374,2.1589782610244583
uturn_010,uturn,train,0.01,1.0,0.021368298679590225,-16.702301025390625,-16.974313735961914,0.0480998719356478,2.158218825206859
uturn_010,uturn,train,0.02,1.0,0.04003584757447243,-13.975510597229004,-14.703203201293945,0.09192248525727109,2.156949396885466
uturn_010,uturn,train,0.05,0.9999999403953552,0.06814349442720413,-11.665756225585938,-13.595331192016602,0.1661060077333616,2.1531090989301447
uturn_010,uturn,train,0.1,0.9999999403953552,0.06770586222410202,-11.693737030029297,-13.271498680114746,0.16357136986175647,2.146602234832244
uturn_010,uturn,train,0.2,1.0,0.09287980198860168,-10.32078742980957,-11.412408828735352,0.21474943258272106,2.1331922069657594
uturn_010,uturn,train,0.5,1.0,0.22631922364234924,-6.452785491943359,-6.334136962890625,0.4718825073323387,2.089332134084543
uturn_011,uturn,train,0.002,1.0,0.036703966557979584,-14.352869987487793,-14.490255355834961,0.07883648442043034,2.1571263434598222
uturn_011,uturn,train,0.004,1.0,0.039541326463222504,-14.029487609863281,-15.11231803894043,0.0799837843299751,2.156774852453964
uturn_011,uturn,train,0.01,1.0,0.05400528758764267,-12.675637245178223,-13.85205364227295,0.12802324884267335,2.1557146691775415
uturn_011,uturn,train,0.02,1.0,0.05933983623981476,-12.266536712646484,-13.354988098144531,0.13905441142983221,2.153936160961166
uturn_011,uturn,train,0.05,0.9999999403953552,0.06815701723098755,-11.664895057678223,-12.340461730957031,0.16191739065669708,2.148512394167483
uturn_011,uturn,train,0.1,0.9999999403953552,0.0929349809885025,-10.318207740783691,-10.768238067626953,0.22484477299082073,2.139166897890391
uturn_011,uturn,train,0.2,1.0,0.18727615475654602,-7.27517557144165,-8.254335403442383,0.46210218664504055,2.1192566445097327
uturn_011,uturn,train,0.5,1.0,0.6934233903884888,-1.590015172958374,-2.3707351684570312,1.6420830398108137,2.0490393014624715
uturn_012,uturn,train,0.002,1.0,0.0013170457677915692,-28.803993225097656,-33.588600158691406,0.0016018817609031455,1.2773674849595409
uturn_012,uturn,train,0.004,1.0,0.005065539851784706,-22.95374298095703,-28.016111373901367,0.006171192579730089,1.2771315854188288
uturn_012,uturn,train,0.01,1.0,0.02505219727754593,-16.01154136657715,-20.484298706054688,0.03075623795510296,1.2764229958556825
uturn_012,uturn,train,0.02,1.0,0.045428548008203506,-13.426712036132812,-16.43010139465332,0.057601891483315626,1.2752317532576853
uturn_012,uturn,train,0.05,0.9999999403953552,0.052330948412418365,-12.812414169311523,-13.952926635742188,0.06789068526649089,1.2716443855169928
uturn_012,uturn,train,0.1,0.9999999403953552,0.0668339729309082,-11.75002670288086,-12.114852905273438,0.08636145791354011,1.2655933066998841
uturn_012,uturn,train,0.2,1.0,0.10267441719770432,-9.885376930236816,-9.971952438354492,0.1274287354609669,1.2532115106732817
uturn_012,uturn,train,0.5,1.0,0.3386795222759247,-4.702110767364502,-4.526486873626709,0.3948297957142586,1.2136566482804483
uturn_013,uturn,train,0.002,1.0,0.0007554301409982145,-31.218059539794922,-31.389419555664062,0.0003154090513712085,0.4079986647993792
uturn_013,uturn,train,0.004,1.0,0.002329073613509536,-26.328166961669922,-26.20542335510254,0.000973841453260571,0.40786655762349255
uturn_013,uturn,train,0.01,1.0,0.006489438470453024,-21.877927780151367,-23.455677032470703,0.00252698600568102,0.40747045366151724
uturn_013,uturn,train,0.02,1.0,0.009041426703333855,-20.437631607055664,-22.150226593017578,0.0034530429658912176,0.4068108893552562
uturn_013,uturn,train,0.05,0.9999999403953552,0.008981824852526188,-20.466354370117188,-21.102380752563477,0.0035562710819867505,0.4048376060964074
uturn_013,uturn,train,0.1,0.9999999403953552,0.014914707280695438,-18.263853073120117,-18.208505630493164,0.006302242073594755,0.4015664631733671
uturn_013,uturn,train,0.2,1.0,0.03662499412894249,-14.362225532531738,-14.487836837768555,0.016316947058797382,0.3950893652945524
uturn_013,uturn,train,0.5,1.0,0.17177022993564606,-7.650521278381348,-8.493877410888672,0.07470671952839325,0.37625348604342435
uturn_014,uturn,train,0.002,1.0,0.004641351755708456,-23.33355712890625,-24.549903869628906,0.006326378591576993,0.9518943859438878
uturn_014,uturn,train,0.004,1.0,0.01695523038506508,-17.70696449279785,-18.697050094604492,0.0228928323476984,0.9513654588663485
uturn_014,uturn,train,0.01,1.0,0.05898493155837059,-12.29258918762207,-11.701703071594238,0.07358403123509927,0.9497847907186951
uturn_014,uturn,train,0.02,1.0,0.0354078933596611,-14.508999824523926,-24.224990844726562,0.032082402407554556,0.9471682545554359
uturn_014,uturn,train,0.05,0.9999999403953552,0.04096997156739235,-13.875343322753906,-17.40024185180664,0.04858635972999359,0.9394230629841331
uturn_014,uturn,train,0.1,0.9999999403953552,0.03848845139145851,-14.146696090698242,-18.859960556030273,0.043358736595299874,0.9268346398312133
uturn_014,uturn,train,0.2,1.0,0.03892938420176506,-14.097225189208984,-17.04607391357422,0.04387455452735978,0.9029319437686354
uturn_014,uturn,train,0.5,1.0,0.05425785854458809,-12.655373573303223,-13.972330093383789,0.058446779513209535,0.8397591063403524
uturn_015,uturn,val,0.002,1.0,0.0006989561370573938,-31.55550193786621,-33.306129455566406,0.00024154180927737912,0.3713595831868588
uturn_015,uturn,val,0.004,1.0,0.0024719801731407642,-26.069549560546875,-27.906421661376953,0.0008469249178045812,0.37130253783107037
uturn_015,uturn,val,0.01,1.0,0.012563619762659073,-19.008852005004883,-20.479286193847656,0.004331201770527038,0.3711318455389119
uturn_015,uturn,val,0.02,1.0,0.03649795800447464,-14.377315521240234,-15.139238357543945,0.012452690729745086,0.3708481585854315
uturn_015,uturn,val,0.05,0.9999999403953552,0.04308810085058212,-13.656426429748535,-16.323596954345703,0.013395585922623354,0.369994320859405
uturn_015,uturn,val,0.1,0.9999999403953552,0.03480847552418709,-14.583149909973145,-16.654727935791016,0.0116161381818074,0.36852461883609067
uturn_015,uturn,val,0.2,1.0,0.04602506756782532,-13.37005615234375,-13.943830490112305,0.01551950217405107,0.365567777040269
uturn_015,uturn,val,0.5,1.0,0.07287643849849701,-11.374129295349121,-11.56706714630127,0.023339169058772313,0.3562142470254912
uturn_016,uturn,val,0.002,1.0,0.0007795212441124022,-31.081722259521484,-36.82326889038086,0.0004050909658734683,0.4261699541384587
uturn_016,uturn,val,0.004,1.0,0.0026950379833579063,-25.694353103637695,-31.752197265625,0.0014002497221086707,0.4259826840716414
uturn_016,uturn,val,0.01,1.0,0.008322462439537048,-20.797481536865234,-26.715003967285156,0.004260272321631231,0.42542224944918416
uturn_016,uturn,val,0.02,1.0,0.0025727723259478807,-25.89598846435547,-26.626991271972656,0.0012369804513365779,0.4244914415467065
uturn_016,uturn,val,0.05,0.9999999403953552,0.008712779730558395,-20.598432540893555,-25.153610229492188,0.004911302616104285,0.42172606736130547
uturn_016,uturn,val,0.1,0.9999999403953552,0.01816253922879696,-17.408235549926758,-22.16156768798828,0.010736798658455005,0.4171768129890552
uturn_016,uturn,val,0.2,1.0,0.051974885165691376,-12.84206485748291,-17.487152099609375,0.03133911761377384,0.40833145231590606
uturn_016,uturn,val,0.5,1.0,0.23576726019382477,-6.27516508102417,-10.405077934265137,0.12785196037620494,0.3838240024051629
uturn_017,uturn,train,0.002,1.0,0.014329347759485245,-18.43773651123047,-18.97715950012207,0.025721759152389723,2.6197385070845485
uturn_017,uturn,train,0.004,1.0,0.013649321161210537,-18.648889541625977,-20.752254486083984,0.03447755523868068,2.619473950646352
uturn_017,uturn,train,0.01,1.0,0.03548390045762062,-14.499687194824219,-17.042924880981445,0.09318980363400442,2.618657077138778
uturn_017,uturn,train,0.02,1.0,0.03872942179441452,-14.119588851928711,-14.84902286529541,0.10755864022212336,2.6172983783471864
uturn_017,uturn,train,0.05,0.9999999403953552,0.055105917155742645,-12.588018417358398,-13.172293663024902,0.15553153485052462,2.6131575881736353
uturn_017,uturn,train,0.1,0.9999999403953552,0.06786376982927322,-11.68362045288086,-12.199334144592285,0.18034253888208696,2.60595539122005
uturn_017,uturn,train,0.2,1.0,0.16375978291034698,-7.8579277992248535,-8.22510051727295,0.4261535155774254,2.591139213182032
uturn_017,uturn,train,0.5,1.0,0.6864466071128845,-1.6339324712753296,-1.4209229946136475,1.7005719806566049,2.540801759576425
uturn_018,uturn,train,0.002,1.0,0.04404856264591217,-13.56068229675293,-15.930595397949219,0.015388224424155439,0.4270087586082809
uturn_018,uturn,train,0.004,1.0,0.07097648829221725,-11.488856315612793,-11.961651802062988,0.027334880878282064,0.4268964517286804
uturn_018,uturn,train,0.01,1.0,0.07456839084625244,-11.274452209472656,-12.30363655090332,0.030857734095722122,0.42671415688528214
uturn_018,uturn,train,0.02,1.0,0.07301731407642365,-11.365741729736328,-12.322690963745117,0.030054963797141454,0.4263972998596728
uturn_018,uturn,train,0.05,0.9999999403953552,0.07904339581727982,-11.021345138549805,-11.824592590332031,0.032627565797724856,0.42543700130772777
uturn_018,uturn,train,0.1,0.9999999403953552,0.08485039323568344,-10.713461875915527,-11.605502128601074,0.03513916098552272,0.42397331532629323
uturn_018,uturn,train,0.2,1.0,0.13120806217193604,-8.820395469665527,-9.158685684204102,0.05288295635136819,0.4209962546447059
uturn_018,uturn,train,0.5,1.0,0.4023340344429016,-3.954132556915283,-3.732361316680908,0.15336639503539118,0.41145117283667787
uturn_019,uturn,test,0.002,1.0,0.005250432062894106,-22.798049926757812,-27.906034469604492,0.00519098173793444,0.698743192202528
uturn_019,uturn,test,0.004,1.0,0.012397270649671555,-19.06673812866211,-23.510570526123047,0.009748983386937471,0.698209012116422
uturn_019,uturn,test,0.01,1.0,0.029988516122102737,-15.230450630187988,-19.08539581298828,0.019866950587125398,0.6966177722933935
uturn_019,uturn,test,0.02,1.0,0.02237733267247677,-16.501916885375977,-22.069473266601562,0.01365806953332882,0.693973590634414
uturn_019,uturn,test,0.05,0.9999999403953552,0.03374619781970978,-14.717752456665039,-17.12491798400879,0.025868819286028355,0.6861257720884169
uturn_019,uturn,test,0.1,0.9999999403953552,0.05347659811377525,-12.718362808227539,-14.683769226074219,0.05132733383414223,0.6733032479096437
uturn_019,uturn,test,0.2,1.0,0.13758057355880737,-8.614429473876953,-11.229642868041992,0.1444025112250351,0.648638370927074
uturn_019,uturn,test,0.5,1.0,0.4956083297729492,-3.048614263534546,-8.224076271057129,0.4586380448551637,0.5833948378131026
climb_descent_000,climb_descent,train,0.002,1.0,0.012425131164491177,-19.056991577148438,-19.81906509399414,0.024516336786240878,1.7807476705638692
climb_descent_000,climb_descent,train,0.004,1.0,0.03337043523788452,-14.766382217407227,-15.029928207397461,0.06783083607533591,1.780434611486271
climb_descent_000,climb_descent,train,0.01,1.0,0.03632713854312897,-14.397688865661621,-16.636137008666992,0.07481697570104018,1.7794958036975004
climb_descent_000,climb_descent,train,0.02,1.0,0.05168711394071579,-12.866177558898926,-13.444192886352539,0.09211281752521927,1.7779295029467903
climb_descent_000,climb_descent,train,0.05,0.9999999403953552,0.05310773104429245,-12.748422622680664,-13.924320220947266,0.09473870893182834,1.7732077830296475
climb_descent_000,climb_descent,train,0.1,0.9999999403953552,0.073160819709301,-11.357213973999023,-11.968893051147461,0.1333280242596402,1.7652800549403764
climb_descent_000,climb_descent,train,0.2,1.0,0.12002607434988022,-9.207244873046875,-9.62104606628418,0.23695604198655928,1.7491871221282054
climb_descent_000,climb_descent,train,0.5,1.0,0.479316771030426,-3.1937739849090576,-4.06917142868042,0.9445816278512211,1.6989273992367089
climb_descent_001,climb_descent,val,0.002,1.0,0.004307259805500507,-23.657989501953125,-25.403499603271484,0.0053019717842763825,1.4332625341776293
climb_descent_001,climb_descent,val,0.004,1.0,0.014355077408254147,-18.42994499206543,-20.419939041137695,0.017627842608461064,1.4330668701441027
climb_descent_001,climb_descent,val,0.01,1.0,0.03400123491883278,-14.685052871704102,-16.118562698364258,0.04397317160364933,1.4324787695222767
climb_descent_001,climb_descent,val,0.02,1.0,0.030388107523322105,-15.17296314239502,-17.385543823242188,0.03950646898730348,1.4314959970652126
climb_descent_001,climb_descent,val,0.05,0.9999999403953552,0.03917849063873291,-14.069522857666016,-14.56809139251709,0.05787851575762204,1.4285260177130112
climb_descent_001,climb_descent,val,0.1,0.9999999403953552,0.07021670788526535,-11.535595893859863,-11.579036712646484,0.11211171228970329,1.423503032507142
climb_descent_001,climb_descent,val,0.2,1.0,0.16238509118556976,-7.894538879394531,-8.682965278625488,0.28865270482890537,1.4131764083576854
climb_descent_001,climb_descent,val,0.5,1.0,0.7019346952438354,-1.5370330810546875,-2.693917989730835,1.2315227951385168,1.3797780830354895
climb_descent_002,climb_descent,train,0.002,1.0,0.0020648895297199488,-26.85103416442871,-34.233009338378906,0.0006165316178325941,0.332255707897275
climb_descent_002,climb_descent,train,0.004,1.0,0.005788988433778286,-22.373973846435547,-29.545650482177734,0.001778705032090322,0.3321363267787092
climb_descent_002,climb_descent,train,0.01,1.0,0.010775742121040821,-19.67552947998047,-24.16548728942871,0.004080062636662163,0.3317788306485454
climb_descent_002,climb_descent,train,0.02,1.0,0.02847108617424965,-15.455960273742676,-20.27155113220215,0.01068257372343595,0.3311841030626965
climb_descent_002,climb_descent,train,0.05,0.9999999403953552,0.03501015529036522,-14.558059692382812,-17.65400505065918,0.010946932782005092,0.3293894509879465
climb_descent_002,climb_descent,train,0.1,0.9999999403953552,0.054339487105607986,-12.648844718933105,-14.463966369628906,0.015565732118346887,0.3264117137696303
climb_descent_002,climb_descent,train,0.2,1.0,0.0699453204870224,-11.552413940429688,-12.283014297485352,0.02101397291886542,0.32052467863468337
climb_descent_002,climb_descent,train,0.5,1.0,0.1825619339942932,-7.385898113250732,-7.441918849945068,0.052505032367548665,0.3033927740652871
climb_descent_003,climb_descent,train,0.002,1.0,0.00803501345217228,-20.95013427734375,-24.355751037597656,0.029457115740205708,3.581808719143737
climb_descent_003,climb_descent,train,0.004,1.0,0.027591153979301453,-15.592302322387695,-18.755836486816406,0.1009676677096536,3.5814095244859345
climb_descent_003,climb_descent,train,0.01,1.0,0.05680197849869728,-12.456365585327148,-13.798490524291992,0.2044270731743154,3.580209709907649
climb_descent_003,climb_descent,train,0.02,1.0,0.04706522822380066,-13.272998809814453,-13.866276741027832,0.1761358039554466,3.578203600103734
climb_descent_003,climb_descent,train,0.05,0.9999999403953552,0.05908599868416786,-12.285155296325684,-13.111387252807617,0.22189007974316155,3.5721653422224335
climb_descent_003,climb_descent,train,0.1,0.9999999403953552,0.06825043261051178,-11.65894603729248,-11.918110847473145,0.2701260674518835,3.562005307787331
climb_descent_003,climb_descent,train,0.2,1.0,0.14719250798225403,-8.32114315032959,-8.782459259033203,0.6174593627465583,3.541335893794894
climb_descent_003,climb_descent,train,0.5,1.0,0.5947467088699341,-2.2566795349121094,-3.1705098152160645,2.4633473905159917,3.4762921177316457
climb_descent_004,climb_descent,train,0.002,1.0,0.008083130232989788,-20.924203872680664,-24.10509490966797,0.012248831962578421,1.3423435113654705
climb_descent_004,climb_descent,train,0.004,1.0,0.021877029910683632,-16.600116729736328,-18.20657730102539,0.033726504474959285,1.3420942970406031
climb_descent_004,climb_descent,train,0.01,1.0,0.029149254783988,-15.353726387023926,-17.83342742919922,0.04470062902692007,1.341346392451669
climb_descent_004,climb_descent,train,0.02,1.0,0.04019598662853241,-13.958172798156738,-16.4175968170166,0.055156808748080266,1.3401000755111454
climb_descent_004,climb_descent,train,0.05,0.9999999403953552,0.03788328170776367,-14.215524673461914,-15.633545875549316,0.05454644323097568,1.3363494816439925
climb_descent_004,climb_descent,train,0.1,0.9999999403953552,0.05106455832719803,-12.918805122375488,-13.572612762451172,0.07393809489326486,1.330046025759657
climb_descent_004,climb_descent,train,0.2,1.0,0.09108089655637741,-10.40572738647461,-10.014179229736328,0.13469286251051926,1.3172451074788114
climb_descent_004,climb_descent,train,0.5,1.0,0.35640692710876465,-4.480538845062256,-4.757262229919434,0.5207455300369475,1.2772502891748445
climb_descent_005,climb_descent,train,0.002,1.0,0.07750139385461807,-11.106904983520508,-13.158184051513672,0.06164176197762816,0.7849481623961765
climb_descent_005,climb_descent,train,0.004,1.0,0.12292495369911194,-9.103599548339844,-11.034354209899902,0.09787769339155306,0.7843943412990484
climb_descent_005,climb_descent,train,0.01,1.0,0.12624314427375793,-8.987921714782715,-10.852813720703125,0.09872612244196333,0.782729937996919
climb_descent_005,climb_descent,train,0.02,1.0,0.043835051357746124,-13.581785202026367,-14.475092887878418,0.03252126157357793,0.7799666991450067
climb_descent_005,climb_descent,train,0.05,0.9999999403953552,0.03513776510953903,-14.542259216308594,-16.08881378173828,0.024026148572460215,0.7717232985414739
climb_descent_005,climb_descent,train,0.1,0.9999999403953552,0.07195571810007095,-11.429347038269043,-14.939640045166016,0.052707664187337855,0.7582468647851783
climb_descent_005,climb_descent,train,0.2,1.0,0.1223088800907135,-9.125419616699219,-11.72502613067627,0.0909006819833138,0.7322071507333021
climb_descent_005,climb_descent,train,0.5,1.0,0.21810615062713623,-6.613320827484131,-6.267227649688721,0.17229187670400847,0.6594929031380161
climb_descent_006,climb_descent,train,0.002,1.0,0.004202754236757755,-23.764659881591797,-31.16665267944336,0.003065247957673156,0.7002321133259102
climb_descent_006,climb_descent,train,0.004,1.0,0.013580693863332272,-18.670780181884766,-26.106069564819336,0.010068705888854446,0.7001349169077002
climb_descent_006,climb_descent,train,0.01,1.0,0.0240046214312315,-16.197052001953125,-19.709409713745117,0.019212103522075807,0.6998436763387872
climb_descent_006,climb_descent,train,0.02,1.0,0.028815949335694313,-15.403671264648438,-15.992441177368164,0.021225786464107443,0.6993607723197783
climb_descent_006,climb_descent,train,0.05,0.9999999403953552,0.02482927031815052,-16.05036163330078,-17.63140296936035,0.019513186648538294,0.6979169693950098
climb_descent_006,climb_descent,train,0.1,0.9999999403953552,0.03967258706688881,-14.015094757080078,-14.82373332977295,0.03077777974010587,0.6954737882260815
climb_descent_006,climb_descent,train,0.2,1.0,0.089435875415802,-10.484882354736328,-10.752561569213867,0.0689432546853368,0.6905125012563076
climb_descent_006,climb_descent,train,0.5,1.0,0.4117778241634369,-3.8533706665039062,-3.7909247875213623,0.30517362527825753,0.6748951351983123
climb_descent_007,climb_descent,train,0.002,1.0,0.022049855440855026,-16.565942764282227,-16.712909698486328,0.045584783996247324,2.3566853079391876
climb_descent_007,climb_descent,train,0.004,1.0,0.05548260360956192,-12.558431625366211,-12.989904403686523,0.11990418904906619,2.3561657498503337
climb_descent_007,climb_descent,train,0.01,1.0,0.02942727319896221,-15.3125,-17.465044021606445,0.08429690367063358,2.3546052100282395
climb_descent_007,climb_descent,train,0.02,1.0,0.04780535027384758,-13.20523452758789,-13.602818489074707,0.11926982205886816,2.3519981954741525
climb_descent_007,climb_descent,train,0.05,0.9999999403953552,0.04948963224887848,-13.054858207702637,-13.987373352050781,0.12830341311257598,2.3441223210684257
climb_descent_007,climb_descent,train,0.1,0.9999999403953552,0.06396142393350601,-11.940818786621094,-12.344799995422363,0.16982258635482594,2.330850304759224
climb_descent_007,climb_descent,train,0.2,1.0,0.1213187575340271,-9.160719871520996,-9.696954727172852,0.34421210774530664,2.3037296887632692
climb_descent_007,climb_descent,train,0.5,1.0,0.46604129672050476,-3.31575608253479,-4.010993003845215,1.3474938448803186,2.2174917826923775
climb_descent_008,climb_descent,val,0.002,1.0,0.002537528285756707,-25.955890655517578,-28.066741943359375,0.0012799558474201334,0.5375671126457746
climb_descent_008,climb_descent,val,0.004,1.0,0.009071200154721737,-20.42335319519043,-23.019189834594727,0.004588560785794726,0.5374478812300367
climb_descent_008,climb_descent,val,0.01,1.0,0.038339316844940186,-14.163556098937988,-18.561017990112305,0.019200273040265614,0.5370895658488735
climb_descent_008,climb_descent,val,0.02,1.0,0.09294469654560089,-10.317753791809082,-15.112152099609375,0.046496959749191547,0.536495166743407
climb_descent_008,climb_descent,val,0.05,0.9999999403953552,0.0167632307857275,-17.75642204284668,-18.591344833374023,0.008716264806395202,0.5347364475455834
climb_descent_008,climb_descent,val,0.1,0.9999999403953552,0.026277942582964897,-15.804086685180664,-16.478422164916992,0.013629433133985458,0.531780887817149
climb_descent_008,climb_descent,val,0.2,1.0,0.04730972647666931,-13.250495910644531,-14.128599166870117,0.02462811003783827,0.5258371552627068
climb_descent_008,climb_descent,val,0.5,1.0,0.18500959873199463,-7.328057289123535,-7.24162483215332,0.09384843800489762,0.5077523420914076
climb_descent_009,climb_descent,train,0.002,1.0,0.0025140910875052214,-25.996191024780273,-33.26643753051758,0.0028749893728661213,0.9791896742972312
climb_descent_009,climb_descent,train,0.004,1.0,0.0071507347747683525,-21.456493377685547,-28.415321350097656,0.008192970089437424,0.9790704408733291
climb_descent_009,climb_descent,train,0.01,1.0,0.007170237135142088,-21.444665908813477,-29.475139617919922,0.007660390203828804,0.9787123862697626
climb_descent_009,climb_descent,train,0.02,1.0,0.012825744226574898,-18.919174194335938,-28.0313777923584,0.01586130177227396,0.9781148794209003
climb_descent_009,climb_descent,train,0.05,0.9999999403953552,0.017504282295703888,-17.56855583190918,-23.59813690185547,0.020391752244808714,0.9763193926119129
climb_descent_009,climb_descent,train,0.1,0.9999999403953552,0.02535482868552208,-15.959394454956055,-20.002334594726562,0.02922764570762837,0.9732969885299099
climb_descent_009,climb_descent,train,0.2,1.0,0.04667703062295914,-13.308968544006348,-15.682592391967773,0.052691073709411285,0.9671521786804078
climb_descent_009,climb_descent,train,0.5,1.0,0.18650931119918823,-7.292994976043701,-8.072744369506836,0.20112673771041045,0.9478009654994821
climb_descent_010,climb_descent,train,0.002,1.0,0.0020092916674911976,-26.96957015991211,-27.9133243560791,0.000903075230465733,0.4408032297833415
climb_descent_010,climb_descent,train,0.004,1.0,0.006289852317422628,-22.013595581054688,-22.891986846923828,0.0029486535296872063,0.4406652551588195
climb_descent_010,climb_descent,train,0.01,1.0,0.019955066964030266,-16.999469757080078,-17.749008178710938,0.008912951006122327,0.4402513171553437
climb_descent_010,climb_descent,train,0.02,1.0,0.02220502682030201,-16.53548812866211,-18.267099380493164,0.008516112001608178,0.43956076547692646
climb_descent_010,climb_descent,train,0.05,0.9999999403953552,0.023315513506531715,-16.323549270629883,-17.559959411621094,0.009350641073634591,0.43749853221015655
climb_descent_010,climb_descent,train,0.1,0.9999999403953552,0.027587981894612312,-15.59280014038086,-16.58965301513672,0.01116952593115883,0.4340893260705343
climb_descent_010,climb_descent,train,0.2,1.0,0.04789183661341667,-13.19738483428955,-13.042346000671387,0.019998939563393492,0.4272085434968176
climb_descent_010,climb_descent,train,0.5,1.0,0.19188128411769867,-7.169673919677734,-7.290955543518066,0.07834027774174501,0.40642018813014147
climb_descent_011,climb_descent,test,0.002,1.0,0.005024130921810865,-22.989391326904297,-36.25318908691406,0.0011963366184693236,0.39224869010467955
climb_descent_011,climb_descent,test,0.004,1.0,0.010570545680820942,-19.7590274810791,-32.611656188964844,0.0025293922057837426,0.39221161962450424
climb_descent_011,climb_descent,test,0.01,1.0,0.005582948215305805,-22.53136444091797,-30.386920928955078,0.0013733177924830642,0.3921019619428989
climb_descent_011,climb_descent,test,0.02,1.0,0.014281071722507477,-18.452392578125,-25.50776481628418,0.003673322578734428,0.39192742158957117
climb_descent_011,climb_descent,test,0.05,0.9999999403953552,0.015157916583120823,-18.193605422973633,-21.659868240356445,0.004315347376988576,0.3914597037473868
climb_descent_011,climb_descent,test,0.1,0.9999999403953552,0.028525635600090027,-15.447646141052246,-19.844139099121094,0.007909632845809256,0.39005901063865167
climb_descent_011,climb_descent,test,0.2,1.0,0.06453248113393784,-11.902216911315918,-17.036479949951172,0.018420927793069808,0.38698103827846353
climb_descent_011,climb_descent,test,0.5,1.0,0.15027272701263428,-8.231199264526367,-9.931512832641602,0.06299669404782549,0.3816248049297428
climb_descent_012,climb_descent,val,0.002,1.0,0.01041404902935028,-19.823802947998047,-29.117206573486328,0.025282878435035183,1.5286606695735827
climb_descent_012,climb_descent,val,0.004,1.0,0.029056968167424202,-15.367497444152832,-24.193031311035156,0.07232433224365398,1.528579694655491
climb_descent_012,climb_descent,val,0.01,1.0,0.046504177153110504,-13.325080871582031,-19.895055770874023,0.1092403487707454,1.5283363925627782
climb_descent_012,climb_descent,val,0.02,1.0,0.03529342636466026,-14.523061752319336,-20.826807022094727,0.08659392427950152,1.5279298974055564
climb_descent_012,climb_descent,val,0.05,0.9999999403953552,0.04548988118767738,-13.420852661132812,-17.011728286743164,0.10371990667938036,1.526700978334702
climb_descent_012,climb_descent,val,0.1,0.9999999403953552,0.055419161915779114,-12.563401222229004,-15.262771606445312,0.12277293768610775,1.5246325562984566
climb_descent_012,climb_descent,val,0.2,1.0,0.12467534840106964,-9.042194366455078,-10.856346130371094,0.26731445059124326,1.5204102742427494
climb_descent_012,climb_descent,val,0.5,1.0,0.48004308342933655,-3.1871981620788574,-5.370344638824463,0.988546148853402,1.5069979233376216
climb_descent_013,climb_descent,test,0.002,1.0,0.0012011653743684292,-29.20397186279297,-34.03015899658203,0.0015956305766628986,1.2255824962776387
climb_descent_013,climb_descent,test,0.004,1.0,0.0045677307061851025,-23.402996063232422,-28.370548248291016,0.006070567403433813,1.2254137616109801
climb_descent_013,climb_descent,test,0.01,1.0,0.023760512471199036,-16.241443634033203,-20.790788650512695,0.03156441963062662,1.2249071626429213
climb_descent_013,climb_descent,test,0.02,1.0,0.05335936322808266,-12.727893829345703,-15.205636978149414,0.07094779291378472,1.2240617130300961
climb_descent_013,climb_descent,test,0.05,0.9999999403953552,0.03828734904527664,-14.16944694519043,-17.008468627929688,0.05306590703268199,1.221516664387309
climb_descent_013,climb_descent,test,0.1,0.9999999403953552,0.053093068301677704,-12.74962329864502,-13.925935745239258,0.07145403695722052,1.2172450074722292
climb_descent_013,climb_descent,test,0.2,1.0,0.09215617179870605,-10.354756355285645,-10.222500801086426,0.12321567280571344,1.208588433553814
climb_descent_013,climb_descent,test,0.5,1.0,0.33917731046676636,-4.695732116699219,-4.160255432128906,0.43892220156067197,1.181666005475563
climb_descent_014,climb_descent,test,0.002,1.0,0.00647820346057415,-21.885454177856445,-28.006715774536133,0.004413739097502756,0.6163077626770246
climb_descent_014,climb_descent,test,0.004,1.0,0.0195195060223341,-17.095312118530273,-22.236343383789062,0.013312066677869439,0.6161996317750891
climb_descent_014,climb_descent,test,0.01,1.0,0.03247367590665817,-14.884685516357422,-15.360628128051758,0.02157748174511198,0.6158763329658541
climb_descent_014,climb_descent,test,0.02,1.0,0.039507582783699036,-14.033195495605469,-14.260101318359375,0.02462334846882186,0.6153426651726477
climb_descent_014,climb_descent,test,0.05,0.9999999403953552,0.04317643865942955,-13.64753246307373,-14.110940933227539,0.026001482330443082,0.6137727000677842
climb_descent_014,climb_descent,test,0.1,0.9999999403953552,0.04306322708725929,-13.658934593200684,-14.002667427062988,0.026727897761958275,0.6111616351627163
climb_descent_014,climb_descent,test,0.2,1.0,0.0685877576470375,-11.637534141540527,-11.475373268127441,0.04213294136792456,0.6057578620457207
climb_descent_014,climb_descent,test,0.5,1.0,0.2235705852508545,-6.505853652954102,-6.243288993835449,0.13636921877241548,0.5890192842125543
climb_descent_015,climb_descent,train,0.002,1.0,0.03179605305194855,-14.97626781463623,-30.3419189453125,0.008337051778125826,0.42473895513103344
climb_descent_015,climb_descent,train,0.004,1.0,0.10210105031728745,-9.909697532653809,-24.786312103271484,0.026934578088114947,0.4245390457654139
climb_descent_015,climb_descent,train,0.01,1.0,0.10631966590881348,-9.733864784240723,-18.86684799194336,0.03338232113297579,0.4239390470465878
climb_descent_015,climb_descent,train,0.02,1.0,0.16930004954338074,-7.7134294509887695,-13.607234954833984,0.05049919127937308,0.42293781945772935
climb_descent_015,climb_descent,train,0.05,0.9999999403953552,0.14704881608486176,-8.325385093688965,-10.752043724060059,0.04476635560811815,0.4199486659927061
climb_descent_015,climb_descent,train,0.1,0.9999999403953552,0.09963131695985794,-10.016040802001953,-12.623366355895996,0.033662344333826866,0.41501777674420737
climb_descent_015,climb_descent,train,0.2,1.0,0.11572296172380447,-9.365804672241211,-12.274051666259766,0.037993600650644055,0.4053113071859116
climb_descent_015,climb_descent,train,0.5,1.0,0.18929895758628845,-7.228518009185791,-8.191381454467773,0.06440151914060266,0.3773965974978637
climb_descent_016,climb_descent,train,0.002,1.0,0.02034115605056286,-16.916244506835938,-19.57275390625,0.031921615481418364,1.337001331470674
climb_descent_016,climb_descent,train,0.004,1.0,0.03668554127216339,-14.355050086975098,-15.637468338012695,0.061343683782117076,1.336795428476762
climb_descent_016,climb_descent,train,0.01,1.0,0.04605229198932648,-13.367486953735352,-13.512243270874023,0.07692890642845462,1.3361763010616414
climb_descent_016,climb_descent,train,0.02,1.0,0.030857911333441734,-15.106334686279297,-18.96564483642578,0.05405431282797224,1.3351410829782253
climb_descent_016,climb_descent,train,0.05,0.9999999403953552,0.0376778319478035,-14.239141464233398,-17.928638458251953,0.06521948605547578,1.3320172343373997
climb_descent_016,climb_descent,train,0.1,0.9999999403953552,0.049276769161224365,-13.073577880859375,-15.560303688049316,0.08350529898822856,1.3267422313219868
climb_descent_016,climb_descent,train,0.2,1.0,0.09757086634635925,-10.10679817199707,-11.597081184387207,0.16261823738500425,1.3159208516881336
climb_descent_016,climb_descent,train,0.5,1.0,0.3823816180229187,-4.175029754638672,-4.68481969833374,0.6224360439587144,1.2811629278876353
climb_descent_017,climb_descent,train,0.002,1.0,0.012235695496201515,-19.12371253967285,-24.63604164123535,0.026718933226272057,1.6165182951444876
climb_descent_017,climb_descent,train,0.004,1.0,0.03512321412563324,-14.544057846069336,-19.721057891845703,0.07692282969515674,1.6163310409829137
climb_descent_017,climb_descent,train,0.01,1.0,0.03527386114001274,-14.525470733642578,-16.90531349182129,0.059475598939828345,1.6157672490735422
climb_descent_017,climb_descent,train,0.02,1.0,0.05105728283524513,-12.919424057006836,-15.409913063049316,0.08228520673704054,1.6148071136776707
climb_descent_017,climb_descent,train,0.05,0.9999999403953552,0.061175838112831116,-12.134201049804688,-12.898582458496094,0.1082721494713823,1.6118689423819887
climb_descent_017,climb_descent,train,0.1,0.9999999403953552,0.08699461817741394,-10.605076789855957,-11.296150207519531,0.1801724869845316,1.6070037667595898
climb_descent_017,climb_descent,train,0.2,1.0,0.19860154390335083,-7.0201735496521,-8.617744445800781,0.4415211388431999,1.5969291060828255
climb_descent_017,climb_descent,train,0.5,1.0,0.7423866391181946,-1.2936985492706299,-3.541450023651123,1.557307052710712,1.5642354209339828
climb_descent_018,climb_descent,train,0.002,1.0,0.03948061540722847,-14.036161422729492,-15.867742538452148,0.009628259490784052,0.21831811813171953
climb_descent_018,climb_descent,train,0.004,1.0,0.10490842908620834,-9.79189682006836,-11.32839298248291,0.02567926356791106,0.21828571223159088
climb_descent_018,climb_descent,train,0.01,1.0,0.017391590401530266,-17.59660530090332,-18.588239669799805,0.004325908959802227,0.21818849942064844
climb_descent_018,climb_descent,train,0.02,1.0,0.05663822591304779,-12.468902587890625,-13.271208763122559,0.014060725867811819,0.2180263275076868
climb_descent_018,climb_descent,train,0.05,0.9999999403953552,0.12610286474227905,-8.99275016784668,-10.237382888793945,0.030138929026104933,0.2175365632174362
climb_descent_018,climb_descent,train,0.1,0.9999999403953552,0.13152818381786346,-8.809812545776367,-9.757852554321289,0.031122369809029493,0.21670100375195034
climb_descent_018,climb_descent,train,0.2,1.0,0.1465454399585724,-8.340276718139648,-10.422040939331055,0.03366270501497581,0.21493557496069116
climb_descent_018,climb_descent,train,0.5,1.0,0.1955951452255249,-7.086419582366943,-7.673508644104004,0.043482861622692326,0.20936062940381817
climb_descent_019,climb_descent,train,0.002,1.0,0.03436761721968651,-14.638505935668945,-27.92496109008789,0.007939067815093015,0.27607869926032436
climb_descent_019,climb_descent,train,0.004,1.0,0.0715889036655426,-11.451543807983398,-24.504989624023438,0.0162247066766259,0.2759614256374334
climb_descent_019,climb_descent,train,0.01,1.0,0.14297115802764893,-8.447515487670898,-19.32570457458496,0.030201143668932673,0.27560978844303463
climb_descent_019,climb_descent,train,0.02,1.0,0.2859032452106476,-5.437809944152832,-14.911213874816895,0.058894144964384054,0.2750204379135539
climb_descent_019,climb_descent,train,0.05,0.9999999403953552,0.0856543555855751,-10.672504425048828,-15.704715728759766,0.020115155272140584,0.2732257100306015
climb_descent_019,climb_descent,train,0.1,0.9999999403953552,0.1587294340133667,-7.9934258460998535,-14.508681297302246,0.03504512185040198,0.2702863186441391
climb_descent_019,climb_descent,train,0.2,1.0,0.1886216104030609,-7.244085788726807,-13.894136428833008,0.0387150798158018,0.2645031262673001
climb_descent_019,climb_descent,train,0.5,1.0,0.18811701238155365,-7.255719184875488,-11.36369800567627,0.037105315517919735,0.24784306656692934
occlusion_000,occlusion,train,0.002,1.0,0.06437718868255615,-11.912680625915527,-17.324722290039062,0.001501557794111319,0.09440881629728892
occlusion_000,occlusion,train,0.004,1.0,0.21718110144138336,-6.631779670715332,-11.879470825195312,0.005139496386560971,0.09433254550407355
occlusion_000,occlusion,train,0.01,1.0,0.5795037150382996,-2.3694376945495605,-6.71248197555542,0.014587164821715959,0.0941009369739163
occlusion_000,occlusion,train,0.02,1.0,1.2504750490188599,0.9707503318786621,-1.8222908973693848,0.030026646866634366,0.09371195558509271
occlusion_000,occlusion,train,0.05,0.9999999403953552,1.4850451946258545,1.7173967361450195,0.44110623002052307,0.028297780908843606,0.0924753739267885
occlusion_000,occlusion,train,0.1,0.9999999403953552,1.7689093351364136,2.477055788040161,1.6290435791015625,0.033473124601954396,0.09015089157350076
occlusion_000,occlusion,train,0.2,1.0,1.7316055297851562,2.3844895362854004,1.3506157398223877,0.04134579088490398,0.08527543810072302
occlusion_000,occlusion,train,0.5,1.0,2.487074136734009,3.9568872451782227,2.676769495010376,0.07137079912050126,0.07147837424003001
occlusion_001,occlusion,train,0.002,1.0,0.038035888224840164,-14.198064804077148,-21.970569610595703,0.0013373892210379879,0.18380094344001918
occlusion_001,occlusion,train,0.004,1.0,0.12232393771409988,-9.124885559082031,-16.382612228393555,0.004528487638578049,0.1837214793381463
occlusion_001,occlusion,train,0.01,1.0,0.3292911946773529,-4.824199199676514,-9.757774353027344,0.01538047265842124,0.18348403925165258
occlusion_001,occlusion,train,0.02,1.0,0.7805966138839722,-1.0757334232330322,-5.71870756149292,0.029761366414049917,0.18308704576747914
occlusion_001,occlusion,train,0.05,0.9999999403953552,0.9696711897850037,-0.13375508785247803,-5.739038467407227,0.029963872982978756,0.18186987751369088
occlusion_001,occlusion,train,0.1,0.9999999403953552,1.0634336471557617,0.26710397005081177,-3.02622127532959,0.03686053080474494,0.17974669969089518
occlusion_001,occlusion,train,0.2,1.0,1.343047022819519,1.280912160873413,-1.502321720123291,0.04768870225200317,0.1756119521128312
occlusion_001,occlusion,train,0.5,1.0,2.7109344005584717,4.33119010925293,0.008767522871494293,0.09673208654783139,0.16269088792296316
occlusion_002,occlusion,train,0.002,1.0,0.0651790052652359,-11.858922004699707,-16.19672393798828,0.001356194482035944,0.0834899962139275
occlusion_002,occlusion,train,0.004,1.0,0.21987384557724,-6.5782647132873535,-10.703486442565918,0.00466454041113229,0.08338971745268964
occlusion_002,occlusion,train,0.01,1.0,0.5760798454284668,-2.3951733112335205,-4.459465980529785,0.013647038610237416,0.08311690786666759
occlusion_002,occlusion,train,0.02,1.0,1.064393401145935,0.2710217535495758,-0.7954948544502258,0.026618374511798493,0.08279013089139653
occlusion_002,occlusion,train,0.05,0.9999999403953552,1.8167264461517334,2.5928955078125,1.4450581073760986,0.03044495721809426,0.08203729158793749
occlusion_002,occlusion,train,0.1,0.9999999403953552,1.5564911365509033,1.921466588973999,0.8903566598892212,0.034392595707316787,0.0800400326808699
occlusion_002,occlusion,train,0.2,1.0,1.8312187194824219,2.6274023056030273,1.4976060390472412,0.03586635826090401,0.07565853605063921
occlusion_002,occlusion,train,0.5,1.0,3.1772615909576416,5.020529747009277,2.203122615814209,0.062265195602407175,0.06388550461650766
occlusion_003,occlusion,test,0.002,1.0,0.18530966341495514,-7.321019649505615,-21.161991119384766,0.00026156519478931495,0.08258630489109375
occlusion_003,occlusion,test,0.004,1.0,0.6034079790115356,-2.193889856338501,-20.006208419799805,0.0006607784961614183,0.08255029775574396
occlusion_003,occlusion,test,0.01,1.0,0.9998106956481934,-0.0008222161559388041,-14.587480545043945,0.002455759777477029,0.08244154387540359
occlusion_003,occlusion,test,0.02,1.0,0.9882742762565613,-0.05122508853673935,-10.904550552368164,0.004894230316113302,0.08225897799894621
occlusion_003,occlusion,test,0.05,0.9999999403953552,1.4494616985321045,1.612067461013794,-11.53413200378418,0.0054723449719646655,0.08170720429080713
occlusion_003,occlusion,test,0.1,0.9999999403953552,3.2656643390655518,5.139715671539307,-9.463394165039062,0.00859435247345347,0.08076795576090401
occlusion_003,occlusion,test,0.2,1.0,19.346994400024414,12.866134643554688,-8.376761436462402,0.013420565336126483,0.07887073764760455
occlusion_003,occlusion,test,0.5,1.0,223.96258544921875,23.50175666809082,-2.556154251098633,0.028531699509898305,0.07339037925959158
occlusion_004,occlusion,val,0.002,1.0,0.053579192608594894,-12.710038185119629,-17.036052703857422,0.0018855455147275269,0.14481960563364282
occlusion_004,occlusion,val,0.004,1.0,0.17126362025737762,-7.663349151611328,-11.422743797302246,0.006157005836682217,0.14473572849612992
occlusion_004,occlusion,val,0.01,1.0,0.46984630823135376,-3.2804417610168457,-6.4139251708984375,0.016394329870660584,0.1444350804268879
occlusion_004,occlusion,val,0.02,1.0,1.0770303010940552,0.3222792148590088,-2.7152719497680664,0.0322496884842991,0.14383663439741667
occlusion_004,occlusion,val,0.05,0.9999999403953552,1.1717467308044434,0.6883375644683838,-3.210444927215576,0.031045985191269665,0.14270642999701977
occlusion_004,occlusion,val,0.1,0.9999999403953552,1.2151228189468384,0.8462017774581909,-2.2972331047058105,0.033387372891851896,0.14040570185545675
occlusion_004,occlusion,val,0.2,1.0,1.4185067415237427,1.518314003944397,-1.1140141487121582,0.04455033898253191,0.13658564904847026
occlusion_004,occlusion,val,0.5,1.0,2.3973121643066406,3.797245979309082,0.24504347145557404,0.08177030476468872,0.12521239729187528
occlusion_005,occlusion,train,0.002,1.0,0.010392985306680202,-19.832595825195312,-23.866336822509766,0.0015921680636157287,0.235691238549407
occlusion_005,occlusion,train,0.004,1.0,0.03430657461285591,-14.646225929260254,-18.171268463134766,0.0053052095247148046,0.2356053910607443
occlusion_005,occlusion,train,0.01,1.0,0.1063360869884491,-9.733193397521973,-11.881589889526367,0.01784919450985356,0.23530701200616022
occlusion_005,occlusion,train,0.02,1.0,0.24098283052444458,-6.180139064788818,-10.854991912841797,0.0348802353849571,0.2347211045689619
occlusion_005,occlusion,train,0.05,0.9999999403953552,0.17368829250335693,-7.602294921875,-10.325242042541504,0.025556376187999774,0.2334030154870561
occlusion_005,occlusion,train,0.1,0.9999999403953552,0.2310122847557068,-6.363649368286133,-9.765862464904785,0.0343025060767701,0.23112708586450026
occlusion_005,occlusion,train,0.2,1.0,0.27953413128852844,-5.535652160644531,-8.511722564697266,0.04266008376339414,0.22692047470809484
occlusion_005,occlusion,train,0.5,1.0,0.5460469722747803,-2.627699851989746,-3.7356231212615967,0.08929763239348176,0.21489216237569053
occlusion_006,occlusion,train,0.002,0.9300000667572021,0.16243363916873932,-7.893240928649902,-26.53862190246582,0.0002565319820127163,0.09122398301658088
occlusion_006,occlusion,train,0.004,0.9292323589324951,0.5118680596351624,-2.9084200859069824,-20.751771926879883,0.0008315148396249462,0.09118973075670816
occlusion_006,occlusion,train,0.01,0.9281781911849976,0.9660815000534058,-0.1498623490333557,-13.811788558959961,0.0033505659278182083,0.0910873469238421
occlusion_006,occlusion,train,0.02,0.9255825877189636,1.6331018209457397,2.1301326751708984,-11.221026420593262,0.006486773816117184,0.09091667520729654
occlusion_006,occlusion,train,0.05,0.9182595014572144,3.3813586235046387,5.290912628173828,-10.68519401550293,0.006530342613891167,0.09040498569537217
occlusion_006,occlusion,train,0.1,0.9081245064735413,58.756622314453125,17.690567016601562,-9.303711891174316,0.010428742132379466,0.08955209403039094
occlusion_006,occlusion,train,0.2,0.8941296935081482,1907.4598388671875,32.80455780029297,-8.805615425109863,0.01785464223263017,0.08782991241160026
occlusion_006,occlusion,train,0.5,0.8701679110527039,18659.240234375,42.70893859863281,-6.373208045959473,0.02854866983256322,0.08255638151602315
occlusion_007,occlusion,train,0.002,1.0,0.05616440251469612,-12.505389213562012,-20.155637741088867,0.0014070231330163274,0.1643575772864665
occlusion_007,occlusion,train,0.004,1.0,0.17950211465358734,-7.459304332733154,-14.50815200805664,0.004706119232556372,0.16424826006874582
occlusion_007,occlusion,train,0.01,1.0,0.4971369802951813,-3.0352392196655273,-8.331323623657227,0.014997856828991019,0.16391352662645886
occlusion_007,occlusion,train,0.02,1.0,1.2012313604354858,0.7962666749954224,-4.572640419006348,0.028449434780718263,0.16335111424592696
occlusion_007,occlusion,train,0.05,0.9999999403953552,0.9430451989173889,-0.25467491149902344,-5.217789649963379,0.022372456490629133,0.16175982372402586
occlusion_007,occlusion,train,0.1,0.9999999403953552,1.1680797338485718,0.6747248768806458,-3.044811725616455,0.029683270412363072,0.15998162970169005
occlusion_007,occlusion,train,0.2,1.0,1.3484772443771362,1.2984364032745361,-1.5305472612380981,0.041313881068262504,0.15645188559534517
occlusion_007,occlusion,train,0.5,1.0,2.1066083908081055,3.2358384132385254,0.21599021553993225,0.08530489660546436,0.14475326076313877
occlusion_008,occlusion,train,0.002,1.0,0.5881975293159485,-2.3047680854797363,-27.11838150024414,0.00021371640499628092,0.09006810625666652
occlusion_008,occlusion,train,0.004,1.0,1.3939183950424194,1.442373514175415,-21.463729858398438,0.0006964799742040096,0.09003538171688807
occlusion_008,occlusion,train,0.01,1.0,2.692498207092285,4.301554203033447,-14.327898979187012,0.002852738367734179,0.08993841237767732
occlusion_008,occlusion,train,0.02,1.0,4.792437553405762,6.805564880371094,-11.259254455566406,0.006096378507552592,0.08977589539514985
occlusion_008,occlusion,train,0.05,0.9999999403953552,10.135704040527344,10.058540344238281,-11.116185188293457,0.0053349485100762295,0.08930619663530627
occlusion_008,occlusion,train,0.1,0.9999999403953552,17.400794982910156,12.405691146850586,-9.228108406066895,0.008459276894429938,0.08859145972107318
occlusion_008,occlusion,train,0.2,1.0,30.668710708618164,14.86695671081543,-8.270610809326172,0.014547104899891023,0.08719468611977312
occlusion_008,occlusion,train,0.5,1.0,94.28398132324219,19.7443790435791,-3.5419468879699707,0.034290785470269564,0.08239621002664455
occlusion_009,occlusion,train,0.002,1.0,0.022163454443216324,-16.543624877929688,-24.200489044189453,0.001137251887321833,0.16958433612103363
occlusion_009,occlusion,train,0.004,1.0,0.07267846167087555,-11.385944366455078,-18.61881446838379,0.0037505014436862716,0.16947120481722777
occlusion_009,occlusion,train,0.01,1.0,0.22078444063663483,-6.5603156089782715,-12.117862701416016,0.01239351720110804,0.1691571329481576
occlusion_009,occlusion,train,0.02,1.0,0.4873315691947937,-3.1217546463012695,-7.4416375160217285,0.0276598812120481,0.1687247345087144
occlusion_009,occlusion,train,0.05,0.9999999403953552,0.6211830377578735,-2.0678040981292725,-4.171915054321289,0.02688767713868856,0.16798855027968784
occlusion_009,occlusion,train,0.1,0.9999999403953552,0.7713541388511658,-1.1274619102478027,-4.099852561950684,0.03490552029198568,0.16583590612367516
occlusion_009,occlusion,train,0.2,1.0,0.9388036727905273,-0.2742522060871124,-2.514425277709961,0.04825637116726966,0.1617718434042672
occlusion_009,occlusion,train,0.5,1.0,1.5589165687561035,1.928228735923767,-0.9965724945068359,0.08844704947625814,0.14981038463679397
occlusion_010,occlusion,test,0.002,1.0,0.09030649065971375,-10.442811012268066,-18.052364349365234,0.0020011412904983317,0.11537159278549325
occlusion_010,occlusion,test,0.004,1.0,0.28412309288978577,-5.464934825897217,-12.627778053283691,0.006557078281095308,0.1152655761604251
occlusion_010,occlusion,test,0.01,1.0,0.555296778678894,-2.554748296737671,-6.419270038604736,0.015992857115818992,0.11496519737437438
occlusion_010,occlusion,test,0.02,1.0,1.2649599313735962,1.0207676887512207,-2.3922359943389893,0.029393067190227384,0.11456603266441334
occlusion_010,occlusion,test,0.05,0.9999999403953552,1.2106080055236816,0.8300354480743408,-2.0145764350891113,0.0314734205378997,0.11388494388546633
occlusion_010,occlusion,test,0.1,0.9999999403953552,1.4914036989212036,1.7359521389007568,0.14833179116249084,0.04023262022094798,0.11153156670360431
occlusion_010,occlusion,test,0.2,1.0,1.7151391506195068,2.34299373626709,1.404064655303955,0.04313687293051771,0.10807064670979116
occlusion_010,occlusion,test,0.5,1.0,2.410374879837036,3.8208460807800293,1.4931895732879639,0.07246090630007984,0.09626716209339747
occlusion_011,occlusion,test,0.002,1.0,0.5267537832260132,-2.783923387527466,-19.668081283569336,0.00015445781516601692,0.07162169289807166
occlusion_011,occlusion,test,0.004,1.0,1.2024612426757812,0.8007108569145203,-14.0576171875,0.00039960722663302415,0.07157854410473334
occlusion_011,occlusion,test,0.01,1.0,2.9098615646362305,4.638723373413086,-6.766242504119873,0.0015254032239247588,0.07144866524543572
occlusion_011,occlusion,test,0.02,1.0,4.874527454376221,6.8793253898620605,-5.3560380935668945,0.002989182363116202,0.07123149264446653
occlusion_011,occlusion,test,0.05,0.9999999403953552,19.900177001953125,12.988569259643555,-8.20145034790039,0.005818844909598075,0.07058276422906742
occlusion_011,occlusion,test,0.1,0.9999999403953552,214.2650604248047,23.30951499938965,-2.512787342071533,0.008409243173264734,0.06948444070661168
occlusion_011,occlusion,test,0.2,1.0,2427.03759765625,33.85076904296875,-0.783277690410614,0.013455005181134988,0.06734056026328432
occlusion_011,occlusion,test,0.5,1.0,129879.0234375,51.13539123535156,-0.4492916464805603,0.026575071325927728,0.062231801221452374
occlusion_012,occlusion,train,0.002,1.0,0.03534257784485817,-14.517017364501953,-22.871801376342773,0.0009258036609656184,0.13814643179756558
occlusion_012,occlusion,train,0.004,1.0,0.11469588428735733,-9.404521942138672,-17.190155029296875,0.0030297085583530503,0.1380556752566804
occlusion_012,occlusion,train,0.01,1.0,0.3388287425041199,-4.700197696685791,-10.298815727233887,0.009744630122041187,0.13776118882486799
occlusion_012,occlusion,train,0.02,1.0,0.6619648337364197,-1.7916507720947266,-5.728797912597656,0.020762332767814584,0.13720779898102364
occlusion_012,occlusion,train,0.05,0.9999999403953552,0.9947183728218079,-0.02299860492348671,-2.118515968322754,0.020862722120714494,0.13555325743908497
occlusion_012,occlusion,train,0.1,0.9999999403953552,1.0340180397033691,0.14528116583824158,-1.453587532043457,0.025920590655594822,0.13407946379919622
occlusion_012,occlusion,train,0.2,1.0,1.2505582571029663,0.9710392951965332,-0.8799917101860046,0.039576681073739906,0.12961004460265713
occlusion_012,occlusion,train,0.5,1.0,2.23201584815979,3.4869728088378906,0.26889273524284363,0.07656785774827313,0.11827005500998666
occlusion_013,occlusion,train,0.002,0.9742500185966492,0.233406201004982,-6.318876266479492,-24.67133331298828,0.00032680038096384763,0.08570797053461174
occlusion_013,occlusion,train,0.004,0.9727432131767273,0.6654672622680664,-1.7687331438064575,-19.446428298950195,0.0007998162456992284,0.08567443167634473
occlusion_013,occlusion,train,0.01,0.9752252101898193,0.842125415802002,-0.746232271194458,-14.44649887084961,0.002684790582452988,0.08557501386037414
occlusion_013,occlusion,train,0.02,0.9724380373954773,0.960283637046814,-0.17600473761558533,-11.036444664001465,0.005351389662695053,0.08541656062133424
occlusion_013,occlusion,train,0.05,0.9725854992866516,0.7630717754364014,-1.1743460893630981,-11.352048873901367,0.0055651987704958186,0.08500081449899011
occlusion_013,occlusion,train,0.1,0.9713996052742004,1.4365314245224,1.5731513500213623,-9.625457763671875,0.0090594661918544,0.08430253675277277
occlusion_013,occlusion,train,0.2,0.9702640771865845,2.1007344722747803,3.2237119674682617,-9.406386375427246,0.013333130321205316,0.08262059308897027
occlusion_013,occlusion,train,0.5,0.9680085182189941,18.986404418945312,12.784427642822266,-4.069387435913086,0.029177511730584624,0.07754259653039303
occlusion_014,occlusion,train,0.002,1.0,0.024185962975025177,-16.16436767578125,-20.508909225463867,0.0024954346841927766,0.21452043801332366
occlusion_014,occlusion,train,0.004,1.0,0.07556766271591187,-11.21664047241211,-15.023856163024902,0.008293415657913528,0.21443378506887711
occlusion_014,occlusion,train,0.01,1.0,0.21176710724830627,-6.741415023803711,-10.132742881774902,0.02623537813310861,0.21416077060644056
occlusion_014,occlusion,train,0.02,1.0,0.4017743766307831,-3.9601778984069824,-6.883764266967773,0.04121428928834803,0.21367340694928316
occlusion_014,occlusion,train,0.05,0.9999999403953552,0.39305636286735535,-4.0554518699646,-8.778356552124023,0.028341384839791317,0.21200173649344833
occlusion_014,occlusion,train,0.1,0.9999999403953552,0.47333428263664246,-3.2483205795288086,-7.759542942047119,0.039683043914408245,0.2091956930737524
occlusion_014,occlusion,train,0.2,1.0,0.5515601634979248,-2.584071159362793,-6.543713569641113,0.05038834520121327,0.2061720190788492
occlusion_014,occlusion,train,0.5,1.0,1.0027916431427002,0.012107061222195625,-2.055049180984497,0.10887089301650121,0.1944871929256351
occlusion_015,occlusion,train,0.002,1.0,0.09649504721164703,-10.154949188232422,-17.453842163085938,0.002823080320223159,0.13838474541466894
occlusion_015,occlusion,train,0.004,1.0,0.29101866483688354,-5.3607916831970215,-11.969490051269531,0.009274621446799358,0.1383345513806944
occlusion_015,occlusion,train,0.01,1.0,0.5551252961158752,-2.5560898780822754,-6.140822887420654,0.025293817617736636,0.13821345097517224
occlusion_015,occlusion,train,0.02,1.0,1.1790006160736084,0.7151403427124023,-2.9201295375823975,0.04076648024641827,0.13799873399898388
occlusion_015,occlusion,train,0.05,0.9999999403953552,1.3123284578323364,1.1804256439208984,-1.424086332321167,0.02845515115541275,0.13677426041090257
occlusion_015,occlusion,train,0.1,0.9999999403953552,1.3418947458267212,1.2771846055984497,-1.562894344329834,0.03194758243282081,0.13510881196475566
occlusion_015,occlusion,train,0.2,1.0,1.5760403871536255,1.9756734371185303,-0.2530650496482849,0.04733944459175632,0.13184315009334568
occlusion_015,occlusion,train,0.5,1.0,2.2814857959747314,3.5821776390075684,0.816237211227417,0.0901334978708519,0.12183223944725796
occlusion_016,occlusion,train,0.002,0.9650000333786011,0.24937625229358673,-6.031449317932129,-25.813207626342773,0.0003490786152069128,0.09350245551710096
occlusion_016,occlusion,train,0.004,0.9644911885261536,0.6651784181594849,-1.7706185579299927,-19.931032180786133,0.0009535376896396275,0.09346808289170497
occlusion_016,occlusion,train,0.01,0.9657157063484192,0.5949381589889526,-2.255281925201416,-13.603267669677734,0.0035504673615887154,0.0933651201923535
occlusion_016,occlusion,train,0.02,0.9649211168289185,0.8082349300384521,-0.9246239066123962,-11.01335334777832,0.006758035172354812,0.09319411945627479
occlusion_016,occlusion,train,0.05,0.9635311365127563,1.476771354675293,1.6931326389312744,-11.052967071533203,0.0061789298875642995,0.09267855358775531
occlusion_016,occlusion,train,0.1,0.9605162739753723,5.2582011222839355,7.208372116088867,-10.704293251037598,0.009187105565881658,0.09180982230962162
occlusion_016,occlusion,train,0.2,0.9592412114143372,39.05598068237305,15.916876792907715,-9.187654495239258,0.015190648635104595,0.09005762808447473
occlusion_016,occlusion,train,0.5,0.9536123275756836,258.5818176269531,24.125978469848633,-6.858373165130615,0.031216396139952668,0.08464502966530396
occlusion_017,occlusion,train,0.002,1.0,0.019132394343614578,-17.182308197021484,-23.0826358795166,0.0014726135722129552,0.19384611749910619
occlusion_017,occlusion,train,0.004,1.0,0.060293663293123245,-12.197283744812012,-17.313480377197266,0.0048872748095099006,0.19378085466951234
occlusion_017,occlusion,train,0.01,1.0,0.1712304949760437,-7.664189338684082,-11.16135025024414,0.016121154425254858,0.19354399645590092
occlusion_017,occlusion,train,0.02,1.0,0.4316471219062805,-3.648711681365967,-7.6597981452941895,0.03615470275796184,0.19303420219284817
occlusion_017,occlusion,train,0.05,0.9999999403953552,0.4350478947162628,-3.6146295070648193,-6.312656402587891,0.032099914904961224,0.19151104838010724
occlusion_017,occlusion,train,0.1,0.9999999403953552,0.5127314925193787,-2.9011001586914062,-5.61069917678833,0.03741445401010424,0.18989198712870348
occlusion_017,occlusion,train,0.2,1.0,0.6209930181503296,-2.0691328048706055,-4.674842834472656,0.054614393556278173,0.18568668710349812
occlusion_017,occlusion,train,0.5,1.0,1.2547575235366821,0.985598087310791,-3.1572012901306152,0.10161099030005971,0.17398994491441044
occlusion_018,occlusion,val,0.002,1.0,0.19274501502513885,-7.150168418884277,-20.594951629638672,0.0002961673198352832,0.08312333269737077
occlusion_018,occlusion,val,0.004,1.0,0.6180948615074158,-2.0894484519958496,-19.405834197998047,0.0007004780796127097,0.08309092994773176
occlusion_018,occlusion,val,0.01,1.0,0.9782311320304871,-0.09558520466089249,-14.361944198608398,0.0025583959774267417,0.08299207830737226
occlusion_018,occlusion,val,0.02,1.0,0.9127635359764099,-0.39641720056533813,-10.71692943572998,0.00515762728645669,0.08282186392193774
occlusion_018,occlusion,val,0.05,0.9999999403953552,1.0584988594055176,0.24690395593643188,-11.272887229919434,0.005678773901589301,0.08230595128429935
occlusion_018,occlusion,val,0.1,0.9999999403953552,1.435899257659912,1.571239709854126,-9.063772201538086,0.00875042412949445,0.08148720063423037
occlusion_018,occlusion,val,0.2,1.0,2.0302700996398926,3.075538158416748,-7.007172107696533,0.0136759036938872,0.07978555216345934
occlusion_018,occlusion,val,0.5,1.0,11.874591827392578,10.746187210083008,-1.5690475702285767,0.027833173278925857,0.0746668527428957
occlusion_019,occlusion,val,0.002,1.0,0.055446237325668335,-12.561279296875,-21.363332748413086,0.0016676334111560553,0.13354851281872016
occlusion_019,occlusion,val,0.004,1.0,0.18382824957370758,-7.355877876281738,-15.614521026611328,0.00564106437413292,0.13347771636142625
occlusion_019,occlusion,val,0.01,1.0,0.5305352807044983,-2.752857208251953,-8.739591598510742,0.017275833375989258,0.13326537503269265
occlusion_019,occlusion,val,0.02,1.0,1.163846731185913,0.6589579582214355,-3.1690526008605957,0.03634209768748553,0.13291179852637924
occlusion_019,occlusion,val,0.05,0.9999999403953552,1.1605851650238037,0.6467702388763428,-1.3973307609558105,0.026073164741607258,0.1318467958084284
occlusion_019,occlusion,val,0.1,0.9999999403953552,1.475441336631775,1.68921959400177,0.7142576575279236,0.03897842019222253,0.12998087618723275
occlusion_019,occlusion,val,0.2,1.0,1.4748092889785767,1.6873586177825928,0.2702215611934662,0.05028794231446909,0.12569631699841466
occlusion_019,occlusion,val,0.5,1.0,2.6620118618011475,4.252099990844727,1.1858720779418945,0.08701419783358233,0.1135080182469892
