model,seed,batch_size,history_count,query_count,repeat,model_only_ms,end_to_end_ms,preprocess_ms,model_stage_ms,reconstruct_ms
cru,17,1,4,1,0,14.0900369733572,14.363587833940983,0.2608010545372963,14.05538059771061,0.11020619422197342
cru,17,1,4,1,1,14.033987186849117,14.391717500984669,0.2643223851919174,14.020171016454697,0.10846741497516632
cru,17,1,4,1,2,19.02999449521303,14.38600942492485,0.2664942294359207,14.001798816025257,0.10629557073116302
cru,17,1,4,1,3,13.88410571962595,14.326992444694042,0.2608383074402809,14.01178352534771,0.10679103434085846
cru,17,1,4,1,4,14.920256100594997,16.23649336397648,0.2624206244945526,13.979451730847359,0.10873284190893173
cru,17,1,4,1,5,13.969656080007553,14.277645386755466,0.2608858048915863,13.945046812295914,0.10741967707872391
cru,17,1,4,1,6,14.007693156599998,18.027523532509804,0.5435766652226448,18.646085634827614,0.4031118005514145
cru,17,1,4,1,7,16.1644471809268,14.71469085663557,0.2665715292096138,14.285902492702007,0.10881666094064713
cru,17,1,4,1,8,14.34576977044344,14.59469087421894,0.27932319790124893,14.357807114720345,0.10696612298488617
cru,17,1,4,1,9,14.242170378565788,14.597938396036625,0.26372727006673813,14.551600441336632,0.10560080409049988
cru,17,1,4,1,10,19.239801913499832,14.574573375284672,0.2618953585624695,14.324463903903961,0.10615307837724686
cru,17,1,4,1,11,14.344392344355583,29.173905961215496,0.38748327642679214,16.061117872595787,0.10788720101118088
cru,17,1,4,1,12,13.927607797086239,14.342470094561577,0.26220735162496567,13.926607556641102,0.10618194937705994
cru,17,1,4,1,13,13.879458419978619,18.065301701426506,0.26558060199022293,13.937780633568764,0.11921301484107971
cru,17,1,4,1,14,13.938585296273232,14.20041173696518,0.2622157335281372,13.952705077826977,0.108303502202034
cru,17,1,4,1,15,13.871531002223492,14.254597015678883,0.260818749666214,13.87693453580141,0.10825507342815399
cru,17,1,4,1,16,17.50129647552967,14.688899740576744,0.26284996420145035,13.978380709886551,0.10715052485466003
cru,17,1,4,1,17,13.855607248842716,14.314945787191391,0.2690376713871956,16.33391436189413,0.1072986051440239
cru,17,1,4,1,18,13.873420655727386,14.277365058660507,0.2593165263533592,13.944252394139767,0.10822247713804245
cru,17,1,4,1,19,13.975746929645538,14.203025959432125,0.25981105864048004,13.956169597804546,0.10705925524234772
cru,17,1,4,1,20,13.92786018550396,14.244689606130123,0.2601752057671547,13.927838765084743,0.11654291301965714
cru,17,1,4,1,21,13.996235094964504,15.00952523201704,0.26260968297719955,13.934317044913769,0.10624993592500687
cru,17,1,4,1,22,13.835580088198185,14.235968701541424,0.2589430660009384,13.928467407822609,0.10667834430932999
cru,17,1,4,1,23,13.949153944849968,14.203891158103943,0.2590203657746315,13.86902667582035,0.1061977818608284
cru,17,1,4,1,24,13.9493178576231,14.282570220530033,0.26152096688747406,13.958072289824486,0.10730978101491928
cru,17,1,4,1,25,13.93964421004057,14.124558307230473,0.2601202577352524,15.085420571267605,0.10757055133581161
cru,17,1,4,1,26,13.943411409854889,14.23401478677988,0.2628043293952942,13.978750444948673,0.1076897606253624
cru,17,1,4,1,27,13.93681950867176,14.2520722001791,0.2591097727417946,13.827132061123848,0.10633748024702072
cru,17,1,4,1,28,13.839093036949635,14.122206717729568,0.25897473096847534,13.86175025254488,0.10635238140821457
cru,17,1,4,1,29,13.828825205564499,14.31338582187891,0.3707464784383774,15.119276009500027,0.1066550612449646
cru,17,1,4,1,30,13.823023065924644,14.226897619664669,0.2612173557281494,13.835065998136997,0.10623224079608917
cru,17,1,4,1,31,13.872879557311535,14.186104759573936,0.26771053671836853,13.919168151915073,0.10636728256940842
cru,17,1,4,1,32,13.81361298263073,14.199533499777317,0.26044901460409164,13.880415819585323,0.10531116276979446
cru,17,1,4,1,33,13.850172981619835,14.093748293817043,0.25613047182559967,13.843966647982597,0.10603014379739761
cru,17,1,4,1,34,13.854441232979298,14.222951605916023,0.3590518608689308,17.674311995506287,0.10780990123748779
cru,17,1,4,1,35,13.870514929294586,14.13672138005495,0.26141107082366943,13.871601782739162,0.10479148477315903
cru,17,1,4,1,36,13.804404996335506,14.187175780534744,0.2552913501858711,13.876482844352722,0.10542292147874832
cru,17,1,4,1,37,13.737857341766357,14.063650742173195,0.2561267465353012,13.80218006670475,0.10576844215393066
cru,17,1,4,1,38,16.58022776246071,14.236943796277046,0.25736168026924133,13.866119086742401,0.10608695447444916
cru,17,1,4,1,39,13.857274316251278,14.196065254509449,0.25844573974609375,13.77237681299448,0.10603293776512146
cru,17,1,4,1,40,13.84743768721819,14.143482781946659,0.2590669319033623,13.79969622939825,0.10569766163825989
cru,17,1,4,1,41,13.926226645708084,14.314904808998108,0.2577146515250206,17.66068395227194,0.10566879063844681
cru,17,1,4,1,42,13.912724331021309,14.314488507807255,0.2593649551272392,13.94348032772541,0.10657962411642075
cru,17,1,4,1,43,13.979132287204266,14.291008934378624,0.25560613721609116,13.877425342798233,0.10500848293304443
cru,17,1,4,1,44,13.926176354289055,14.23903089016676,0.2585388720035553,13.92330415546894,0.10527390986680984
cru,17,1,4,1,45,14.582067728042603,14.979093335568905,0.2601621672511101,13.833309523761272,0.1062219962477684
cru,17,1,4,1,46,13.871818780899048,14.215056784451008,0.2577630802989006,13.87106254696846,0.10462477803230286
cru,17,1,4,1,47,13.975828886032104,14.288326725363731,0.2609929069876671,13.840926811099052,0.10574329644441605
cru,17,1,4,1,48,13.914374634623528,14.22286406159401,0.2582622691988945,16.93014893680811,0.10759755969047546
cru,17,1,4,1,49,13.856207020580769,14.149291440844536,0.2606818452477455,13.788215816020966,0.10479148477315903
cru,17,1,4,6,0,14.591138809919357,19.152858294546604,0.2591032534837723,14.66044969856739,0.11118315160274506
cru,17,1,4,6,1,14.622668735682964,14.960428699851036,0.2615535631775856,14.652705751359463,0.11113472282886505
cru,17,1,4,6,2,14.609482139348984,14.927004463970661,0.4130462184548378,18.427470698952675,0.11130422353744507
cru,17,1,4,6,3,14.616097323596478,14.89101443439722,0.2694288268685341,14.545472338795662,0.11242367327213287
cru,17,1,4,6,4,14.650029130280018,14.918530359864235,0.2573831006884575,14.600484631955624,0.11066533625125885
cru,17,1,4,6,5,14.566057361662388,18.44022423028946,0.26134680956602097,14.628339558839798,0.11141505092382431
cru,17,1,4,6,6,14.762137085199356,15.044372528791428,0.2614334225654602,14.649489894509315,0.11073332279920578
cru,17,1,4,6,7,14.700940810143948,15.018812380731106,0.25966670364141464,16.76071807742119,0.12550130486488342
cru,17,1,4,6,8,14.743538573384285,17.382731661200523,0.956621952354908,14.697427861392498,0.12346729636192322
cru,17,1,4,6,9,14.63345717638731,14.97271191328764,0.26084668934345245,14.674822799861431,0.11044181883335114
cru,17,1,4,6,10,14.605888165533543,15.048729255795479,0.25649089366197586,14.667614363133907,0.11011678725481033
cru,17,1,4,6,11,16.366458497941494,15.056081116199493,0.2844184637069702,14.631285332143307,0.11080782860517502
cru,17,1,4,6,12,16.543196514248848,14.986375346779823,0.2600839361548424,16.66854042559862,0.11122599244117737
cru,17,1,4,6,13,14.620978385210037,15.039226971566677,0.2591954544186592,14.680386520922184,0.10999850928783417
cru,17,1,4,6,14,14.634829014539719,14.959807507693768,0.2587568014860153,14.70579206943512,0.1110229641199112
cru,17,1,4,6,15,14.607075601816177,15.030689537525177,0.2569640055298805,16.794441267848015,0.340132974088192
cru,17,1,4,6,16,15.489659272134304,14.914214611053467,0.25868136435747147,14.580761082470417,0.11051725596189499
cru,17,1,4,6,17,14.547093771398067,14.897765591740608,0.25828834623098373,16.725730150938034,0.1139417290687561
cru,17,1,4,6,18,14.624168165028095,14.895984902977943,0.25779660791158676,14.53256607055664,0.11049024760723114
cru,17,1,4,6,19,14.56910278648138,17.267105169594288,0.2597542479634285,14.590850099921227,0.11009816080331802
cru,17,1,4,6,20,14.534524641931057,13.797949068248272,0.18918607383966446,10.525778867304325,0.07917266339063644
cru,17,1,4,6,21,10.917172767221928,11.079984717071056,0.187593512237072,10.688822716474533,0.08336082100868225
cru,17,1,4,6,22,11.116535402834415,10.937117040157318,0.18490012735128403,10.839750058948994,0.08571706712245941
cru,17,1,4,6,23,11.04102935642004,11.27435639500618,0.19630230963230133,15.315363183617592,0.0859331339597702
cru,17,1,4,6,24,11.441919952630997,10.975362733006477,0.18646754324436188,11.090642772614956,0.09028054773807526
cru,17,1,4,6,25,11.559981852769852,11.186362244188786,0.18702447414398193,10.92331949621439,0.08380506187677383
cru,17,1,4,6,26,11.06222067028284,11.08462456613779,0.1894710585474968,10.650044307112694,0.08370447903871536
cru,17,1,4,6,27,10.893668979406357,11.34506706148386,0.2015829086303711,10.774870403110981,0.08393265306949615
cru,17,1,4,6,28,11.322627775371075,11.434640735387802,0.20590890198946,10.917089879512787,0.08460693061351776
cru,17,1,4,6,29,11.381899006664753,10.953905060887337,0.19566714763641357,10.723128914833069,0.08344091475009918
cru,17,1,4,6,30,10.920300148427486,11.314216069877148,0.19800756126642227,10.850075632333755,0.0849338248372078
cru,17,1,4,6,31,11.238777078688145,14.545300044119358,0.20116381347179413,11.897176504135132,0.09035319089889526
cru,17,1,4,6,32,11.354967020452023,11.346697807312012,0.19651278853416443,11.162754148244858,0.08562486618757248
cru,17,1,4,6,33,11.812091805040836,11.739316396415234,0.20099151879549026,11.679514311254025,0.08610077202320099
cru,17,1,4,6,34,11.386621743440628,11.96594350039959,0.21170172840356827,11.892378330230713,0.09055808186531067
cru,17,1,4,6,35,11.749166063964367,11.988714337348938,0.21219439804553986,11.643604375422,0.08638482540845871
cru,17,1,4,6,36,11.356135830283165,11.399118229746819,0.2015829086303711,11.279665865004063,0.08967891335487366
cru,17,1,4,6,37,14.235376380383968,12.100144289433956,0.21189823746681213,11.815701611340046,0.08361786603927612
cru,17,1,4,6,38,10.85721980780363,11.112936772406101,0.19624736160039902,10.882670059800148,0.08284114301204681
cru,17,1,4,6,39,10.927088558673859,11.423156596720219,0.19874423742294312,11.616632342338562,0.08968356996774673
cru,17,1,4,6,40,11.372632347047329,11.318991892039776,0.20575802773237228,10.931625962257385,0.08041225373744965
cru,17,1,4,6,41,10.53721271455288,12.064721435308456,0.19515212625265121,14.502954669296741,0.09105540812015533
cru,17,1,4,6,42,11.835357174277306,11.534356512129307,0.22632349282503128,11.236668564379215,0.08367560803890228
cru,17,1,4,6,43,11.028315871953964,11.380087584257126,0.19517634063959122,11.02233026176691,0.08733663707971573
cru,17,1,4,6,44,11.142042465507984,11.441055685281754,0.22105034440755844,11.685761623084545,0.0821119174361229
cru,17,1,4,6,45,11.84833887964487,11.404764838516712,0.211409293115139,11.564110405743122,0.08323509246110916
cru,17,1,4,6,46,11.20022777467966,11.222009547054768,0.19477959722280502,13.986308127641678,0.09145401418209076
cru,17,1,4,6,47,11.416949331760406,10.738230310380459,0.19462034106254578,10.90296357870102,0.08367281407117844
cru,17,1,4,6,48,10.970002971589565,11.724753305315971,0.2048565074801445,10.87062805891037,0.08565746247768402
cru,17,1,4,6,49,11.318391188979149,10.952579788863659,0.18990132957696915,10.573191568255424,0.07970258593559265
cru,17,1,16,1,0,32.67034236341715,33.972485922276974,0.19859150052070618,38.39875012636185,0.08776318281888962
cru,17,1,16,1,1,33.54295715689659,33.95551908761263,0.1959269866347313,32.931783236563206,0.08114241063594818
cru,17,1,16,1,2,36.71442996710539,33.58142916113138,0.18826965242624283,32.6880132779479,0.09314902126789093
cru,17,1,16,1,3,34.58845801651478,37.76523098349571,0.22376887500286102,35.51152627915144,0.08993595838546753
cru,17,1,16,1,4,34.07380636781454,36.13194264471531,0.2254396677017212,35.69717798382044,0.08073169738054276
cru,17,1,16,1,5,38.94136659801006,34.01875216513872,0.20033307373523712,33.476244658231735,0.080084428191185
cru,17,1,16,1,6,33.59148930758238,33.78925286233425,0.19839778542518616,33.74306205660105,0.08013192564249039
cru,17,1,16,1,7,38.1496949121356,34.62279587984085,0.20110327750444412,32.727692276239395,0.08026883006095886
cru,17,1,16,1,8,35.00013239681721,33.18914584815502,0.19913911819458008,32.89952781051397,0.08012354373931885
cru,17,1,16,1,9,36.10907029360533,33.729114569723606,0.19964668899774551,32.80100505799055,0.08004624396562576
cru,17,1,16,1,10,33.31365995109081,33.07438362389803,0.20078010857105255,36.482226103544235,0.09428244084119797
cru,17,1,16,1,11,33.444724045693874,33.047414384782314,0.21339952945709229,34.169300459325314,0.08030980825424194
cru,17,1,16,1,12,33.63048192113638,33.47939997911453,0.20018406212329865,34.43310223519802,0.08451472967863083
cru,17,1,16,1,13,34.49743241071701,34.1795077547431,0.20015519112348557,33.54363422840834,0.08934736251831055
cru,17,1,16,1,14,35.39645206183195,33.533649519085884,0.2007642760872841,35.150231793522835,0.0889049842953682
cru,17,1,16,1,15,33.19041896611452,33.41091796755791,0.21305494010448456,33.22430048137903,0.079338438808918
cru,17,1,16,1,16,33.253720961511135,34.43889785557985,0.2043629065155983,33.414299599826336,0.08062552660703659
cru,17,1,16,1,17,34.98671390116215,33.66428520530462,0.19798614084720612,33.17249473184347,0.08160341531038284
cru,17,1,16,1,18,34.534938633441925,34.33842584490776,0.1953737810254097,35.46029329299927,0.08023343980312347
cru,17,1,16,1,19,33.03156606853008,33.19570515304804,0.19720569252967834,33.55072718113661,0.08784141391515732
cru,17,1,16,1,20,33.45099464058876,36.424011923372746,0.19234605133533478,33.33355765789747,0.08024647831916809
cru,17,1,16,1,21,33.4572596475482,34.1207068413496,0.19455887377262115,38.887618109583855,0.08588191121816635
cru,17,1,16,1,22,32.28326700627804,33.68235006928444,0.2031056210398674,33.522939309477806,0.07919780910015106
cru,17,1,16,1,23,35.16760282218456,32.62856509536505,0.18694810569286346,33.55937171727419,0.08683372288942337
cru,17,1,16,1,24,33.99157617241144,34.1830225661397,0.20235497504472733,33.89789070934057,0.07994845509529114
cru,17,1,16,1,25,33.077968284487724,34.18992180377245,0.18966849893331528,32.85782691091299,0.07731001824140549
cru,17,1,16,1,26,32.34219644218683,33.609949983656406,0.1856572926044464,32.944440841674805,0.08170492947101593
cru,17,1,16,1,27,31.93084057420492,33.258710987865925,0.19941572099924088,32.57104102522135,0.07662177085876465
cru,17,1,16,1,28,32.71010052412748,31.878262758255005,0.19805226475000381,32.82568138092756,0.08156802505254745
cru,17,1,16,1,29,33.25090277940035,33.58445316553116,0.19624177366495132,32.423778437078,0.07592886686325073
cru,17,1,16,1,30,31.460958532989025,32.97102823853493,0.19020028412342072,32.464804127812386,0.07714051753282547
cru,17,1,16,1,31,32.90910646319389,34.08433683216572,0.19719917327165604,33.20434968918562,0.07735565304756165
cru,17,1,16,1,32,32.22690802067518,32.542056404054165,0.18677860498428345,32.754749059677124,0.08909497410058975
cru,17,1,16,1,33,34.11544393748045,32.689232379198074,0.18725357949733734,32.373796217143536,0.08315499871969223
cru,17,1,16,1,34,32.22818113863468,34.2151690274477,0.20277593284845352,33.24850928038359,0.07967185229063034
cru,17,1,16,1,35,34.571547992527485,32.91141055524349,0.18779560923576355,32.690209336578846,0.07637403905391693
cru,17,1,16,1,36,32.05291647464037,33.096265979111195,0.19910279661417007,33.09596888720989,0.08746609091758728
cru,17,1,16,1,37,34.72892288118601,32.48265944421291,0.18575042486190796,33.19527581334114,0.08454639464616776
cru,17,1,16,1,38,32.94835425913334,33.021568320691586,0.1963609829545021,34.893405623734,0.08540134876966476
cru,17,1,16,1,39,33.806633204221725,32.769094221293926,0.18314924091100693,32.58431050926447,0.08955039083957672
cru,17,1,16,1,40,32.564399763941765,32.19054080545902,0.21391082555055618,34.34574604034424,0.07858127355575562
cru,17,1,16,1,41,32.57553745061159,32.64741599559784,0.189964659512043,32.69951045513153,0.08913874626159668
cru,17,1,16,1,42,32.58601203560829,34.22889392822981,0.18889270722866058,33.122883178293705,0.07845927029848099
cru,17,1,16,1,43,33.120608888566494,33.15556142479181,0.18954090774059296,32.725865952670574,0.07640570402145386
cru,17,1,16,1,44,34.53633841127157,33.091867342591286,0.18842238932847977,32.81422983855009,0.07629115134477615
cru,17,1,16,1,45,32.47155714780092,32.28237945586443,0.18598046153783798,33.567204140126705,0.08029770106077194
cru,17,1,16,1,46,32.44217298924923,32.734913751482964,0.1863064244389534,34.47681479156017,0.08336640894412994
cru,17,1,16,1,47,32.298581674695015,32.33788534998894,0.1836894080042839,33.41675270348787,0.09027309715747833
cru,17,1,16,1,48,34.05945003032684,32.68910385668278,0.187690369784832,32.9181095585227,0.08140504360198975
cru,17,1,16,1,49,33.082437701523304,34.49438791722059,0.2000676468014717,33.14052615314722,0.07754843682050705
cru,17,1,16,6,0,33.952788449823856,33.235814422369,0.1874919980764389,36.60957235842943,0.10931957513093948
cru,17,1,16,6,1,34.683155827224255,32.56309311836958,0.18713995814323425,32.82046876847744,0.08345488458871841
cru,17,1,16,6,2,33.24180468916893,35.83579231053591,0.21983683109283447,34.6737876534462,0.08510611951351166
cru,17,1,16,6,3,35.36094818264246,34.62257143110037,0.24199113249778748,36.119586788117886,0.11111609637737274
cru,17,1,16,6,4,36.175983026623726,34.71030481159687,0.2379370853304863,36.60859353840351,0.10446552187204361
cru,17,1,16,6,5,35.41523963212967,36.55743505805731,0.25939103215932846,37.66271937638521,0.10583736002445221
cru,17,1,16,6,6,37.40428201854229,37.32479829341173,0.24575460702180862,37.40383870899677,0.11010095477104187
cru,17,1,16,6,7,37.20160573720932,37.125387229025364,0.22920221090316772,35.25243792682886,0.10443758219480515
cru,17,1,16,6,8,36.29374969750643,36.4643195644021,0.21904520690441132,34.26622040569782,0.10102707892656326
cru,17,1,16,6,9,36.14736907184124,35.50749458372593,0.2278955653309822,35.5517016723752,0.10539405047893524
cru,17,1,16,6,10,37.14704141020775,35.78553814440966,0.22980570793151855,35.83135828375816,0.11058896780014038
cru,17,1,16,6,11,38.07487338781357,35.98399367183447,0.22611860185861588,35.60300264507532,0.10543130338191986
cru,17,1,16,6,12,36.82262450456619,37.36688382923603,0.24307426065206528,36.945379339158535,0.1128464937210083
cru,17,1,16,6,13,37.84387465566397,36.4279905334115,0.24688895791769028,37.55237255245447,0.11178199201822281
cru,17,1,16,6,14,36.78348194807768,34.300122410058975,0.20287930965423584,34.22662243247032,0.08814875036478043
cru,17,1,16,6,15,33.78257714211941,36.06867138296366,0.2052411437034607,35.407956689596176,0.09170081466436386
cru,17,1,16,6,16,35.23910604417324,33.961779437959194,0.20520202815532684,34.96025502681732,0.09093061089515686
cru,17,1,16,6,17,35.94639338552952,34.36953108757734,0.20260829478502274,34.33550335466862,0.0803731381893158
cru,17,1,16,6,18,33.93964283168316,34.50473863631487,0.21434109658002853,34.860349260270596,0.08420273661613464
cru,17,1,16,6,19,34.37559958547354,34.38237961381674,0.19994936883449554,33.32764096558094,0.09485706686973572
cru,17,1,16,6,20,33.50050654262304,35.104865208268166,0.20723603665828705,34.17065180838108,0.08349772542715073
cru,17,1,16,6,21,34.50844716280699,35.14081984758377,0.19694771617650986,33.7749058380723,0.08592754602432251
cru,17,1,16,6,22,36.06752026826143,33.93475618213415,0.20216312259435654,33.711821772158146,0.08496269583702087
cru,17,1,16,6,23,34.914733842015266,35.05838382989168,0.211997888982296,36.160118877887726,0.08449144661426544
cru,17,1,16,6,24,34.95971020311117,34.75309535861015,0.19993353635072708,34.98517535626888,0.08606072515249252
cru,17,1,16,6,25,34.03561469167471,36.305916495621204,0.21592527627944946,35.68026702851057,0.09330641478300095
cru,17,1,16,6,26,35.404990427196026,34.69076007604599,0.2138689160346985,34.51536409556866,0.09285099804401398
cru,17,1,16,6,27,34.95185915380716,32.7153941616416,0.19542686641216278,33.638061955571175,0.08385907858610153
cru,17,1,16,6,28,33.274549059569836,35.54200194776058,0.19890163093805313,32.92281553149223,0.08379854261875153
cru,17,1,16,6,29,34.04350392520428,35.19374970346689,0.20452775061130524,33.618006855249405,0.08636247366666794
cru,17,1,16,6,30,33.952281810343266,34.77817960083485,0.1965416595339775,32.75842498987913,0.08298736065626144
cru,17,1,16,6,31,33.76855328679085,33.33560284227133,0.18628593534231186,32.84818306565285,0.0831708312034607
cru,17,1,16,6,32,33.51933974772692,33.63146632909775,0.1856200397014618,33.55276957154274,0.08596759289503098
cru,17,1,16,6,33,34.82690639793873,34.139955416321754,0.1862095668911934,32.48855844140053,0.08020177483558655
cru,17,1,16,6,34,34.23852287232876,34.595465287566185,0.18514227122068405,34.23228580504656,0.08013565093278885
cru,17,1,16,6,35,33.78888312727213,33.79666339606047,0.18629338592290878,36.426824517548084,0.10219123214483261
cru,17,1,16,6,36,35.902935080230236,33.73450879007578,0.19402243196964264,34.45910941809416,0.09089894592761993
cru,17,1,16,6,37,35.194575786590576,34.114050678908825,0.20405463874340057,34.66260898858309,0.09264703840017319
cru,17,1,16,6,38,34.991974011063576,34.29686930030584,0.2164803445339203,35.654000006616116,0.10393746197223663
cru,17,1,16,6,39,33.69702026247978,35.396357998251915,0.2020886167883873,34.89706479012966,0.08940603584051132
cru,17,1,16,6,40,34.306010231375694,34.2262489721179,0.20080804824829102,34.93711166083813,0.08540134876966476
cru,17,1,16,6,41,35.40370985865593,34.83076021075249,0.20136404782533646,36.16921044886112,0.10171346366405487
cru,17,1,16,6,42,34.01726204901934,34.281850792467594,0.21578650921583176,35.21187696605921,0.08705724030733109
cru,17,1,16,6,43,36.0993891954422,34.421635791659355,0.1990627497434616,36.4046273753047,0.09261909872293472
cru,17,1,16,6,44,36.650849506258965,36.22013330459595,0.2387668937444687,36.840674467384815,0.11129025369882584
cru,17,1,16,6,45,35.5272451415658,34.360590390861034,0.2147667109966278,34.292660653591156,0.08026044815778732
cru,17,1,16,6,46,33.093878999352455,33.3623681217432,0.18640421330928802,34.48768425732851,0.09192433208227158
cru,17,1,16,6,47,33.15714281052351,33.64024683833122,0.1840498298406601,33.268388360738754,0.08589215576648712
cru,17,1,16,6,48,32.68785774707794,35.04052944481373,0.21162163466215134,33.735714852809906,0.08053891360759735
cru,17,1,16,6,49,32.32019953429699,33.551109954714775,0.19416306167840958,33.43544900417328,0.10229647159576416
cru,17,1,32,1,0,67.02675949782133,65.78490231186152,0.19045453518629074,65.5049066990614,0.08353870362043381
cru,17,1,32,1,1,65.42001664638519,66.15731678903103,0.20142272114753723,64.59101382642984,0.09154435247182846
cru,17,1,32,1,2,66.83728843927383,65.12853782624006,0.19789580255746841,65.61137549579144,0.08317362517118454
cru,17,1,32,1,3,66.22590031474829,65.12573920190334,0.2197595313191414,63.71055915951729,0.08584652096033096
cru,17,1,32,1,4,66.15565065294504,63.96567728370428,0.20313356071710587,64.27031941711903,0.09302515536546707
cru,17,1,32,1,5,65.18676411360502,64.89333137869835,0.1951875165104866,66.93893298506737,0.08166860789060593
cru,17,1,32,1,6,65.94465672969818,65.7650250941515,0.19602105021476746,67.14210100471973,0.08108187466859818
cru,17,1,32,1,7,65.00488054007292,65.18179271370173,0.2142246812582016,67.75747891515493,0.09658653289079666
cru,17,1,32,1,8,64.66053519397974,66.64026901125908,0.20906329154968262,67.13543552905321,0.09917002171278
cru,17,1,32,1,9,66.13034754991531,67.15676095336676,0.208171084523201,65.63905626535416,0.08192658424377441
cru,17,1,32,1,10,66.9600497931242,64.92488738149405,0.22139959037303925,66.108088940382,0.08698925375938416
cru,17,1,32,1,11,67.311005666852,67.11899396032095,0.21746661514043808,67.50976946204901,0.10686274617910385
cru,17,1,32,1,12,68.36846098303795,66.79938081651926,0.21301209926605225,64.0066210180521,0.07899012416601181
cru,17,1,32,1,13,66.12077262252569,64.52629435807467,0.1985561102628708,66.29613786935806,0.0804997980594635
cru,17,1,32,1,14,66.1341268569231,67.8735040128231,0.2014562487602234,66.59725680947304,0.08661486208438873
cru,17,1,32,1,15,68.60121991485357,69.44688595831394,0.2502789720892906,70.76046895235777,0.100000761449337
cru,17,1,32,1,16,64.8801401257515,64.0366543084383,0.20706746727228165,67.08502303808928,0.08077826350927353
cru,17,1,32,1,17,65.06466213613749,63.51268291473389,0.19713956862688065,66.42302311956882,0.0798683613538742
cru,17,1,32,1,18,64.05698042362928,65.19021466374397,0.1985747367143631,65.40775671601295,0.07961038500070572
cru,17,1,32,1,19,64.47450816631317,65.5243219807744,0.21274108439683914,64.98208455741405,0.08173659443855286
cru,17,1,32,1,20,64.87738527357578,68.94057709723711,0.21877046674489975,68.5704629868269,0.09343121200799942
cru,17,1,32,1,21,67.48883705586195,66.41102116554976,0.25413744151592255,65.1797316968441,0.08783303201198578
cru,17,1,32,1,22,65.2977954596281,67.43060797452927,0.2204645425081253,68.1235147640109,0.08237920701503754
cru,17,1,32,1,23,68.68655886501074,68.60497314482927,0.23770052939653397,69.71673667430878,0.10963063687086105
cru,17,1,32,1,24,69.15838830173016,69.83266025781631,0.2404944971203804,68.35140474140644,0.08887983858585358
cru,17,1,32,1,25,67.39860400557518,68.93283035606146,0.25158561766147614,66.30643457174301,0.10248273611068726
cru,17,1,32,1,26,65.70173893123865,65.85605815052986,0.19797403365373611,63.815632835030556,0.08267257362604141
cru,17,1,32,1,27,65.00560790300369,65.69803692400455,0.1999819651246071,65.5440129339695,0.07725507020950317
cru,17,1,32,1,28,64.22012858092785,66.87536556273699,0.22168178111314774,64.1006464138627,0.08298829197883606
cru,17,1,32,1,29,63.110257498919964,65.90888369828463,0.20481180399656296,64.03452344238758,0.08177757263183594
cru,17,1,32,1,30,65.59740751981735,65.21939672529697,0.19730720669031143,65.17910026013851,0.08176267147064209
cru,17,1,32,1,31,66.4901714771986,65.79550914466381,0.20449236035346985,65.09744748473167,0.08341670036315918
cru,17,1,32,1,32,67.25692097097635,65.17634354531765,0.21287985146045685,65.92382024973631,0.08681323379278183
cru,17,1,32,1,33,64.47114143520594,64.7340975701809,0.20732823759317398,66.50732178241014,0.09190011769533157
cru,17,1,32,1,34,65.173021517694,66.93342886865139,0.24336297065019608,67.90945958346128,0.09485706686973572
cru,17,1,32,1,35,68.29220242798328,66.33584573864937,0.21110940724611282,69.00122854858637,0.0921906903386116
cru,17,1,32,1,36,69.01405844837427,70.59654965996742,0.21408218890428543,66.07684679329395,0.08193869143724442
cru,17,1,32,1,37,64.58490528166294,66.306097432971,0.22558961063623428,65.33672008663416,0.0849999487400055
cru,17,1,32,1,38,66.29705987870693,65.42671844363213,0.20040571689605713,65.90642873197794,0.09058602154254913
cru,17,1,32,1,39,64.17169142514467,63.647596165537834,0.19873492419719696,67.00839195400476,0.10307785123586655
cru,17,1,32,1,40,63.58528323471546,70.93843817710876,0.22723153233528137,70.58703619986773,0.1184539869427681
cru,17,1,32,1,41,68.22666898369789,66.61065481603146,0.23592263460159302,65.65774418413639,0.08536502718925476
cru,17,1,32,1,42,66.61116611212492,65.13558141887188,0.20606163889169693,66.7676655575633,0.09689852595329285
cru,17,1,32,1,43,68.0259233340621,67.02724192291498,0.2264697104692459,67.00114160776138,0.09077135473489761
cru,17,1,32,1,44,66.38714484870434,65.04453159868717,0.20284950733184814,64.06910438090563,0.09376183152198792
cru,17,1,32,1,45,64.14832826703787,66.58777315169573,0.22982433438301086,69.05448623001575,0.08950196206569672
cru,17,1,32,1,46,66.09397009015083,66.90923869609833,0.20522717386484146,67.1986835077405,0.08177105337381363
cru,17,1,32,1,47,64.88336343318224,67.01830867677927,0.1939060166478157,68.58775112777948,0.09660609066486359
cru,17,1,32,1,48,67.50121153891087,68.85817181318998,0.22575072944164276,66.43217522650957,0.08054915815591812
cru,17,1,32,1,49,65.17523340880871,65.24271983653307,0.2092793583869934,67.2117006033659,0.10220985859632492
cru,17,1,32,6,0,67.14028678834438,66.89275987446308,0.20505115389823914,67.52333045005798,0.09702704846858978
cru,17,1,32,6,1,65.85535686463118,66.67626276612282,0.20776409655809402,65.54501689970493,0.08500088006258011
cru,17,1,32,6,2,66.05763453990221,66.51215814054012,0.1999884843826294,66.47373456507921,0.08616410195827484
cru,17,1,32,6,3,67.23696179687977,68.58853064477444,0.21038297563791275,68.03834158927202,0.10954495519399643
cru,17,1,32,6,4,68.30506678670645,67.08991713821888,0.21102000027894974,66.46347232162952,0.0951811671257019
cru,17,1,32,6,5,66.94870535284281,65.1280926540494,0.2034427598118782,65.97375217825174,0.08573383092880249
cru,17,1,32,6,6,65.67305885255337,65.62749948352575,0.20867306739091873,66.48136395961046,0.08678250014781952
cru,17,1,32,6,7,66.27177633345127,67.89096910506487,0.21973438560962677,65.9803431481123,0.0895187258720398
cru,17,1,32,6,8,68.30003764480352,70.38247864693403,0.23185089230537415,70.88735047727823,0.11328794062137604
cru,17,1,32,6,9,71.50737848132849,67.83378962427378,0.21072104573249817,65.87794981896877,0.09261816740036011
cru,17,1,32,6,10,68.4473542496562,66.54538679867983,0.2014562487602234,66.62184931337833,0.09121838957071304
cru,17,1,32,6,11,65.44166430830956,66.05209782719612,0.1983819529414177,67.27184634655714,0.08951779454946518
cru,17,1,32,6,12,65.46422187238932,65.50087314099073,0.1981658861041069,67.00124498456717,0.08672662079334259
cru,17,1,32,6,13,67.0121181756258,66.2431214004755,0.2035200595855713,70.50830125808716,0.10917708277702332
cru,17,1,32,6,14,67.20729544758797,68.54066625237465,0.2086050808429718,67.31238309293985,0.11487025767564774
cru,17,1,32,6,15,68.24524980038404,72.14175723493099,0.22560730576515198,71.70233502984047,0.08269865065813065
cru,17,1,32,6,16,69.3679852411151,65.52406307309866,0.19103847444057465,64.82192128896713,0.08418038487434387
cru,17,1,32,6,17,66.72778259962797,66.59495271742344,0.2198619768023491,66.57562404870987,0.08352473378181458
cru,17,1,32,6,18,64.96085971593857,67.01997481286526,0.21545030176639557,65.90733584016562,0.08755363523960114
cru,17,1,32,6,19,66.38543773442507,65.93048758804798,0.2232566475868225,68.17677710205317,0.0920882448554039
cru,17,1,32,6,20,65.67241344600916,65.78633934259415,0.20236894488334656,65.87724015116692,0.09493809193372726
cru,17,1,32,6,21,65.65242726355791,70.14967501163483,0.21522678434848785,67.10440665483475,0.08988752961158752
cru,17,1,32,6,22,67.52831023186445,68.19119676947594,0.21963194012641907,69.14559099823236,0.0899825245141983
cru,17,1,32,6,23,66.90120324492455,69.43632569164038,0.20862184464931488,66.36046152561903,0.08756760507822037
cru,17,1,32,6,24,69.03664488345385,68.44023987650871,0.23355986922979355,68.508081138134,0.10092835873365402
cru,17,1,32,6,25,66.16666819900274,69.70710959285498,0.21448638290166855,67.37042590975761,0.09274948388338089
cru,17,1,32,6,26,68.27286537736654,67.143808118999,0.20212959498167038,66.91583897918463,0.10375399142503738
cru,17,1,32,6,27,67.08527822047472,67.8036231547594,0.2056211233139038,68.99742595851421,0.10587088763713837
cru,17,1,32,6,28,68.16766131669283,67.65868701040745,0.2000555396080017,65.36928936839104,0.0961795449256897
cru,17,1,32,6,29,65.69960247725248,65.7977694645524,0.19719265401363373,67.88349989801645,0.1011257991194725
cru,17,1,32,6,30,66.19778275489807,65.06669521331787,0.19589252769947052,67.27698259055614,0.0874493271112442
cru,17,1,32,6,31,65.45947305858135,65.77874254435301,0.20520947873592377,65.44624269008636,0.08066557347774506
cru,17,1,32,6,32,65.06311800330877,66.22049305588007,0.1846151426434517,66.46142341196537,0.0838935375213623
cru,17,1,32,6,33,67.61316116899252,70.95334306359291,0.21989736706018448,71.56765460968018,0.10564085096120834
cru,17,1,32,6,34,67.17466562986374,66.27753656357527,0.19718147814273834,65.35184662789106,0.08784420788288116
cru,17,1,32,6,35,65.24295639246702,65.98956696689129,0.19884202629327774,64.94348123669624,0.09824894368648529
cru,17,1,32,6,36,64.68276865780354,65.216314047575,0.1973947510123253,65.20607601851225,0.09875185787677765
cru,17,1,32,6,37,65.51054958254099,66.22638273984194,0.2164086326956749,66.05365592986345,0.08023157715797424
cru,17,1,32,6,38,66.1730645224452,67.67969857901335,0.1874975860118866,68.25001537799835,0.1045074313879013
cru,17,1,32,6,39,64.68681618571281,67.698759958148,0.19967183470726013,67.645070143044,0.09249616414308548
cru,17,1,32,6,40,66.91291555762291,66.80332776159048,0.1856693997979164,66.87275785952806,0.08541904389858246
cru,17,1,32,6,41,65.6613502651453,66.83984585106373,0.19920524209737778,66.81759096682072,0.08682627230882645
cru,17,1,32,6,42,67.7948733791709,67.46789999306202,0.20168721675872803,68.258972838521,0.09493809193372726
cru,17,1,32,6,43,68.84374376386404,67.61708669364452,0.20112097263336182,66.60509668290615,0.08773151785135269
cru,17,1,32,6,44,66.09382294118404,68.28792858868837,0.21486449986696243,67.08260253071785,0.0916915014386177
cru,17,1,32,6,45,66.81508012115955,66.05816911906004,0.19836518913507462,66.13024417310953,0.08676387369632721
cru,17,1,32,6,46,66.93107634782791,66.30441080778837,0.1948326826095581,65.45013841241598,0.08712150156497955
cru,17,1,32,6,47,66.26317836344242,65.25184959173203,0.19556842744350433,65.73535408824682,0.08516199886798859
cru,17,1,32,6,48,65.7584285363555,65.56534022092819,0.19789859652519226,64.70734439790249,0.09127799421548843
cru,17,1,32,6,49,65.13574998825788,67.68634542822838,0.21309498697519302,65.33893756568432,0.0836765393614769
cru,17,32,4,1,0,12.88264337927103,12.743412517011166,0.18864404410123825,12.419795617461205,0.08171703666448593
cru,17,32,4,1,1,12.522208504378796,12.908058241009712,0.19825901836156845,12.433354742825031,0.0836765393614769
cru,17,32,4,1,2,12.863795273005962,13.263230212032795,0.2145618200302124,13.302312232553959,0.08483324199914932
cru,17,32,4,1,3,12.395543977618217,12.510609813034534,0.19877683371305466,12.609048746526241,0.09094737470149994
cru,17,32,4,1,4,12.391475960612297,12.377994135022163,0.20185019820928574,12.657243758440018,0.08423067629337311
cru,17,32,4,1,5,12.047512456774712,12.747371569275856,0.1971069723367691,12.531095184385777,0.08403882384300232
cru,17,32,4,1,6,12.515665963292122,12.851554900407791,0.19801408052444458,12.48303521424532,0.08046906441450119
cru,17,32,4,1,7,12.374344281852245,12.781340628862381,0.19569136202335358,12.204802595078945,0.08491519838571548
cru,17,32,4,1,8,12.456663884222507,12.258280999958515,0.183754600584507,12.224939651787281,0.09030289947986603
cru,17,32,4,1,9,12.621502391994,12.542982585728168,0.19383057951927185,12.23638467490673,0.08369423449039459
cru,17,32,4,1,10,12.1852308511734,12.208609841763973,0.19213929772377014,12.270466424524784,0.08089374750852585
cru,17,32,4,1,11,11.919395998120308,12.216636911034584,0.18647965043783188,12.266002595424652,0.08402112871408463
cru,17,32,4,1,12,12.424545362591743,13.309207744896412,0.19992515444755554,12.629901990294456,0.08729659020900726
cru,17,32,4,1,13,12.390341609716415,12.41236925125122,0.18998980522155762,11.920999735593796,0.0797659158706665
cru,17,32,4,1,14,12.428638525307178,12.34227605164051,0.19652396440505981,12.560048140585423,0.08256733417510986
cru,17,32,4,1,15,12.492921203374863,12.667806819081306,0.19678659737110138,12.150990776717663,0.08327886462211609
cru,17,32,4,1,16,12.46922742575407,12.65939325094223,0.19765645265579224,12.488807551562786,0.0868476927280426
cru,17,32,4,1,17,12.122739106416702,12.932534329593182,0.19820593297481537,12.057643383741379,0.08721277117729187
cru,17,32,4,1,18,12.560366652905941,13.238757848739624,0.20513590425252914,12.430006638169289,0.08340273052453995
cru,17,32,4,1,19,12.417602352797985,12.612503953278065,0.2086954191327095,12.574729509651661,0.09129475802183151
cru,17,32,4,1,20,12.81201746314764,12.685555964708328,0.20064599812030792,12.22925167530775,0.0791763886809349
cru,17,32,4,1,21,12.255270965397358,12.782931327819824,0.20492170006036758,12.028698809444904,0.07920153439044952
cru,17,32,4,1,22,12.19218224287033,12.551596388220787,0.21236669272184372,12.23834790289402,0.08049141615629196
cru,17,32,4,1,23,12.362945824861526,12.484920211136341,0.18577929586172104,11.970520950853825,0.0832490622997284
cru,17,32,4,1,24,12.501321732997894,12.569509446620941,0.1966431736946106,12.112526223063469,0.082431361079216
cru,17,32,4,1,25,12.166572734713554,12.647065334022045,0.18581096082925797,12.37694825977087,0.08403044193983078
cru,17,32,4,1,26,12.653828598558903,12.155283242464066,0.18594041466712952,12.344496324658394,0.08486863225698471
cru,17,32,4,1,27,12.172932736575603,12.50451896339655,0.19677076488733292,14.128601178526878,0.11355895549058914
cru,17,32,4,1,28,12.77934666723013,13.458353467285633,0.206884928047657,12.249477207660675,0.08053891360759735
cru,17,32,4,1,29,12.549856677651405,12.634488753974438,0.18695183098316193,11.940021999180317,0.07997546344995499
cru,17,32,4,1,30,12.325963005423546,12.354719452559948,0.19614491611719131,12.398247607052326,0.08343346416950226
cru,17,32,4,1,31,12.386518530547619,13.203572481870651,0.18725823611021042,12.528177350759506,0.09072944521903992
cru,17,32,4,1,32,12.538870796561241,13.40553443878889,0.2163667231798172,12.39323802292347,0.08313637226819992
cru,17,32,4,1,33,12.530012056231499,12.595336884260178,0.195198692381382,12.289232574403286,0.08582789450883865
cru,17,32,4,1,34,12.308469042181969,12.414121069014072,0.1948690041899681,12.168719433248043,0.08369795978069305
cru,17,32,4,1,35,13.39919213205576,13.520405627787113,0.21038111299276352,13.370458036661148,0.09275507181882858
cru,17,32,4,1,36,13.191844336688519,12.815960682928562,0.20945165306329727,12.77289167046547,0.09352341294288635
cru,17,32,4,1,37,13.065108098089695,13.3002158254385,0.21132081747055054,13.3832897990942,0.0943327322602272
cru,17,32,4,1,38,13.372906483709812,13.388010673224926,0.2016006037592888,12.60860450565815,0.08553639054298401
cru,17,32,4,1,39,12.501679360866547,12.826799415051937,0.2012820914387703,12.366659007966518,0.08485838770866394
cru,17,32,4,1,40,12.00313214212656,12.507700361311436,0.18669851124286652,12.111587449908257,0.09299162775278091
cru,17,32,4,1,41,11.98573224246502,12.520940974354744,0.18640607595443726,12.150618247687817,0.07994193583726883
cru,17,32,4,1,42,11.73796970397234,12.462516315281391,0.18830690532922745,11.78157702088356,0.07982458919286728
cru,17,32,4,1,43,12.20652274787426,12.263087555766106,0.1882985234260559,12.127645313739777,0.08067488670349121
cru,17,32,4,1,44,11.837945319712162,12.71334383636713,0.1957882195711136,12.008008547127247,0.08010026067495346
cru,17,32,4,1,45,12.195225805044174,13.403118588030338,0.18763821572065353,12.140187434852123,0.0800425186753273
cru,17,32,4,1,46,12.350451201200485,12.363487854599953,0.1884903758764267,12.376549653708935,0.08253287523984909
cru,17,32,4,1,47,12.295488268136978,12.167513370513916,0.19537843763828278,12.497191317379475,0.08338503539562225
cru,17,32,4,1,48,11.91414799541235,12.429479509592056,0.19910931587219238,11.914554052054882,0.08395779877901077
cru,17,32,4,1,49,12.150265276432037,12.546095997095108,0.20332355052232742,12.188822031021118,0.07970258593559265
cru,17,32,4,6,0,13.466175645589828,13.769482262432575,0.20256917923688889,13.241816312074661,0.09475275874137878
cru,17,32,4,6,1,13.2319126278162,13.735937885940075,0.19866228103637695,13.14664538949728,0.09431317448616028
cru,17,32,4,6,2,13.765727169811726,15.273988246917725,0.22807717323303223,14.075959101319313,0.09519420564174652
cru,17,32,4,6,3,13.33047915250063,13.854126445949078,0.21252408623695374,13.883884996175766,0.09368825703859329
cru,17,32,4,6,4,14.746577478945255,17.089578323066235,0.21838676184415817,14.753454364836216,0.09717512875795364
cru,17,32,4,6,5,14.314879663288593,14.608451165258884,0.20326394587755203,13.548394665122032,0.09495671838521957
cru,17,32,4,6,6,13.257384300231934,13.355983421206474,0.2049766480922699,13.647416606545448,0.09446963667869568
cru,17,32,4,6,7,13.435130938887596,13.658730313181877,0.18931273370981216,13.43367900699377,0.09351130574941635
cru,17,32,4,6,8,13.597531244158745,13.80719430744648,0.20488165318965912,14.443203806877136,0.09438209235668182
cru,17,32,4,6,9,13.630736619234085,14.215553179383278,0.20198523998260498,13.30060325562954,0.09303074330091476
cru,17,32,4,6,10,13.415508903563023,13.754033483564854,0.18699374049901962,12.918638996779919,0.09290967136621475
cru,17,32,4,6,11,12.543010525405407,12.717384845018387,0.19771605730056763,12.812611646950245,0.09044818580150604
cru,17,32,4,6,12,12.889828532934189,12.722603976726532,0.18877815455198288,12.553676031529903,0.09213946759700775
cru,17,32,4,6,13,12.823613360524178,12.74405512958765,0.18886756151914597,12.532715685665607,0.08983537554740906
cru,17,32,4,6,14,12.791222892701626,12.907580472528934,0.20434800535440445,13.093233108520508,0.10176189243793488
cru,17,32,4,6,15,12.86053191870451,13.895941898226738,0.19715353846549988,12.655884027481079,0.09311456233263016
cru,17,32,4,6,16,12.782406993210316,12.775641866028309,0.18761400133371353,12.971829622983932,0.09315274655818939
cru,17,32,4,6,17,12.637495994567871,13.139094226062298,0.1957649365067482,12.727702967822552,0.09134877473115921
cru,17,32,4,6,18,12.848492711782455,13.00801057368517,0.19873399287462234,13.762244954705238,0.09073782712221146
cru,17,32,4,6,19,12.493317015469074,13.036866672337055,0.18745101988315582,12.58282084017992,0.09204261004924774
cru,17,32,4,6,20,12.880192138254642,12.902643531560898,0.19583851099014282,13.09310458600521,0.09260140359401703
cru,17,32,4,6,21,13.071853667497635,13.178405351936817,0.19618310034275055,13.01621925085783,0.09310152381658554
cru,17,32,4,6,22,12.861744500696659,13.264337554574013,0.1960592344403267,12.961792759597301,0.0918358564376831
cru,17,32,4,6,23,12.693101540207863,13.110536150634289,0.19618496298789978,12.815513648092747,0.09342562407255173
cru,17,32,4,6,24,13.183855451643467,13.874359428882599,0.19246339797973633,12.757056392729282,0.09250268340110779
cru,17,32,4,6,25,12.64355331659317,12.958197854459286,0.19776541739702225,12.900009751319885,0.0908905640244484
cru,17,32,4,6,26,12.89474405348301,13.289302587509155,0.18972717225551605,12.674953788518906,0.09319931268692017
cru,17,32,4,6,27,13.21535836905241,13.26417364180088,0.19477028399705887,13.047841377556324,0.09445473551750183
cru,17,32,4,6,28,12.62374222278595,13.300926424562931,0.2000061795115471,12.931118719279766,0.09289663285017014
cru,17,32,4,6,29,12.511051259934902,13.237274251878262,0.19656773656606674,12.781389057636261,0.0934423878788948
cru,17,32,4,6,30,13.459192588925362,13.260915875434875,0.19667763262987137,12.928432784974575,0.09434204548597336
cru,17,32,4,6,31,12.947341427206993,13.362075202167034,0.2027088776230812,12.883855029940605,0.09237322956323624
cru,17,32,4,6,32,12.983354739844799,13.229234144091606,0.2149408683180809,13.31151369959116,0.09366218000650406
cru,17,32,4,6,33,13.003399595618248,13.300962746143341,0.20638294517993927,13.043200597167015,0.09360816329717636
cru,17,32,4,6,34,13.29023391008377,13.37022241204977,0.2126898616552353,13.274617493152618,0.09852275252342224
cru,17,32,4,6,35,13.17161787301302,13.278398662805557,0.21207891404628754,13.31042405217886,0.09274948388338089
cru,17,32,4,6,36,12.854905799031258,13.288311660289764,0.19602850079536438,13.070235028862953,0.09281095117330551
cru,17,32,4,6,37,13.23375292122364,13.260072097182274,0.19786134362220764,13.013117015361786,0.09254273027181625
cru,17,32,4,6,38,12.76377122849226,13.233100064098835,0.19010435789823532,12.842069379985332,0.09158346801996231
cru,17,32,4,6,39,12.525294907391071,12.949853204190731,0.2017645165324211,13.068707659840584,0.09152665734291077
cru,17,32,4,6,40,13.032732531428337,13.285349123179913,0.19293371587991714,12.667971663177013,0.1014508306980133
cru,17,32,4,6,41,13.584243133664131,12.927431613206863,0.19537750631570816,13.179441913962364,0.0905720517039299
cru,17,32,4,6,42,13.00547830760479,13.067732565104961,0.1977859064936638,12.99194060266018,0.09280070662498474
cru,17,32,4,6,43,12.64918688684702,13.231368735432625,0.19783806055784225,12.864497490227222,0.09277369827032089
cru,17,32,4,6,44,12.945402413606644,13.13568465411663,0.19549578428268433,13.00833746790886,0.09988434612751007
cru,17,32,4,6,45,12.87873461842537,12.978238053619862,0.18775369971990585,12.505966238677502,0.09054318070411682
cru,17,32,4,6,46,13.023198582231998,13.431892730295658,0.19819289445877075,12.850860133767128,0.09083840996026993
cru,17,32,4,6,47,12.87549827247858,13.176457025110722,0.20347721874713898,13.319498859345913,0.09357649832963943
cru,17,32,4,6,48,13.077352195978165,12.929885648190975,0.21145399659872055,12.94975820928812,0.09846873581409454
cru,17,32,4,6,49,12.970545329153538,13.299176469445229,0.20476803183555603,13.582857325673103,0.09282026439905167
cru,17,32,16,1,0,43.26232057064772,43.15020702779293,0.2956865355372429,41.8087849393487,0.09313225746154785
cru,17,32,16,1,1,43.31330303102732,43.009025044739246,0.2901758998632431,41.8513547629118,0.09011942893266678
cru,17,32,16,1,2,42.18992032110691,42.9869769141078,0.30329078435897827,42.66773257404566,0.08719135075807571
cru,17,32,16,1,3,42.284224182367325,42.96162072569132,0.30282046645879745,42.72059258073568,0.08853059262037277
cru,17,32,16,1,4,42.77759604156017,44.09101326018572,0.3201626241207123,42.674100026488304,0.10133255273103714
cru,17,32,16,1,5,43.771748431026936,42.76924952864647,0.31741242855787277,44.59863901138306,0.1068953424692154
cru,17,32,16,1,6,42.24354401230812,42.218585498631,0.29889214783906937,43.082643300294876,0.0975457951426506
cru,17,32,16,1,7,42.840778827667236,47.7164126932621,0.311397947371006,41.211782954633236,0.10480917990207672
cru,17,32,16,1,8,41.46428965032101,41.599590331315994,0.3050733357667923,43.704062700271606,0.1127077266573906
cru,17,32,16,1,9,45.45281641185284,44.51366886496544,0.3282036632299423,44.400403276085854,0.11129770427942276
cru,17,32,16,1,10,42.69205406308174,46.84602003544569,0.3130044788122177,40.65396822988987,0.10878592729568481
cru,17,32,16,1,11,40.84806703031063,40.92677589505911,0.30712783336639404,40.35856667906046,0.10753702372312546
cru,17,32,16,1,12,40.475727058947086,47.95251879841089,0.3084558993577957,46.46469373255968,0.19826926290988922
cru,17,32,16,1,13,69.54575888812542,73.14375787973404,0.39808545261621475,69.90592274814844,0.2319859340786934
cru,17,32,16,1,14,68.29030066728592,62.30757664889097,0.3113541752099991,45.74568662792444,0.130542553961277
cru,17,32,16,1,15,45.44753022491932,46.195550821721554,0.3297952935099602,48.22363704442978,0.12543890625238419
cru,17,32,16,1,16,45.40423769503832,44.5397375151515,0.3113383427262306,40.91776814311743,0.09920075535774231
cru,17,32,16,1,17,45.67176103591919,41.148931719362736,0.28688739985227585,42.75660775601864,0.08456874638795853
cru,17,32,16,1,18,43.0908789858222,40.95755238085985,0.2863910049200058,40.31832795590162,0.08453242480754852
cru,17,32,16,1,19,40.57709593325853,44.26939878612757,0.2855323255062103,40.502012707293034,0.08598994463682175
cru,17,32,16,1,20,40.44193681329489,41.01529996842146,0.29085204005241394,41.31991229951382,0.0913599506020546
cru,17,32,16,1,21,43.652208521962166,41.12892970442772,0.2922806888818741,40.727353654801846,0.08423347026109695
cru,17,32,16,1,22,39.9414487183094,42.111932300031185,0.28633885085582733,40.115573443472385,0.08856132626533508
cru,17,32,16,1,23,40.4866524040699,42.41033177822828,0.2833530306816101,44.17901951819658,0.08606910705566406
cru,17,32,16,1,24,40.62497802078724,41.00762773305178,0.29013026505708694,40.39631690829992,0.08474662899971008
cru,17,32,16,1,25,40.879531763494015,40.89252185076475,0.3032851964235306,44.76027376949787,0.08092354983091354
cru,17,32,16,1,26,40.92140402644873,40.279556065797806,0.2824189141392708,40.267741307616234,0.08448492735624313
cru,17,32,16,1,27,40.50576686859131,44.81517430394888,0.28314534574747086,39.90464378148317,0.09151827543973923
cru,17,32,16,1,28,40.22106248885393,40.780055336654186,0.30346866697072983,41.31164774298668,0.0931769609451294
cru,17,32,16,1,29,40.80221429467201,44.84069347381592,0.2905717119574547,39.698224514722824,0.08087232708930969
cru,17,32,16,1,30,39.31297454982996,42.84986015409231,0.30296389013528824,41.2635738030076,0.09331759065389633
cru,17,32,16,1,31,41.11803788691759,40.21491203457117,0.28442032635211945,39.44344446063042,0.0872388482093811
cru,17,32,16,1,32,41.01390112191439,40.59642367064953,0.2795634791254997,39.85845670104027,0.08495897054672241
cru,17,32,16,1,33,42.49928053468466,40.3638007119298,0.2902299165725708,42.34331101179123,0.08751824498176575
cru,17,32,16,1,34,40.84486700594425,42.6942715421319,0.2972502261400223,41.273911483585835,0.0852532684803009
cru,17,32,16,1,35,41.786231100559235,41.69110115617514,0.28853025287389755,44.23758294433355,0.08763652294874191
cru,17,32,16,1,36,42.000425048172474,41.4667259901762,0.29501691460609436,42.555298656225204,0.08613057434558868
cru,17,32,16,1,37,42.04182792454958,42.56483260542154,0.29431749135255814,41.249413043260574,0.08498970419168472
cru,17,32,16,1,38,41.47700499743223,41.77943151444197,0.28986483812332153,40.46603012830019,0.08514989167451859
cru,17,32,16,1,39,42.30839014053345,42.01158229261637,0.2903789281845093,40.158433839678764,0.08098222315311432
cru,17,32,16,1,40,40.552619844675064,40.51257949322462,0.28971023857593536,40.59040080755949,0.08461810648441315
cru,17,32,16,1,41,40.88313411921263,40.26941396296024,0.2903249114751816,40.51454272121191,0.09131617844104767
cru,17,32,16,1,42,40.204339660704136,39.52720854431391,0.28443336486816406,39.578529074788094,0.08134078234434128
cru,17,32,16,1,43,39.488754235208035,40.135164745152,0.2911388874053955,39.7182572633028,0.07877685129642487
cru,17,32,16,1,44,39.3127491697669,39.931392297148705,0.28038304299116135,40.388078428804874,0.0844709575176239
cru,17,32,16,1,45,40.74931051582098,44.287994503974915,0.2979366108775139,40.6253207474947,0.08692219853401184
cru,17,32,16,1,46,40.774899534881115,40.53469840437174,0.29537640511989594,41.209833696484566,0.09178835898637772
cru,17,32,16,1,47,44.282116927206516,44.39936205744743,0.29708072543144226,42.17882826924324,0.1056259498000145
cru,17,32,16,1,48,42.90370084345341,44.09575089812279,0.30377600342035294,41.81025829166174,0.08494872599840164
cru,17,32,16,1,49,41.57831333577633,40.39452318102121,0.2903034910559654,40.45216739177704,0.08468888700008392
cru,17,32,16,6,0,41.152133606374264,41.281494311988354,0.29078684747219086,41.29029996693134,0.0969739630818367
cru,17,32,16,6,1,41.77288990467787,43.831110931932926,0.30408240854740143,43.2305671274662,0.09651482105255127
cru,17,32,16,6,2,41.57842788845301,41.54754616320133,0.2822931855916977,40.13635125011206,0.09434670209884644
cru,17,32,16,6,3,41.13680124282837,40.83836264908314,0.2824310213327408,44.533741660416126,0.09528640657663345
cru,17,32,16,6,4,40.91249033808708,40.44527746737003,0.28492510318756104,41.74814373254776,0.09647198021411896
cru,17,32,16,6,5,44.85615901648998,41.32408555597067,0.283106230199337,40.83055444061756,0.0937245786190033
cru,17,32,16,6,6,41.57743975520134,46.29513993859291,0.30586402863264084,41.37794394046068,0.09717512875795364
cru,17,32,16,6,7,40.740830823779106,41.38079285621643,0.2838214859366417,39.89118617027998,0.09644869714975357
cru,17,32,16,6,8,45.115163549780846,41.45272262394428,0.28511323034763336,40.967460721731186,0.09586755186319351
cru,17,32,16,6,9,39.971391670405865,41.13959800451994,0.28887204825878143,40.32609146088362,0.09373296052217484
cru,17,32,16,6,10,40.13041313737631,40.83719849586487,0.2854829654097557,40.51054175943136,0.09321235120296478
cru,17,32,16,6,11,41.66697338223457,40.71764834225178,0.28886832296848297,40.42742308229208,0.09398814290761948
cru,17,32,16,6,12,41.09762888401747,40.43705202639103,0.28523802757263184,40.747905150055885,0.09471643716096878
cru,17,32,16,6,13,40.318818762898445,40.02945125102997,0.2828724682331085,45.77275551855564,0.09734835475683212
cru,17,32,16,6,14,40.69853201508522,41.51985514909029,0.28463825583457947,40.14969803392887,0.09314436465501785
cru,17,32,16,6,15,44.413105584681034,42.66884457319975,0.2897605299949646,42.71298833191395,0.10154210031032562
cru,17,32,16,6,16,41.948539204895496,43.11665054410696,0.2907160669565201,43.18466503173113,0.0980151817202568
cru,17,32,16,6,17,41.38752166181803,42.12464392185211,0.29248278588056564,42.367673479020596,0.09555555880069733
cru,17,32,16,6,18,40.878537110984325,41.57519619911909,0.2834498882293701,40.885040536522865,0.09569153189659119
cru,17,32,16,6,19,41.118416003882885,41.3318807259202,0.28505828231573105,40.10126553475857,0.09645801037549973
cru,17,32,16,6,20,40.97858816385269,40.61673954129219,0.28046034276485443,41.484225541353226,0.09541120380163193
cru,17,32,16,6,21,40.499559603631496,40.94783589243889,0.29401760548353195,41.216183453798294,0.0995071604847908
cru,17,32,16,6,22,41.02866817265749,42.20705199986696,0.29004551470279694,43.13420411199331,0.09964872151613235
cru,17,32,16,6,23,42.9465938359499,44.425140134990215,0.295017845928669,42.664521373808384,0.09708944708108902
cru,17,32,16,6,24,42.04799421131611,40.70838913321495,0.2839239314198494,41.050693951547146,0.09726639837026596
cru,17,32,16,6,25,41.05453938245773,40.876226499676704,0.2876836806535721,40.7019779086113,0.09683705866336823
cru,17,32,16,6,26,40.52006732672453,41.93261358886957,0.29136333614587784,40.6990135088563,0.09648501873016357
cru,17,32,16,6,27,41.49744939059019,41.167852468788624,0.28917938470840454,40.61432648450136,0.09630806744098663
cru,17,32,16,6,28,42.288027703762054,41.64126422256231,0.29764696955680847,42.22389683127403,0.09639561176300049
cru,17,32,16,6,29,41.55993368476629,43.85130386799574,0.315248966217041,44.90129463374615,0.11555105447769165
cru,17,32,16,6,30,44.79699023067951,44.67048496007919,0.28986018151044846,41.74077603965998,0.09704288095235825
cru,17,32,16,6,31,41.1754259839654,42.66632627695799,0.3040637820959091,41.36245604604483,0.09588710963726044
cru,17,32,16,6,32,41.95817280560732,42.04864427447319,0.28975121676921844,41.67877230793238,0.09377952665090561
cru,17,32,16,6,33,41.12392105162144,41.62478446960449,0.2816980704665184,43.98704785853624,0.09628944098949432
cru,17,32,16,6,34,40.625001303851604,43.741874396800995,0.2958690747618675,41.68064892292023,0.09575299918651581
cru,17,32,16,6,35,43.442998081445694,42.33924765139818,0.28989557176828384,41.62865784019232,0.09550992399454117
cru,17,32,16,6,36,41.47276934236288,41.8669767677784,0.29129814356565475,40.9921994432807,0.094536691904068
cru,17,32,16,6,37,40.018340572714806,41.71267803758383,0.29183831065893173,41.28121491521597,0.09632017463445663
cru,17,32,16,6,38,42.776030488312244,42.297241277992725,0.29283948242664337,40.906925685703754,0.09938329458236694
cru,17,32,16,6,39,41.68866015970707,40.96661880612373,0.2845078706741333,40.94996955245733,0.09466893970966339
cru,17,32,16,6,40,40.83535447716713,44.08354591578245,0.3024637699127197,44.02862302958965,0.09639840573072433
cru,17,32,16,6,41,43.679267168045044,42.04360116273165,0.2891905605792999,41.648779064416885,0.09546242654323578
cru,17,32,16,6,42,42.31379181146622,41.584291495382786,0.2833753824234009,41.23496264219284,0.09453296661376953
cru,17,32,16,6,43,41.63737129420042,42.665621265769005,0.29135309159755707,42.06221271306276,0.09511038661003113
cru,17,32,16,6,44,41.70468728989363,42.340297251939774,0.3025056794285774,43.589940294623375,0.09641703218221664
cru,17,32,16,6,45,42.56547335535288,42.166830971837044,0.3033904358744621,42.13618766516447,0.09690504521131516
cru,17,32,16,6,46,41.923290118575096,40.824481286108494,0.283985398709774,41.08807723969221,0.09586941450834274
cru,17,32,16,6,47,41.278219781816006,41.0212567076087,0.290408730506897,40.83492420613766,0.09599234908819199
cru,17,32,16,6,48,40.745045989751816,41.11172258853912,0.28959382325410843,41.48454964160919,0.09520631283521652
cru,17,32,16,6,49,41.98234714567661,41.481511667370796,0.28311461210250854,40.302155539393425,0.09353738278150558
cru,17,32,32,1,0,79.83718626201153,78.11139058321714,0.5749138072133064,78.11892684549093,0.08591171354055405
cru,17,32,32,1,1,79.56180162727833,80.65497037023306,0.5741231143474579,79.63528390973806,0.08566956967115402
cru,17,32,32,1,2,78.34981381893158,83.51596724241972,0.5765380337834358,84.33305658400059,0.1098262146115303
cru,17,32,32,1,3,81.50746114552021,81.21314737945795,0.5779145285487175,84.586625918746,0.10445807129144669
cru,17,32,32,1,4,80.33765200525522,81.80862851440907,0.5742795765399933,79.5361902564764,0.08460786193609238
cru,17,32,32,1,5,78.7306223064661,78.25018186122179,0.5749473348259926,77.28809397667646,0.08094310760498047
cru,17,32,32,1,6,78.09638325124979,78.00371199846268,0.5736425518989563,80.37681970745325,0.09133201092481613
cru,17,32,32,1,7,80.81080764532089,80.8339761570096,0.5731740966439247,78.35748232901096,0.08439365774393082
cru,17,32,32,1,8,77.6755241677165,79.24004457890987,0.573289580643177,79.44972347468138,0.08555781096220016
cru,17,32,32,1,9,80.15717007219791,81.06883242726326,0.5753990262746811,80.66112548112869,0.09352341294288635
cru,17,32,32,1,10,80.57801518589258,80.96779603511095,0.5748802796006203,81.44573587924242,0.08749496191740036
cru,17,32,32,1,11,81.80870953947306,81.16223197430372,0.577644445002079,81.32589515298605,0.08749682456254959
cru,17,32,32,1,12,79.19369172304869,79.61110956966877,0.5768062546849251,78.22395022958517,0.08098222315311432
cru,17,32,32,1,13,76.97889674454927,77.21833232790232,0.5736500024795532,80.88892232626677,0.08902512490749359
cru,17,32,32,1,14,79.93643824011087,80.28780668973923,0.5753207951784134,80.0670925527811,0.08790753781795502
cru,17,32,32,1,15,81.4386298879981,80.47056756913662,0.5749007686972618,79.26035765558481,0.08732452988624573
cru,17,32,32,1,16,79.74935602396727,80.39925061166286,0.5775364115834236,78.41718010604382,0.0856081023812294
cru,17,32,32,1,17,79.71562445163727,79.8365781083703,0.5728881806135178,77.27661076933146,0.08425023406744003
cru,17,32,32,1,18,77.27646082639694,77.95962039381266,0.5727056413888931,79.56407964229584,0.08732080459594727
cru,17,32,32,1,19,78.22805922478437,78.33084184676409,0.5745068192481995,79.27554193884134,0.08687283843755722
cru,17,32,32,1,20,79.8716600984335,81.0307590290904,0.5719047039747238,80.71120642125607,0.08698273450136185
cru,17,32,32,1,21,79.49297595769167,79.77628707885742,0.5753561854362488,78.21866404265165,0.08156523108482361
cru,17,32,32,1,22,81.81773871183395,78.06532550603151,0.572890043258667,83.96697603166103,0.09169802069664001
cru,17,32,32,1,23,80.66196087747812,90.3188781812787,0.5788449198007584,91.58922359347343,0.1077745109796524
cru,17,32,32,1,24,83.43523368239403,79.2517950758338,0.5759717896580696,81.21260721236467,0.09388197213411331
cru,17,32,32,1,25,80.3484171628952,77.98208296298981,0.5725156515836716,78.29435169696808,0.08717086166143417
cru,17,32,32,1,26,77.78575457632542,78.57337314635515,0.5736872553825378,79.29454557597637,0.08541904389858246
cru,17,32,32,1,27,77.39776372909546,82.62940589338541,0.5734637379646301,80.9854744002223,0.09707547724246979
cru,17,32,32,1,28,77.89860386401415,81.28650765866041,0.57227723300457,76.2643301859498,0.08150283247232437
cru,17,32,32,1,29,79.52738180756569,77.73656118661165,0.5730753764510155,79.57637496292591,0.08181668817996979
cru,17,32,32,1,30,74.7302994132042,81.19828160852194,0.5750749260187149,75.82417316734791,0.08160993456840515
cru,17,32,32,1,31,82.27572683244944,76.5926856547594,0.5750320851802826,81.34751580655575,0.09227264672517776
cru,17,32,32,1,32,80.30521497130394,80.37787768989801,0.5730800330638885,83.69858656078577,0.09960681200027466
cru,17,32,32,1,33,79.77741491049528,83.1225709989667,0.5736388266086578,76.24487206339836,0.08673965930938721
cru,17,32,32,1,34,81.2984611839056,77.23873946815729,0.5751205608248711,80.84221929311752,0.09228289127349854
cru,17,32,32,1,35,81.31489623337984,80.59513755142689,0.5738791078329086,78.76144535839558,0.08506886661052704
cru,17,32,32,1,36,76.59861631691456,74.70087055116892,0.5738688632845879,79.14119213819504,0.08495151996612549
cru,17,32,32,1,37,75.40949620306492,75.21670311689377,0.5731889978051186,76.79786719381809,0.08373614400625229
cru,17,32,32,1,38,75.7413636893034,76.80106069892645,0.5724094808101654,77.63161417096853,0.07965788245201111
cru,17,32,32,1,39,76.45144872367382,75.67511964589357,0.5752276629209518,76.44818909466267,0.07919128984212875
cru,17,32,32,1,40,76.66036207228899,76.63337886333466,0.5729887634515762,76.48771163076162,0.08105393499135971
cru,17,32,32,1,41,76.80344209074974,77.54457835108042,0.5723144859075546,76.34558994323015,0.08116941899061203
cru,17,32,32,1,42,76.76223386079073,76.52549725025892,0.5716215819120407,78.06846965104342,0.08041039109230042
cru,17,32,32,1,43,79.10283096134663,85.13751346617937,0.5785124376416206,82.96022098511457,0.10570045560598373
cru,17,32,32,1,44,86.30458638072014,88.60380575060844,0.5782842636108398,80.10010328143835,0.09597558528184891
cru,17,32,32,1,45,84.95523687452078,80.89529443532228,0.5759140476584435,78.55519000440836,0.09639374911785126
cru,17,32,32,1,46,77.38043926656246,80.17261605709791,0.5728350952267647,77.81113777309656,0.08026324212551117
cru,17,32,32,1,47,79.99110221862793,80.06171230226755,0.5754437297582626,78.13803106546402,0.0879485160112381
cru,17,32,32,1,48,78.14935967326164,78.63213028758764,0.575716607272625,80.49295097589493,0.0867936760187149
cru,17,32,32,1,49,81.30781538784504,80.37882577627897,0.5744798108935356,80.28138894587755,0.08647702634334564
cru,17,32,32,6,0,77.24132854491472,76.53922960162163,0.5754083395004272,77.21405290067196,0.09707082062959671
cru,17,32,32,6,1,76.57952420413494,77.10045855492353,0.5756523460149765,75.68220142275095,0.09457580745220184
cru,17,32,32,6,2,75.55894833058119,77.72143930196762,0.5760937929153442,75.61108190566301,0.09366590529680252
cru,17,32,32,6,3,77.57861167192459,75.98014548420906,0.5775373429059982,76.97177305817604,0.09638071060180664
cru,17,32,32,6,4,77.96905096620321,77.90966052561998,0.5769142881035805,77.08764355629683,0.09814184159040451
cru,17,32,32,6,5,77.01645605266094,78.89749482274055,0.5768686532974243,76.70720480382442,0.09413901716470718
cru,17,32,32,6,6,77.38963980227709,78.43198999762535,0.576394610106945,78.23600899428129,0.09648222476243973
cru,17,32,32,6,7,77.18851044774055,83.60001351684332,0.5770409479737282,83.88948906213045,0.11551287025213242
cru,17,32,32,6,8,85.56338958442211,81.30117878317833,0.5792127922177315,78.59245594590902,0.0967998057603836
cru,17,32,32,6,9,77.83121336251497,77.51292362809181,0.5789147689938545,77.00077258050442,0.09357556700706482
cru,17,32,32,6,10,77.14297156780958,77.4289695546031,0.5768891423940659,77.0328901708126,0.09344704449176788
cru,17,32,32,6,11,77.07738969475031,77.18350179493427,0.5775894969701767,76.85617916285992,0.09433738887310028
cru,17,32,32,6,12,78.50794866681099,81.16163872182369,0.5785254761576653,76.84029825031757,0.09427033364772797
cru,17,32,32,6,13,77.82664243131876,76.34393498301506,0.5782861262559891,76.71050261706114,0.0942666083574295
cru,17,32,32,6,14,77.9271312057972,76.31396874785423,0.5756542086601257,76.99630316346884,0.09486731141805649
cru,17,32,32,6,15,76.31606515496969,76.45775191485882,0.5759848281741142,76.93505939096212,0.09466893970966339
cru,17,32,32,6,16,77.13639549911022,78.04175652563572,0.5755666643381119,77.33445893973112,0.09426847100257874
cru,17,32,32,6,17,78.47275584936142,82.6191920787096,0.5769580602645874,79.03020735830069,0.09621214121580124
cru,17,32,32,6,18,79.64128255844116,79.97793052345514,0.5773855373263359,77.77252048254013,0.09629502892494202
cru,17,32,32,6,19,75.69250371307135,76.54104195535183,0.5730679258704185,76.10088586807251,0.09482260793447495
cru,17,32,32,6,20,77.49240566045046,75.78970864415169,0.5771992728114128,76.89410913735628,0.09369757026433945
cru,17,32,32,6,21,78.04387249052525,83.87082349509001,0.5878554657101631,133.88288114219904,0.15677791088819504
cru,17,32,32,6,22,130.23718167096376,144.37519852072,0.5813715979456902,134.88441705703735,0.1329965889453888
cru,17,32,32,6,23,80.51837608218193,79.39701899886131,0.5750330165028572,80.0192728638649,0.09634345769882202
cru,17,32,32,6,24,76.71003695577383,78.47731839865446,0.5760360509157181,78.85057292878628,0.0962577760219574
cru,17,32,32,6,25,77.00030412524939,79.0479639545083,0.5766777321696281,78.46483029425144,0.09291898459196091
cru,17,32,32,6,26,79.77169286459684,82.98849873244762,0.5820430815219879,82.08977244794369,0.1010112464427948
cru,17,32,32,6,27,80.12695051729679,80.09135164320469,0.5744677037000656,85.42698342353106,0.10560452938079834
cru,17,32,32,6,28,86.19104232639074,85.96204593777657,0.5816826596856117,85.3377589955926,0.10509602725505829
cru,17,32,32,6,29,85.23011580109596,83.99054408073425,0.5775904282927513,79.61894944310188,0.09833741933107376
cru,17,32,32,6,30,80.08664939552546,80.25916572660208,0.5772998556494713,79.02213279157877,0.0954940915107727
cru,17,32,32,6,31,78.54662463068962,79.08548787236214,0.5780458450317383,82.4492871761322,0.09671319276094437
cru,17,32,32,6,32,83.6581727489829,85.35127341747284,0.5797827616333961,81.3708771020174,0.0992119312286377
cru,17,32,32,6,33,80.27097955346107,78.42634338885546,0.5767671391367912,78.50292883813381,0.09549781680107117
cru,17,32,32,6,34,80.27125895023346,77.96873990446329,0.5780886858701706,77.4074262008071,0.09616091847419739
cru,17,32,32,6,35,80.2700761705637,78.9310485124588,0.5771629512310028,80.20706567913294,0.09731855243444443
cru,17,32,32,6,36,78.35757452994585,80.95355238765478,0.5763387307524681,78.5346319898963,0.09387731552124023
cru,17,32,32,6,37,81.03903941810131,81.5456435084343,0.5796356126666069,80.21289948374033,0.09835977107286453
cru,17,32,32,6,38,78.92064936459064,79.33542877435684,0.5775559693574905,78.5853685811162,0.09376276284456253
cru,17,32,32,6,39,79.31280042976141,78.26284877955914,0.5768695846199989,77.82726921141148,0.09806081652641296
cru,17,32,32,6,40,78.66968028247356,79.34059016406536,0.575128011405468,78.99292279034853,0.09558908641338348
cru,17,32,32,6,41,78.43064703047276,79.68863844871521,0.5733538419008255,80.01710381358862,0.09603146463632584
cru,17,32,32,6,42,79.77840211242437,79.20952327549458,0.5762288346886635,80.22770285606384,0.10652747005224228
cru,17,32,32,6,43,77.94466335326433,79.92227002978325,0.5786772817373276,79.30699177086353,0.09696278721094131
cru,17,32,32,6,44,80.51853906363249,79.25147470086813,0.5800044164061546,80.18177840858698,0.09565707296133041
cru,17,32,32,6,45,79.74172104150057,80.6345185264945,0.5759038031101227,79.34415340423584,0.0973651185631752
cru,17,32,32,6,46,78.59398424625397,83.0099293962121,0.5761152133345604,79.60289437323809,0.09731575846672058
cru,17,32,32,6,47,81.67470991611481,86.81988343596458,0.5777617916464806,84.18137673288584,0.09728036820888519
cru,17,32,32,6,48,77.31599267572165,78.46668548882008,0.579390674829483,88.65261357277632,0.11915341019630432
cru,17,32,32,6,49,82.65050407499075,82.11446460336447,0.5779722705483437,79.95707727968693,0.1012822613120079
latent_ode,17,1,4,1,0,19.040729850530624,19.091466441750526,0.19151251763105392,19.114757888019085,0.09426847100257874
latent_ode,17,1,4,1,1,18.762744031846523,18.361251801252365,0.18752925097942352,19.336200319230556,0.09075179696083069
latent_ode,17,1,4,1,2,18.66715867072344,19.907685928046703,0.19217189401388168,18.543231301009655,0.08849892765283585
latent_ode,17,1,4,1,3,19.53653059899807,19.20074038207531,0.19354652613401413,19.053416326642036,0.08841045200824738
latent_ode,17,1,4,1,4,22.478707134723663,19.072708673775196,0.18912926316261292,18.61289981752634,0.0851871445775032
latent_ode,17,1,4,1,5,18.11127085238695,18.277373164892197,0.17790496349334717,18.21035798639059,0.08882209658622742
latent_ode,17,1,4,1,6,18.633401952683926,18.519675359129906,0.17652008682489395,17.998697236180305,0.08863117545843124
latent_ode,17,1,4,1,7,17.960187047719955,20.844786427915096,0.19531603902578354,18.997100181877613,0.09818468242883682
latent_ode,17,1,4,1,8,19.153757020831108,18.508599139750004,0.1785503700375557,18.45267415046692,0.08445046842098236
latent_ode,17,1,4,1,9,18.68735533207655,19.91285290569067,0.20140595734119415,19.405781291425228,0.08878856897354126
latent_ode,17,1,4,1,10,19.00125853717327,22.423584945499897,0.19290950149297714,19.575323909521103,0.0913664698600769
latent_ode,17,1,4,1,11,19.61684785783291,19.573913887143135,0.1870226114988327,18.686190247535706,0.090036541223526
latent_ode,17,1,4,1,12,18.788987770676613,19.977678544819355,0.19112695008516312,20.156960003077984,0.09632855653762817
latent_ode,17,1,4,1,13,23.600283078849316,19.34781391173601,0.19190367311239243,18.698392435908318,0.09124074131250381
latent_ode,17,1,4,1,14,18.884369172155857,20.003369078040123,0.20542554557323456,20.338580012321472,0.0983038917183876
latent_ode,17,1,4,1,15,20.113914273679256,19.99975834041834,0.20506419241428375,24.32879339903593,0.10378379374742508
latent_ode,17,1,4,1,16,20.467005670070648,20.311037078499794,0.20488537847995758,19.555123522877693,0.09597465395927429
latent_ode,17,1,4,1,17,20.294732414186,26.478925719857216,0.19632186740636826,18.718826584517956,0.09146146476268768
latent_ode,17,1,4,1,18,18.250681459903717,18.43127515166998,0.1774262636899948,18.298832699656487,0.08477084338665009
latent_ode,17,1,4,1,19,21.58772014081478,21.535775624215603,0.2092178910970688,19.074732437729836,0.09017251431941986
latent_ode,17,1,4,1,20,18.739163875579834,19.13884561508894,0.18756743520498276,18.47735047340393,0.09000208228826523
latent_ode,17,1,4,1,21,19.91274766623974,19.196313805878162,0.184536911547184,19.27143707871437,0.09085331112146378
latent_ode,17,1,4,1,22,19.173065200448036,22.806174121797085,0.19200798124074936,19.405611790716648,0.08980836719274521
latent_ode,17,1,4,1,23,18.893149681389332,18.95376853644848,0.179411843419075,17.634520307183266,0.08413009345531464
latent_ode,17,1,4,1,24,18.313794396817684,17.94408541172743,0.17719995230436325,18.363759852945805,0.08472800254821777
latent_ode,17,1,4,1,25,17.856858670711517,17.987363040447235,0.1763962209224701,17.74745900183916,0.09049009531736374
latent_ode,17,1,4,1,26,20.73563914746046,19.920422695577145,0.188460573554039,18.681560643017292,0.08647143840789795
latent_ode,17,1,4,1,27,18.273547291755676,18.464124761521816,0.1863241195678711,18.143024295568466,0.0838153064250946
latent_ode,17,1,4,1,28,18.748928792774677,18.009241670370102,0.17325114458799362,17.932693473994732,0.08359644562005997
latent_ode,17,1,4,1,29,17.615877091884613,18.53193063288927,0.17660297453403473,20.820372737944126,0.09993743151426315
latent_ode,17,1,4,1,30,18.657238222658634,18.680112436413765,0.17973780632019043,17.564525827765465,0.08444581180810928
latent_ode,17,1,4,1,31,18.035953864455223,18.124038353562355,0.1782197505235672,18.12317781150341,0.09001325815916061
latent_ode,17,1,4,1,32,18.43456830829382,18.35836563259363,0.17606839537620544,17.62170158326626,0.08684303611516953
latent_ode,17,1,4,1,33,18.302708864212036,18.076129257678986,0.1919679343700409,21.4148610830307,0.09982846677303314
latent_ode,17,1,4,1,34,18.76633334904909,18.702376633882523,0.189867801964283,18.543414771556854,0.08393917232751846
latent_ode,17,1,4,1,35,17.716298811137676,18.367353826761246,0.1736041158437729,17.51631498336792,0.08562672883272171
latent_ode,17,1,4,1,36,17.50041823834181,24.7196601703763,0.19042566418647766,18.603939563035965,0.086258165538311
latent_ode,17,1,4,1,37,19.141415134072304,17.79632456600666,0.18862541764974594,17.55662728101015,0.0842064619064331
latent_ode,17,1,4,1,38,17.49548874795437,18.54921132326126,0.20708423107862473,17.94480811804533,0.08476525545120239
latent_ode,17,1,4,1,39,17.44990609586239,19.689223729074,0.20164251327514648,18.924657255411148,0.08991546928882599
latent_ode,17,1,4,1,40,18.925047479569912,17.86475069820881,0.18081441521644592,18.262287601828575,0.08441787213087082
latent_ode,17,1,4,1,41,17.610197886824608,18.200471065938473,0.20394939929246902,19.015724770724773,0.08778087794780731
latent_ode,17,1,4,1,42,17.98141747713089,18.329670652747154,0.18568988889455795,19.434007816016674,0.08352752774953842
latent_ode,17,1,4,1,43,17.979583702981472,17.799248918890953,0.1747896894812584,18.2179668918252,0.08181016892194748
latent_ode,17,1,4,1,44,17.89572462439537,18.548731692135334,0.17543602734804153,17.669139429926872,0.08739251643419266
latent_ode,17,1,4,1,45,17.93639361858368,17.861333675682545,0.18602609634399414,17.83772837370634,0.08409563452005386
latent_ode,17,1,4,1,46,18.445701338350773,17.929614521563053,0.1805368810892105,17.8139079362154,0.08369423449039459
latent_ode,17,1,4,1,47,17.924286425113678,18.508855253458023,0.17700623720884323,18.062393181025982,0.08752197027206421
latent_ode,17,1,4,1,48,18.144571222364902,18.059004098176956,0.1763124018907547,17.554660327732563,0.08685234934091568
latent_ode,17,1,4,1,49,19.265655428171158,20.272808149456978,0.20103435963392258,19.073383882641792,0.08847657591104507
latent_ode,17,1,4,6,0,18.090669997036457,18.344816751778126,0.17742346972227097,18.32170318812132,0.0926060602068901
latent_ode,17,1,4,6,1,18.741807900369167,19.195341505110264,0.19069854170084,18.46494246274233,0.09225960820913315
latent_ode,17,1,4,6,2,18.576346337795258,18.391420133411884,0.17812475562095642,19.10708285868168,0.09182654321193695
latent_ode,17,1,4,6,3,18.741948530077934,19.41073127090931,0.17900299280881882,25.371795520186424,0.09286124259233475
latent_ode,17,1,4,6,4,25.095917284488678,20.39553876966238,0.20425207912921906,20.450931042432785,0.11083204299211502
latent_ode,17,1,4,6,5,20.402537658810616,19.859125837683678,0.25871675461530685,20.083150826394558,0.09931065142154694
latent_ode,17,1,4,6,6,20.462210290133953,20.464859902858734,0.18655229359865189,19.001592881977558,0.0944826751947403
latent_ode,17,1,4,6,7,20.85606101900339,20.048233680427074,0.19749440252780914,19.50725819915533,0.10566413402557373
latent_ode,17,1,4,6,8,19.724873825907707,18.416154198348522,0.18446240574121475,17.702956683933735,0.08704699575901031
latent_ode,17,1,4,6,9,17.64054875820875,18.62439699470997,0.17397012561559677,18.022721633315086,0.0926358625292778
latent_ode,17,1,4,6,10,18.871976993978024,27.525851503014565,0.257113017141819,23.811395280063152,0.09930040687322617
latent_ode,17,1,4,6,11,18.29530857503414,18.487961031496525,0.19784551113843918,17.99028180539608,0.0902591273188591
latent_ode,17,1,4,6,12,19.889185205101967,18.363630399107933,0.18669851124286652,18.90238281339407,0.08823443204164505
latent_ode,17,1,4,6,13,18.47031433135271,18.648033030331135,0.17839577049016953,18.590536899864674,0.10084453970193863
latent_ode,17,1,4,6,14,19.606484100222588,20.790686830878258,0.2116803079843521,20.974437706172466,0.10762456804513931
latent_ode,17,1,4,6,15,20.877656526863575,21.301746368408203,0.21265726536512375,21.019648760557175,0.10124128311872482
latent_ode,17,1,4,6,16,20.685850642621517,20.407406613230705,0.20537711679935455,18.55994574725628,0.0889236107468605
latent_ode,17,1,4,6,17,17.987603321671486,18.19770596921444,0.17425324767827988,18.415004014968872,0.08875969797372818
latent_ode,17,1,4,6,18,18.147705122828484,18.960360437631607,0.17896201461553574,18.30593589693308,0.08882395923137665
latent_ode,17,1,4,6,19,18.24123691767454,18.408934585750103,0.1777149736881256,17.976295202970505,0.0858912244439125
latent_ode,17,1,4,6,20,18.37786380201578,18.505465239286423,0.1747533679008484,18.02195142954588,0.08883234113454819
latent_ode,17,1,4,6,21,18.156290985643864,18.79384182393551,0.17713475972414017,18.177123740315437,0.09217578917741776
latent_ode,17,1,4,6,22,18.537291325628757,18.60687229782343,0.18570013344287872,18.284622579813004,0.08939113467931747
latent_ode,17,1,4,6,23,18.621538765728474,18.312077037990093,0.17367210239171982,18.174189142882824,0.08797086775302887
latent_ode,17,1,4,6,24,17.838001251220703,18.349983729422092,0.17818715423345566,17.8302014246583,0.08971896022558212
latent_ode,17,1,4,6,25,18.33489630371332,18.358979374170303,0.17708167433738708,18.517673015594482,0.0852830708026886
latent_ode,17,1,4,6,26,17.89403147995472,18.201380036771297,0.1788511872291565,18.105012364685535,0.08644536137580872
latent_ode,17,1,4,6,27,18.53743102401495,20.192492753267288,0.2068532630801201,19.020882435142994,0.0928044319152832
latent_ode,17,1,4,6,28,18.550307489931583,18.403925001621246,0.17821788787841797,19.343844614923,0.10214187204837799
latent_ode,17,1,4,6,29,19.507440738379955,18.84374860674143,0.1758979633450508,19.577544182538986,0.0897292047739029
latent_ode,17,1,4,6,30,18.132743425667286,18.822843208909035,0.17846468836069107,18.76163948327303,0.08901581168174744
latent_ode,17,1,4,6,31,18.64878088235855,18.368142656981945,0.17656013369560242,17.99941621720791,0.08815247565507889
latent_ode,17,1,4,6,32,18.18268932402134,19.589794799685478,0.18523074686527252,19.162649288773537,0.09169988334178925
latent_ode,17,1,4,6,33,19.655325450003147,19.32793017476797,0.1761140301823616,18.17865762859583,0.08820369839668274
latent_ode,17,1,4,6,34,18.111118115484715,18.426915630698204,0.19327178597450256,17.878646962344646,0.0860951840877533
latent_ode,17,1,4,6,35,17.878401093184948,18.35060305893421,0.18224399536848068,18.096646293997765,0.08843187242746353
latent_ode,17,1,4,6,36,18.030574545264244,18.82915198802948,0.17780251801013947,18.396953120827675,0.09321235120296478
latent_ode,17,1,4,6,37,18.157828599214554,18.252120353281498,0.17844140529632568,18.160169944167137,0.08888263255357742
latent_ode,17,1,4,6,38,19.696200266480446,18.222464248538017,0.17587561160326004,18.284414894878864,0.09222980588674545
latent_ode,17,1,4,6,39,18.507638014853,18.7523877248168,0.17709657549858093,18.24145670980215,0.09186007082462311
latent_ode,17,1,4,6,40,18.655654974281788,20.033803768455982,0.1778639853000641,18.311389721930027,0.10708346962928772
latent_ode,17,1,4,6,41,21.175678819417953,18.741818144917488,0.19011273980140686,18.475370481610298,0.08789729326963425
latent_ode,17,1,4,6,42,18.48830282688141,18.409114331007004,0.1776060089468956,18.344159238040447,0.09251199662685394
latent_ode,17,1,4,6,43,20.497986115515232,18.50374136120081,0.17857365310192108,17.860718071460724,0.08955132216215134
latent_ode,17,1,4,6,44,17.84773636609316,17.99849048256874,0.18061883747577667,18.190253525972366,0.0887969508767128
latent_ode,17,1,4,6,45,18.112152814865112,18.39135494083166,0.17337128520011902,19.684904254972935,0.10203290730714798
latent_ode,17,1,4,6,46,19.22608632594347,19.285140559077263,0.18685124814510345,18.992137163877487,0.09413342922925949
latent_ode,17,1,4,6,47,18.96983478218317,18.737115897238255,0.18670503050088882,18.86918768286705,0.09307730942964554
latent_ode,17,1,4,6,48,19.961155019700527,21.12024836242199,0.20163506269454956,21.61015383899212,0.10190624743700027
latent_ode,17,1,4,6,49,19.169683568179607,19.038078375160694,0.1851031556725502,19.68091633170843,0.09620934724807739
latent_ode,17,1,16,1,0,37.092666141688824,36.838727071881294,0.1787012442946434,35.85085552185774,0.08551403880119324
latent_ode,17,1,16,1,1,36.69576719403267,37.920049391686916,0.18811970949172974,37.80703246593475,0.09074434638023376
latent_ode,17,1,16,1,2,37.1162723749876,38.18975295871496,0.18088612705469131,35.99030524492264,0.08296500891447067
latent_ode,17,1,16,1,3,36.35243233293295,36.11160349100828,0.17318502068519592,35.94070766121149,0.08916668593883514
latent_ode,17,1,16,1,4,36.89185902476311,36.15692723542452,0.17987936735153198,36.371031776070595,0.08693616837263107
latent_ode,17,1,16,1,5,36.17656510323286,36.188784055411816,0.1903790980577469,37.42875438183546,0.09141769260168076
latent_ode,17,1,16,1,6,36.594717763364315,36.78044117987156,0.18721073865890503,36.56313940882683,0.08955225348472595
latent_ode,17,1,16,1,7,37.08094451576471,38.65948598831892,0.18892250955104828,37.03275229781866,0.0891275703907013
latent_ode,17,1,16,1,8,36.68175917118788,38.62524591386318,0.18718279898166656,37.182629108428955,0.084657222032547
latent_ode,17,1,16,1,9,37.4053493142128,37.853484973311424,0.19124150276184082,36.89457010477781,0.08958205580711365
latent_ode,17,1,16,1,10,37.75439504534006,37.913890555500984,0.18712319433689117,37.34486270695925,0.09191781282424927
latent_ode,17,1,16,1,11,38.410418666899204,39.041247218847275,0.17929542809724808,36.83794662356377,0.08514337241649628
latent_ode,17,1,16,1,12,37.497662007808685,36.69299650937319,0.20305253565311432,40.290841832756996,0.09184889495372772
latent_ode,17,1,16,1,13,38.67943026125431,36.86052933335304,0.19499007612466812,39.56503700464964,0.09474437683820724
latent_ode,17,1,16,1,14,37.98863384872675,38.2784241810441,0.18912646919488907,37.25370764732361,0.08991546928882599
latent_ode,17,1,16,1,15,37.12546266615391,36.80830076336861,0.1785987988114357,36.328574642539024,0.08487887680530548
latent_ode,17,1,16,1,16,38.10560796409845,39.06908817589283,0.18190965056419373,35.974860191345215,0.08681230247020721
latent_ode,17,1,16,1,17,36.56116034835577,37.483072839677334,0.204537995159626,36.57123353332281,0.08547864854335785
latent_ode,17,1,16,1,18,36.74172982573509,37.52375114709139,0.1906808465719223,36.92743554711342,0.08954759687185287
latent_ode,17,1,16,1,19,37.624889984726906,38.38970419019461,0.2049580216407776,41.231514886021614,0.11020433157682419
latent_ode,17,1,16,1,20,41.223094798624516,40.94156250357628,0.23130979388952255,40.83024337887764,0.09880680590867996
latent_ode,17,1,16,1,21,38.21169305592775,37.860085256397724,0.19054394215345383,38.60914055258036,0.09101256728172302
latent_ode,17,1,16,1,22,37.73219510912895,38.104903884232044,0.202154740691185,39.842563681304455,0.08863303810358047
latent_ode,17,1,16,1,23,37.77465783059597,38.57797011733055,0.1948084682226181,38.238667882978916,0.09558256715536118
latent_ode,17,1,16,1,24,37.89497632533312,38.217054679989815,0.18733367323875427,38.105071522295475,0.09166263043880463
latent_ode,17,1,16,1,25,37.897040136158466,38.07972464710474,0.18733926117420197,37.69720904529095,0.08872896432876587
latent_ode,17,1,16,1,26,38.11015095561743,38.09943236410618,0.18784776329994202,38.097888231277466,0.09256135672330856
latent_ode,17,1,16,1,27,37.987991236150265,38.899436593055725,0.18935278058052063,38.63967768847942,0.0982554629445076
latent_ode,17,1,16,1,28,37.88739535957575,40.01487046480179,0.19598938524723053,39.60255440324545,0.09286869317293167
latent_ode,17,1,16,1,29,38.77727501094341,38.02038170397282,0.18835999071598053,38.041917607188225,0.09008403867483139
latent_ode,17,1,16,1,30,37.89905924350023,39.70402292907238,0.1889532431960106,46.50220088660717,0.0889478251338005
latent_ode,17,1,16,1,31,38.47197908908129,38.4186552837491,0.1924801617860794,38.024719804525375,0.08909683674573898
latent_ode,17,1,16,1,32,38.52776065468788,37.064528092741966,0.18817279487848282,36.89652308821678,0.08488167077302933
latent_ode,17,1,16,1,33,38.53757865726948,37.57039550691843,0.18721632659435272,38.23625762015581,0.09245239198207855
latent_ode,17,1,16,1,34,37.88228239864111,39.082275703549385,0.1917220652103424,38.56310900300741,0.09092781692743301
latent_ode,17,1,16,1,35,38.02539687603712,37.83238120377064,0.1881113275885582,38.06759137660265,0.09076856076717377
latent_ode,17,1,16,1,36,38.298629224300385,38.28584309667349,0.1876121386885643,37.430478259921074,0.08861161768436432
latent_ode,17,1,16,1,37,38.05940132588148,37.62237634509802,0.18745288252830505,37.73013409227133,0.08964445441961288
latent_ode,17,1,16,1,38,36.79147642105818,37.91552037000656,0.18869061022996902,37.403879687190056,0.0879243016242981
latent_ode,17,1,16,1,39,38.251789286732674,39.48063962161541,0.18898770213127136,37.410903722047806,0.09081978350877762
latent_ode,17,1,16,1,40,38.0561426281929,37.135908380150795,0.2081235870718956,36.68841905891895,0.08987635374069214
latent_ode,17,1,16,1,41,37.31474652886391,37.60530520230532,0.18656905740499496,37.15626336634159,0.08913129568099976
latent_ode,17,1,16,1,42,37.09182143211365,37.52175997942686,0.17941463738679886,37.637703120708466,0.08984468877315521
latent_ode,17,1,16,1,43,37.063886411488056,37.61124610900879,0.18634088337421417,37.28688322007656,0.089302659034729
latent_ode,17,1,16,1,44,37.63740602880716,38.050830364227295,0.18543004989624023,38.04357256740332,0.0886525958776474
latent_ode,17,1,16,1,45,37.89056371897459,38.11932075768709,0.1776125282049179,38.248240016400814,0.0887913629412651
latent_ode,17,1,16,1,46,37.99195121973753,38.08126971125603,0.1863362267613411,37.816280499100685,0.08884444832801819
latent_ode,17,1,16,1,47,36.83401644229889,36.67290881276131,0.18816906958818436,37.219478748738766,0.08812546730041504
latent_ode,17,1,16,1,48,37.88232896476984,37.320323288440704,0.189170241355896,37.172360345721245,0.08758716285228729
latent_ode,17,1,16,1,49,37.71901875734329,38.25131990015507,0.21241791546344757,39.16917275637388,0.09091198444366455
latent_ode,17,1,16,6,0,39.27823528647423,40.10212607681751,0.19301846623420715,39.691767655313015,0.09703263640403748
latent_ode,17,1,16,6,1,37.96714078634977,39.62169587612152,0.2115657553076744,39.66008219867945,0.09552761912345886
latent_ode,17,1,16,6,2,39.48233928531408,39.03624042868614,0.18715579062700272,38.843756541609764,0.0985683873295784
latent_ode,17,1,16,6,3,38.198322057724,37.89496701210737,0.18413178622722626,36.922771483659744,0.09319838136434555
latent_ode,17,1,16,6,4,38.03733177483082,37.37750183790922,0.1871427521109581,37.33762074261904,0.09384192526340485
latent_ode,17,1,16,6,5,37.74826414883137,37.77311556041241,0.18244050443172455,37.03441843390465,0.08845049887895584
latent_ode,17,1,16,6,6,39.575062692165375,40.082549676299095,0.2118833363056183,41.66868980973959,0.11305976659059525
latent_ode,17,1,16,6,7,41.697571985423565,39.58938177675009,0.18780678510665894,37.87677176296711,0.09460281580686569
latent_ode,17,1,16,6,8,37.51840442419052,37.714576348662376,0.1872396096587181,37.27386239916086,0.09489059448242188
latent_ode,17,1,16,6,9,37.585727870464325,37.69614454358816,0.17947331070899963,36.78577579557896,0.08863676339387894
latent_ode,17,1,16,6,10,37.229910492897034,38.101088255643845,0.17851311713457108,37.638600915670395,0.09513460099697113
latent_ode,17,1,16,6,11,37.35245391726494,38.164013996720314,0.21173804998397827,38.08315936475992,0.10300241410732269
latent_ode,17,1,16,6,12,37.912821397185326,38.1751237437129,0.18842145800590515,38.41972257941961,0.100674107670784
latent_ode,17,1,16,6,13,38.284847512841225,37.46813628822565,0.1796400174498558,37.591688334941864,0.10587368160486221
latent_ode,17,1,16,6,14,36.936210468411446,38.21409307420254,0.18772482872009277,38.71530666947365,0.09476300328969955
latent_ode,17,1,16,6,15,37.79052942991257,38.520666770637035,0.1890147104859352,40.028891526162624,0.1013362780213356
latent_ode,17,1,16,6,16,38.77036366611719,38.780588656663895,0.17792824655771255,39.01095408946276,0.09253248572349548
latent_ode,17,1,16,6,17,39.09074142575264,38.05669117718935,0.18626078963279724,38.569437339901924,0.09495299309492111
latent_ode,17,1,16,6,18,38.664027117192745,39.33331649750471,0.19381754100322723,37.400828674435616,0.08789356797933578
latent_ode,17,1,16,6,19,37.67062816768885,38.94786909222603,0.18706358969211578,38.67698274552822,0.09537767618894577
latent_ode,17,1,16,6,20,37.986488081514835,40.073311887681484,0.2118600532412529,38.325684145092964,0.09296555072069168
latent_ode,17,1,16,6,21,37.78922278434038,38.155147805809975,0.18739141523838043,36.97944059967995,0.09389407932758331
latent_ode,17,1,16,6,22,36.41712572425604,37.01420500874519,0.17852336168289185,36.51965968310833,0.09331479668617249
latent_ode,17,1,16,6,23,37.26800065487623,37.75566257536411,0.1865355297923088,37.774644792079926,0.09206775575876236
latent_ode,17,1,16,6,24,37.72610891610384,38.03560696542263,0.19206013530492783,38.404871709644794,0.09293854236602783
latent_ode,17,1,16,6,25,38.08427322655916,39.50622957199812,0.19164476543664932,39.19010329991579,0.0925697386264801
latent_ode,17,1,16,6,26,39.345393888652325,39.404540322721004,0.19114650785923004,38.94492890685797,0.1028822734951973
latent_ode,17,1,16,6,27,38.40188682079315,38.23873307555914,0.18609222024679184,38.032541051506996,0.1003555953502655
latent_ode,17,1,16,6,28,39.2390126362443,38.363317027688026,0.19154325127601624,39.33380916714668,0.09558163583278656
latent_ode,17,1,16,6,29,38.53088431060314,37.63820696622133,0.18713343888521194,37.15527802705765,0.08769147098064423
latent_ode,17,1,16,6,30,38.42300269752741,39.69855606555939,0.18890388309955597,39.244892075657845,0.09708385914564133
latent_ode,17,1,16,6,31,38.474125787615776,38.580311462283134,0.1855967566370964,37.74246480315924,0.09459629654884338
latent_ode,17,1,16,6,32,38.18442393094301,37.783670239150524,0.17758645117282867,37.56235912442207,0.0945013016462326
latent_ode,17,1,16,6,33,37.873455323278904,38.35792560130358,0.18754508346319199,37.45316993445158,0.09274296462535858
latent_ode,17,1,16,6,34,37.88795229047537,39.40460830926895,0.18633529543876648,38.936431519687176,0.08909124881029129
latent_ode,17,1,16,6,35,38.2046215236187,38.09554781764746,0.20561367273330688,37.806413136422634,0.08709728717803955
latent_ode,17,1,16,6,36,37.94581908732653,38.92684821039438,0.1886105164885521,39.63102959096432,0.1009330153465271
latent_ode,17,1,16,6,37,39.11256790161133,40.06751347333193,0.19142869859933853,38.64242881536484,0.09364821016788483
latent_ode,17,1,16,6,38,38.436396047472954,39.60539028048515,0.20224973559379578,39.87918794155121,0.0974014401435852
latent_ode,17,1,16,6,39,39.34197407215834,37.64931671321392,0.19222963601350784,38.18290960043669,0.0955061987042427
latent_ode,17,1,16,6,40,38.129376247525215,38.871802389621735,0.20207837224006653,38.269080221652985,0.08975528180599213
latent_ode,17,1,16,6,41,39.4304059445858,40.13028647750616,0.20825397223234177,39.860984310507774,0.10282453149557114
latent_ode,17,1,16,6,42,37.87271771579981,37.21832111477852,0.17802231013774872,37.25992329418659,0.08809566497802734
latent_ode,17,1,16,6,43,40.33234156668186,37.79104817658663,0.18758047372102737,37.52564545720816,0.09340792894363403
latent_ode,17,1,16,6,44,37.64110617339611,36.93858627229929,0.18061697483062744,36.97966691106558,0.09075459092855453
latent_ode,17,1,16,6,45,36.312091164290905,37.07302454859018,0.18635112792253494,36.678397096693516,0.08942652493715286
latent_ode,17,1,16,6,46,37.125405855476856,38.75297587364912,0.18574390560388565,36.836965940892696,0.0926060602068901
latent_ode,17,1,16,6,47,37.33637183904648,38.114738650619984,0.1796931028366089,38.917386904358864,0.0904938206076622
latent_ode,17,1,16,6,48,37.614925764501095,40.490344166755676,0.19396189600229263,40.679668076336384,0.1039355993270874
latent_ode,17,1,16,6,49,41.358853690326214,40.711868554353714,0.19781291484832764,40.52729718387127,0.10524876415729523
latent_ode,17,1,32,1,0,66.98800902813673,65.83244912326336,0.19917171448469162,65.3165765106678,0.09775813668966293
latent_ode,17,1,32,1,1,63.099498860538006,63.364057801663876,0.19899848848581314,62.03357316553593,0.09144283831119537
latent_ode,17,1,32,1,2,62.43614200502634,62.61510495096445,0.18635019659996033,62.98070400953293,0.09091291576623917
latent_ode,17,1,32,1,3,61.125888489186764,61.36334873735905,0.19883830100297928,63.88169713318348,0.09665824472904205
latent_ode,17,1,32,1,4,64.5427843555808,62.18414381146431,0.20593032240867615,65.72531349956989,0.09874068200588226
latent_ode,17,1,32,1,5,63.117594458162785,63.66090476512909,0.19770115613937378,63.24394699186087,0.0986587256193161
latent_ode,17,1,32,1,6,60.64793840050697,61.46937422454357,0.19825808703899384,64.05656225979328,0.09165797382593155
latent_ode,17,1,32,1,7,60.518194921314716,60.54097507148981,0.19307341426610947,62.61791102588177,0.10119657963514328
latent_ode,17,1,32,1,8,64.08805307000875,63.35359159857035,0.1843506470322609,61.507158912718296,0.10117888450622559
latent_ode,17,1,32,1,9,61.97549495846033,61.14756315946579,0.1805787906050682,63.54658119380474,0.08809566497802734
latent_ode,17,1,32,1,10,62.22714763134718,61.33042182773352,0.19351858645677567,64.63540066033602,0.08950196206569672
latent_ode,17,1,32,1,11,59.85929537564516,60.408420860767365,0.18363632261753082,60.47453545033932,0.09965430945158005
latent_ode,17,1,32,1,12,63.490547239780426,61.82646658271551,0.18068403005599976,62.4579694122076,0.09544473141431808
latent_ode,17,1,32,1,13,64.35301527380943,64.4559795036912,0.20464975386857986,64.47911635041237,0.08848216384649277
latent_ode,17,1,32,1,14,61.22674327343702,61.231689527630806,0.18276460468769073,62.137020751833916,0.09122863411903381
latent_ode,17,1,32,1,15,60.519300401210785,60.710739344358444,0.18264073878526688,60.09588111191988,0.09209197014570236
latent_ode,17,1,32,1,16,61.525906436145306,60.16231328248978,0.18205400556325912,61.26605346798897,0.08668098598718643
latent_ode,17,1,32,1,17,59.94851514697075,61.110067181289196,0.19109249114990234,60.52137725055218,0.09159743785858154
latent_ode,17,1,32,1,18,60.32920349389315,61.738827265799046,0.19125640392303467,62.87962570786476,0.08877087384462357
latent_ode,17,1,32,1,19,61.21554598212242,64.67168312519789,0.21611619740724564,68.13617050647736,0.1253858208656311
latent_ode,17,1,32,1,20,64.92838077247143,61.832355335354805,0.20809005945920944,62.74823844432831,0.0901147723197937
latent_ode,17,1,32,1,21,60.80857012420893,61.72642856836319,0.1829015091061592,62.85046227276325,0.08789263665676117
latent_ode,17,1,32,1,22,60.82603149116039,60.259767808020115,0.1826481893658638,61.3447604700923,0.09221117943525314
latent_ode,17,1,32,1,23,60.58796122670174,60.88186614215374,0.18854904919862747,64.81020618230104,0.10268110781908035
latent_ode,17,1,32,1,24,65.2402127161622,65.77231269329786,0.2000425010919571,76.055814512074,0.09592343121767044
latent_ode,17,1,32,1,25,105.98458442837,123.08711092919111,0.33420324325561523,119.52692829072475,0.11510681360960007
latent_ode,17,1,32,1,26,103.69756165891886,106.77718557417393,0.22822339087724686,65.70667866617441,0.10881852358579636
latent_ode,17,1,32,1,27,63.039304688572884,62.43105139583349,0.1864805817604065,69.05149854719639,0.09972136467695236
latent_ode,17,1,32,1,28,64.1686599701643,61.368320137262344,0.18639490008354187,61.83863431215286,0.09166542440652847
latent_ode,17,1,32,1,29,60.975260101258755,63.09301778674126,0.18562190234661102,60.803710483014584,0.09175390005111694
latent_ode,17,1,32,1,30,64.4572488963604,65.27859345078468,0.19951723515987396,62.58634943515062,0.0967569649219513
latent_ode,17,1,32,1,31,63.864683732390404,63.83495032787323,0.21630991250276566,63.071489334106445,0.12649409472942352
latent_ode,17,1,32,1,32,62.557559460401535,60.788520611822605,0.19393768161535263,63.36402706801891,0.09801983833312988
latent_ode,17,1,32,1,33,64.74005710333586,64.91751503199339,0.21393317729234695,62.91436217725277,0.10386575013399124
latent_ode,17,1,32,1,34,64.66476432979107,63.96742258220911,0.20663626492023468,64.28541522473097,0.09722728282213211
latent_ode,17,1,32,1,35,64.89717308431864,64.50035702437162,0.1934543251991272,64.1134912148118,0.09192805737257004
latent_ode,17,1,32,1,36,64.98408783227205,63.97249363362789,0.227377749979496,65.33131841570139,0.11524558067321777
latent_ode,17,1,32,1,37,65.37302117794752,65.19764568656683,0.211445614695549,63.98849003016949,0.09921658784151077
latent_ode,17,1,32,1,38,64.77014068514109,64.04441222548485,0.20237918943166733,65.0020344182849,0.0951932743191719
latent_ode,17,1,32,1,39,63.769287429749966,64.33193106204271,0.22125616669654846,62.67361156642437,0.10581314563751221
latent_ode,17,1,32,1,40,63.64278681576252,63.44559043645859,0.1910533756017685,62.78415769338608,0.09381864219903946
latent_ode,17,1,32,1,41,61.830779537558556,64.3244618549943,0.21653808653354645,64.14374988526106,0.0944407656788826
latent_ode,17,1,32,1,42,64.09305054694414,66.1926893517375,0.22925809025764465,64.70486242324114,0.11946447193622589
latent_ode,17,1,32,1,43,64.89614769816399,65.5865166336298,0.20774267613887787,64.79102279990911,0.09833183139562607
latent_ode,17,1,32,1,44,65.62346033751965,68.17206460982561,0.23387745022773743,68.88226419687271,0.12487173080444336
latent_ode,17,1,32,1,45,68.41094139963388,70.12967858463526,0.23339781910181046,65.85557572543621,0.11832546442747116
latent_ode,17,1,32,1,46,63.26514296233654,62.59149964898825,0.22038351744413376,63.06296493858099,0.10964460670948029
latent_ode,17,1,32,1,47,62.90101632475853,63.83552774786949,0.2325465902686119,62.610793858766556,0.10097585618495941
latent_ode,17,1,32,1,48,63.767705112695694,64.37608320266008,0.2143457531929016,73.44661839306355,0.15481840819120407
latent_ode,17,1,32,1,49,84.7695218399167,69.22770570963621,0.3091217949986458,97.88306429982185,0.14486443251371384
latent_ode,17,1,32,6,0,85.90597659349442,86.32946759462357,0.28708111494779587,86.08554024249315,0.15304796397686005
latent_ode,17,1,32,6,1,90.0117615237832,86.68871317058802,0.2870233729481697,86.80067304521799,0.1445738598704338
latent_ode,17,1,32,6,2,77.39879749715328,64.67123236507177,0.22974982857704163,68.63978691399097,0.12794975191354752
latent_ode,17,1,32,6,3,63.790363259613514,64.70979563891888,0.2321787178516388,63.474771566689014,0.1224074512720108
latent_ode,17,1,32,6,4,63.93210683017969,66.41700211912394,0.2282913774251938,64.43724501878023,0.1379074528813362
latent_ode,17,1,32,6,5,64.88585565239191,64.95032832026482,0.22946856915950775,64.6798936650157,0.1276964321732521
latent_ode,17,1,32,6,6,64.15548454970121,65.03088772296906,0.23104064166545868,65.22961426526308,0.11771172285079956
latent_ode,17,1,32,6,7,65.16192480921745,64.69767168164253,0.21767616271972656,65.30728470534086,0.11724885553121567
latent_ode,17,1,32,6,8,64.44073561578989,65.12043252587318,0.2014022320508957,64.90877270698547,0.09886827319860458
latent_ode,17,1,32,6,9,64.23516850918531,65.79576432704926,0.20790286362171173,67.77648162096739,0.11891499161720276
latent_ode,17,1,32,6,10,68.85191053152084,67.11822934448719,0.20874477922916412,63.46283573657274,0.09884592145681381
latent_ode,17,1,32,6,11,64.23057895153761,65.24086836725473,0.1913243904709816,64.51267749071121,0.09587407112121582
latent_ode,17,1,32,6,12,66.66199397295713,66.38061068952084,0.19394885748624802,64.4525783136487,0.09824801236391068
latent_ode,17,1,32,6,13,63.161106780171394,67.90497899055481,0.20588934421539307,63.700408674776554,0.09571202099323273
latent_ode,17,1,32,6,14,63.7629609555006,64.41252026706934,0.19699614495038986,65.54950680583715,0.11591240763664246
latent_ode,17,1,32,6,15,66.03580620139837,65.28570502996445,0.2197716385126114,63.90415411442518,0.1212581992149353
latent_ode,17,1,32,6,16,64.70543053001165,63.53682745248079,0.22845622152090073,63.188531436026096,0.12162700295448303
latent_ode,17,1,32,6,17,62.62778118252754,63.88249900192022,0.20225439220666885,63.10376897454262,0.10675936937332153
latent_ode,17,1,32,6,18,63.99091426283121,64.99253306537867,0.20543858408927917,65.81523921340704,0.10390393435955048
latent_ode,17,1,32,6,19,66.04407168924809,64.93772007524967,0.20286347717046738,65.76312333345413,0.10021403431892395
latent_ode,17,1,32,6,20,65.49311242997646,67.23056733608246,0.20769424736499786,64.56876080483198,0.10455399751663208
latent_ode,17,1,32,6,21,63.37801367044449,64.60006441920996,0.20520761609077454,65.26154279708862,0.09938515722751617
latent_ode,17,1,32,6,22,66.16328191012144,66.26584939658642,0.19616074860095978,65.56538492441177,0.09680353105068207
latent_ode,17,1,32,6,23,65.477698110044,65.8964142203331,0.207497738301754,63.91215417534113,0.11004414409399033
latent_ode,17,1,32,6,24,65.02775102853775,64.5133201032877,0.21785404533147812,64.6299421787262,0.10520778596401215
latent_ode,17,1,32,6,25,64.07581456005573,65.95795322209597,0.23320410400629044,67.37837009131908,0.10558310896158218
latent_ode,17,1,32,6,26,62.63762805610895,65.69799594581127,0.19949954003095627,66.35265797376633,0.10951422154903412
latent_ode,17,1,32,6,27,67.75554548949003,64.95525315403938,0.19143056124448776,63.34633566439152,0.09452644735574722
latent_ode,17,1,32,6,28,64.23980742692947,63.9142207801342,0.20826607942581177,63.04872315376997,0.09251851588487625
latent_ode,17,1,32,6,29,64.16123080998659,63.35233710706234,0.19172579050064087,63.55063244700432,0.08968450129032135
latent_ode,17,1,32,6,30,61.89760658890009,62.769774347543716,0.1945020630955696,62.791403383016586,0.09252317249774933
latent_ode,17,1,32,6,31,63.03801853209734,64.95284661650658,0.19257143139839172,62.93974816799164,0.09305309504270554
latent_ode,17,1,32,6,32,63.3173817768693,61.5852614864707,0.17858296632766724,61.97155639529228,0.09305216372013092
latent_ode,17,1,32,6,33,62.543634325265884,61.910100281238556,0.18479395657777786,61.37075740844011,0.08832290768623352
latent_ode,17,1,32,6,34,60.60686055570841,63.436645083129406,0.17952732741832733,66.10359437763691,0.09548384696245193
latent_ode,17,1,32,6,35,64.6667005494237,71.46372087299824,0.22488180547952652,67.75405630469322,0.12056808918714523
latent_ode,17,1,32,6,36,68.3702016249299,69.74853109568357,0.2091284841299057,64.86605573445559,0.1169499009847641
latent_ode,17,1,32,6,37,63.93466517329216,68.44285409897566,0.2189427614212036,70.39256859570742,0.12027379125356674
latent_ode,17,1,32,6,38,63.93889710307121,66.89782068133354,0.22577494382858276,66.78980402648449,0.1171305775642395
latent_ode,17,1,32,6,39,66.67958572506905,64.56179916858673,0.21428801119327545,65.33898878842592,0.1017330214381218
latent_ode,17,1,32,6,40,66.41519255936146,64.66109864413738,0.2097059041261673,64.3064072355628,0.10378193110227585
latent_ode,17,1,32,6,41,67.95856729149818,63.79738822579384,0.2013733610510826,63.48179932683706,0.09739957749843597
latent_ode,17,1,32,6,42,66.03402178734541,67.24342238157988,0.21700654178857803,70.35453710705042,0.11271517723798752
latent_ode,17,1,32,6,43,64.98054228723049,61.950265429914,0.19088014960289001,67.16984789818525,0.09834952652454376
latent_ode,17,1,32,6,44,62.829420901834965,62.96730972826481,0.180915929377079,67.64856819063425,0.09724404662847519
latent_ode,17,1,32,6,45,62.219372019171715,65.19844103604555,1.2645525857806206,66.35512784123421,0.10287761688232422
latent_ode,17,1,32,6,46,64.14829567074776,69.33349184691906,0.18310174345970154,63.01116105169058,0.09442772716283798
latent_ode,17,1,32,6,47,63.523207791149616,67.05411057919264,0.196726992726326,62.72753980010748,0.09553506970405579
latent_ode,17,1,32,6,48,66.27642549574375,64.63270261883736,0.19568763673305511,66.88286270946264,0.10612141340970993
latent_ode,17,1,32,6,49,62.88579571992159,67.04967748373747,0.24394039064645767,65.62090292572975,0.09894277900457382
latent_ode,17,32,4,1,0,27.853691019117832,30.407000333070755,0.26024412363767624,27.850041165947914,0.12423191219568253
latent_ode,17,32,4,1,1,27.77936775237322,28.235328383743763,0.24931039661169052,27.790285646915436,0.12197718024253845
latent_ode,17,32,4,1,2,27.689026668667793,28.227025642991066,0.24939514696598053,27.764142490923405,0.1221001148223877
latent_ode,17,32,4,1,3,30.090914107859135,28.157777152955532,0.2559758722782135,27.851533144712448,0.12178905308246613
latent_ode,17,32,4,1,4,27.939895167946815,28.205915354192257,0.25038979947566986,27.81053725630045,0.12276135385036469
latent_ode,17,32,4,1,5,27.846339158713818,28.14095001667738,0.2463916316628456,29.693220742046833,0.13002566993236542
latent_ode,17,32,4,1,6,27.857281267642975,28.110540471971035,0.2536233514547348,27.71067898720503,0.12451224029064178
latent_ode,17,32,4,1,7,27.800646610558033,28.132695704698563,0.2506813034415245,30.104481615126133,0.1313360407948494
latent_ode,17,32,4,1,8,27.92846504598856,28.265072964131832,0.2523483708500862,27.81811635941267,0.12480653822422028
latent_ode,17,32,4,1,9,27.88672409951687,28.128983452916145,0.2523353323340416,27.806928381323814,0.12308359146118164
latent_ode,17,32,4,1,10,29.871316626667976,28.11423409730196,0.24974718689918518,27.82526519149542,0.1232018694281578
latent_ode,17,32,4,1,11,27.918972074985504,28.2380236312747,0.2503329887986183,27.85060927271843,0.12343935668468475
latent_ode,17,32,4,1,12,28.197956271469593,30.607961118221283,0.26377197355031967,27.729122899472713,0.12256484478712082
latent_ode,17,32,4,1,13,27.627605944871902,27.95434184372425,0.24849828332662582,27.664567343890667,0.12177322059869766
latent_ode,17,32,4,1,14,27.766837738454342,29.71488144248724,0.2538943663239479,27.824746444821358,0.12161768972873688
latent_ode,17,32,4,1,15,27.89036650210619,28.090117499232292,0.2487441524863243,27.70969085395336,0.1229848712682724
latent_ode,17,32,4,1,16,27.697068639099598,30.263353139162064,0.26110466569662094,27.8548551723361,0.12920331209897995
latent_ode,17,32,4,1,17,27.865957468748093,28.23625411838293,0.2794414758682251,28.49475760012865,0.13596098870038986
latent_ode,17,32,4,1,18,27.898681350052357,31.038593500852585,0.26639923453330994,27.865991927683353,0.12589804828166962
latent_ode,17,32,4,1,19,27.819647453725338,28.055603615939617,0.25900453329086304,27.77829859405756,0.13473071157932281
latent_ode,17,32,4,1,20,27.783671393990517,28.14276609569788,0.25917962193489075,27.850487269461155,0.12215133756399155
latent_ode,17,32,4,1,21,27.790764346718788,28.218582272529602,0.24870596826076508,27.85202767699957,0.1214081421494484
latent_ode,17,32,4,1,22,27.719780802726746,28.082791715860367,0.25363266468048096,27.733521535992622,0.12304354459047318
latent_ode,17,32,4,1,23,27.738891541957855,28.29071506857872,0.25032926350831985,27.869993820786476,0.12274738401174545
latent_ode,17,32,4,1,24,27.79110986739397,28.156520798802376,0.25229528546333313,27.864144183695316,0.12379419058561325
latent_ode,17,32,4,1,25,27.733804658055305,28.161761350929737,0.25198981165885925,28.582178987562656,0.12533925473690033
latent_ode,17,32,4,1,26,27.82617136836052,28.16994022578001,0.25103986263275146,27.876011095941067,0.1240074634552002
latent_ode,17,32,4,1,27,30.0899650901556,28.102255426347256,0.25191809982061386,27.84632984548807,0.12273527681827545
latent_ode,17,32,4,1,28,27.66054030507803,28.104771859943867,0.2508983016014099,30.340912751853466,0.12732390314340591
latent_ode,17,32,4,1,29,27.912529185414314,28.1022684648633,0.24985801428556442,27.75330375880003,0.12158788740634918
latent_ode,17,32,4,1,30,22.15779572725296,21.126819774508476,0.19104685634374619,20.4242505133152,0.09230989962816238
latent_ode,17,32,4,1,31,20.565608516335487,25.64107719808817,0.20864605903625488,21.62933722138405,0.0988868996500969
latent_ode,17,32,4,1,32,21.310371346771717,21.001609042286873,0.19057746976613998,20.968847908079624,0.09282305836677551
latent_ode,17,32,4,1,33,20.201656967401505,21.198282949626446,0.19318889826536179,21.09009213745594,0.09897071868181229
latent_ode,17,32,4,1,34,21.16185612976551,24.298397824168205,0.18895789980888367,21.75452746450901,0.10134093463420868
latent_ode,17,32,4,1,35,20.851544104516506,21.44784852862358,0.19180309027433395,21.048818714916706,0.09470712393522263
latent_ode,17,32,4,1,36,20.311164669692516,20.581437274813652,0.18817372620105743,23.32419529557228,0.09855534881353378
latent_ode,17,32,4,1,37,21.320699714124203,21.228131838142872,0.18934346735477448,20.573211833834648,0.09589176625013351
latent_ode,17,32,4,1,38,21.38857077807188,21.157875657081604,0.18690060824155807,21.45162131637335,0.09292364120483398
latent_ode,17,32,4,1,39,20.029006525874138,24.601928889751434,0.2096043899655342,21.659807302057743,0.11068955063819885
latent_ode,17,32,4,1,40,21.752125583589077,22.36727811396122,0.20502787083387375,20.751124247908592,0.09964779019355774
latent_ode,17,32,4,1,41,20.986822433769703,20.98103892058134,0.19130483269691467,21.53082937002182,0.09257905185222626
latent_ode,17,32,4,1,42,20.747918635606766,24.65992234647274,0.19048620015382767,21.275251172482967,0.10835845023393631
latent_ode,17,32,4,1,43,21.417285315692425,21.83528244495392,0.19152555614709854,20.53822111338377,0.08827913552522659
latent_ode,17,32,4,1,44,20.541352219879627,21.060649305582047,0.20341388881206512,22.108720615506172,0.09214691817760468
latent_ode,17,32,4,1,45,23.699029348790646,21.809279918670654,0.20754802972078323,21.717996336519718,0.09623821824789047
latent_ode,17,32,4,1,46,21.835461258888245,21.68640587478876,0.20257290452718735,20.61502356082201,0.09283237159252167
latent_ode,17,32,4,1,47,20.72800137102604,21.759256720542908,0.1914622262120247,25.10281838476658,0.10397471487522125
latent_ode,17,32,4,1,48,21.361270919442177,21.008352749049664,0.20287279039621353,20.927716977894306,0.09348802268505096
latent_ode,17,32,4,1,49,20.265313796699047,20.672878250479698,0.19083824008703232,20.411573350429535,0.09237602353096008
latent_ode,17,32,4,6,0,20.840232260525227,20.129643380641937,0.20889658480882645,22.26659096777439,0.11493731290102005
latent_ode,17,32,4,6,1,21.43099531531334,21.34633995592594,0.19077956676483154,20.88499628007412,0.10758265852928162
latent_ode,17,32,4,6,2,25.10801423341036,22.291910834610462,0.18935278058052063,21.00369054824114,0.10893028229475021
latent_ode,17,32,4,6,3,20.92051226645708,23.91254436224699,0.21188054233789444,21.814025938510895,0.10568927973508835
latent_ode,17,32,4,6,4,21.47156186401844,21.016464568674564,0.1953914761543274,22.045345045626163,0.12166891247034073
latent_ode,17,32,4,6,5,22.114981897175312,21.710352040827274,0.19344408065080643,25.654196739196777,0.10631699115037918
latent_ode,17,32,4,6,6,20.81664279103279,20.643996074795723,0.18103886395692825,20.735210739076138,0.10505039244890213
latent_ode,17,32,4,6,7,20.885130390524864,20.893032662570477,0.1887017861008644,20.355484448373318,0.10086596012115479
latent_ode,17,32,4,6,8,20.40837798267603,25.018373504281044,0.19311625510454178,20.10180614888668,0.10159146040678024
latent_ode,17,32,4,6,9,20.042655058205128,20.31028363853693,0.18078647553920746,19.687593914568424,0.10319985449314117
latent_ode,17,32,4,6,10,20.82204259932041,21.01830765604973,0.18892064690589905,20.091316662728786,0.10106153786182404
latent_ode,17,32,4,6,11,19.579813815653324,24.96359497308731,0.1933705061674118,21.16763684898615,0.10431557893753052
latent_ode,17,32,4,6,12,19.694830290973186,20.602607168257236,0.18775742501020432,20.43301798403263,0.10352209210395813
latent_ode,17,32,4,6,13,20.438862033188343,21.223444491624832,0.18712598830461502,20.825800485908985,0.10214559733867645
latent_ode,17,32,4,6,14,20.076995715498924,20.45869454741478,0.1795981079339981,19.911744631826878,0.10377168655395508
latent_ode,17,32,4,6,15,25.780359283089638,21.663984283804893,0.1804092898964882,19.41950712352991,0.10084640234708786
latent_ode,17,32,4,6,16,19.861744716763496,19.961313344538212,0.18887128680944443,20.339607261121273,0.10158121585845947
latent_ode,17,32,4,6,17,19.57106776535511,20.14531847089529,0.17784349620342255,19.540056586265564,0.1031532883644104
latent_ode,17,32,4,6,18,21.476466208696365,21.574185229837894,0.17990171909332275,20.314392633736134,0.10861828923225403
latent_ode,17,32,4,6,19,21.629469469189644,21.450597792863846,0.18989387899637222,20.319032482802868,0.10399054735898972
latent_ode,17,32,4,6,20,19.826602190732956,20.4445980489254,0.1908252015709877,20.018858835101128,0.10370370000600815
latent_ode,17,32,4,6,21,20.552105270326138,20.617404952645302,0.1887436956167221,23.46840128302574,0.11018011718988419
latent_ode,17,32,4,6,22,21.039911545813084,20.33902984112501,0.19797403365373611,20.84211725741625,0.10278727859258652
latent_ode,17,32,4,6,23,20.575196482241154,20.965146832168102,0.18904823809862137,20.846829749643803,0.10996218770742416
latent_ode,17,32,4,6,24,20.99611982703209,25.22224560379982,0.20756758749485016,20.53124736994505,0.10362360626459122
latent_ode,17,32,4,6,25,20.64251061528921,20.96854615956545,0.18868688493967056,21.597007289528847,0.10363105684518814
latent_ode,17,32,4,6,26,20.67069336771965,20.455597899854183,0.19966904073953629,20.576261915266514,0.10335445404052734
latent_ode,17,32,4,6,27,20.52928600460291,25.15831310302019,0.1940988004207611,20.502837374806404,0.10136794298887253
latent_ode,17,32,4,6,28,20.59555985033512,20.955687388777733,0.18773600459098816,20.42941004037857,0.10346714407205582
latent_ode,17,32,4,6,29,20.940999500453472,21.192301996052265,0.1864032819867134,20.555940456688404,0.10424666106700897
latent_ode,17,32,4,6,30,22.90490735322237,21.677262149751186,0.1898864284157753,21.31712343543768,0.10342895984649658
latent_ode,17,32,4,6,31,20.49973700195551,20.834828726947308,0.1870645210146904,20.66354639828205,0.10222196578979492
latent_ode,17,32,4,6,32,20.626814104616642,22.357430309057236,0.20770728588104248,25.794874876737595,0.11464860290288925
latent_ode,17,32,4,6,33,22.59255386888981,22.994522005319595,0.26215799152851105,22.43637479841709,0.12384261935949326
latent_ode,17,32,4,6,34,20.111802965402603,21.553697995841503,0.19544828683137894,20.64679190516472,0.10548904538154602
latent_ode,17,32,4,6,35,21.269435063004494,20.800826139748096,0.18052756786346436,21.706480532884598,0.10950211435556412
latent_ode,17,32,4,6,36,21.543600596487522,21.497017703950405,0.19279681146144867,21.09942026436329,0.10721944272518158
latent_ode,17,32,4,6,37,20.9847716614604,20.606081001460552,0.1870580017566681,19.588983617722988,0.10252092033624649
latent_ode,17,32,4,6,38,20.17660904675722,25.305918417871,0.19974447786808014,20.80655377358198,0.10512210428714752
latent_ode,17,32,4,6,39,21.43812272697687,20.611378364264965,0.18093176186084747,21.112545393407345,0.1050429418683052
latent_ode,17,32,4,6,40,27.957167476415634,21.378222852945328,0.1871120184659958,20.731166005134583,0.10600034147500992
latent_ode,17,32,4,6,41,20.59596125036478,23.332342505455017,0.19978731870651245,20.499692298471928,0.10458752512931824
latent_ode,17,32,4,6,42,21.41655795276165,20.647605881094933,0.18792226910591125,21.99080679565668,0.10982248932123184
latent_ode,17,32,4,6,43,21.13528549671173,20.857016555964947,0.20428281277418137,24.43744335323572,0.10806787759065628
latent_ode,17,32,4,6,44,21.777166053652763,21.957737393677235,0.20601786673069,21.213850006461143,0.10467600077390671
latent_ode,17,32,4,6,45,20.977039821445942,20.31934354454279,0.19075535237789154,21.468504332005978,0.10345038026571274
latent_ode,17,32,4,6,46,25.3696134313941,22.694699466228485,0.21121837198734283,21.13428432494402,0.10785739868879318
latent_ode,17,32,4,6,47,21.04643825441599,22.17768132686615,0.19587483257055283,22.238770499825478,0.10617449879646301
latent_ode,17,32,4,6,48,22.27854449301958,21.845481358468533,0.20742416381835938,22.439006716012955,0.11503603309392929
latent_ode,17,32,4,6,49,25.12893918901682,21.185492165386677,0.2065235748887062,21.60525508224964,0.11600274592638016
latent_ode,17,32,16,1,0,42.061553336679935,46.61236330866814,0.27433503419160843,40.90269282460213,0.09820889681577682
latent_ode,17,32,16,1,1,42.43629518896341,41.279531084001064,0.2731122076511383,44.36316806823015,0.10900571942329407
latent_ode,17,32,16,1,2,41.09806288033724,39.84488733112812,0.26161037385463715,39.699845016002655,0.0912938266992569
latent_ode,17,32,16,1,3,41.40481725335121,43.72334014624357,0.2706386148929596,40.886253118515015,0.09328871965408325
latent_ode,17,32,16,1,4,40.97955301403999,41.128828190267086,0.27366913855075836,44.586680829524994,0.11489074677228928
latent_ode,17,32,16,1,5,43.53131540119648,43.633366003632545,0.2919500693678856,48.66322502493858,0.12402702122926712
latent_ode,17,32,16,1,6,49.677375704050064,46.35305795818567,0.28500985354185104,43.043808080255985,0.10167993605136871
latent_ode,17,32,16,1,7,42.24787559360266,46.775384806096554,0.2751452848315239,41.98058694601059,0.09748339653015137
latent_ode,17,32,16,1,8,42.65579394996166,48.17692469805479,0.2926131710410118,44.50074303895235,0.10624434798955917
latent_ode,17,32,16,1,9,43.41882560402155,44.41880900412798,0.29249396175146103,45.55676784366369,0.12403540313243866
latent_ode,17,32,16,1,10,47.00136370956898,45.38095649331808,0.28665363788604736,45.09137198328972,0.10564737021923065
latent_ode,17,32,16,1,11,45.05017213523388,45.28559930622578,0.28344057500362396,48.3099389821291,0.10973401367664337
latent_ode,17,32,16,1,12,42.82741528004408,42.88559127599001,0.2800663933157921,40.76754581183195,0.09568687528371811
latent_ode,17,32,16,1,13,47.07225598394871,41.2412453442812,0.26680249720811844,40.113735012710094,0.09845104068517685
latent_ode,17,32,16,1,14,42.957271449267864,44.82999350875616,0.275694765150547,41.167886927723885,0.09670574218034744
latent_ode,17,32,16,1,15,40.410508401691914,41.43683146685362,0.2682516351342201,44.76250894367695,0.09325146675109863
latent_ode,17,32,16,1,16,40.94228334724903,41.45057965070009,0.268666073679924,40.50666652619839,0.09229686111211777
latent_ode,17,32,16,1,17,44.23303436487913,41.66813567280769,0.27786940336227417,41.48383717983961,0.09698793292045593
latent_ode,17,32,16,1,18,41.31875280290842,41.207254864275455,0.2619493752717972,43.885002844035625,0.09792204946279526
latent_ode,17,32,16,1,19,41.757079772651196,41.55077040195465,0.27845706790685654,41.08286462724209,0.09410083293914795
latent_ode,17,32,16,1,20,44.31258328258991,41.545430198311806,0.2610413357615471,41.37909412384033,0.09664706885814667
latent_ode,17,32,16,1,21,41.873810812830925,42.1617291867733,0.2612164244055748,45.48919200897217,0.10370928794145584
latent_ode,17,32,16,1,22,44.37818378210068,43.841829523444176,0.2963626757264137,43.5480996966362,0.11572148650884628
latent_ode,17,32,16,1,23,47.92360682040453,42.66301542520523,0.2829423174262047,40.62013328075409,0.10191276669502258
latent_ode,17,32,16,1,24,41.08163062483072,44.91119924932718,0.28935540467500687,40.98590090870857,0.09849388152360916
latent_ode,17,32,16,1,25,44.88365072757006,40.84454104304314,0.28396211564540863,45.358287170529366,0.10247621685266495
latent_ode,17,32,16,1,26,41.33989196270704,41.32940620183945,0.26754196733236313,44.793208129704,0.1018354669213295
latent_ode,17,32,16,1,27,41.38035699725151,42.4641203135252,0.2762414515018463,40.779635310173035,0.1018177717924118
latent_ode,17,32,16,1,28,45.68665474653244,41.34121537208557,0.27176737785339355,39.68530800193548,0.09044632315635681
latent_ode,17,32,16,1,29,42.539454996585846,44.55808363854885,0.26688259094953537,40.6576544046402,0.09160768240690231
latent_ode,17,32,16,1,30,40.87697248905897,42.17607248574495,0.2815527841448784,44.06124446541071,0.09441561996936798
latent_ode,17,32,16,1,31,39.55046087503433,40.03816284239292,0.2672811970114708,40.176479145884514,0.09656138718128204
latent_ode,17,32,16,1,32,41.44743923097849,45.11980712413788,0.2698078751564026,41.239652782678604,0.09832251816987991
latent_ode,17,32,16,1,33,41.71604197472334,40.73625523597002,0.28284545987844467,44.522891752421856,0.0927681103348732
latent_ode,17,32,16,1,34,40.0293217971921,40.63405655324459,0.27167610824108124,40.462964214384556,0.09676814079284668
latent_ode,17,32,16,1,35,44.96889468282461,40.039521642029285,0.2800431102514267,40.762461721897125,0.09683892130851746
latent_ode,17,32,16,1,36,40.801835246384144,44.19147502630949,0.28572510927915573,42.35096927732229,0.09950995445251465
latent_ode,17,32,16,1,37,41.963016614317894,40.1818472892046,0.2698702737689018,40.48027750104666,0.0894833356142044
latent_ode,17,32,16,1,38,44.0425593405962,41.58574715256691,0.263226218521595,40.332150645554066,0.09905453771352768
latent_ode,17,32,16,1,39,40.79119302332401,42.845831252634525,0.281347893178463,40.82108661532402,0.09149685502052307
latent_ode,17,32,16,1,40,39.4947649911046,40.52923806011677,0.27190428227186203,42.54824481904507,0.10296329855918884
latent_ode,17,32,16,1,41,46.043479815125465,41.73877742141485,0.2729799598455429,40.95682501792908,0.09607244282960892
latent_ode,17,32,16,1,42,41.86370223760605,43.887981213629246,0.2753389999270439,40.646892972290516,0.09983964264392853
latent_ode,17,32,16,1,43,41.651081293821335,41.13745130598545,0.27130451053380966,42.49747935682535,0.09526684880256653
latent_ode,17,32,16,1,44,42.037258855998516,44.353279285132885,0.277041457593441,40.62389302998781,0.0925036147236824
latent_ode,17,32,16,1,45,40.63403233885765,46.54528573155403,0.28347689658403397,43.547676876187325,0.09949225932359695
latent_ode,17,32,16,1,46,41.68188106268644,43.97048521786928,0.28556957840919495,42.55260061472654,0.09833741933107376
latent_ode,17,32,16,1,47,41.102057322859764,40.976530872285366,0.2814624458551407,44.03558932244778,0.10609254240989685
latent_ode,17,32,16,1,48,41.06007982045412,41.19543358683586,0.2607041969895363,40.42705520987511,0.09861961007118225
latent_ode,17,32,16,1,49,39.81433343142271,46.33707646280527,0.2733534201979637,39.64089695364237,0.08878018707036972
latent_ode,17,32,16,6,0,49.80926401913166,45.69816682487726,0.30187610536813736,53.483990021049976,0.1346450299024582
latent_ode,17,32,16,6,1,50.48959515988827,57.8050147742033,0.3717532381415367,48.64299111068249,0.13413652777671814
latent_ode,17,32,16,6,2,45.37355061620474,45.278044417500496,0.34959055483341217,47.272663563489914,0.11692848056554794
latent_ode,17,32,16,6,3,41.89507383853197,47.73067124187946,0.28419308364391327,41.51285719126463,0.11192727833986282
latent_ode,17,32,16,6,4,44.71058398485184,42.71888732910156,0.27392804622650146,41.54270049184561,0.10721851140260696
latent_ode,17,32,16,6,5,45.11064384132624,41.56301077455282,0.268339179456234,41.170449927449226,0.1023467630147934
latent_ode,17,32,16,6,6,46.327956952154636,40.994683280587196,0.2692807465791702,40.40376003831625,0.10690651834011078
latent_ode,17,32,16,6,7,41.354166343808174,39.48158398270607,0.26816967874765396,41.054499335587025,0.12500956654548645
latent_ode,17,32,16,6,8,42.826869525015354,40.36889225244522,0.2647601068019867,40.032053366303444,0.10632071644067764
latent_ode,17,32,16,6,9,44.669847935438156,41.178494691848755,0.2682758495211601,40.4436020180583,0.1061493530869484
latent_ode,17,32,16,6,10,41.473143734037876,41.17456544190645,0.28069596737623215,45.40915321558714,0.11693406850099564
latent_ode,17,32,16,6,11,41.62412416189909,40.49911815673113,0.27532968670129776,40.98694305866957,0.10713562369346619
latent_ode,17,32,16,6,12,40.67574813961983,46.98960669338703,0.27445238083601,42.159149423241615,0.11236779391765594
latent_ode,17,32,16,6,13,42.501711286604404,41.20011255145073,0.27214083820581436,44.01320777833462,0.1091761514544487
latent_ode,17,32,16,6,14,41.14583507180214,38.95597904920578,0.26469770818948746,39.9840772151947,0.10594073683023453
latent_ode,17,32,16,6,15,44.040948152542114,39.4153967499733,0.26859622448682785,40.455409325659275,0.10295771062374115
latent_ode,17,32,16,6,16,38.90535607933998,42.12433286011219,0.2675876021385193,40.052942000329494,0.1027444377541542
latent_ode,17,32,16,6,17,39.69037253409624,40.7186271622777,0.2649156376719475,39.33563083410263,0.10472908616065979
latent_ode,17,32,16,6,18,42.88600850850344,40.89628905057907,0.26487652212381363,39.01940956711769,0.10577775537967682
latent_ode,17,32,16,6,19,40.32985679805279,42.33703389763832,0.2809204161167145,42.08020307123661,0.10826252400875092
latent_ode,17,32,16,6,20,40.62412492930889,42.238619178533554,0.2699000760912895,42.25272964686155,0.10679662227630615
latent_ode,17,32,16,6,21,43.41590031981468,41.41908697783947,0.27163978666067123,40.937867015600204,0.1063784584403038
latent_ode,17,32,16,6,22,41.77279304713011,44.19219773262739,0.26942696422338486,39.88562058657408,0.10617170482873917
latent_ode,17,32,16,6,23,43.22781413793564,41.34313017129898,0.27341488748788834,44.236776418983936,0.11191051453351974
latent_ode,17,32,16,6,24,42.512889951467514,42.94975567609072,0.2749701961874962,42.831395752727985,0.10761898010969162
latent_ode,17,32,16,6,25,44.44471374154091,43.6086542904377,0.27182232588529587,40.2737557888031,0.10623596608638763
latent_ode,17,32,16,6,26,40.116291493177414,41.38897359371185,0.26400666683912277,39.18725065886974,0.10611675679683685
latent_ode,17,32,16,6,27,40.06263241171837,39.10542372614145,0.2645934000611305,42.37565957009792,0.11035613715648651
latent_ode,17,32,16,6,28,40.692390874028206,39.89116754382849,0.26721786707639694,40.299223735928535,0.10905228555202484
latent_ode,17,32,16,6,29,42.753578163683414,40.87101947516203,0.26787351816892624,39.062715135514736,0.10299216955900192
latent_ode,17,32,16,6,30,39.88833166658878,40.42054619640112,0.27057528495788574,45.70650216192007,0.11000782251358032
latent_ode,17,32,16,6,31,39.94249552488327,38.97660132497549,0.26382971554994583,39.22920115292072,0.10464433580636978
latent_ode,17,32,16,6,32,43.771469965577126,41.176142171025276,0.26703719049692154,40.40663968771696,0.10444410145282745
latent_ode,17,32,16,6,33,40.641811676323414,40.96103459596634,0.265706330537796,45.1320530846715,0.10855775326490402
latent_ode,17,32,16,6,34,40.74084013700485,42.275712825357914,0.27230754494667053,41.942172683775425,0.11857133358716965
latent_ode,17,32,16,6,35,41.38389881700277,43.919624760746956,0.26510003954172134,39.775473065674305,0.10529626160860062
latent_ode,17,32,16,6,36,40.17031006515026,39.13282696157694,0.2674730494618416,45.80396506935358,0.10435469448566437
latent_ode,17,32,16,6,37,39.144488982856274,39.898088201880455,0.26480481028556824,39.95757643133402,0.10474584996700287
latent_ode,17,32,16,6,38,44.3801237270236,40.87847284972668,0.2660537138581276,40.17993155866861,0.10662712156772614
latent_ode,17,32,16,6,39,41.67166166007519,42.35239792615175,0.2719014883041382,44.314625672996044,0.10862760245800018
latent_ode,17,32,16,6,40,41.60459339618683,41.649860329926014,0.278976745903492,42.30315238237381,0.10670069605112076
latent_ode,17,32,16,6,41,45.456080697476864,44.395651668310165,0.2927733585238457,44.13226246833801,0.12133922427892685
latent_ode,17,32,16,6,42,49.853039905428886,43.339223600924015,0.2711927518248558,48.04823826998472,0.1176716759800911
latent_ode,17,32,16,6,43,43.26460976153612,42.59694740176201,0.28157513588666916,48.592615872621536,0.11468492448329926
latent_ode,17,32,16,6,44,43.55735518038273,41.91450588405132,0.27030427008867264,47.90763650089502,0.1152409240603447
latent_ode,17,32,16,6,45,40.910148061811924,39.68481533229351,0.2795364707708359,39.66099210083485,0.10281149297952652
latent_ode,17,32,16,6,46,39.040385745465755,45.81607133150101,0.27151498943567276,40.96279200166464,0.10685063898563385
latent_ode,17,32,16,6,47,40.71249533444643,42.672352865338326,0.26768259704113007,42.66816098242998,0.11001899838447571
latent_ode,17,32,16,6,48,41.2040576338768,41.026731953024864,0.26703067123889923,40.369756519794464,0.10194815695285797
latent_ode,17,32,16,6,49,39.898015558719635,43.80096588283777,0.27274060994386673,41.0585580393672,0.10989140719175339
latent_ode,17,32,32,1,0,73.2962591573596,72.50687014311552,0.562603585422039,73.69252480566502,0.11952221393585205
latent_ode,17,32,32,1,1,69.48326248675585,71.96839805692434,0.5642632022500038,69.31479182094336,0.1000184565782547
latent_ode,17,32,32,1,2,70.43725810945034,73.94247688353062,0.5660075694322586,67.06278957426548,0.0980747863650322
latent_ode,17,32,32,1,3,71.0764853283763,69.08494140952826,0.5626510828733444,68.43280605971813,0.09699910879135132
latent_ode,17,32,32,1,4,71.82784378528595,68.78125108778477,0.5631055682897568,74.8277036473155,0.10117422789335251
latent_ode,17,32,32,1,5,68.15503165125847,68.61402001231909,0.5681514739990234,72.85565789788961,0.10200776159763336
latent_ode,17,32,32,1,6,70.27423661202192,73.60783219337463,0.5674669519066811,68.46437323838472,0.09663589298725128
latent_ode,17,32,32,1,7,69.90284007042646,75.14205295592546,0.5652327090501785,69.15857084095478,0.09704474359750748
latent_ode,17,32,32,1,8,70.34449279308319,74.25549067556858,0.5665263161063194,70.08654624223709,0.1029307022690773
latent_ode,17,32,32,1,9,70.74971310794353,68.12115386128426,0.5666110664606094,68.71367152780294,0.10110531002283096
latent_ode,17,32,32,1,10,69.16214060038328,70.05386054515839,0.5673039704561234,75.44220425188541,0.12760702520608902
latent_ode,17,32,32,1,11,75.94223972409964,70.63440047204494,0.5635824054479599,76.30913238972425,0.10937079787254333
latent_ode,17,32,32,1,12,70.9358574822545,73.41091893613338,0.5639325827360153,68.2994145900011,0.10298565030097961
latent_ode,17,32,32,1,13,71.9783129170537,66.6575925424695,0.5626669153571129,66.71866402029991,0.09502656757831573
latent_ode,17,32,32,1,14,67.39672087132931,68.12543887645006,0.5623539909720421,67.9119760170579,0.09828992187976837
latent_ode,17,32,32,1,15,69.1631380468607,67.8371824324131,0.564083456993103,70.8793792873621,0.10778754949569702
latent_ode,17,32,32,1,16,72.34499603509903,68.55053454637527,0.564897432923317,70.17676066607237,0.09757932275533676
latent_ode,17,32,32,1,17,67.85138230770826,68.51007044315338,0.5624489858746529,73.7612722441554,0.0977804884314537
latent_ode,17,32,32,1,18,67.36213900148869,67.21821893006563,0.5627227947115898,71.8935551121831,0.09779166430234909
latent_ode,17,32,32,1,19,69.64345742017031,68.52259021252394,0.5670050159096718,71.11503090709448,0.10132696479558945
latent_ode,17,32,32,1,20,67.29778926819563,69.53622866421938,0.5649160593748093,67.12058279663324,0.09180046617984772
latent_ode,17,32,32,1,21,66.50901772081852,70.03753446042538,0.5607139319181442,69.00042202323675,0.09443052113056183
latent_ode,17,32,32,1,22,70.5513283610344,67.86844786256552,0.5658315494656563,70.20435482263565,0.09467639029026031
latent_ode,17,32,32,1,23,74.0643348544836,71.09332643449306,0.5657384172081947,71.90374471247196,0.11145230382680893
latent_ode,17,32,32,1,24,70.43748628348112,68.28747689723969,0.561293214559555,72.74576276540756,0.10541919618844986
latent_ode,17,32,32,1,25,67.9009286686778,71.26485090702772,0.565163791179657,67.32863839715719,0.096186064183712
latent_ode,17,32,32,1,26,67.08125676959753,71.88309729099274,0.5645863711833954,68.61364282667637,0.09367987513542175
latent_ode,17,32,32,1,27,74.657934717834,69.124860689044,0.563482753932476,71.74738124012947,0.10664388537406921
latent_ode,17,32,32,1,28,68.4658968821168,72.27553240954876,0.5639269948005676,70.54750807583332,0.10095164179801941
latent_ode,17,32,32,1,29,68.64577531814575,72.93598633259535,0.5637155845761299,69.67590376734734,0.10076630860567093
latent_ode,17,32,32,1,30,69.0668011084199,75.1153314486146,0.5647996440529823,69.35897469520569,0.09508989751338959
latent_ode,17,32,32,1,31,73.30124732106924,69.32110153138638,0.5656424909830093,68.37463099509478,0.09945593774318695
latent_ode,17,32,32,1,32,72.78069481253624,69.72361356019974,0.5626408383250237,69.19213011860847,0.09784847497940063
latent_ode,17,32,32,1,33,73.93103279173374,71.46811578422785,0.562785193324089,76.35407708585262,0.11631101369857788
latent_ode,17,32,32,1,34,92.75632910430431,119.14836708456278,0.5751857534050941,93.08657608926296,0.1524798572063446
latent_ode,17,32,32,1,35,93.19241903722286,93.4067228808999,0.574132427573204,93.31280179321766,0.1391824334859848
latent_ode,17,32,32,1,36,93.38195901364088,93.8842361792922,0.5699526518583298,93.11118628829718,0.13557914644479752
latent_ode,17,32,32,1,37,92.8138718008995,93.64060964435339,0.569002702832222,93.26646104454994,0.1394534483551979
latent_ode,17,32,32,1,38,92.96076465398073,93.37695501744747,0.5697831511497498,93.15765928477049,0.13136863708496094
latent_ode,17,32,32,1,39,94.12842057645321,93.69122888892889,0.5707805976271629,95.96285130828619,0.13582780957221985
latent_ode,17,32,32,1,40,96.19858302175999,93.4405867010355,0.5716485902667046,95.72841972112656,0.1404406502842903
latent_ode,17,32,32,1,41,92.80602168291807,93.2140564545989,0.5728891119360924,93.22750195860863,0.1379968598484993
latent_ode,17,32,32,1,42,92.9449051618576,95.02992406487465,0.5715256556868553,95.52682098001242,0.14645792543888092
latent_ode,17,32,32,1,43,93.35460979491472,97.85069711506367,0.5726059898734093,93.80448888987303,0.14428887516260147
latent_ode,17,32,32,1,44,96.08248248696327,93.34484860301018,0.5626436322927475,73.19169398397207,0.10745320469141006
latent_ode,17,32,32,1,45,67.16303061693907,73.33053462207317,0.5662133917212486,66.94429740309715,0.10144989937543869
latent_ode,17,32,32,1,46,68.94410494714975,72.98375200480223,0.5631893873214722,67.69691407680511,0.0940198078751564
latent_ode,17,32,32,1,47,74.32592753320932,70.0571434572339,0.5630264058709145,68.96394118666649,0.09704381227493286
latent_ode,17,32,32,1,48,69.08595003187656,68.10278445482254,0.5641710013151169,67.51319579780102,0.10458938777446747
latent_ode,17,32,32,1,49,72.69848138093948,67.34990328550339,0.5642883479595184,68.08631587773561,0.0926600769162178
latent_ode,17,32,32,6,0,69.27801202982664,68.93183942884207,0.571858137845993,71.8994066119194,0.11099036782979965
latent_ode,17,32,32,6,1,68.01835540682077,72.88571167737246,0.5808072164654732,72.83978443592787,0.11538062244653702
latent_ode,17,32,32,6,2,69.10667102783918,73.51920753717422,0.5769664421677589,66.86873454600573,0.11290609836578369
latent_ode,17,32,32,6,3,70.352453738451,67.75368750095367,0.5749519914388657,67.05428846180439,0.10747089982032776
latent_ode,17,32,32,6,4,71.47072814404964,65.74986781924963,0.5723806098103523,66.3955369964242,0.11070538312196732
latent_ode,17,32,32,6,5,71.19085732847452,70.15277817845345,0.5745366215705872,67.95301754027605,0.11113379150629044
latent_ode,17,32,32,6,6,72.90721125900745,67.83302314579487,0.5733147263526917,68.49987711757421,0.10793935507535934
latent_ode,17,32,32,6,7,73.0692008510232,73.86956829577684,0.5749762058258057,69.14271507412195,0.11816900223493576
latent_ode,17,32,32,6,8,70.58633584529161,73.30636866390705,0.5770539864897728,67.9829902946949,0.10984111577272415
latent_ode,17,32,32,6,9,72.46441580355167,68.21314804255962,0.5732150748372078,69.64393425732851,0.11555850505828857
latent_ode,17,32,32,6,10,66.74182880669832,68.27592104673386,0.5740029737353325,71.01788651198149,0.10896008461713791
latent_ode,17,32,32,6,11,67.04464182257652,67.92102102190256,0.5699247121810913,69.48002707213163,0.10582711547613144
latent_ode,17,32,32,6,12,67.1958988532424,70.60381956398487,0.5740784108638763,66.87282584607601,0.10846275836229324
latent_ode,17,32,32,6,13,66.9319685548544,71.45183812826872,0.575656071305275,68.9272191375494,0.1074494794011116
latent_ode,17,32,32,6,14,67.40670744329691,72.43268098682165,0.5726804956793785,68.50168667733669,0.11092517524957657
latent_ode,17,32,32,6,15,67.18789972364902,69.43806167691946,0.5738306790590286,65.61130937188864,0.10818988084793091
latent_ode,17,32,32,6,16,66.49789214134216,68.87033581733704,0.574994832277298,65.70063903927803,0.11131074279546738
latent_ode,17,32,32,6,17,71.5979179367423,65.95445238053799,0.5726180970668793,66.82397797703743,0.11346302926540375
latent_ode,17,32,32,6,18,66.8147224932909,69.22909524291754,0.5752900615334511,66.96270406246185,0.1109391450881958
latent_ode,17,32,32,6,19,69.24994848668575,68.12335085123777,0.57949498295784,66.82393606752157,0.10878033936023712
latent_ode,17,32,32,6,20,67.94468499720097,74.974968098104,0.5763191729784012,72.41490762680769,0.13265572488307953
latent_ode,17,32,32,6,21,73.75107239931822,67.44524091482162,0.5753189325332642,72.34805822372437,0.12250524014234543
latent_ode,17,32,32,6,22,67.83411558717489,73.62648099660873,0.5756532773375511,66.93955138325691,0.11271145194768906
latent_ode,17,32,32,6,23,65.56745432317257,67.93057825416327,0.5757659673690796,68.44249740242958,0.10906253010034561
latent_ode,17,32,32,6,24,68.02587490528822,71.02380506694317,0.574946403503418,68.52214131504297,0.11021830141544342
latent_ode,17,32,32,6,25,68.83196998387575,69.08486317843199,0.5734246224164963,68.6973836272955,0.11040642857551575
latent_ode,17,32,32,6,26,72.11398798972368,67.71188322454691,0.5741268396377563,68.37406195700169,0.11020805686712265
latent_ode,17,32,32,6,27,72.37299159169197,69.45299357175827,0.5743503570556641,70.96432894468307,0.11103320866823196
latent_ode,17,32,32,6,28,69.71264909952879,68.59141681343317,0.5731172859668732,71.02130446583033,0.11076126247644424
latent_ode,17,32,32,6,29,68.45639180392027,69.75903082638979,0.576365739107132,74.49702173471451,0.12894906103610992
latent_ode,17,32,32,6,30,70.30715048313141,72.62463308870792,0.5769804120063782,72.75999709963799,0.11173635721206665
latent_ode,17,32,32,6,31,67.50152260065079,75.38868859410286,0.5742302164435387,69.65289823710918,0.11224579066038132
latent_ode,17,32,32,6,32,74.24295973032713,72.30499759316444,0.5744332447648048,68.97590681910515,0.10868813842535019
latent_ode,17,32,32,6,33,71.43451366573572,67.70180072635412,0.5741110071539879,72.45863694697618,0.11032633483409882
latent_ode,17,32,32,6,34,66.0224724560976,73.08702729642391,0.5748458206653595,70.18099259585142,0.10676495730876923
latent_ode,17,32,32,6,35,66.12983904778957,72.80158437788486,0.5727699026465416,68.41494888067245,0.10931119322776794
latent_ode,17,32,32,6,36,74.03543312102556,70.88793534785509,0.5753086879849434,75.38762036710978,0.12121722102165222
latent_ode,17,32,32,6,37,74.88048821687698,71.23047020286322,0.5729524418711662,69.20372135937214,0.11378619819879532
latent_ode,17,32,32,6,38,68.47975496202707,69.17100120335817,0.5756812170147896,67.72090587764978,0.10751653462648392
latent_ode,17,32,32,6,39,67.91587080806494,69.84435673803091,0.5743857473134995,68.56986787170172,0.10985415428876877
latent_ode,17,32,32,6,40,70.38205116987228,69.63047198951244,0.5736202001571655,69.51398216187954,0.11600181460380554
latent_ode,17,32,32,6,41,70.34192979335785,70.2447472140193,0.5739964544773102,69.00634430348873,0.10577403008937836
latent_ode,17,32,32,6,42,70.12048456817865,70.33871859312057,0.5754921585321426,69.18129231780767,0.10981876403093338
latent_ode,17,32,32,6,43,70.0684916228056,71.42238318920135,0.5742516368627548,70.74562180787325,0.12103933840990067
latent_ode,17,32,32,6,44,73.87654762715101,75.12608636170626,0.576922670006752,74.04320128262043,0.12134388089179993
latent_ode,17,32,32,6,45,71.99350837618113,71.9773918390274,0.5751419812440872,72.12797086685896,0.12108404189348221
latent_ode,17,32,32,6,46,72.20213115215302,71.21385261416435,0.5730697885155678,72.2490455955267,0.11934340000152588
latent_ode,17,32,32,6,47,72.71125540137291,71.37644570320845,0.5759773775935173,70.20374853163958,0.1163724809885025
latent_ode,17,32,32,6,48,70.42291201651096,72.10007961839437,0.5745366215705872,71.04192674160004,0.1124553382396698
latent_ode,17,32,32,6,49,70.29375154525042,72.6630026474595,0.577535480260849,70.08753530681133,0.12275297194719315
neural_flow,17,1,4,1,0,6.731996312737465,7.123425602912903,0.2142312005162239,6.671128794550896,0.10450929403305054
neural_flow,17,1,4,1,1,6.388743408024311,6.577526219189167,0.1941099762916565,6.486823782324791,0.09855348616838455
neural_flow,17,1,4,1,2,6.781361065804958,6.747170351445675,0.19648298621177673,6.271448917686939,0.0901808962225914
neural_flow,17,1,4,1,3,6.309635005891323,6.989087909460068,0.21143164485692978,6.758620962500572,0.09460374712944031
neural_flow,17,1,4,1,4,6.416896358132362,6.564715877175331,0.19516237080097198,6.2868306413292885,0.08952617645263672
neural_flow,17,1,4,1,5,6.309458985924721,6.556645035743713,0.193912535905838,6.272038444876671,0.09121745824813843
neural_flow,17,1,4,1,6,6.263909861445427,6.491470150649548,0.19379891455173492,6.322694011032581,0.09178929030895233
neural_flow,17,1,4,1,7,6.364492699503899,6.5476419404149055,0.19489694386720657,6.18756003677845,0.09135063737630844
neural_flow,17,1,4,1,8,6.284094415605068,6.627584807574749,0.1994716003537178,6.835095584392548,0.09769853204488754
neural_flow,17,1,4,1,9,6.87058363109827,6.891255266964436,0.19682478159666061,6.322507746517658,0.09004585444927216
neural_flow,17,1,4,1,10,6.252397783100605,6.5142447128891945,0.19301101565361023,6.290021352469921,0.09076297283172607
neural_flow,17,1,4,1,11,6.308446638286114,6.57188706099987,0.1919446513056755,6.4450884237885475,0.0902470201253891
neural_flow,17,1,4,1,12,6.124706007540226,6.441514939069748,0.1939786598086357,6.4100706949830055,0.09147729724645615
neural_flow,17,1,4,1,13,6.399753503501415,7.190772332251072,0.20980928093194962,6.847838871181011,0.09884405881166458
neural_flow,17,1,4,1,14,6.392809562385082,6.631054915487766,0.1914864405989647,6.289401091635227,0.09107217192649841
neural_flow,17,1,4,1,15,6.3318731263279915,6.530798971652985,0.1937011256814003,6.324230693280697,0.08924305438995361
neural_flow,17,1,4,1,16,6.405051797628403,6.5819695591926575,0.19288435578346252,6.284317933022976,0.09049195796251297
neural_flow,17,1,4,1,17,6.256764754652977,6.552423350512981,0.1936107873916626,6.281418725848198,0.09052921086549759
neural_flow,17,1,4,1,18,6.460675038397312,6.690165027976036,0.21053291857242584,6.348073482513428,0.09179115295410156
neural_flow,17,1,4,1,19,6.712708622217178,7.168306969106197,0.20761508494615555,6.439473479986191,0.09125471115112305
neural_flow,17,1,4,1,20,6.258830428123474,6.56011700630188,0.19191298633813858,6.422748789191246,0.09209383279085159
neural_flow,17,1,4,1,21,6.808660924434662,7.111113518476486,0.2094060182571411,6.697368808090687,0.09160488843917847
neural_flow,17,1,4,1,22,6.569668650627136,6.7286016419529915,0.19753258675336838,6.490938365459442,0.09775720536708832
neural_flow,17,1,4,1,23,6.897762417793274,6.944824941456318,0.19354373216629028,6.3980380073189735,0.0936044380068779
neural_flow,17,1,4,1,24,6.818506866693497,7.0566898211836815,0.19759219139814377,6.547205150127411,0.09120814502239227
neural_flow,17,1,4,1,25,6.270766258239746,6.934004835784435,0.19234977662563324,6.374645046889782,0.0921422615647316
neural_flow,17,1,4,1,26,6.71077985316515,6.685171276330948,0.19189901649951935,6.441008299589157,0.09787827730178833
neural_flow,17,1,4,1,27,6.788202561438084,7.118747569620609,0.211457721889019,6.781171075999737,0.0912938266992569
neural_flow,17,1,4,1,28,6.81708101183176,6.965450942516327,0.19822176545858383,6.624183617532253,0.09846501052379608
neural_flow,17,1,4,1,29,6.402885541319847,6.574979051947594,0.1922324299812317,6.2904879450798035,0.0904994085431099
neural_flow,17,1,4,1,30,6.252182647585869,6.586612202227116,0.1905476674437523,6.489574909210205,0.09318068623542786
neural_flow,17,1,4,1,31,6.427575834095478,6.525764241814613,0.19193068146705627,6.280902773141861,0.09074900299310684
neural_flow,17,1,4,1,32,6.201216951012611,6.764931604266167,0.20736269652843475,6.560716778039932,0.09356532245874405
neural_flow,17,1,4,1,33,6.2788864597678185,6.416226737201214,0.19142217934131622,6.515457294881344,0.09731203317642212
neural_flow,17,1,4,1,34,6.5541015937924385,6.691819056868553,0.19348878413438797,6.026473827660084,0.08513405919075012
neural_flow,17,1,4,1,35,6.002173759043217,6.469232030212879,0.18307100981473923,6.075570359826088,0.0899946317076683
neural_flow,17,1,4,1,36,6.837513297796249,6.968754343688488,0.19832607358694077,6.324224174022675,0.09155459702014923
neural_flow,17,1,4,1,37,6.233599968254566,6.430195644497871,0.1963069662451744,6.290840916335583,0.089988112449646
neural_flow,17,1,4,1,38,6.25955406576395,6.624470464885235,0.1965286210179329,6.320681422948837,0.09043607860803604
neural_flow,17,1,4,1,39,6.13767933100462,6.585845723748207,0.19254349172115326,6.121699698269367,0.08527562022209167
neural_flow,17,1,4,1,40,5.889255553483963,6.266061216592789,0.19397493451833725,6.234999746084213,0.08409656584262848
neural_flow,17,1,4,1,41,6.164507940411568,6.570757366716862,0.1908373087644577,6.243816576898098,0.08896831423044205
neural_flow,17,1,4,1,42,6.240803748369217,6.467815488576889,0.18258020281791687,6.172608584165573,0.09163562208414078
neural_flow,17,1,4,1,43,6.248530000448227,6.490222178399563,0.19400287419557571,6.181905977427959,0.09151641279459
neural_flow,17,1,4,1,44,6.284295581281185,6.597703322768211,0.19726529717445374,6.4429957419633865,0.0920100137591362
neural_flow,17,1,4,1,45,6.02311734110117,6.175628863275051,0.1924196258187294,6.435242481529713,0.09071268141269684
neural_flow,17,1,4,1,46,6.7338766530156136,6.9994255900383,0.19969698041677475,6.855040788650513,0.09739026427268982
neural_flow,17,1,4,1,47,6.743012927472591,6.574639119207859,0.19410718232393265,6.300832144916058,0.08966401219367981
neural_flow,17,1,4,1,48,6.232722662389278,6.522924639284611,0.20372215658426285,6.669920869171619,0.09236112236976624
neural_flow,17,1,4,1,49,6.561141461133957,6.963697262108326,0.1948019489645958,6.23730756342411,0.09093061089515686
neural_flow,17,1,4,6,0,6.355841644108295,6.89981784671545,0.20795129239559174,6.550978869199753,0.09845010936260223
neural_flow,17,1,4,6,1,6.4031146466732025,6.703014485538006,0.20906608551740646,6.822551600635052,0.09711552411317825
neural_flow,17,1,4,6,2,6.3820527866482735,6.588037125766277,0.19226130098104477,6.338165141642094,0.0956263393163681
neural_flow,17,1,4,6,3,6.337706930935383,7.1653565391898155,0.19745156168937683,6.402410566806793,0.0969981774687767
neural_flow,17,1,4,6,4,6.354840472340584,6.467266008257866,0.19425898790359497,6.295043975114822,0.09543448686599731
neural_flow,17,1,4,6,5,6.322486326098442,6.635685451328754,0.2082446590065956,6.964594125747681,0.10305177420377731
neural_flow,17,1,4,6,6,6.4819734543561935,6.736140698194504,0.2104397863149643,6.8741608411073685,0.1033637672662735
neural_flow,17,1,4,6,7,6.658380851149559,6.515686400234699,0.19206758588552475,6.343282759189606,0.09467918425798416
neural_flow,17,1,4,6,8,6.340650841593742,6.641373038291931,0.19530393183231354,6.37571606785059,0.09821448475122452
neural_flow,17,1,4,6,9,6.302285939455032,6.379779428243637,0.19236188381910324,6.371788680553436,0.0951690599322319
neural_flow,17,1,4,6,10,6.3300300389528275,6.608238443732262,0.19133184105157852,6.372218951582909,0.09237788617610931
neural_flow,17,1,4,6,11,6.383015774190426,6.6046277061104774,0.19286014139652252,6.758335046470165,0.10260194540023804
neural_flow,17,1,4,6,12,6.378705613315105,6.531937979161739,0.19106734544038773,6.348072551190853,0.09627267718315125
neural_flow,17,1,4,6,13,6.327833980321884,6.713409908115864,0.19311532378196716,6.331240758299828,0.09045563638210297
neural_flow,17,1,4,6,14,6.092602387070656,6.615594960749149,0.2086898311972618,6.560484878718853,0.10338891297578812
neural_flow,17,1,4,6,15,6.922400556504726,7.009986788034439,0.19965413957834244,6.427058018743992,0.09634159505367279
neural_flow,17,1,4,6,16,6.41198642551899,6.646358408033848,0.19432511180639267,6.804043427109718,0.09857397526502609
neural_flow,17,1,4,6,17,6.444540806114674,6.653256714344025,0.1951036974787712,6.308148615062237,0.09583774954080582
neural_flow,17,1,4,6,18,6.324653513729572,6.928829476237297,0.21040253341197968,6.886444985866547,0.09491387754678726
neural_flow,17,1,4,6,19,6.2650879845023155,6.55859149992466,0.1930510625243187,6.292932666838169,0.09534414857625961
neural_flow,17,1,4,6,20,6.315658800303936,6.612841971218586,0.19367970526218414,6.303532049059868,0.09828247129917145
neural_flow,17,1,4,6,21,6.376677192747593,6.47958368062973,0.19607041031122208,6.406680680811405,0.09948015213012695
neural_flow,17,1,4,6,22,6.183096207678318,6.376963108778,0.19412115216255188,6.453316658735275,0.09846780449151993
neural_flow,17,1,4,6,23,6.3463011756539345,6.534748710691929,0.19314978271722794,6.277317181229591,0.09666476398706436
neural_flow,17,1,4,6,24,6.351335905492306,7.155606523156166,0.20741205662488937,6.669818423688412,0.09927619248628616
neural_flow,17,1,4,6,25,6.413024850189686,6.610438227653503,0.19223429262638092,6.226887926459312,0.09688455611467361
neural_flow,17,1,4,6,26,6.280106492340565,6.737689487636089,0.1945197582244873,6.6412827000021935,0.10431557893753052
neural_flow,17,1,4,6,27,6.594334729015827,6.584012880921364,0.19736774265766144,6.332105956971645,0.09671784937381744
neural_flow,17,1,4,6,28,6.288668140769005,6.758129224181175,0.19849929958581924,6.407440640032291,0.09721051901578903
neural_flow,17,1,4,6,29,6.279102526605129,7.598291151225567,0.3023296594619751,9.112512692809105,0.15396997332572937
neural_flow,17,1,4,6,30,10.30003372579813,11.278909631073475,0.3431830555200577,10.309717617928982,0.10657962411642075
neural_flow,17,1,4,6,31,8.300097659230232,6.660915911197662,0.18777232617139816,6.058497354388237,0.09352248162031174
neural_flow,17,1,4,6,32,6.02547824382782,6.649811752140522,0.20743627101182938,8.508158847689629,0.18634553998708725
neural_flow,17,1,4,6,33,10.263295844197273,10.544657707214355,0.25291554629802704,10.33281721174717,0.14174822717905045
neural_flow,17,1,4,6,34,10.777338407933712,12.674872763454914,0.45220181345939636,12.685650028288364,0.2033459022641182
neural_flow,17,1,4,6,35,11.440223082900047,11.848767288029194,0.347246415913105,11.038023978471756,0.17838086932897568
neural_flow,17,1,4,6,36,10.910391807556152,11.074970476329327,0.37922803312540054,11.240625753998756,0.18346495926380157
neural_flow,17,1,4,6,37,11.859656311571598,12.085535563528538,0.3807665780186653,11.228851974010468,0.13751070946455002
neural_flow,17,1,4,6,38,10.730797424912453,12.616355903446674,0.3675241023302078,12.307872995734215,0.20699575543403625
neural_flow,17,1,4,6,39,11.818528175354004,14.19962290674448,0.44922903180122375,13.688726350665092,0.18299836665391922
neural_flow,17,1,4,6,40,12.935200706124306,12.203503400087357,0.3078961744904518,11.874401941895485,0.20408164709806442
neural_flow,17,1,4,6,41,13.40729370713234,11.30721252411604,0.39624888449907303,12.185288593173027,0.16488879919052124
neural_flow,17,1,4,6,42,10.348450392484665,13.139820657670498,0.44882483780384064,12.78756931424141,0.22791698575019836
neural_flow,17,1,4,6,43,12.898251414299011,11.386197991669178,0.2470165491104126,11.576424352824688,0.20127557218074799
neural_flow,17,1,4,6,44,11.224055662751198,11.959979310631752,0.41953008621931076,12.133118696510792,0.19090063869953156
neural_flow,17,1,4,6,45,11.236135847866535,11.842499487102032,0.41708070784807205,13.742541894316673,0.20557083189487457
neural_flow,17,1,4,6,46,10.561144910752773,12.428096495568752,0.39498135447502136,13.406970538198948,0.17125997692346573
neural_flow,17,1,4,6,47,12.08172645419836,11.817815713584423,0.20416360348463058,9.636932983994484,0.10250601917505264
neural_flow,17,1,4,6,48,7.406582124531269,10.261430405080318,0.21822378039360046,6.810320541262627,0.09474530816078186
neural_flow,17,1,4,6,49,6.468208506703377,6.744603626430035,0.1964988186955452,6.743703968822956,0.09761843830347061
neural_flow,17,1,16,1,0,21.696786396205425,20.272127352654934,0.19623897969722748,20.611985586583614,0.09168684482574463
neural_flow,17,1,16,1,1,21.447849459946156,23.900117725133896,0.20049046725034714,21.237150765955448,0.09308848530054092
neural_flow,17,1,16,1,2,20.7556476816535,20.480853505432606,0.20034797489643097,21.193808875977993,0.09481795132160187
neural_flow,17,1,16,1,3,21.57691679894924,21.95010520517826,0.21574832499027252,21.598217077553272,0.09386148303747177
neural_flow,17,1,16,1,4,24.49466660618782,22.200988605618477,0.26872381567955017,22.495461627840996,0.12103933840990067
neural_flow,17,1,16,1,5,21.610144525766373,22.80266396701336,0.227220356464386,22.359131835401058,0.1012040302157402
neural_flow,17,1,16,1,6,22.545180283486843,21.67910896241665,0.19846949726343155,23.969328962266445,0.0983579084277153
neural_flow,17,1,16,1,7,21.61391545087099,21.246797405183315,0.19616540521383286,21.40277996659279,0.10234396904706955
neural_flow,17,1,16,1,8,22.3632100969553,21.45018521696329,0.21129660308361053,21.7096246778965,0.0926600769162178
neural_flow,17,1,16,1,9,21.797364577651024,24.35117308050394,0.21239649504423141,21.129880100488663,0.09374134242534637
neural_flow,17,1,16,1,10,21.2131692096591,21.05920948088169,0.21034199744462967,21.186661906540394,0.09230338037014008
neural_flow,17,1,16,1,11,22.10549358278513,20.941692404448986,0.2004941925406456,21.857579238712788,0.09410269558429718
neural_flow,17,1,16,1,12,22.174867801368237,22.785729728639126,0.208941288292408,24.094081483781338,0.10207481682300568
neural_flow,17,1,16,1,13,22.28065486997366,22.714747115969658,0.2105608582496643,22.04154897481203,0.08796993643045425
neural_flow,17,1,16,1,14,20.248085260391235,20.179963670670986,0.21117646247148514,20.968143828213215,0.09265076369047165
neural_flow,17,1,16,1,15,20.493661053478718,21.604460664093494,0.1958077773451805,20.4713623970747,0.09286031126976013
neural_flow,17,1,16,1,16,20.229685120284557,20.00587433576584,0.18491316586732864,20.756245590746403,0.09197089821100235
neural_flow,17,1,16,1,17,20.190858282148838,20.2498072758317,0.18521491438150406,20.470191724598408,0.0955723226070404
neural_flow,17,1,16,1,18,20.240716636180878,22.987966425716877,0.211409293115139,21.053426899015903,0.09449664503335953
neural_flow,17,1,16,1,19,20.693445578217506,20.793589763343334,0.18584541976451874,20.43992653489113,0.09269267320632935
neural_flow,17,1,16,1,20,20.915064960718155,20.845125429332256,0.19513722509145737,21.119415760040283,0.09996537119150162
neural_flow,17,1,16,1,21,26.552924886345863,21.671727299690247,0.21197833120822906,21.763707511126995,0.09622517973184586
neural_flow,17,1,16,1,22,21.208454854786396,20.607574842870235,0.19246060401201248,20.24838514626026,0.09245332330465317
neural_flow,17,1,16,1,23,20.853614434599876,20.397409796714783,0.19404198974370956,20.324142649769783,0.08816085755825043
neural_flow,17,1,16,1,24,20.328319631516933,22.83061295747757,0.1977737993001938,20.39892878383398,0.09230617433786392
neural_flow,17,1,16,1,25,19.90628056228161,19.98272817581892,0.1833830028772354,19.82332207262516,0.0878646969795227
neural_flow,17,1,16,1,26,20.076132379472256,20.032384432852268,0.18382910639047623,19.962758757174015,0.09072013199329376
neural_flow,17,1,16,1,27,20.00018861144781,24.226704612374306,0.20948704332113266,20.459008403122425,0.09236577898263931
neural_flow,17,1,16,1,28,19.665208645164967,20.71122545748949,0.184536911547184,19.47677042335272,0.0934358686208725
neural_flow,17,1,16,1,29,19.781984388828278,20.27276996523142,0.18494948744773865,19.292916171252728,0.08761696517467499
neural_flow,17,1,16,1,30,19.68902163207531,22.93292712420225,0.19837263971567154,19.783444702625275,0.09133666753768921
neural_flow,17,1,16,1,31,20.51112800836563,20.000506192445755,0.19304826855659485,20.589496940374374,0.09966827929019928
neural_flow,17,1,16,1,32,20.627564750611782,19.786130636930466,0.19460078328847885,20.625390112400055,0.09295251220464706
neural_flow,17,1,16,1,33,20.040559582412243,23.392063565552235,0.21164119243621826,20.591219887137413,0.09559281170368195
neural_flow,17,1,16,1,34,19.975940696895123,20.952622406184673,0.19315816462039948,20.421074703335762,0.08753035217523575
neural_flow,17,1,16,1,35,20.704690366983414,20.68830467760563,0.18571410328149796,25.308476760983467,0.10090507566928864
neural_flow,17,1,16,1,36,21.4913384988904,21.50160539895296,0.1940559595823288,20.713000558316708,0.10089762508869171
neural_flow,17,1,16,1,37,22.668831050395966,21.722575649619102,0.20108837634325027,21.497685462236404,0.0916430726647377
neural_flow,17,1,16,1,38,20.19231580197811,21.460351534187794,0.19218958914279938,21.12298645079136,0.10081753134727478
neural_flow,17,1,16,1,39,23.842185735702515,21.992609836161137,0.2077678218483925,21.595846861600876,0.10053254663944244
neural_flow,17,1,16,1,40,21.43949829041958,22.261873818933964,0.19587669521570206,21.62620797753334,0.09196437895298004
neural_flow,17,1,16,1,41,20.46672347933054,22.118124179542065,0.19978079944849014,24.049107916653156,0.10165106505155563
neural_flow,17,1,16,1,42,21.418404765427113,22.42857590317726,0.20059756934642792,20.940959453582764,0.09530596435070038
neural_flow,17,1,16,1,43,20.836872048676014,20.790903829038143,0.19456446170806885,20.059012807905674,0.09227078408002853
neural_flow,17,1,16,1,44,22.399221546947956,21.654398180544376,0.197545625269413,20.73037251830101,0.09594671428203583
neural_flow,17,1,16,1,45,21.195821464061737,20.85004560649395,0.19488949328660965,19.58947815001011,0.08781533688306808
neural_flow,17,1,16,1,46,20.570293068885803,20.315660163760185,0.19451044499874115,20.175185054540634,0.08772127330303192
neural_flow,17,1,16,1,47,21.731791086494923,20.66631056368351,0.21048542112112045,20.944535732269287,0.08762720972299576
neural_flow,17,1,16,1,48,20.86752001196146,21.799121983349323,0.20996294915676117,20.482858642935753,0.08760765194892883
neural_flow,17,1,16,1,49,20.50680946558714,21.03380858898163,0.1931898295879364,20.80004382878542,0.09201560169458389
neural_flow,17,1,16,6,0,19.967935048043728,20.68418450653553,0.19419565796852112,20.650427788496017,0.09581446647644043
neural_flow,17,1,16,6,1,20.772242918610573,21.3529234752059,0.19174255430698395,22.044744342565536,0.10471884161233902
neural_flow,17,1,16,6,2,22.17596210539341,21.76452148705721,0.21678302437067032,20.87374683469534,0.09826477617025375
neural_flow,17,1,16,6,3,20.71693167090416,20.89199796319008,0.19962899386882782,21.09763864427805,0.09777862578630447
neural_flow,17,1,16,6,4,20.865099504590034,21.430604159832,0.20772498100996017,23.429867811501026,0.09719002991914749
neural_flow,17,1,16,6,5,21.060761995613575,21.255049854516983,0.1942310482263565,20.590640604496002,0.09180232882499695
neural_flow,17,1,16,6,6,20.626075565814972,21.18562627583742,0.1928173005580902,20.579025149345398,0.0985320657491684
neural_flow,17,1,16,6,7,21.24730870127678,21.014127880334854,0.19202101975679398,22.881709039211273,0.09795650839805603
neural_flow,17,1,16,6,8,20.53594682365656,21.322893910109997,0.1991288736462593,20.836006850004196,0.09866710752248764
neural_flow,17,1,16,6,9,20.12573927640915,20.413778722286224,0.19156746566295624,20.099923945963383,0.10027550160884857
neural_flow,17,1,16,6,10,20.00641357153654,23.32714945077896,0.19815098494291306,19.936848431825638,0.09442027658224106
neural_flow,17,1,16,6,11,19.754433073103428,20.473195239901543,0.19245129078626633,20.870091393589973,0.0951085239648819
neural_flow,17,1,16,6,12,20.492758601903915,21.475311368703842,0.19409041851758957,20.122445188462734,0.09613670408725739
neural_flow,17,1,16,6,13,20.38630098104477,25.131418369710445,0.21093245595693588,21.16860169917345,0.0908607617020607
neural_flow,17,1,16,6,14,19.915723241865635,20.623992197215557,0.19158516079187393,20.673071034252644,0.09542424231767654
neural_flow,17,1,16,6,15,20.55126801133156,21.171201020479202,0.19358191639184952,20.786055363714695,0.09149499237537384
neural_flow,17,1,16,6,16,20.235320553183556,24.616665206849575,0.1874864101409912,20.42598742991686,0.09083375334739685
neural_flow,17,1,16,6,17,20.454206503927708,20.834052935242653,0.18251407891511917,20.29228024184704,0.09556487202644348
neural_flow,17,1,16,6,18,20.5568615347147,23.21932464838028,0.20907633006572723,22.108595818281174,0.09818281978368759
neural_flow,17,1,16,6,19,20.743665285408497,20.96891589462757,0.19284524023532867,23.743110708892345,0.10532885789871216
neural_flow,17,1,16,6,20,21.303699351847172,20.90279944241047,0.19509345293045044,21.273902617394924,0.09633321315050125
neural_flow,17,1,16,6,21,20.613995380699635,20.97844798117876,0.18873903900384903,21.895098499953747,0.1037726178765297
neural_flow,17,1,16,6,22,20.943808369338512,22.284126840531826,0.19650813192129135,21.44892793148756,0.10312441736459732
neural_flow,17,1,16,6,23,21.07573952525854,21.07423823326826,0.1918720081448555,21.760870702564716,0.09922683238983154
neural_flow,17,1,16,6,24,21.74023538827896,22.028004750609398,0.19745714962482452,22.425065748393536,0.10440591722726822
neural_flow,17,1,16,6,25,22.114556282758713,22.693290375173092,0.2140738070011139,22.4370239302516,0.1050066202878952
neural_flow,17,1,16,6,26,22.42490090429783,22.607971914112568,0.22564176470041275,22.50474039465189,0.11108256876468658
neural_flow,17,1,16,6,27,22.441563196480274,22.74282556027174,0.22420939058065414,21.934730000793934,0.10393932461738586
neural_flow,17,1,16,6,28,21.271764300763607,21.89201395958662,0.19336026161909103,20.787276327610016,0.10286271572113037
neural_flow,17,1,16,6,29,20.889035426080227,26.34434588253498,0.2098865807056427,22.48847484588623,0.10359566658735275
neural_flow,17,1,16,6,30,22.374732419848442,22.756814025342464,0.21238625049591064,22.55377732217312,0.10396167635917664
neural_flow,17,1,16,6,31,22.34600856900215,22.663171403110027,0.2108616754412651,22.481979802250862,0.10532792657613754
neural_flow,17,1,16,6,32,24.410163052380085,22.689800709486008,0.21185167133808136,21.97844907641411,0.10489299893379211
neural_flow,17,1,16,6,33,22.09730353206396,21.689647808670998,0.20026229321956635,21.404902450740337,0.10344944894313812
neural_flow,17,1,16,6,34,21.29978407174349,25.078700855374336,0.21709222346544266,22.136460058391094,0.09895581752061844
neural_flow,17,1,16,6,35,21.315586753189564,21.254909224808216,0.2121124416589737,21.395830437541008,0.0966247171163559
neural_flow,17,1,16,6,36,21.286888979375362,21.757026202976704,0.19498635083436966,20.896687172353268,0.09593367576599121
neural_flow,17,1,16,6,37,20.562617108225822,21.91989030689001,0.21195784211158752,24.23850353807211,0.09568780660629272
neural_flow,17,1,16,6,38,21.663447842001915,20.62265109270811,0.18437858670949936,21.494326181709766,0.10394863784313202
neural_flow,17,1,16,6,39,20.928327925503254,21.01102378219366,0.20560156553983688,20.61267662793398,0.0957883894443512
neural_flow,17,1,16,6,40,20.56794799864292,26.886158622801304,0.19884388893842697,20.967427641153336,0.10337308049201965
neural_flow,17,1,16,6,41,21.458636969327927,22.011312656104565,0.19255653023719788,20.8353353664279,0.09833741933107376
neural_flow,17,1,16,6,42,20.99484298378229,21.659594029188156,0.2081058919429779,20.742199383676052,0.09578187018632889
neural_flow,17,1,16,6,43,20.01776546239853,25.134436786174774,0.19723549485206604,22.099114954471588,0.10319147258996964
neural_flow,17,1,16,6,44,21.22153341770172,21.496477536857128,0.1924308016896248,20.206845365464687,0.09811762720346451
neural_flow,17,1,16,6,45,20.377622917294502,20.97189426422119,0.19775424152612686,20.58503497391939,0.09538978338241577
neural_flow,17,1,16,6,46,20.196671597659588,24.714766070246696,0.1929374411702156,20.453225821256638,0.09715836495161057
neural_flow,17,1,16,6,47,20.168475806713104,20.296068862080574,0.2081291750073433,20.61247080564499,0.10486971586942673
neural_flow,17,1,16,6,48,20.056788809597492,20.480412989854813,0.19273161888122559,23.943050764501095,0.10541733354330063
neural_flow,17,1,16,6,49,21.03512827306986,19.973923452198505,0.18539931625127792,20.08639369159937,0.09103398770093918
neural_flow,17,1,32,1,0,41.33743979036808,41.10773280262947,0.22474024444818497,40.59132281690836,0.09616371244192123
neural_flow,17,1,32,1,1,41.699884459376335,41.79190378636122,0.20685698837041855,40.45973625034094,0.09442586451768875
neural_flow,17,1,32,1,2,40.73379933834076,39.838360622525215,0.19835960119962692,41.27746820449829,0.09394902735948563
neural_flow,17,1,32,1,3,39.857964031398296,40.529729798436165,0.18919352442026138,40.5303705483675,0.09252969175577164
neural_flow,17,1,32,1,4,41.7620949447155,41.5092334151268,0.21279696375131607,41.155352257192135,0.09547173976898193
neural_flow,17,1,32,1,5,40.59813916683197,41.014171205461025,0.19698310643434525,41.02000221610069,0.09826943278312683
neural_flow,17,1,32,1,6,40.099735371768475,41.225346736609936,0.19900500774383545,40.98120518028736,0.10266900062561035
neural_flow,17,1,32,1,7,40.91522470116615,40.493085980415344,0.1966981217265129,40.0327667593956,0.1009507104754448
neural_flow,17,1,32,1,8,40.62393680214882,39.74009957164526,0.2009943127632141,41.10728204250336,0.09524170309305191
neural_flow,17,1,32,1,9,41.189635172486305,40.76485522091389,0.21445658057928085,41.10436048358679,0.0984659418463707
neural_flow,17,1,32,1,10,42.03431587666273,40.844411589205265,0.20092446357011795,39.185392670333385,0.09760167449712753
neural_flow,17,1,32,1,11,39.72692787647247,39.65109400451183,0.2026790753006935,41.359237395226955,0.10999199002981186
neural_flow,17,1,32,1,12,40.37173930555582,39.53227028250694,0.2260962501168251,41.04785155504942,0.1142360270023346
neural_flow,17,1,32,1,13,41.805265471339226,42.54086408764124,0.23576803505420685,40.79306870698929,0.1055235043168068
neural_flow,17,1,32,1,14,40.253011509776115,41.13716632127762,0.23896805942058563,40.800935588777065,0.10913517326116562
neural_flow,17,1,32,1,15,42.491537518799305,41.43792297691107,0.21651573479175568,40.05933925509453,0.10660570114850998
neural_flow,17,1,32,1,16,42.509134858846664,41.92573484033346,0.23017078638076782,41.72277171164751,0.1018652692437172
neural_flow,17,1,32,1,17,41.99465271085501,41.09749849885702,0.20454544574022293,42.277537286281586,0.09833835065364838
neural_flow,17,1,32,1,18,41.504330933094025,41.55000578612089,0.20550750195980072,40.31079914420843,0.09189918637275696
neural_flow,17,1,32,1,19,40.067984722554684,39.85851537436247,0.18470361828804016,39.526752196252346,0.10050646960735321
neural_flow,17,1,32,1,20,41.99021775275469,42.50176902860403,0.21412502974271774,42.280918918550014,0.10996777564287186
neural_flow,17,1,32,1,21,42.860182002186775,44.37986854463816,0.23434776812791824,41.93769581615925,0.09831972420215607
neural_flow,17,1,32,1,22,40.27924686670303,40.840416215360165,0.20095054060220718,40.77337309718132,0.09808968752622604
neural_flow,17,1,32,1,23,39.50828779488802,38.525539450347424,0.1957342028617859,37.63153590261936,0.09271036833524704
neural_flow,17,1,32,1,24,38.8947818428278,40.446135215461254,0.1950487494468689,38.51786255836487,0.08740648627281189
neural_flow,17,1,32,1,25,38.94778806716204,37.80780453234911,0.19399169832468033,40.308376774191856,0.09979773312807083
neural_flow,17,1,32,1,26,40.40608834475279,38.869645446538925,0.19439030438661575,39.26859516650438,0.09411480277776718
neural_flow,17,1,32,1,27,38.10424264520407,40.44697806239128,0.195968896150589,39.58951681852341,0.0892719253897667
neural_flow,17,1,32,1,28,38.64654153585434,39.32241816073656,0.1860242336988449,39.8437911644578,0.09330082684755325
neural_flow,17,1,32,1,29,38.93142472952604,38.61578647047281,0.2008015289902687,42.12031792849302,0.09977910667657852
neural_flow,17,1,32,1,30,40.12158140540123,40.00536538660526,0.20190328359603882,38.55301346629858,0.08916482329368591
neural_flow,17,1,32,1,31,38.3134838193655,38.7794179841876,0.2029305323958397,40.57863634079695,0.09335577487945557
neural_flow,17,1,32,1,32,38.348497822880745,39.649348706007004,0.196944922208786,39.2555333673954,0.08822884410619736
neural_flow,17,1,32,1,33,39.425622671842575,39.99510779976845,0.1847902312874794,37.9991102963686,0.09317323565483093
neural_flow,17,1,32,1,34,39.34482578188181,38.98949548602104,0.19481126219034195,40.72768148034811,0.0994950532913208
neural_flow,17,1,32,1,35,40.35829287022352,39.70656264573336,0.1998627558350563,40.84585513919592,0.09460281580686569
neural_flow,17,1,32,1,36,39.032972417771816,40.92578776180744,0.1977449283003807,40.049283765256405,0.09216833859682083
neural_flow,17,1,32,1,37,39.286901243031025,43.14328171312809,0.20461250096559525,39.67940527945757,0.0942908227443695
neural_flow,17,1,32,1,38,40.70352856069803,39.465014822781086,0.18133968114852905,39.95027672499418,0.08860696107149124
neural_flow,17,1,32,1,39,39.05360493808985,40.78173451125622,0.1868968829512596,43.62999461591244,0.09989086538553238
neural_flow,17,1,32,1,40,40.45168124139309,39.51882757246494,0.20070187747478485,40.57202208787203,0.09558629244565964
neural_flow,17,1,32,1,41,39.918611757457256,44.42051611840725,0.1957416534423828,40.43038468807936,0.09431317448616028
neural_flow,17,1,32,1,42,39.17273972183466,43.896906077861786,0.18373318016529083,39.02868553996086,0.09320583194494247
neural_flow,17,1,32,1,43,39.886788465082645,40.389323607087135,0.19524525851011276,42.465731501579285,0.09451992809772491
neural_flow,17,1,32,1,44,39.783455431461334,39.71898462623358,0.18791016191244125,40.25649558752775,0.09512994438409805
neural_flow,17,1,32,1,45,44.4174213334918,40.011655539274216,0.21772831678390503,40.41288048028946,0.09310245513916016
neural_flow,17,1,32,1,46,39.33942411094904,44.21971831470728,0.2076607197523117,40.305256843566895,0.10114628821611404
neural_flow,17,1,32,1,47,39.94883969426155,41.3702679798007,0.21782144904136658,47.61366918683052,0.11346116662025452
neural_flow,17,1,32,1,48,41.334555484354496,43.02313458174467,0.2277148887515068,42.67188534140587,0.10598637163639069
neural_flow,17,1,32,1,49,45.412042178213596,41.9912850484252,0.2094050869345665,38.96832652390003,0.09495299309492111
neural_flow,17,1,32,6,0,41.63207858800888,40.74971657246351,0.1948326826095581,40.08754529058933,0.0995127484202385
neural_flow,17,1,32,6,1,42.90270619094372,40.03563616424799,0.19242800772190094,39.83087930828333,0.09206309914588928
neural_flow,17,1,32,6,2,38.18375989794731,42.99043118953705,0.18418952822685242,38.65990787744522,0.09915046393871307
neural_flow,17,1,32,6,3,39.595918729901314,39.05299957841635,0.18240883946418762,37.986704148352146,0.09242352098226547
neural_flow,17,1,32,6,4,38.13659865409136,43.5777772217989,0.19740965217351913,40.311817079782486,0.10221172124147415
neural_flow,17,1,32,6,5,41.133624501526356,43.18958707153797,0.23315101861953735,46.76498752087355,0.11449027806520462
neural_flow,17,1,32,6,6,40.13046529144049,40.071737952530384,0.19703339785337448,39.40208628773689,0.09654834866523743
neural_flow,17,1,32,6,7,43.487112037837505,40.34020286053419,0.19487738609313965,40.144321508705616,0.09595975279808044
neural_flow,17,1,32,6,8,39.45949301123619,40.200029499828815,0.20861439406871796,44.94144953787327,0.09793601930141449
neural_flow,17,1,32,6,9,39.55435752868652,38.18070515990257,0.18544308841228485,39.53241836279631,0.09096041321754456
neural_flow,17,1,32,6,10,43.637595139443874,40.11610895395279,0.20683743059635162,39.40704930573702,0.09049102663993835
neural_flow,17,1,32,6,11,39.395599626004696,39.24781456589699,0.18334202468395233,44.32640876621008,0.11039339005947113
neural_flow,17,1,32,6,12,39.677233435213566,40.081276558339596,0.19372347742319107,39.913698099553585,0.09595509618520737
neural_flow,17,1,32,6,13,40.10875429958105,43.876594863832,0.22383686155080795,42.16457810252905,0.10904762893915176
neural_flow,17,1,32,6,14,40.95223918557167,39.94577657431364,0.1843683421611786,43.31348370760679,0.12343376874923706
neural_flow,17,1,32,6,15,39.7745156660676,39.333999156951904,0.1918235793709755,39.438202045857906,0.0967513769865036
neural_flow,17,1,32,6,16,39.65519368648529,47.74095397442579,0.19469764083623886,40.63653852790594,0.09692925959825516
neural_flow,17,1,32,6,17,39.68758415430784,40.91148730367422,0.20815152674913406,39.4335500895977,0.09541120380163193
neural_flow,17,1,32,6,18,40.29923025518656,46.67083267122507,0.2112817019224167,42.5174068659544,0.10376237332820892
neural_flow,17,1,32,6,19,40.016734041273594,39.62883073836565,0.18916092813014984,39.267043583095074,0.09514298290014267
neural_flow,17,1,32,6,20,39.9962468072772,39.92537409067154,0.1970464363694191,40.401315316557884,0.09665358811616898
neural_flow,17,1,32,6,21,38.50853629410267,38.8264711946249,0.19161216914653778,38.79276942461729,0.09108427911996841
neural_flow,17,1,32,6,22,38.63651771098375,38.14564552158117,0.18167123198509216,37.460233084857464,0.09049568325281143
neural_flow,17,1,32,6,23,38.32321893423796,39.15254678577185,0.18246006220579147,38.55492454022169,0.09522214531898499
neural_flow,17,1,32,6,24,38.57617639005184,38.72563410550356,0.18183235079050064,38.561224937438965,0.09020138531923294
neural_flow,17,1,32,6,25,39.289907552301884,38.399045355618,0.1822812482714653,38.24032191187143,0.10205619037151337
neural_flow,17,1,32,6,26,38.69911842048168,39.30001985281706,0.19136443734169006,38.706300780177116,0.09168405085802078
neural_flow,17,1,32,6,27,38.6112816631794,39.14940729737282,0.18236692994832993,38.389057852327824,0.09795650839805603
neural_flow,17,1,32,6,28,39.22923747450113,39.038156159222126,0.19048061221837997,38.68514392524958,0.09546615183353424
neural_flow,17,1,32,6,29,39.102187380194664,38.529728539288044,0.17894059419631958,38.85588701814413,0.09045097976922989
neural_flow,17,1,32,6,30,38.46197389066219,39.16558902710676,0.18199440091848373,39.191799238324165,0.09653903543949127
neural_flow,17,1,32,6,31,39.203398860991,39.08957727253437,0.19006524235010147,40.141116827726364,0.09641610085964203
neural_flow,17,1,32,6,32,40.31169041991234,40.997326374053955,0.1911073923110962,39.40111491829157,0.095403753221035
neural_flow,17,1,32,6,33,40.35560134798288,39.85141310840845,0.19692536443471909,39.927978068590164,0.09509176015853882
neural_flow,17,1,32,6,34,40.03030061721802,38.64979650825262,0.1914268359541893,38.62268757075071,0.0962037593126297
neural_flow,17,1,32,6,35,38.551343604922295,38.57086971402168,0.18447451293468475,39.41199742257595,0.10370928794145584
neural_flow,17,1,32,6,36,40.664518252015114,40.338161401450634,0.19493047147989273,40.10670259594917,0.09962357580661774
neural_flow,17,1,32,6,37,39.70669489353895,40.071289986371994,0.19638240337371826,39.17456138879061,0.10342337191104889
neural_flow,17,1,32,6,38,39.18656334280968,44.48987357318401,0.19412394613027573,39.67252094298601,0.0985385850071907
neural_flow,17,1,32,6,39,40.125647559762,39.86115753650665,0.19250065088272095,40.360791608691216,0.0976119190454483
neural_flow,17,1,32,6,40,40.84985889494419,40.10973498225212,0.1908913254737854,42.04064421355724,0.09489338845014572
neural_flow,17,1,32,6,41,43.30673720687628,39.42764736711979,0.19348319619894028,39.009847678244114,0.10387785732746124
neural_flow,17,1,32,6,42,38.38478773832321,39.25938159227371,0.17814617604017258,38.05948421359062,0.08846446871757507
neural_flow,17,1,32,6,43,37.60011866688728,38.722315803170204,0.19182637333869934,37.97394596040249,0.09674858301877975
neural_flow,17,1,32,6,44,39.00499828159809,38.764463737607,0.181674025952816,39.08544406294823,0.09507313370704651
neural_flow,17,1,32,6,45,39.392463862895966,38.73894829303026,0.19313953816890717,39.44147191941738,0.10254327207803726
neural_flow,17,1,32,6,46,39.58756569772959,41.56558960676193,0.21266192197799683,40.7807482406497,0.1149941235780716
neural_flow,17,1,32,6,47,42.73909516632557,43.25752519071102,0.23405347019433975,39.95796199887991,0.10220985859632492
neural_flow,17,1,32,6,48,38.897146470844746,40.51763191819191,0.21029170602560043,39.809536188840866,0.09540840983390808
neural_flow,17,1,32,6,49,40.21108336746693,39.32587523013353,0.18655136227607727,38.2313821464777,0.09104516357183456
neural_flow,17,32,4,1,0,6.791519932448864,7.219025865197182,0.19655749201774597,6.7930445075035095,0.09533576667308807
neural_flow,17,32,4,1,1,6.599306128919125,6.843375042080879,0.19279681146144867,6.812503561377525,0.09545590728521347
neural_flow,17,32,4,1,2,6.6371699795126915,6.711462512612343,0.18311012536287308,6.6106850281357765,0.09363051503896713
neural_flow,17,32,4,1,3,6.594727747142315,7.048328407108784,0.19082613289356232,6.761351600289345,0.0933995470404625
neural_flow,17,32,4,1,4,6.663892418146133,6.800738163292408,0.20364392548799515,6.767840124666691,0.09709969162940979
neural_flow,17,32,4,1,5,6.931617856025696,7.1376776322722435,0.1966562122106552,6.84261042624712,0.09460374712944031
neural_flow,17,32,4,1,6,6.714202463626862,6.968124769628048,0.1906026154756546,6.728761829435825,0.09486358612775803
neural_flow,17,32,4,1,7,6.472623907029629,6.853052414953709,0.19220542162656784,6.955171003937721,0.09730365127325058
neural_flow,17,32,4,1,8,6.734184920787811,6.967105902731419,0.189904123544693,6.725385785102844,0.09476672857999802
neural_flow,17,32,4,1,9,6.731090135872364,7.026737555861473,0.1954706385731697,6.958730518817902,0.09589549154043198
neural_flow,17,32,4,1,10,6.776455789804459,6.987323984503746,0.19482336938381195,6.705624982714653,0.09342562407255173
neural_flow,17,32,4,1,11,6.705227307975292,6.96735642850399,0.19141752272844315,6.652794778347015,0.08890870958566666
neural_flow,17,32,4,1,12,6.3957590609788895,6.9221751764416695,0.19093137234449387,6.958219222724438,0.1030387356877327
neural_flow,17,32,4,1,13,6.86432421207428,6.999198347330093,0.1896945759654045,6.70190341770649,0.09077880531549454
neural_flow,17,32,4,1,14,6.548577919602394,7.340495474636555,0.20736735314130783,7.006626576185226,0.09389035403728485
neural_flow,17,32,4,1,15,6.523032672703266,7.105326279997826,0.2069920301437378,7.256818935275078,0.09410176426172256
neural_flow,17,32,4,1,16,6.6884467378258705,6.980604492127895,0.1926114782691002,6.653883494436741,0.09512901306152344
neural_flow,17,32,4,1,17,6.737827323377132,6.981027312576771,0.19079353660345078,6.753768771886826,0.0942843034863472
neural_flow,17,32,4,1,18,6.7608533427119255,7.013652473688126,0.2001151442527771,6.733112037181854,0.09680353105068207
neural_flow,17,32,4,1,19,6.794648244976997,7.310333661735058,0.20568445324897766,7.23183061927557,0.09686406701803207
neural_flow,17,32,4,1,20,6.7345574498176575,6.908141076564789,0.19098352640867233,6.820307113230228,0.1013604924082756
neural_flow,17,32,4,1,21,7.066172547638416,7.165980525314808,0.19566062837839127,7.223328575491905,0.10176282376050949
neural_flow,17,32,4,1,22,7.270765490829945,7.466478273272514,0.19311066716909409,6.742185913026333,0.09560491889715195
neural_flow,17,32,4,1,23,6.982509046792984,7.242009975016117,0.19220076501369476,6.84426911175251,0.09810179471969604
neural_flow,17,32,4,1,24,7.262609899044037,7.614528760313988,0.2094227820634842,7.007940672338009,0.09635463356971741
neural_flow,17,32,4,1,25,6.771795451641083,7.125094532966614,0.1977747306227684,6.896498613059521,0.09305309504270554
neural_flow,17,32,4,1,26,6.8103112280368805,7.188035175204277,0.19393861293792725,6.829733029007912,0.09465031325817108
neural_flow,17,32,4,1,27,6.89928513020277,7.12153036147356,0.19758101552724838,6.903510540723801,0.09792204946279526
neural_flow,17,32,4,1,28,6.889247335493565,7.262079976499081,0.20809471607208252,7.270859554409981,0.10260287672281265
neural_flow,17,32,4,1,29,7.300344295799732,7.123966701328754,0.19678473472595215,6.945686414837837,0.09688735008239746
neural_flow,17,32,4,1,30,6.772641092538834,7.022594101727009,0.19250065088272095,6.739030592143536,0.09514018893241882
neural_flow,17,32,4,1,31,6.818140856921673,6.9996993988752365,0.19070692360401154,6.832948885858059,0.09523332118988037
neural_flow,17,32,4,1,32,6.771493703126907,7.117618806660175,0.19330810755491257,6.782158277928829,0.09464938193559647
neural_flow,17,32,4,1,33,7.043970748782158,7.230920717120171,0.19603874534368515,6.941311061382294,0.0967513769865036
neural_flow,17,32,4,1,34,6.84079434722662,7.291201502084732,0.20975060760974884,7.309529930353165,0.1033097505569458
neural_flow,17,32,4,1,35,7.009425200521946,7.053284905850887,0.1913914456963539,6.825428456068039,0.09728409349918365
neural_flow,17,32,4,1,36,7.01553001999855,7.026083767414093,0.19061099737882614,6.720606237649918,0.0960957258939743
neural_flow,17,32,4,1,37,6.998156197369099,7.370006293058395,0.2079429104924202,6.98821060359478,0.10276399552822113
neural_flow,17,32,4,1,38,7.142208516597748,7.604346610605717,0.20851939916610718,7.095180451869965,0.09447522461414337
neural_flow,17,32,4,1,39,6.763956509530544,7.434087805449963,0.20724721252918243,7.2111813351511955,0.09662657976150513
neural_flow,17,32,4,1,40,6.804444827139378,7.16482475399971,0.19646622240543365,6.985628977417946,0.10326690971851349
neural_flow,17,32,4,1,41,7.3173632845282555,7.013661786913872,0.19096769392490387,6.542430259287357,0.09899027645587921
neural_flow,17,32,4,1,42,6.378281861543655,7.126182317733765,0.1981724053621292,10.894667357206345,0.11821836233139038
neural_flow,17,32,4,1,43,7.2752730920910835,7.208719849586487,0.19224267452955246,6.92856777459383,0.10243244469165802
neural_flow,17,32,4,1,44,7.188702002167702,6.703346036374569,0.19169412553310394,6.757733412086964,0.0943262130022049
neural_flow,17,32,4,1,45,6.807367317378521,7.368829101324081,0.20771939307451248,7.1755750104784966,0.09648501873016357
neural_flow,17,32,4,1,46,7.095905020833015,7.370723411440849,0.19834190607070923,7.263735868036747,0.10111462324857712
neural_flow,17,32,4,1,47,7.25583266466856,7.210171781480312,0.19642431288957596,6.846713833510876,0.09732972830533981
neural_flow,17,32,4,1,48,7.030881009995937,7.624908350408077,0.20632240921258926,7.370105944573879,0.10242033749818802
neural_flow,17,32,4,1,49,7.106139324605465,7.475418969988823,0.2064323052763939,7.1381498128175735,0.10144617408514023
neural_flow,17,32,4,6,0,7.175557315349579,7.617335766553879,0.19109901040792465,6.503961980342865,0.10078400373458862
neural_flow,17,32,4,6,1,6.42545148730278,6.769292056560516,0.18993020057678223,6.722751073539257,0.10093674063682556
neural_flow,17,32,4,6,2,6.345742382109165,7.041556760668755,0.1901034265756607,6.54229149222374,0.10076258331537247
neural_flow,17,32,4,6,3,6.646047346293926,7.378687150776386,0.1958375796675682,6.647128611803055,0.10079052299261093
neural_flow,17,32,4,6,4,6.7558810114860535,6.937225349247456,0.1818714663386345,6.665848195552826,0.10399241000413895
neural_flow,17,32,4,6,5,6.7791566252708435,7.026685401797295,0.1894058659672737,6.457848474383354,0.10179169476032257
neural_flow,17,32,4,6,6,6.353072822093964,6.913010962307453,0.19398797303438187,6.834529340267181,0.1006200909614563
neural_flow,17,32,4,6,7,6.474323570728302,6.922257132828236,0.19084010273218155,6.6446298733353615,0.10361149907112122
neural_flow,17,32,4,6,8,6.812390871345997,7.081334479153156,0.18283631652593613,6.452079862356186,0.10384712368249893
neural_flow,17,32,4,6,9,6.756064482033253,6.790062412619591,0.19811559468507767,7.260148413479328,0.10515004396438599
neural_flow,17,32,4,6,10,6.703521125018597,6.990592926740646,0.18963683396577835,6.486187689006329,0.10039377957582474
neural_flow,17,32,4,6,11,6.35821558535099,7.007581181824207,0.1902356743812561,6.714622490108013,0.10183639824390411
neural_flow,17,32,4,6,12,6.3962070271372795,6.710146553814411,0.18157996237277985,6.7526306957006454,0.10303501039743423
neural_flow,17,32,4,6,13,6.762418895959854,6.974760442972183,0.18860213458538055,6.71774335205555,0.10303966701030731
neural_flow,17,32,4,6,14,6.615234538912773,6.861390545964241,0.18999911844730377,6.829204969108105,0.10483618825674057
neural_flow,17,32,4,6,15,6.9057522341609,6.745319813489914,0.19016116857528687,6.803360767662525,0.10577496141195297
neural_flow,17,32,4,6,16,6.9898925721645355,6.987730972468853,0.1893807202577591,6.647130474448204,0.10202638804912567
neural_flow,17,32,4,6,17,6.498825736343861,6.931657902896404,0.19109249114990234,6.8687861785292625,0.10470207780599594
neural_flow,17,32,4,6,18,6.99088629335165,6.918721832334995,0.18190499395132065,6.725058890879154,0.1036282628774643
neural_flow,17,32,4,6,19,6.782655604183674,7.143021561205387,0.1908130943775177,6.76299724727869,0.10406039655208588
neural_flow,17,32,4,6,20,6.75242580473423,6.659676320850849,0.1806085929274559,6.562614813446999,0.10513514280319214
neural_flow,17,32,4,6,21,6.878756918013096,7.078223861753941,0.19314419478178024,6.514306180179119,0.10363850742578506
neural_flow,17,32,4,6,22,6.929357536137104,7.559542544186115,0.1978408545255661,7.007597014307976,0.10443106293678284
neural_flow,17,32,4,6,23,6.710730493068695,6.993954069912434,0.19035115838050842,6.383625790476799,0.10150950402021408
neural_flow,17,32,4,6,24,6.646253168582916,6.985554471611977,0.19124150276184082,6.7596351727843285,0.10338332504034042
neural_flow,17,32,4,6,25,6.5679289400577545,6.661825813353062,0.18046610057353973,6.722951307892799,0.10493956506252289
neural_flow,17,32,4,6,26,6.987059488892555,7.119225338101387,0.1914873719215393,6.808013655245304,0.10428670793771744
neural_flow,17,32,4,6,27,7.113232277333736,7.416434586048126,0.19070599228143692,6.852791644632816,0.10298192501068115
neural_flow,17,32,4,6,28,6.84996135532856,6.987343542277813,0.1901565119624138,6.74517173320055,0.10342150926589966
neural_flow,17,32,4,6,29,6.889910437166691,7.161229848861694,0.1958915963768959,6.745954975485802,0.10406412184238434
neural_flow,17,32,4,6,30,6.598520092666149,6.896692328155041,0.1909220591187477,6.868422031402588,0.10314024984836578
neural_flow,17,32,4,6,31,6.6115958616137505,7.093449123203754,0.1953383907675743,6.950215436518192,0.10424945503473282
neural_flow,17,32,4,6,32,6.857616826891899,7.335761561989784,0.18955301493406296,6.676344200968742,0.1043146476149559
neural_flow,17,32,4,6,33,6.778485141694546,6.853180937469006,0.1923106610774994,6.871188059449196,0.10480266064405441
neural_flow,17,32,4,6,34,6.768146529793739,7.03230407088995,0.19111577421426773,6.6347625106573105,0.10118167847394943
neural_flow,17,32,4,6,35,6.536594592034817,7.089067250490189,0.19631534814834595,6.585969589650631,0.10109134018421173
neural_flow,17,32,4,6,36,6.418275646865368,6.999135948717594,0.191432423889637,6.72711618244648,0.10396447032690048
neural_flow,17,32,4,6,37,6.824810057878494,7.080334238708019,0.19460171461105347,6.776702590286732,0.10044220834970474
neural_flow,17,32,4,6,38,6.463179364800453,7.062377408146858,0.19629113376140594,6.72437809407711,0.10130833834409714
neural_flow,17,32,4,6,39,6.589176133275032,7.385090924799442,0.20606908947229385,7.113100029528141,0.1040380448102951
neural_flow,17,32,4,6,40,6.912629120051861,6.893857382237911,0.1911502331495285,6.725577637553215,0.10304432362318039
neural_flow,17,32,4,6,41,6.422734819352627,6.758716888725758,0.19094906747341156,6.8910988047719,0.10463595390319824
neural_flow,17,32,4,6,42,6.6115399822592735,7.016068324446678,0.19077584147453308,6.751479580998421,0.10393373668193817
neural_flow,17,32,4,6,43,6.788117811083794,7.443923503160477,0.20430050790309906,6.787140853703022,0.10430160909891129
neural_flow,17,32,4,6,44,6.522881798446178,6.720351986587048,0.18163397908210754,6.59785233438015,0.10345783084630966
neural_flow,17,32,4,6,45,6.918510422110558,7.012815214693546,0.1916186884045601,6.536670029163361,0.10289717465639114
neural_flow,17,32,4,6,46,6.437689997255802,7.081741467118263,0.19514281302690506,6.973412819206715,0.10651908814907074
neural_flow,17,32,4,6,47,6.78035244345665,7.021463476121426,0.18920190632343292,6.732644513249397,0.10133348405361176
neural_flow,17,32,4,6,48,6.8564340472221375,7.391871884465218,0.18940400332212448,6.677458994090557,0.104549340903759
neural_flow,17,32,4,6,49,6.70879241079092,6.722630001604557,0.1913662999868393,7.030226290225983,0.10820291936397552
neural_flow,17,32,16,1,0,21.194898523390293,22.044692188501358,0.2619251608848572,22.202632389962673,0.09581726044416428
neural_flow,17,32,16,1,1,22.050030529499054,22.30858337134123,0.26200152933597565,21.997890435159206,0.09109079837799072
neural_flow,17,32,16,1,2,22.425145842134953,22.823709063231945,0.2765301614999771,22.22658973187208,0.09911134839057922
neural_flow,17,32,16,1,3,22.2012959420681,21.857671439647675,0.27136970311403275,22.462211549282074,0.09490642696619034
neural_flow,17,32,16,1,4,22.615989670157433,23.474032059311867,0.2745455130934715,23.25205784291029,0.10485202074050903
neural_flow,17,32,16,1,5,25.132284499704838,22.782408632338047,0.2713417634367943,21.963438019156456,0.09674020111560822
neural_flow,17,32,16,1,6,22.063872776925564,22.072354331612587,0.26925932615995407,22.335990332067013,0.10275840759277344
neural_flow,17,32,16,1,7,22.542761638760567,23.46452046185732,0.27511361986398697,22.860310971736908,0.10463036596775055
neural_flow,17,32,16,1,8,22.808479145169258,23.510207422077656,0.265694223344326,22.06301223486662,0.0945674255490303
neural_flow,17,32,16,1,9,21.643251180648804,22.151912562549114,0.26304181665182114,21.939377300441265,0.09658839553594589
neural_flow,17,32,16,1,10,21.8428997322917,22.580319084227085,0.26971567422151566,21.90585806965828,0.09709037840366364
neural_flow,17,32,16,1,11,21.576493978500366,22.602631710469723,0.2743024379014969,22.383668459951878,0.09503774344921112
neural_flow,17,32,16,1,12,21.98978140950203,22.63143751770258,0.2700267359614372,23.530992679297924,0.10206736624240875
neural_flow,17,32,16,1,13,22.51462358981371,23.265725933015347,0.2683224156498909,22.020273841917515,0.09573530405759811
neural_flow,17,32,16,1,14,21.504543721675873,22.308572195470333,0.26304367929697037,22.052357904613018,0.09262189269065857
neural_flow,17,32,16,1,15,21.24047838151455,22.235301323235035,0.2716081216931343,22.499892860651016,0.09909644722938538
neural_flow,17,32,16,1,16,21.68695069849491,22.454495541751385,0.2631545066833496,21.474231034517288,0.09794812649488449
neural_flow,17,32,16,1,17,21.417131647467613,23.48156925290823,0.27144141495227814,21.852072328329086,0.0959029421210289
neural_flow,17,32,16,1,18,21.737082861363888,22.186066955327988,0.2626320347189903,22.08060398697853,0.09803194552659988
neural_flow,17,32,16,1,19,22.11454790085554,22.247464396059513,0.26878900825977325,21.40744123607874,0.0960715115070343
neural_flow,17,32,16,1,20,21.54360990971327,22.467385046184063,0.26884209364652634,22.41129893809557,0.09124167263507843
neural_flow,17,32,16,1,21,21.79333008825779,24.357845075428486,0.2818116918206215,24.057366885244846,0.10341871529817581
neural_flow,17,32,16,1,22,23.398452438414097,24.265075102448463,0.2848505973815918,23.498550057411194,0.10657496750354767
neural_flow,17,32,16,1,23,23.877711035311222,24.306834675371647,0.2846885472536087,22.348834201693535,0.09211525321006775
neural_flow,17,32,16,1,24,22.093690931797028,23.015957325696945,0.2688281238079071,21.942507475614548,0.0924188643693924
neural_flow,17,32,16,1,25,22.007083520293236,21.868628449738026,0.26387162506580353,22.148658521473408,0.09587220847606659
neural_flow,17,32,16,1,26,21.815828047692776,21.75257448107004,0.270194374024868,21.63159567862749,0.09615812450647354
neural_flow,17,32,16,1,27,21.757260896265507,21.869403310120106,0.2702362835407257,22.069613449275494,0.09608827531337738
neural_flow,17,32,16,1,28,21.6065663844347,21.716353483498096,0.27500372380018234,21.715656854212284,0.09690318256616592
neural_flow,17,32,16,1,29,21.848774515092373,22.79759757220745,0.2734474837779999,22.206620313227177,0.09587407112121582
neural_flow,17,32,16,1,30,21.995974704623222,22.021332755684853,0.2700146287679672,21.835279650986195,0.09221211075782776
neural_flow,17,32,16,1,31,22.869329899549484,22.36793003976345,0.2714628353714943,21.820902824401855,0.09328406304121017
neural_flow,17,32,16,1,32,22.329742088913918,23.48676510155201,0.27476903051137924,22.431649267673492,0.10439660400152206
neural_flow,17,32,16,1,33,21.738865412771702,22.797737270593643,0.28277281671762466,22.866707295179367,0.09695906192064285
neural_flow,17,32,16,1,34,23.4104311093688,24.317333474755287,0.2831844612956047,23.672915995121002,0.10383501648902893
neural_flow,17,32,16,1,35,24.005244486033916,24.39131587743759,0.2837814390659332,22.790895774960518,0.10298751294612885
neural_flow,17,32,16,1,36,21.599081344902515,21.992091089487076,0.2677040174603462,21.229994483292103,0.09946245700120926
neural_flow,17,32,16,1,37,22.274076007306576,23.36009033024311,0.28799381107091904,22.72596675902605,0.09934604167938232
neural_flow,17,32,16,1,38,22.086397744715214,22.441726177930832,0.27395691722631454,21.854163147509098,0.0997958704829216
neural_flow,17,32,16,1,39,21.86714205890894,22.064685821533203,0.2738684415817261,22.175347432494164,0.09865965694189072
neural_flow,17,32,16,1,40,26.63213387131691,23.19008018821478,0.27821119874715805,22.396489046514034,0.10071229189634323
neural_flow,17,32,16,1,41,23.21436069905758,23.588174022734165,0.27409475296735764,22.850917652249336,0.11527817696332932
neural_flow,17,32,16,1,42,23.763665929436684,24.836109019815922,1.0989885777235031,26.1479327455163,0.1057107001543045
neural_flow,17,32,16,1,43,23.26180599629879,22.0680832862854,0.27292221784591675,22.680534049868584,0.09975861757993698
neural_flow,17,32,16,1,44,22.373048588633537,22.264056839048862,0.27200300246477127,21.97267673909664,0.0934237614274025
neural_flow,17,32,16,1,45,22.100720554590225,22.582358680665493,0.2698991447687149,22.16346375644207,0.09730271995067596
neural_flow,17,32,16,1,46,21.863805130124092,21.81539684534073,0.26279687881469727,22.049004212021828,0.09571760892868042
neural_flow,17,32,16,1,47,22.205494344234467,21.528102457523346,0.26263296604156494,21.876757964491844,0.09942706674337387
neural_flow,17,32,16,1,48,21.40283491462469,22.47822657227516,0.28429366648197174,22.56540209054947,0.09624939411878586
neural_flow,17,32,16,1,49,21.86613343656063,21.404745988547802,0.26311352849006653,22.891156375408173,0.09417720139026642
neural_flow,17,32,16,6,0,21.500898525118828,22.158712148666382,0.26458408683538437,23.05600233376026,0.10620430111885071
neural_flow,17,32,16,6,1,22.31545001268387,23.159767501056194,0.26523787528276443,22.244930267333984,0.10675657540559769
neural_flow,17,32,16,6,2,23.59674498438835,24.195566773414612,0.2826619893312454,24.135625921189785,0.11163018643856049
neural_flow,17,32,16,6,3,24.082286283373833,24.393883533775806,0.28289295732975006,22.413969039916992,0.10475143790245056
neural_flow,17,32,16,6,4,21.824178285896778,22.241177037358284,0.2642013132572174,21.981647238135338,0.10677706450223923
neural_flow,17,32,16,6,5,21.488607861101627,21.82694338262081,0.2699112519621849,23.190085776150227,0.11175591498613358
neural_flow,17,32,16,6,6,22.3311185836792,22.18621503561735,0.2661999315023422,22.16317318379879,0.1069381833076477
neural_flow,17,32,16,6,7,21.82526420801878,23.36616814136505,0.2751471474766731,22.88183383643627,0.11093821376562119
neural_flow,17,32,16,6,8,23.705849424004555,23.63784983754158,0.27420278638601303,22.996284998953342,0.11210981756448746
neural_flow,17,32,16,6,9,24.122253991663456,24.358498863875866,0.2835094928741455,24.142948910593987,0.11449865996837616
neural_flow,17,32,16,6,10,23.9089522510767,24.422901682555676,0.28220657259225845,24.08250141888857,0.1116553321480751
neural_flow,17,32,16,6,11,24.068753235042095,24.350536055862904,0.2831974998116493,24.06412921845913,0.11155381798744202
neural_flow,17,32,16,6,12,23.977051489055157,24.371538311243057,0.28160400688648224,23.999174125492573,0.11200737208127975
neural_flow,17,32,16,6,13,24.132628925144672,24.293484166264534,0.28319377452135086,24.091926403343678,0.11220481246709824
neural_flow,17,32,16,6,14,24.160793982446194,24.368097074329853,0.28730928897857666,28.159375302493572,0.11349469423294067
neural_flow,17,32,16,6,15,24.126751348376274,24.227808229625225,0.270601361989975,23.189309053122997,0.11185463517904282
neural_flow,17,32,16,6,16,22.316494956612587,22.838938049972057,0.27596019208431244,27.510118670761585,0.11004786938428879
neural_flow,17,32,16,6,17,23.652727715671062,23.29318504780531,0.270928256213665,26.32446028292179,0.10719150304794312
neural_flow,17,32,16,6,18,23.10943603515625,23.168672807514668,0.2700546756386757,22.6256987079978,0.10722130537033081
neural_flow,17,32,16,6,19,22.420192137360573,22.73017819970846,0.2742800861597061,25.440411642193794,0.10773632675409317
neural_flow,17,32,16,6,20,23.2622055336833,23.364991880953312,0.28244685381650925,23.000281304121017,0.11076778173446655
neural_flow,17,32,16,6,21,23.573758080601692,23.160377517342567,0.2691419795155525,26.498040184378624,0.11084973812103271
neural_flow,17,32,16,6,22,22.90105354040861,23.263738490641117,0.271589495241642,21.53918705880642,0.10377727448940277
neural_flow,17,32,16,6,23,20.954454317688942,21.359173581004143,0.26444531977176666,21.48778922855854,0.10331347584724426
neural_flow,17,32,16,6,24,21.917426958680153,22.519768215715885,0.26986002922058105,21.86501119285822,0.10608043521642685
neural_flow,17,32,16,6,25,21.710295230150223,22.476566024124622,0.27367938309907913,22.315535694360733,0.10559055954217911
neural_flow,17,32,16,6,26,22.06999622285366,22.273462265729904,0.26838015764951706,22.146170027554035,0.1066913828253746
neural_flow,17,32,16,6,27,22.257053293287754,22.749723866581917,0.2827644348144531,23.280358873307705,0.10565761476755142
neural_flow,17,32,16,6,28,21.706567145884037,22.291501984000206,0.268823467195034,23.195398040115833,0.1056985929608345
neural_flow,17,32,16,6,29,22.222119383513927,22.159431129693985,0.2697380259633064,22.346933372318745,0.10816287249326706
neural_flow,17,32,16,6,30,22.899677976965904,23.67435209453106,0.2811430022120476,22.67230674624443,0.10670721530914307
neural_flow,17,32,16,6,31,21.967575885355473,22.715038619935513,0.2721380442380905,22.50912319868803,0.1079365611076355
neural_flow,17,32,16,6,32,22.043103352189064,22.3640538752079,0.26473216712474823,22.328068502247334,0.10787136852741241
neural_flow,17,32,16,6,33,23.409293964505196,23.27845711261034,0.27464795857667923,22.368312813341618,0.10501779615879059
neural_flow,17,32,16,6,34,22.163767367601395,22.976902313530445,0.2822047099471092,26.0021286085248,0.11030305176973343
neural_flow,17,32,16,6,35,23.721265606582165,23.617016151547432,0.28477050364017487,23.93813244998455,0.11179223656654358
neural_flow,17,32,16,6,36,24.000308476388454,24.082068353891373,0.2978155389428139,24.18749686330557,0.11263042688369751
neural_flow,17,32,16,6,37,27.539342641830444,23.958547972142696,0.28152577579021454,22.75840286165476,0.11382810771465302
neural_flow,17,32,16,6,38,22.33277168124914,22.410688921809196,0.26884768158197403,22.635288536548615,0.11247396469116211
neural_flow,17,32,16,6,39,22.978486493229866,23.453902453184128,0.2820463851094246,27.71756425499916,0.10530650615692139
neural_flow,17,32,16,6,40,21.425528451800346,21.36004436761141,0.2653151750564575,21.078918129205704,0.10266900062561035
neural_flow,17,32,16,6,41,21.224351599812508,21.889109164476395,0.26930589228868484,21.586154587566853,0.10253023356199265
neural_flow,17,32,16,6,42,23.584184236824512,22.20309153199196,0.265355221927166,21.875320002436638,0.10708533227443695
neural_flow,17,32,16,6,43,21.72359824180603,22.315971553325653,0.27840491384267807,21.944869309663773,0.10775402188301086
neural_flow,17,32,16,6,44,21.917829290032387,22.410369478166103,0.27077924460172653,26.827877387404442,0.11113565415143967
neural_flow,17,32,16,6,45,22.70228136330843,22.10660930722952,0.26981066912412643,22.13241532444954,0.10638684034347534
neural_flow,17,32,16,6,46,22.090381011366844,22.108019329607487,0.26467256247997284,21.462961100041866,0.10446738451719284
neural_flow,17,32,16,6,47,25.76752658933401,22.687927819788456,0.2719033509492874,22.21132442355156,0.10693632066249847
neural_flow,17,32,16,6,48,22.4319314584136,23.00784271210432,0.2714274451136589,22.902685217559338,0.10769069194793701
neural_flow,17,32,16,6,49,22.721201181411743,22.55774475634098,0.2711992710828781,22.084403783082962,0.10735820978879929
neural_flow,17,32,32,1,0,42.054624296724796,42.77572687715292,0.5625244230031967,42.67123248428106,0.09790249168872833
neural_flow,17,32,32,1,1,42.78220422565937,42.55632683634758,0.5641113966703415,41.3537984713912,0.09269360452890396
neural_flow,17,32,32,1,2,41.0794410854578,40.84137640893459,0.5622692406177521,40.88509362190962,0.09482074528932571
neural_flow,17,32,32,1,3,40.995863266289234,41.17846582084894,0.5624247714877129,41.43763240426779,0.09169336408376694
neural_flow,17,32,32,1,4,41.223862208426,43.50610077381134,0.5639707669615746,42.60929115116596,0.0906679779291153
neural_flow,17,32,32,1,5,42.75256581604481,42.95135382562876,0.5626501515507698,41.75404366105795,0.09231176227331161
neural_flow,17,32,32,1,6,43.03813353180885,41.483914479613304,0.5617337301373482,42.14548598974943,0.09185820817947388
neural_flow,17,32,32,1,7,41.987170465290546,41.66920483112335,0.5606068298220634,41.53462499380112,0.0957222655415535
neural_flow,17,32,32,1,8,41.628031991422176,42.01751481741667,0.5636122077703476,42.770860716700554,0.09651388972997665
neural_flow,17,32,32,1,9,43.117837980389595,44.354720041155815,0.5623353645205498,41.48643743246794,0.09718071669340134
neural_flow,17,32,32,1,10,48.27451333403587,40.96440598368645,0.5630189552903175,45.61431612819433,0.10649114847183228
neural_flow,17,32,32,1,11,42.35863033682108,42.07367263734341,0.5642520263791084,41.742684319615364,0.10551325976848602
neural_flow,17,32,32,1,12,46.77439946681261,42.040469124913216,0.5616322159767151,40.246037766337395,0.09225867688655853
neural_flow,17,32,32,1,13,40.35082831978798,41.01312253624201,0.5642194300889969,40.98112788051367,0.10526645928621292
neural_flow,17,32,32,1,14,41.23787488788366,42.14867949485779,0.5626240745186806,40.956164710223675,0.09708292782306671
neural_flow,17,32,32,1,15,40.48833250999451,41.39418341219425,0.5625905469059944,40.43600708246231,0.09123235940933228
neural_flow,17,32,32,1,16,40.68607836961746,41.369606740772724,0.5638375878334045,41.44244734197855,0.09326916188001633
neural_flow,17,32,32,1,17,40.42914416640997,41.97299666702747,0.5621388554573059,40.90320598334074,0.09138882160186768
neural_flow,17,32,32,1,18,40.773686952888966,40.780301205813885,0.5624070763587952,40.85902031511068,0.09262096136808395
neural_flow,17,32,32,1,19,40.50804860889912,41.1990312859416,0.5667079240083694,40.80819059163332,0.09107310324907303
neural_flow,17,32,32,1,20,40.46126175671816,41.932799853384495,0.5622077733278275,42.82018728554249,0.09736325591802597
neural_flow,17,32,32,1,21,43.36332529783249,46.318989247083664,0.5678161978721619,45.37113755941391,0.1101084053516388
neural_flow,17,32,32,1,22,43.049667961895466,42.60802362114191,0.5624061450362206,41.629486717283726,0.09560678154230118
neural_flow,17,32,32,1,23,40.510072372853756,40.89115094393492,0.5635898560285568,40.959215722978115,0.08914154022932053
neural_flow,17,32,32,1,24,40.42480979114771,41.30515269935131,0.5603916943073273,42.25622583180666,0.09236391633749008
neural_flow,17,32,32,1,25,41.17734357714653,44.98704709112644,0.559316948056221,40.907095186412334,0.09188242256641388
neural_flow,17,32,32,1,26,41.47734213620424,41.48944187909365,0.5641672760248184,41.16406477987766,0.09040161967277527
neural_flow,17,32,32,1,27,44.155857525765896,43.861739337444305,0.5651535466313362,41.2431713193655,0.09161327034235
neural_flow,17,32,32,1,28,41.22564755380154,45.23011762648821,0.5618985742330551,41.639634408056736,0.0914139673113823
neural_flow,17,32,32,1,29,42.98775363713503,45.14954145997763,0.5646208301186562,43.16081665456295,0.10444968938827515
neural_flow,17,32,32,1,30,45.93102540820837,42.860875837504864,0.5602529272437096,42.65485983341932,0.09186659008264542
neural_flow,17,32,32,1,31,44.0874258056283,43.25051698833704,0.5614310503005981,42.338340543210506,0.08872523903846741
neural_flow,17,32,32,1,32,41.65593720972538,44.99619919806719,0.5621081218123436,42.498319409787655,0.09374227374792099
neural_flow,17,32,32,1,33,41.4448706433177,42.223052121698856,0.5637593567371368,42.603894136846066,0.09623914957046509
neural_flow,17,32,32,1,34,41.27724468708038,41.55754763633013,0.5625756457448006,40.87967239320278,0.09198393672704697
neural_flow,17,32,32,1,35,41.385119780898094,41.597108356654644,0.5620997399091721,40.95802269876003,0.09708758443593979
neural_flow,17,32,32,1,36,41.89624823629856,42.04608220607042,0.5630562081933022,42.39605367183685,0.09637698531150818
neural_flow,17,32,32,1,37,43.56626234948635,43.091495521366596,0.5667461082339287,41.53412114828825,0.09766686707735062
neural_flow,17,32,32,1,38,41.620721109211445,42.84213110804558,0.5646888166666031,42.12370701134205,0.09440816938877106
neural_flow,17,32,32,1,39,41.845533065497875,42.773228138685226,0.562167726457119,41.565011255443096,0.09210873395204544
neural_flow,17,32,32,1,40,41.188289411365986,43.3627562597394,0.5626091733574867,41.80894512683153,0.09815674275159836
neural_flow,17,32,32,1,41,40.915464982390404,43.4254165738821,0.5640443414449692,42.348538525402546,0.09311642497777939
neural_flow,17,32,32,1,42,41.99904948472977,42.37908869981766,0.5620736628770828,41.238609701395035,0.09563285857439041
neural_flow,17,32,32,1,43,41.85613710433245,42.01527405530214,0.5610156804323196,42.17166267335415,0.10086596012115479
neural_flow,17,32,32,1,44,41.45409259945154,42.24380198866129,0.5611106753349304,40.73600936681032,0.09181443601846695
neural_flow,17,32,32,1,45,43.029370717704296,42.81740356236696,0.5616415292024612,40.985469706356525,0.09065400809049606
neural_flow,17,32,32,1,46,41.14348441362381,43.59685629606247,0.5630096420645714,42.634778656065464,0.09882636368274689
neural_flow,17,32,32,1,47,41.566913947463036,42.41067357361317,0.5631512030959129,43.850586749613285,0.09673740714788437
neural_flow,17,32,32,1,48,43.70826296508312,43.30174345523119,0.5629770457744598,42.19856858253479,0.09586289525032043
neural_flow,17,32,32,1,49,42.50250291079283,43.343846686184406,0.5634445697069168,42.55411587655544,0.09593553841114044
neural_flow,17,32,32,6,0,43.1129215285182,41.959142312407494,0.57264044880867,41.74765292555094,0.10777078568935394
neural_flow,17,32,32,6,1,42.768717743456364,43.7417421489954,0.5729449912905693,44.206226244568825,0.11510681360960007
neural_flow,17,32,32,6,2,43.918765150010586,46.35182581841946,0.5823643878102303,44.012077152729034,0.10573305189609528
neural_flow,17,32,32,6,3,41.53482522815466,41.60627909004688,0.5719121545553207,41.069405153393745,0.10597053915262222
neural_flow,17,32,32,6,4,41.588565334677696,41.70290008187294,0.569668598473072,41.1651898175478,0.10446086525917053
neural_flow,17,32,32,6,5,41.80008638650179,42.39176865667105,0.570325180888176,42.051322758197784,0.10612141340970993
neural_flow,17,32,32,6,6,41.85153916478157,42.06912964582443,0.5726031959056854,41.895599104464054,0.10606367141008377
neural_flow,17,32,32,6,7,41.80546943098307,42.32174716889858,0.5741175264120102,41.458046063780785,0.11130888015031815
neural_flow,17,32,32,6,8,44.22289039939642,41.91694129258394,0.5694432184100151,40.67699611186981,0.10642223060131073
neural_flow,17,32,32,6,9,42.7299989387393,42.95153822749853,0.5734395235776901,42.02919639647007,0.10554585605859756
neural_flow,17,32,32,6,10,45.77865358442068,46.689342707395554,0.5719214677810669,42.807795107364655,0.10496843606233597
neural_flow,17,32,32,6,11,41.73987079411745,42.215609923005104,0.572429969906807,41.529059410095215,0.10353419929742813
neural_flow,17,32,32,6,12,42.74451546370983,42.64836572110653,0.5745748057961464,43.26276388019323,0.11115428060293198
neural_flow,17,32,32,6,13,42.12150629609823,42.354571633040905,0.5729179829359055,44.64277904480696,0.10941922664642334
neural_flow,17,32,32,6,14,41.94357246160507,43.41787192970514,0.574970617890358,42.35999844968319,0.10479800403118134
neural_flow,17,32,32,6,15,42.30895731598139,42.07171872258186,0.5737794563174248,43.7099589034915,0.10687299072742462
neural_flow,17,32,32,6,16,42.04302839934826,41.95276368409395,0.5720248445868492,43.114627711474895,0.10322965681552887
neural_flow,17,32,32,6,17,42.01076924800873,42.93555486947298,0.5720546469092369,44.0492257475853,0.10697729885578156
neural_flow,17,32,32,6,18,42.95570310205221,44.19577866792679,0.5684252828359604,42.014291509985924,0.10623503476381302
neural_flow,17,32,32,6,19,43.622092343866825,43.018609285354614,0.5724942311644554,42.525431141257286,0.10583829134702682
neural_flow,17,32,32,6,20,42.46555455029011,42.57222730666399,0.5730651319026947,42.37506166100502,0.105259008705616
neural_flow,17,32,32,6,21,41.72865953296423,43.4330590069294,0.5713971331715584,41.729687713086605,0.10548625141382217
neural_flow,17,32,32,6,22,41.728089563548565,41.77737142890692,0.5725203081965446,43.9013447612524,0.10471697896718979
neural_flow,17,32,32,6,23,41.62009619176388,41.87456518411636,0.5715973675251007,43.24707109481096,0.10300055146217346
neural_flow,17,32,32,6,24,40.999770164489746,44.45965774357319,0.5722111091017723,43.545826338231564,0.11271610856056213
neural_flow,17,32,32,6,25,42.58125275373459,42.587471194565296,0.5713393911719322,42.32721123844385,0.10528974235057831
neural_flow,17,32,32,6,26,42.44452156126499,42.52688493579626,0.5714884027838707,42.61648189276457,0.10648369789123535
neural_flow,17,32,32,6,27,42.43173822760582,46.12391348928213,0.5722213536500931,42.76433028280735,0.10944996029138565
neural_flow,17,32,32,6,28,43.44135709106922,45.155384577810764,0.574096105992794,44.50927395373583,0.1063663512468338
neural_flow,17,32,32,6,29,44.687315821647644,44.91740558296442,0.5717230960726738,42.761046439409256,0.10581780225038528
neural_flow,17,32,32,6,30,41.93649720400572,42.208936996757984,0.5715256556868553,42.64269024133682,0.10671373456716537
neural_flow,17,32,32,6,31,42.466483078897,42.81297605484724,0.5729738622903824,41.60251189023256,0.10589510202407837
neural_flow,17,32,32,6,32,43.17269008606672,42.23301075398922,0.5710674449801445,41.614267975091934,0.10575633496046066
neural_flow,17,32,32,6,33,42.24579315632582,43.1269071996212,0.5738241598010063,41.64468124508858,0.10562967509031296
neural_flow,17,32,32,6,34,41.29565227776766,42.08607133477926,0.5705105140805244,42.47603751718998,0.10316632688045502
neural_flow,17,32,32,6,35,41.51967167854309,42.91977733373642,0.5737245082855225,42.010584846138954,0.10644644498825073
neural_flow,17,32,32,6,36,42.47384890913963,42.677453719079494,0.5720015615224838,41.771696880459785,0.10437052696943283
neural_flow,17,32,32,6,37,42.05354396253824,42.25016664713621,0.5730800330638885,42.32034459710121,0.10222755372524261
neural_flow,17,32,32,6,38,41.97857156395912,42.6547359675169,0.5730614066123962,42.04585961997509,0.10408647358417511
neural_flow,17,32,32,6,39,42.79440548270941,43.234759010374546,0.5721617490053177,42.836226522922516,0.10581687092781067
neural_flow,17,32,32,6,40,44.08783745020628,46.946014277637005,0.5729440599679947,45.809630304574966,0.11810753494501114
neural_flow,17,32,32,6,41,46.62449285387993,45.85065133869648,0.5746176466345787,42.768802493810654,0.10590068995952606
neural_flow,17,32,32,6,42,43.14147587865591,43.539985083043575,0.5731983110308647,42.36975219100714,0.10617915540933609
neural_flow,17,32,32,6,43,43.18103659898043,42.647083289921284,0.5737282335758209,42.97677241265774,0.10770652443170547
neural_flow,17,32,32,6,44,42.650832794606686,43.24364848434925,0.572575256228447,42.24607069045305,0.10896753519773483
neural_flow,17,32,32,6,45,44.535343535244465,46.609717421233654,0.5729412660002708,42.92427096515894,0.10441988706588745
neural_flow,17,32,32,6,46,41.97322949767113,43.4243269264698,0.5732960999011993,45.04361841827631,0.10811164975166321
neural_flow,17,32,32,6,47,43.212879449129105,45.03646492958069,0.574224628508091,42.9359907284379,0.1058429479598999
neural_flow,17,32,32,6,48,44.14331912994385,44.75244414061308,0.5751196295022964,44.63554639369249,0.10736286640167236
neural_flow,17,32,32,6,49,44.07600127160549,43.10890566557646,0.572720542550087,42.9179510101676,0.10667089372873306
tpatchgnn,17,1,4,1,0,2.8649577870965004,3.163171000778675,0.19877497106790543,2.9274504631757736,0.09865593165159225
tpatchgnn,17,1,4,1,1,2.9079047963023186,3.1560445204377174,0.19279494881629944,2.820800058543682,0.09256787598133087
tpatchgnn,17,1,4,1,2,2.8685443103313446,3.085356205701828,0.19428599625825882,2.878466621041298,0.09301770478487015
tpatchgnn,17,1,4,1,3,2.9061343520879745,3.286457620561123,0.20058266818523407,2.9024463146924973,0.09502749890089035
tpatchgnn,17,1,4,1,4,2.900421619415283,3.109976649284363,0.19379891455173492,2.886285074055195,0.09268801659345627
tpatchgnn,17,1,4,1,5,2.8511332347989082,3.0868742614984512,0.19541475921869278,2.8992248699069023,0.0947173684835434
tpatchgnn,17,1,4,1,6,2.881954424083233,3.1296685338020325,0.1975586637854576,2.8800424188375473,0.09416509419679642
tpatchgnn,17,1,4,1,7,2.827211283147335,3.1300364062190056,0.1912768930196762,2.8430335223674774,0.10971818119287491
tpatchgnn,17,1,4,1,8,3.077610395848751,3.3540362492203712,0.209905207157135,3.069484606385231,0.10028667747974396
tpatchgnn,17,1,4,1,9,3.0592968687415123,3.2004406675696373,0.19595958292484283,2.8088344261050224,0.09291712194681168
tpatchgnn,17,1,4,1,10,2.843082882463932,3.162975423038006,0.19953027367591858,2.8750142082571983,0.09415950626134872
tpatchgnn,17,1,4,1,11,2.834678627550602,3.162456676363945,0.19199959933757782,2.818441018462181,0.09330082684755325
tpatchgnn,17,1,4,1,12,2.698098309338093,2.937057986855507,0.18502399325370789,2.688916400074959,0.08896272629499435
tpatchgnn,17,1,4,1,13,2.706531435251236,2.9248930513858795,0.1930277794599533,2.7217939496040344,0.09201280772686005
tpatchgnn,17,1,4,1,14,2.840634435415268,3.082181327044964,0.19433628767728806,2.8597451746463776,0.0917576253414154
tpatchgnn,17,1,4,1,15,2.832752652466297,3.0926642939448357,0.1934068277478218,2.8404025360941887,0.09371433407068253
tpatchgnn,17,1,4,1,16,2.7978336438536644,2.9772091656923294,0.18368009477853775,2.7435962110757828,0.09403098374605179
tpatchgnn,17,1,4,1,17,2.7845464646816254,3.050028346478939,0.19018538296222687,2.986488863825798,0.09509827941656113
tpatchgnn,17,1,4,1,18,2.8793904930353165,3.173345699906349,0.19066222012043,2.8019677847623825,0.09239744395017624
tpatchgnn,17,1,4,1,19,2.824242226779461,3.0715232715010643,0.19109249114990234,2.863018773496151,0.09059906005859375
tpatchgnn,17,1,4,1,20,2.7958014979958534,3.018088638782501,0.18329918384552002,2.78390571475029,0.09372364729642868
tpatchgnn,17,1,4,1,21,2.82228272408247,3.0720215290784836,0.19993726164102554,2.863045781850815,0.09461957961320877
tpatchgnn,17,1,4,1,22,2.8348462656140327,3.084358759224415,0.1967456191778183,2.8426693752408028,0.09409617632627487
tpatchgnn,17,1,4,1,23,2.804884687066078,3.096490167081356,0.19420310854911804,2.8219660744071007,0.09370502084493637
tpatchgnn,17,1,4,1,24,2.833876758813858,3.05174570530653,0.18399208784103394,2.7262941002845764,0.08784327656030655
tpatchgnn,17,1,4,1,25,2.737577073276043,3.1086504459381104,0.19671861082315445,2.8943056240677834,0.09670201689004898
tpatchgnn,17,1,4,1,26,2.8967903926968575,3.154587931931019,0.19256304949522018,2.842494286596775,0.0920519232749939
tpatchgnn,17,1,4,1,27,2.7254410088062286,3.0060335993766785,0.18552877008914948,2.8306208550930023,0.09445846080780029
tpatchgnn,17,1,4,1,28,2.8202496469020844,3.0320677906274796,0.19183941185474396,2.8274310752749443,0.09375158697366714
tpatchgnn,17,1,4,1,29,2.8047682717442513,3.079606220126152,0.1939292997121811,2.804908901453018,0.09320210665464401
tpatchgnn,17,1,4,1,30,2.896673046052456,3.167763352394104,0.1972150057554245,2.915256656706333,0.09496603161096573
tpatchgnn,17,1,4,1,31,2.809927798807621,3.088219091296196,0.19267480820417404,2.808935008943081,0.09257905185222626
tpatchgnn,17,1,4,1,32,2.852405421435833,3.135859966278076,0.19826646894216537,2.9033273458480835,0.09411200881004333
tpatchgnn,17,1,4,1,33,2.861141227185726,3.1406376510858536,0.1964382827281952,2.906463108956814,0.09722821414470673
tpatchgnn,17,1,4,1,34,2.8351927176117897,3.0658813193440437,0.1838868483901024,2.694905735552311,0.08714385330677032
tpatchgnn,17,1,4,1,35,2.674494870007038,2.9249610379338264,0.18256623297929764,2.7743829414248466,0.0935923308134079
tpatchgnn,17,1,4,1,36,2.728002145886421,3.013438545167446,0.19021891057491302,2.695605158805847,0.08869823068380356
tpatchgnn,17,1,4,1,37,2.6772338896989822,2.9892800375819206,0.19220728427171707,2.8144903481006622,0.09261630475521088
tpatchgnn,17,1,4,1,38,2.8448449447751045,3.0928561463952065,0.19251089543104172,2.845221199095249,0.09100046008825302
tpatchgnn,17,1,4,1,39,2.817351371049881,3.0992915853857994,0.19329041242599487,2.854570746421814,0.09086262434720993
tpatchgnn,17,1,4,1,40,2.7838731184601784,3.0175847932696342,0.18197298049926758,2.673686482012272,0.08908286690711975
tpatchgnn,17,1,4,1,41,2.773543819785118,3.093898296356201,0.19314605742692947,2.809857949614525,0.0923406332731247
tpatchgnn,17,1,4,1,42,2.9426123946905136,3.12022864818573,0.19325129687786102,2.8285933658480644,0.09305030107498169
tpatchgnn,17,1,4,1,43,2.747483551502228,2.9846010729670525,0.19191857427358627,2.7853306382894516,0.0934302806854248
tpatchgnn,17,1,4,1,44,2.819068729877472,3.058280795812607,0.19143614917993546,2.8938651084899902,0.0942908227443695
tpatchgnn,17,1,4,1,45,2.9029473662376404,3.1017176806926727,0.19378867000341415,2.836683765053749,0.09235832840204239
tpatchgnn,17,1,4,1,46,2.8143860399723053,3.0405810102820396,0.1917509362101555,2.7271676808595657,0.09372830390930176
tpatchgnn,17,1,4,1,47,2.7561932802200317,3.0277715995907784,0.19476190209388733,2.7673104777932167,0.08684862405061722
tpatchgnn,17,1,4,1,48,2.673078328371048,2.950655296444893,0.183875672519207,2.686344087123871,0.08886400610208511
tpatchgnn,17,1,4,1,49,2.719215117394924,2.9197707772254944,0.18433667719364166,2.7233045548200607,0.09393785148859024
tpatchgnn,17,1,4,6,0,2.7727866545319557,2.990768291056156,0.18260441720485687,2.7098776772618294,0.10708719491958618
tpatchgnn,17,1,4,6,1,2.7295593172311783,3.13009787350893,0.18963497132062912,2.8562890365719795,0.11587142944335938
tpatchgnn,17,1,4,6,2,2.878975123167038,3.081083297729492,0.19239727407693863,2.6876209303736687,0.10819453746080399
tpatchgnn,17,1,4,6,3,2.695957198739052,2.9523931443691254,0.18274039030075073,2.70807184278965,0.11304579675197601
tpatchgnn,17,1,4,6,4,2.7385158464312553,3.0721789225935936,0.18470827490091324,2.79853492975235,0.11283066123723984
tpatchgnn,17,1,4,6,5,2.8459960594773293,3.121982328593731,0.19373837858438492,2.8119273483753204,0.10927766561508179
tpatchgnn,17,1,4,6,6,2.707144245505333,2.9700519517064095,0.19007641822099686,2.8549274429678917,0.11263135820627213
tpatchgnn,17,1,4,6,7,2.8230976313352585,3.103446215391159,0.19057746976613998,2.8853025287389755,0.11596735566854477
tpatchgnn,17,1,4,6,8,2.882293425500393,3.1402772292494774,0.19504036754369736,2.7921507135033607,0.10817218571901321
tpatchgnn,17,1,4,6,9,2.7234219014644623,3.0844565480947495,0.19155163317918777,2.8312355279922485,0.11316034942865372
tpatchgnn,17,1,4,6,10,2.815007232129574,3.0934782698750496,0.19288528710603714,2.7103936299681664,0.10569021105766296
tpatchgnn,17,1,4,6,11,2.6789940893650055,2.940453588962555,0.18160883337259293,2.725156955420971,0.10865367949008942
tpatchgnn,17,1,4,6,12,2.7159657329320908,3.1112022697925568,0.19267573952674866,2.8759948909282684,0.1151692122220993
tpatchgnn,17,1,4,6,13,2.8836550191044807,3.1155534088611603,0.19359774887561798,2.8473082929849625,0.1116488128900528
tpatchgnn,17,1,4,6,14,2.8425734490156174,3.1091533601284027,0.19096210598945618,2.8030099347233772,0.11132098734378815
tpatchgnn,17,1,4,6,15,2.8434647247195244,3.168637864291668,0.1981966197490692,2.8451262041926384,0.11081621050834656
tpatchgnn,17,1,4,6,16,2.8321240097284317,3.034869208931923,0.18207170069217682,2.743838354945183,0.10689813643693924
tpatchgnn,17,1,4,6,17,2.6984047144651413,3.046172671020031,0.19074603915214539,2.8619514778256416,0.11570565402507782
tpatchgnn,17,1,4,6,18,2.879568375647068,3.09182982891798,0.19227154552936554,2.8132153674960136,0.112973153591156
tpatchgnn,17,1,4,6,19,2.85226758569479,3.1146276742219925,0.19141566008329391,2.8248168528079987,0.11277198791503906
tpatchgnn,17,1,4,6,20,2.8141792863607407,3.0153151601552963,0.19329693168401718,2.76199821382761,0.1058671623468399
tpatchgnn,17,1,4,6,21,2.7064532041549683,3.1084567308425903,0.19099563360214233,2.7904128655791283,0.1114020124077797
tpatchgnn,17,1,4,6,22,2.8381450101733208,3.030046820640564,0.18666405230760574,2.697508782148361,0.10890699923038483
tpatchgnn,17,1,4,6,23,2.6792967692017555,3.043998032808304,0.19084755331277847,2.855086699128151,0.11252425611019135
tpatchgnn,17,1,4,6,24,2.8255004435777664,3.1801285222172737,0.19565410912036896,2.89088673889637,0.11620018631219864
tpatchgnn,17,1,4,6,25,2.8472980484366417,3.159579820930958,0.19324291497468948,2.809278666973114,0.11232495307922363
tpatchgnn,17,1,4,6,26,2.866998314857483,3.1880587339401245,0.1960545778274536,2.8953691944479942,0.11617690324783325
tpatchgnn,17,1,4,6,27,2.8788940981030464,3.1248657032847404,0.192924402654171,2.8621982783079147,0.11270958930253983
tpatchgnn,17,1,4,6,28,2.8103627264499664,3.1231101602315903,0.1913486048579216,2.84020509570837,0.11408887803554535
tpatchgnn,17,1,4,6,29,2.8220294043421745,3.1224247068166733,0.19231345504522324,2.8535444289445877,0.11301133781671524
tpatchgnn,17,1,4,6,30,2.8351368382573128,3.1401561573147774,0.1929737627506256,2.8244927525520325,0.1114504411816597
tpatchgnn,17,1,4,6,31,2.8322692960500717,3.079822286963463,0.19156839698553085,2.895066514611244,0.11292565613985062
tpatchgnn,17,1,4,6,32,2.8320886194705963,3.2008467242121696,0.19815471023321152,2.838403917849064,0.11207070201635361
tpatchgnn,17,1,4,6,33,2.8520552441477776,3.0535804107785225,0.18307194113731384,2.7165254577994347,0.10642688721418381
tpatchgnn,17,1,4,6,34,2.6857545599341393,3.086220473051071,0.19206572324037552,2.9542986303567886,0.12140534818172455
tpatchgnn,17,1,4,6,35,3.0174879357218742,3.2066768035292625,0.19647087901830673,2.8177043423056602,0.11282321065664291
tpatchgnn,17,1,4,6,36,2.842143177986145,3.0844202265143394,0.19024498760700226,2.8333626687526703,0.1126416027545929
tpatchgnn,17,1,4,6,37,2.863180823624134,3.184659406542778,0.19711442291736603,2.890448085963726,0.11570937931537628
tpatchgnn,17,1,4,6,38,2.831806428730488,3.1075356528162956,0.19256025552749634,2.750745974481106,0.1133643090724945
tpatchgnn,17,1,4,6,39,2.8205737471580505,3.0784504488110542,0.19354000687599182,2.9074111953377724,0.1139175146818161
tpatchgnn,17,1,4,6,40,2.8769532218575478,3.1025484204292297,0.19072555005550385,2.8365273028612137,0.11372752487659454
tpatchgnn,17,1,4,6,41,2.8206510469317436,3.063562326133251,0.18067378550767899,2.6893597096204758,0.10832305997610092
tpatchgnn,17,1,4,6,42,2.672635018825531,2.9247459024190903,0.18266402184963226,2.810092642903328,0.11167116463184357
tpatchgnn,17,1,4,6,43,2.8231553733348846,3.162546083331108,0.19640009850263596,2.8698118403553963,0.11617038398981094
tpatchgnn,17,1,4,6,44,2.8833234682679176,3.0482206493616104,0.1921188086271286,2.7005216106772423,0.10559707880020142
tpatchgnn,17,1,4,6,45,2.6479214429855347,3.1028995290398598,0.1906333491206169,2.8697093948721886,0.11607352644205093
tpatchgnn,17,1,4,6,46,2.836713567376137,3.0911946669220924,0.1943334937095642,2.825605683028698,0.11203251779079437
tpatchgnn,17,1,4,6,47,2.7788300067186356,3.077453002333641,0.19043218344449997,2.8300201520323753,0.11427979916334152
tpatchgnn,17,1,4,6,48,2.8157932683825493,3.072531893849373,0.19259564578533173,2.873876132071018,0.11526420712471008
tpatchgnn,17,1,4,6,49,3.0067013576626778,3.353612497448921,0.20896457135677338,3.0253222212195396,0.11567864567041397
tpatchgnn,17,1,16,1,0,2.9054461047053337,3.256716765463352,0.19237957894802094,2.818024717271328,0.0924011692404747
tpatchgnn,17,1,16,1,1,2.841208130121231,2.978503704071045,0.18495041877031326,2.8063608333468437,0.09256042540073395
tpatchgnn,17,1,16,1,2,2.8423573821783066,3.072756342589855,0.19248481839895248,2.834077924489975,0.09401515126228333
tpatchgnn,17,1,16,1,3,2.8091007843613625,3.1645745038986206,0.19838940352201462,2.824864350259304,0.105283223092556
tpatchgnn,17,1,16,1,4,2.8229784220457077,3.0390722677111626,0.18454715609550476,2.739586867392063,0.09467080235481262
tpatchgnn,17,1,16,1,5,2.680310979485512,2.965198829770088,0.19196048378944397,2.8385957702994347,0.09508896619081497
tpatchgnn,17,1,16,1,6,2.8235018253326416,3.065778873860836,0.19373930990695953,2.833819016814232,0.09377487003803253
tpatchgnn,17,1,16,1,7,2.785947173833847,2.9626265168190002,0.18969550728797913,2.851729281246662,0.09211059659719467
tpatchgnn,17,1,16,1,8,2.8674639761447906,3.146176226437092,0.19779428839683533,2.8360262513160706,0.0925334170460701
tpatchgnn,17,1,16,1,9,2.809652127325535,3.0411044135689735,0.18438510596752167,2.712399698793888,0.0939778983592987
tpatchgnn,17,1,16,1,10,2.740907482802868,3.0851848423480988,0.19256491214036942,2.889632247388363,0.09577814489603043
tpatchgnn,17,1,16,1,11,2.8405021876096725,3.3290162682533264,0.19616540521383286,2.8993403539061546,0.0983159989118576
tpatchgnn,17,1,16,1,12,2.845257520675659,3.0321432277560234,0.18536951392889023,2.8055505827069283,0.09555742144584656
tpatchgnn,17,1,16,1,13,2.868765965104103,3.091849386692047,0.19209180027246475,2.8729885816574097,0.09442772716283798
tpatchgnn,17,1,16,1,14,2.83102598041296,3.0953045934438705,0.1951279118657112,2.819678746163845,0.09262841194868088
tpatchgnn,17,1,16,1,15,2.8243884444236755,3.1013013795018196,0.19271019846200943,2.847447991371155,0.09477976709604263
tpatchgnn,17,1,16,1,16,2.7562174946069717,2.9718084260821342,0.19091274589300156,2.8285114094614983,0.09411666542291641
tpatchgnn,17,1,16,1,17,2.87078320980072,3.1770989298820496,0.19896402955055237,2.835087478160858,0.09414926171302795
tpatchgnn,17,1,16,1,18,2.7987975627183914,2.9227109625935555,0.18340256065130234,2.8347643092274666,0.09329989552497864
tpatchgnn,17,1,16,1,19,2.8164666146039963,3.1430386006832123,0.20017381757497787,2.8137359768152237,0.0928221270442009
tpatchgnn,17,1,16,1,20,2.813260070979595,2.9344335198402405,0.18534529954195023,2.694743685424328,0.08852314203977585
tpatchgnn,17,1,16,1,21,2.6695113629102707,3.0735014006495476,0.19171461462974548,2.8270091861486435,0.09582657366991043
tpatchgnn,17,1,16,1,22,2.9062433168292046,3.087448887526989,0.1934235915541649,2.8951438143849373,0.09248591959476471
tpatchgnn,17,1,16,1,23,2.817858010530472,3.0718259513378143,0.1819198951125145,2.6769516989588737,0.0885138288140297
tpatchgnn,17,1,16,1,24,2.679937519133091,2.9357150197029114,0.18469151109457016,2.763102762401104,0.09232573211193085
tpatchgnn,17,1,16,1,25,2.7763675898313522,3.0881278216838837,0.19541289657354355,2.8661582618951797,0.09400863200426102
tpatchgnn,17,1,16,1,26,2.8224214911460876,3.105451352894306,0.20222272723913193,2.8099361807107925,0.0958126038312912
tpatchgnn,17,1,16,1,27,2.9072342440485954,3.148292191326618,0.20055752247571945,3.0361684039235115,0.09702425450086594
tpatchgnn,17,1,16,1,28,2.845888026058674,3.13512422144413,0.19958242774009705,2.9104985296726227,0.0962279736995697
tpatchgnn,17,1,16,1,29,2.899005077779293,3.1699957326054573,0.2013193443417549,3.026241436600685,0.10126642882823944
tpatchgnn,17,1,16,1,30,3.070398233830929,3.3646170049905777,0.20935293287038803,2.9379604384303093,0.09307079017162323
tpatchgnn,17,1,16,1,31,2.8377585113048553,3.069628030061722,0.19349902868270874,2.779843285679817,0.09268801659345627
tpatchgnn,17,1,16,1,32,2.8188563883304596,3.090253099799156,0.19325129687786102,2.849731594324112,0.0971481204032898
tpatchgnn,17,1,16,1,33,2.845223993062973,3.119206987321377,0.19425712525844574,2.813250757753849,0.09280163794755936
tpatchgnn,17,1,16,1,34,2.828512340784073,3.1236736103892326,0.19123870879411697,2.8890827670693398,0.1021241769194603
tpatchgnn,17,1,16,1,35,3.062805160880089,3.180980682373047,0.19996054470539093,2.920255996286869,0.09449664503335953
tpatchgnn,17,1,16,1,36,2.8363503515720367,3.0902493745088577,0.1924503594636917,2.8227847069501877,0.09399838745594025
tpatchgnn,17,1,16,1,37,2.8094761073589325,3.1010303646326065,0.19477587193250656,2.8094351291656494,0.09499210864305496
tpatchgnn,17,1,16,1,38,2.861560322344303,3.233959898352623,0.20804908126592636,3.1043821945786476,0.09868200868368149
tpatchgnn,17,1,16,1,39,2.9918672516942024,3.143956884741783,0.1924550160765648,2.8010495007038116,0.09431038051843643
tpatchgnn,17,1,16,1,40,2.7778735384345055,2.942455932497978,0.1939171925187111,2.8376802802085876,0.09266939014196396
tpatchgnn,17,1,16,1,41,2.79870443046093,3.162778913974762,0.19261334091424942,2.8179800137877464,0.09202025830745697
tpatchgnn,17,1,16,1,42,2.8256354853510857,3.0776159837841988,0.1913309097290039,2.9095159843564034,0.09773951023817062
tpatchgnn,17,1,16,1,43,2.951166592538357,3.283195197582245,0.2108439803123474,3.064527176320553,0.10086130350828171
tpatchgnn,17,1,16,1,44,3.047812730073929,3.2977070659399033,0.2098390832543373,2.9046721756458282,0.09666476398706436
tpatchgnn,17,1,16,1,45,2.897677943110466,3.078194335103035,0.20502787083387375,2.9453644528985023,0.10132789611816406
tpatchgnn,17,1,16,1,46,2.9580723494291306,3.32755409181118,0.2093808725476265,3.0662668868899345,0.1028040423989296
tpatchgnn,17,1,16,1,47,2.9826583340764046,3.2163700088858604,0.19965041428804398,2.9552821069955826,0.0998498871922493
tpatchgnn,17,1,16,1,48,3.000456839799881,3.803875297307968,0.2976963296532631,6.055727601051331,0.10766834020614624
tpatchgnn,17,1,16,1,49,3.315483219921589,3.2877670601010323,0.21056737750768661,2.989129163324833,0.09513460099697113
tpatchgnn,17,1,16,6,0,2.831467427313328,3.0075516551733017,0.1905309036374092,2.6977481320500374,0.10889675468206406
tpatchgnn,17,1,16,6,1,2.6678303256630898,3.084290772676468,0.19080191850662231,2.704419195652008,0.10792911052703857
tpatchgnn,17,1,16,6,2,2.710055559873581,3.0811503529548645,0.1927558332681656,2.908298745751381,0.1210533082485199
tpatchgnn,17,1,16,6,3,3.032681532204151,3.3670803532004356,0.20586326718330383,3.055446781218052,0.10744109749794006
tpatchgnn,17,1,16,6,4,2.7467943727970123,2.9494725167751312,0.18254946917295456,2.7002720162272453,0.11082179844379425
tpatchgnn,17,1,16,6,5,2.818112261593342,3.083406947553158,0.19108690321445465,2.8141625225543976,0.11300202459096909
tpatchgnn,17,1,16,6,6,2.7855513617396355,3.2216235995292664,0.20832382142543793,6.20291568338871,0.12304447591304779
tpatchgnn,17,1,16,6,7,2.967042848467827,3.104912117123604,0.19617285579442978,3.075428307056427,0.12225750833749771
tpatchgnn,17,1,16,6,8,2.9902877286076546,3.317100927233696,0.20529795438051224,3.0418168753385544,0.12970436364412308
tpatchgnn,17,1,16,6,9,3.0152881518006325,3.134346567094326,0.19133556634187698,2.8288988396525383,0.11266395449638367
tpatchgnn,17,1,16,6,10,2.7999337762594223,3.079919144511223,0.19316934049129486,2.8515812009572983,0.11271797120571136
tpatchgnn,17,1,16,6,11,3.2354071736335754,3.3742617815732956,0.20907633006572723,3.056742250919342,0.12058578431606293
tpatchgnn,17,1,16,6,12,3.044567070901394,3.3563319593667984,0.20801275968551636,3.0473191291093826,0.1206202432513237
tpatchgnn,17,1,16,6,13,2.9539866372942924,3.1188055872917175,0.19175652414560318,2.7954932302236557,0.11174194514751434
tpatchgnn,17,1,16,6,14,2.7911560609936714,3.0598677694797516,0.19252579659223557,2.795320935547352,0.11010561138391495
tpatchgnn,17,1,16,6,15,2.8522945940494537,3.1506912782788277,0.18912460654973984,2.967522479593754,0.11527352035045624
tpatchgnn,17,1,16,6,16,2.864987589418888,3.1688278540968895,0.19469112157821655,2.8725285083055496,0.11419504880905151
tpatchgnn,17,1,16,6,17,2.843027003109455,3.0658235773444176,0.18717441707849503,2.8242412954568863,0.12375321239233017
tpatchgnn,17,1,16,6,18,2.932025119662285,3.2747816294431686,0.20700134336948395,3.06543055921793,0.12229755520820618
tpatchgnn,17,1,16,6,19,2.9149530455470085,3.124314360320568,0.19560940563678741,2.822108566761017,0.11074449867010117
tpatchgnn,17,1,16,6,20,3.0527496710419655,3.3379634842276573,0.20542461425065994,3.0603939667344093,0.12231338769197464
tpatchgnn,17,1,16,6,21,3.022824414074421,3.244987688958645,0.19030924886465073,2.8511276468634605,0.11399667710065842
tpatchgnn,17,1,16,6,22,2.869540825486183,3.0617080628871918,0.19418541342020035,2.8581004589796066,0.11028256267309189
tpatchgnn,17,1,16,6,23,2.8455089777708054,3.255828283727169,0.20676292479038239,3.064395859837532,0.11974573135375977
tpatchgnn,17,1,16,6,24,2.930206246674061,3.18235345184803,0.1934906467795372,2.8302809223532677,0.11180806905031204
tpatchgnn,17,1,16,6,25,2.8023160994052887,3.049277700483799,0.19939523190259933,2.8244387358427048,0.11533591896295547
tpatchgnn,17,1,16,6,26,2.8736544772982597,3.192349337041378,0.19438005983829498,2.8209341689944267,0.11362135410308838
tpatchgnn,17,1,16,6,27,2.7970708906650543,3.0956119298934937,0.19170157611370087,2.801700495183468,0.11214520782232285
tpatchgnn,17,1,16,6,28,2.828768454492092,3.1393012031912804,0.19573699682950974,3.0068717896938324,0.12140348553657532
tpatchgnn,17,1,16,6,29,3.06037999689579,3.1719738617539406,0.19844900816679,2.873125486075878,0.1227324828505516
tpatchgnn,17,1,16,6,30,2.8850743547081947,3.2264748588204384,0.19609369337558746,2.923796884715557,0.11306721717119217
tpatchgnn,17,1,16,6,31,2.906443551182747,3.262757323682308,0.19413884729146957,2.929382026195526,0.1157764345407486
tpatchgnn,17,1,16,6,32,2.9874229803681374,3.360629081726074,0.20626839250326157,3.059110604226589,0.12115947902202606
tpatchgnn,17,1,16,6,33,2.869701012969017,3.125104121863842,0.19139982759952545,2.805274911224842,0.11369865387678146
tpatchgnn,17,1,16,6,34,2.893454395234585,3.0975500121712685,0.19756797701120377,2.8876876458525658,0.11489167809486389
tpatchgnn,17,1,16,6,35,2.9509440064430237,3.3736294135451317,0.20857620984315872,3.0429083853960037,0.1208372414112091
tpatchgnn,17,1,16,6,36,3.0364450067281723,3.1768158078193665,0.1950794830918312,2.89005134254694,0.11508911848068237
tpatchgnn,17,1,16,6,37,2.8697894886136055,3.1281979754567146,0.19584037363529205,2.792797051370144,0.11193938553333282
tpatchgnn,17,1,16,6,38,2.809286117553711,3.0806977301836014,0.19163917750120163,2.813509665429592,0.1103552058339119
tpatchgnn,17,1,16,6,39,2.836550585925579,3.065367229282856,0.18922053277492523,2.864471636712551,0.11378154158592224
tpatchgnn,17,1,16,6,40,2.8701554983854294,3.171296790242195,0.2059582620859146,2.9326239600777626,0.11337548494338989
tpatchgnn,17,1,16,6,41,2.9832441359758377,3.327552229166031,0.20606722682714462,3.020758740603924,0.11559762060642242
tpatchgnn,17,1,16,6,42,2.833825536072254,3.118532709777355,0.19092950969934464,2.8006741777062416,0.11205952614545822
tpatchgnn,17,1,16,6,43,2.8148023411631584,3.0547818168997765,0.19300822168588638,2.8389152139425278,0.11105090379714966
tpatchgnn,17,1,16,6,44,2.815632149577141,3.1094634905457497,0.1912638545036316,2.8042318299412727,0.11019222438335419
tpatchgnn,17,1,16,6,45,2.7002589777112007,3.100726753473282,0.19532348960638046,2.8619999065995216,0.11283345520496368
tpatchgnn,17,1,16,6,46,2.9782792553305626,3.181534819304943,0.19435863941907883,2.880483865737915,0.11102762073278427
tpatchgnn,17,1,16,6,47,2.803047187626362,3.240678459405899,0.2077510580420494,3.0428795143961906,0.12187659740447998
tpatchgnn,17,1,16,6,48,3.034401684999466,3.1825853511691093,0.19395072013139725,2.810923382639885,0.11252518743276596
tpatchgnn,17,1,16,6,49,2.818835899233818,3.1541232019662857,0.1950785517692566,2.802201546728611,0.11094659566879272
tpatchgnn,17,1,32,1,0,2.801530994474888,3.1329886987805367,0.19816402345895767,3.5275081172585487,0.10741967707872391
tpatchgnn,17,1,32,1,1,3.098508343100548,3.3421646803617477,0.20876992493867874,3.0384259298443794,0.09630434215068817
tpatchgnn,17,1,32,1,2,2.80824676156044,3.0906647443771362,0.19379518926143646,2.806810662150383,0.09250082075595856
tpatchgnn,17,1,32,1,3,2.837623469531536,3.092227503657341,0.197703018784523,2.9124999418854713,0.09580980986356735
tpatchgnn,17,1,32,1,4,2.8911055997014046,3.1064609065651894,0.19596237689256668,2.7214065194129944,0.08963048458099365
tpatchgnn,17,1,32,1,5,2.7193306013941765,2.908988855779171,0.18343236297369003,2.8018271550536156,0.093887560069561
tpatchgnn,17,1,32,1,6,2.8064679354429245,3.069426864385605,0.19353069365024567,2.804035320878029,0.09289383888244629
tpatchgnn,17,1,32,1,7,2.772458828985691,3.0746981501579285,0.19476469606161118,2.824542112648487,0.09268894791603088
tpatchgnn,17,1,32,1,8,2.9098419472575188,3.2212231308221817,0.2072639763355255,3.0756639316678047,0.1023830845952034
tpatchgnn,17,1,32,1,9,2.895473502576351,3.137257881462574,0.19840057939291,2.9249824583530426,0.09671878069639206
tpatchgnn,17,1,32,1,10,2.9351068660616875,3.3344943076372147,0.21035224199295044,3.078252077102661,0.1018773764371872
tpatchgnn,17,1,32,1,11,3.0622463673353195,6.530677899718285,0.21370407193899155,2.9058875516057014,0.09460560977458954
tpatchgnn,17,1,32,1,12,2.876576967537403,3.306088037788868,0.21103210747241974,2.8692400082945824,0.09453017264604568
tpatchgnn,17,1,32,1,13,2.844894304871559,3.0318982899188995,0.18479209393262863,2.72168405354023,0.087750144302845
tpatchgnn,17,1,32,1,14,2.6878872886300087,2.9071662575006485,0.19302591681480408,2.7591176331043243,0.08989684283733368
tpatchgnn,17,1,32,1,15,2.763482742011547,3.107381984591484,0.19532721489667892,2.794673666357994,0.09245984256267548
tpatchgnn,17,1,32,1,16,2.824239432811737,3.094273619353771,0.19471626728773117,2.8368504717946053,0.09239930659532547
tpatchgnn,17,1,32,1,17,2.81718373298645,3.0792802572250366,0.1904647797346115,2.8618276119232178,0.09472761303186417
tpatchgnn,17,1,32,1,18,2.8116051107645035,3.068773075938225,0.2047549933195114,2.719081938266754,0.08929707109928131
tpatchgnn,17,1,32,1,19,2.7365582063794136,3.0803782865405083,0.19463524222373962,2.8168410062789917,0.09274948388338089
tpatchgnn,17,1,32,1,20,2.814500592648983,2.9340023174881935,0.18351804465055466,2.6867669075727463,0.09016692638397217
tpatchgnn,17,1,32,1,21,2.663244493305683,2.9232120141386986,0.1861853525042534,2.6740971952676773,0.08863769471645355
tpatchgnn,17,1,32,1,22,2.6751412078738213,2.932390198111534,0.18407776951789856,2.680881880223751,0.09022373706102371
tpatchgnn,17,1,32,1,23,2.7057481929659843,3.077900968492031,0.194670632481575,2.738495357334614,0.08844677358865738
tpatchgnn,17,1,32,1,24,2.678696997463703,2.8964346274733543,0.1832982525229454,2.676635980606079,0.08945446461439133
tpatchgnn,17,1,32,1,25,2.6643620803952217,3.0401283875107765,0.18702074885368347,2.6648202911019325,0.08804723620414734
tpatchgnn,17,1,32,1,26,2.7688592672348022,3.0443817377090454,0.19347388297319412,2.7586501091718674,0.0888090580701828
tpatchgnn,17,1,32,1,27,2.6640277355909348,3.1298547983169556,0.19512418657541275,3.0047735199332237,0.09986292570829391
tpatchgnn,17,1,32,1,28,3.071531653404236,3.337038680911064,0.20885467529296875,2.979566343128681,0.09417254477739334
tpatchgnn,17,1,32,1,29,2.726450562477112,2.9085958376526833,0.18628500401973724,2.673119306564331,0.08696690201759338
tpatchgnn,17,1,32,1,30,2.6317471638321877,2.9225144535303116,0.18414761871099472,2.7584126219153404,0.09217299520969391
tpatchgnn,17,1,32,1,31,2.8225360438227654,3.1445883214473724,0.20292960107326508,2.817663364112377,0.092310830950737
tpatchgnn,17,1,32,1,32,2.810106612741947,3.24957724660635,0.21210312843322754,5.630426108837128,0.1019500195980072
tpatchgnn,17,1,32,1,33,3.006843850016594,3.069003112614155,0.1943083480000496,2.8040921315550804,0.08712150156497955
tpatchgnn,17,1,32,1,34,2.659655176103115,2.9461877420544624,0.19461382180452347,2.794027328491211,0.09224191308021545
tpatchgnn,17,1,32,1,35,2.7772439643740654,3.0930256471037865,0.1934068277478218,2.7274051681160927,0.09386707097291946
tpatchgnn,17,1,32,1,36,2.7951961383223534,3.0546626076102257,0.1942543312907219,2.8001563623547554,0.09288080036640167
tpatchgnn,17,1,32,1,37,2.8205690905451775,3.054237924516201,0.1931050792336464,2.816220745444298,0.09271781891584396
tpatchgnn,17,1,32,1,38,2.7887122705578804,3.0952487140893936,0.19203219562768936,2.7840668335556984,0.0934237614274025
tpatchgnn,17,1,32,1,39,2.801302820444107,3.042468801140785,0.1937560737133026,2.785920165479183,0.09155180305242538
tpatchgnn,17,1,32,1,40,2.736574038863182,2.931203693151474,0.18344447016716003,2.6619182899594307,0.09032245725393295
tpatchgnn,17,1,32,1,41,2.6524197310209274,2.884313464164734,0.1848442479968071,2.6600128039717674,0.08737761527299881
tpatchgnn,17,1,32,1,42,2.6736753061413765,2.9703564941883087,0.18415693193674088,2.811245620250702,0.09348057210445404
tpatchgnn,17,1,32,1,43,2.785918302834034,3.062121570110321,0.19397493451833725,2.7823317795991898,0.09133946150541306
tpatchgnn,17,1,32,1,44,2.793022431433201,2.975285053253174,0.1925705000758171,2.8153071179986,0.09422376751899719
tpatchgnn,17,1,32,1,45,2.7781538665294647,3.0819643288850784,0.1943325623869896,2.7888044714927673,0.09156484156847
tpatchgnn,17,1,32,1,46,2.8117578476667404,3.0475379899144173,0.19175931811332703,2.8028255328536034,0.09275693446397781
tpatchgnn,17,1,32,1,47,2.788699232041836,3.0666645616292953,0.21151453256607056,3.027484752237797,0.09970460087060928
tpatchgnn,17,1,32,1,48,3.0584819614887238,3.315342590212822,0.2036653459072113,2.8152521699666977,0.08743815124034882
tpatchgnn,17,1,32,1,49,2.634787932038307,2.9463618993759155,0.18456578254699707,2.653178758919239,0.0875694677233696
tpatchgnn,17,1,32,6,0,2.751399762928486,3.0389344319701195,0.19126944243907928,2.8425389900803566,0.11324696242809296
tpatchgnn,17,1,32,6,1,2.803819254040718,3.107979893684387,0.19082147628068924,2.8074244037270546,0.11231191456317902
tpatchgnn,17,1,32,6,2,2.8407378122210503,3.0705034732818604,0.19148457795381546,2.848990261554718,0.11057406663894653
tpatchgnn,17,1,32,6,3,2.819742076098919,3.101807087659836,0.18954183906316757,2.743513323366642,0.10750535875558853
tpatchgnn,17,1,32,6,4,2.6710396632552147,3.037072718143463,0.192372128367424,2.7229823172092438,0.10751094669103622
tpatchgnn,17,1,32,6,5,2.7032578364014626,3.086923621594906,0.19020680338144302,2.8406288474798203,0.1132674515247345
tpatchgnn,17,1,32,6,6,2.6890328153967857,2.951999194920063,0.18173269927501678,2.6623914018273354,0.10586809366941452
tpatchgnn,17,1,32,6,7,2.7207471430301666,3.138887695968151,0.19476376473903656,2.7752649039030075,0.11172611266374588
tpatchgnn,17,1,32,6,8,2.7341190725564957,2.9500750824809074,0.1841885969042778,2.671913243830204,0.10529998689889908
tpatchgnn,17,1,32,6,9,2.727840095758438,3.0082818120718002,0.19227154552936554,2.8641093522310257,0.11481251567602158
tpatchgnn,17,1,32,6,10,2.849130891263485,3.1220121309161186,0.18106400966644287,2.673332579433918,0.10557752102613449
tpatchgnn,17,1,32,6,11,2.7210908010601997,3.0747801065444946,0.19246991723775864,2.845938317477703,0.1115165650844574
tpatchgnn,17,1,32,6,12,2.8405170887708664,2.998046576976776,0.19258074462413788,2.816985361278057,0.11168047785758972
tpatchgnn,17,1,32,6,13,2.808770164847374,3.076537512242794,0.19165966659784317,2.8462186455726624,0.1141224056482315
tpatchgnn,17,1,32,6,14,2.9069343581795692,3.134913742542267,0.20004063844680786,2.8915731236338615,0.11154357343912125
tpatchgnn,17,1,32,6,15,2.8156638145446777,3.0913446098566055,0.18989946693181992,2.8261272236704826,0.1095430925488472
tpatchgnn,17,1,32,6,16,2.690354362130165,2.998574636876583,0.1918599009513855,2.755347639322281,0.1082494854927063
tpatchgnn,17,1,32,6,17,2.8175683692097664,2.9603689908981323,0.18023420125246048,2.7320068329572678,0.10820198804140091
tpatchgnn,17,1,32,6,18,2.6967236772179604,3.14540509134531,0.19254442304372787,2.83623393625021,0.11103879660367966
tpatchgnn,17,1,32,6,19,2.7089184150099754,2.9467176645994186,0.18068961799144745,2.6749279350042343,0.10720640420913696
tpatchgnn,17,1,32,6,20,2.6882002130150795,2.934582531452179,0.18375646322965622,2.7435487136244774,0.11151470243930817
tpatchgnn,17,1,32,6,21,2.833908423781395,3.0869152396917343,0.18966477364301682,2.797534689307213,0.10808929800987244
tpatchgnn,17,1,32,6,22,2.7472497895359993,3.1282324343919754,0.1915469765663147,2.7927160263061523,0.11211540549993515
tpatchgnn,17,1,32,6,23,2.785826101899147,3.00003495067358,0.19392836838960648,2.844235859811306,0.11389516294002533
tpatchgnn,17,1,32,6,24,2.8299037367105484,3.077477216720581,0.1926654949784279,3.058120608329773,0.11838972568511963
tpatchgnn,17,1,32,6,25,3.035634756088257,3.406527452170849,0.2050967887043953,2.824314869940281,0.10791979730129242
tpatchgnn,17,1,32,6,26,2.6725297793745995,3.0447598546743393,0.19037816673517227,2.7943123131990433,0.10997708886861801
tpatchgnn,17,1,32,6,27,2.7963342145085335,3.060420975089073,0.18917396664619446,2.779192291200161,0.11222716420888901
tpatchgnn,17,1,32,6,28,2.826208248734474,3.0643129721283913,0.18974952399730682,2.7859797701239586,0.10901130735874176
tpatchgnn,17,1,32,6,29,2.800397574901581,3.0753081664443016,0.18931087106466293,2.794753760099411,0.11236313730478287
tpatchgnn,17,1,32,6,30,2.787455916404724,3.0870409682393074,0.1933453604578972,2.7087153866887093,0.10477844625711441
tpatchgnn,17,1,32,6,31,2.6612700894474983,2.9106130823493004,0.18265098333358765,2.697242423892021,0.10503455996513367
tpatchgnn,17,1,32,6,32,2.653234638273716,2.9232511296868324,0.18097739666700363,2.734520472586155,0.10734796524047852
tpatchgnn,17,1,32,6,33,2.6597557589411736,2.928781323134899,0.19105244427919388,2.802071161568165,0.11009536683559418
tpatchgnn,17,1,32,6,34,2.839903347194195,3.0932482331991196,0.1894962042570114,2.821282483637333,0.1111794263124466
tpatchgnn,17,1,32,6,35,2.686074934899807,2.9319273307919502,0.18033571541309357,2.6867371052503586,0.1051872968673706
tpatchgnn,17,1,32,6,36,2.6759617030620575,3.0603548511862755,0.18927641212940216,2.701444551348686,0.10712910443544388
tpatchgnn,17,1,32,6,37,2.6722103357315063,2.984430640935898,0.18914882093667984,2.8194189071655273,0.11047441512346268
tpatchgnn,17,1,32,6,38,2.7918461710214615,3.0739987269043922,0.19014067947864532,2.7897190302610397,0.1109875738620758
tpatchgnn,17,1,32,6,39,2.7999160811305046,3.053918480873108,0.18930714577436447,2.7098404243588448,0.10704528540372849
tpatchgnn,17,1,32,6,40,2.642575651407242,2.9349345713853836,0.18169265240430832,2.6324251666665077,0.10687299072742462
tpatchgnn,17,1,32,6,41,2.783033065497875,3.067794255912304,0.1913970336318016,2.814982086420059,0.11014845222234726
tpatchgnn,17,1,32,6,42,2.76915542781353,2.9070470482110977,0.18325727432966232,2.6865918189287186,0.10620616376399994
tpatchgnn,17,1,32,6,43,2.6542963460087776,2.929268404841423,0.17984583973884583,2.664758823812008,0.10725203901529312
tpatchgnn,17,1,32,6,44,2.6865974068641663,2.9317857697606087,0.18297228962183,2.656332217156887,0.10422896593809128
tpatchgnn,17,1,32,6,45,2.6330221444368362,2.9020532965660095,0.18006004393100739,2.7435598894953728,0.11220388114452362
tpatchgnn,17,1,32,6,46,2.8029875829815865,3.065314143896103,0.1937318593263626,2.8149541467428207,0.11129584163427353
tpatchgnn,17,1,32,6,47,2.791929990053177,2.9983287677168846,0.17909705638885498,2.658715471625328,0.10386575013399124
tpatchgnn,17,1,32,6,48,2.621745690703392,2.91355699300766,0.18425844609737396,2.6659248396754265,0.1051872968673706
tpatchgnn,17,1,32,6,49,2.670777030289173,2.9250402003526688,0.18129870295524597,2.6970356702804565,0.11164415627717972
tpatchgnn,17,32,4,1,0,4.357403144240379,4.547744989395142,0.19012391567230225,4.357917234301567,0.09732693433761597
tpatchgnn,17,32,4,1,1,4.3844860047101974,4.600921645760536,0.19611604511737823,4.390871152281761,0.09667128324508667
tpatchgnn,17,32,4,1,2,4.393152892589569,4.608215764164925,0.19789114594459534,4.381177946925163,0.09992998093366623
tpatchgnn,17,32,4,1,3,4.39270306378603,4.558496177196503,0.1859581097960472,4.350163042545319,0.09780656546354294
tpatchgnn,17,32,4,1,4,4.380777478218079,4.533117637038231,0.2225702628493309,4.354509525001049,0.09776931256055832
tpatchgnn,17,32,4,1,5,4.297494888305664,4.468237981200218,0.19600708037614822,5.509502254426479,0.21076668053865433
tpatchgnn,17,32,4,1,6,4.79549914598465,4.519864916801453,0.20535849034786224,4.356094636023045,0.10173209011554718
tpatchgnn,17,32,4,1,7,4.307975061237812,4.507803358137608,0.18487032502889633,4.271985962986946,0.09355787187814713
tpatchgnn,17,32,4,1,8,4.285147413611412,4.497679881751537,0.19451603293418884,4.309539683163166,0.09920261800289154
tpatchgnn,17,32,4,1,9,4.290093667805195,4.512702114880085,0.1979786902666092,4.292099736630917,0.09627733379602432
tpatchgnn,17,32,4,1,10,4.269054159522057,4.497198387980461,0.18626078963279724,4.263773560523987,0.09165704250335693
tpatchgnn,17,32,4,1,11,4.265530966222286,4.482347518205643,0.21344143897294998,4.377423785626888,0.10648276656866074
tpatchgnn,17,32,4,1,12,4.3543195351958275,4.516215063631535,0.2025524154305458,4.307887516915798,0.09615067392587662
tpatchgnn,17,32,4,1,13,4.294173792004585,4.522873088717461,0.19951537251472473,4.321488551795483,0.0983094796538353
tpatchgnn,17,32,4,1,14,4.3074581772089005,4.507387988269329,0.1980746164917946,4.303347319364548,0.10293908417224884
tpatchgnn,17,32,4,1,15,4.313347861170769,4.566751420497894,0.19672047346830368,4.317424260079861,0.1043863594532013
tpatchgnn,17,32,4,1,16,4.315518774092197,4.542789421975613,0.20090211182832718,4.316031001508236,0.1169797033071518
tpatchgnn,17,32,4,1,17,4.360666498541832,4.583170637488365,0.21615438163280487,4.363229498267174,0.10516587644815445
tpatchgnn,17,32,4,1,18,4.355753771960735,4.54822089523077,0.33890269696712494,6.442760117352009,0.10154768824577332
tpatchgnn,17,32,4,1,19,4.317754879593849,4.584356211125851,0.1966441050171852,4.304052330553532,0.09995419532060623
tpatchgnn,17,32,4,1,20,4.314732737839222,4.525289870798588,0.19533932209014893,4.312381148338318,0.10351091623306274
tpatchgnn,17,32,4,1,21,4.304340109229088,4.508261568844318,0.20251423120498657,4.306565038859844,0.09865593165159225
tpatchgnn,17,32,4,1,22,4.3038129806518555,4.5347437262535095,0.201529823243618,4.348729737102985,0.09123142808675766
tpatchgnn,17,32,4,1,23,4.23507671803236,4.476931877434254,0.19668228924274445,4.297018051147461,0.1006079837679863
tpatchgnn,17,32,4,1,24,4.301975481212139,4.489920102059841,0.18918979912996292,4.266202449798584,0.09491480886936188
tpatchgnn,17,32,4,1,25,4.264624789357185,4.5114923268556595,0.18493831157684326,4.263922572135925,0.09420793503522873
tpatchgnn,17,32,4,1,26,4.2586661875247955,4.45275753736496,0.18417462706565857,4.2507946491241455,0.09180977940559387
tpatchgnn,17,32,4,1,27,4.247100092470646,4.472736269235611,0.18897652626037598,4.268955439329147,0.09159650653600693
tpatchgnn,17,32,4,1,28,4.250754602253437,4.457185044884682,0.1852475106716156,4.265236668288708,0.09376369416713715
tpatchgnn,17,32,4,1,29,4.26310021430254,4.519104026257992,0.19618868827819824,4.263441078364849,0.09488128125667572
tpatchgnn,17,32,4,1,30,4.270661622285843,4.530399106442928,0.19123777747154236,4.279308952391148,0.09274668991565704
tpatchgnn,17,32,4,1,31,4.293057136237621,4.585828632116318,0.20971894264221191,4.368280991911888,0.10520312935113907
tpatchgnn,17,32,4,1,32,4.359899088740349,4.514072090387344,0.20572729408740997,4.316207952797413,0.0974135473370552
tpatchgnn,17,32,4,1,33,4.286161623895168,4.512072540819645,0.18440932035446167,4.263896495103836,0.09340327233076096
tpatchgnn,17,32,4,1,34,4.259936511516571,4.466637037694454,0.19636284559965134,4.302246496081352,0.09187590330839157
tpatchgnn,17,32,4,1,35,4.293600097298622,4.51468862593174,0.19718986004590988,4.299751482903957,0.09857956320047379
tpatchgnn,17,32,4,1,36,4.290244542062283,4.477506503462791,0.19973795861005783,4.321024753153324,0.1010056585073471
tpatchgnn,17,32,4,1,37,4.304402507841587,4.45801205933094,0.1863064244389534,4.301391541957855,0.10539032518863678
tpatchgnn,17,32,4,1,38,4.29365411400795,4.511823877692223,0.19918102771043777,4.279915243387222,0.09103212505578995
tpatchgnn,17,32,4,1,39,4.244612529873848,4.458121955394745,0.18616300076246262,4.26886510103941,0.09859632700681686
tpatchgnn,17,32,4,1,40,4.2998334392905235,4.503952339291573,0.1960061490535736,4.307561554014683,0.09354017674922943
tpatchgnn,17,32,4,1,41,4.2598070576786995,4.475926980376244,0.18841400742530823,4.268522374331951,0.1039532944560051
tpatchgnn,17,32,4,1,42,4.26110252737999,4.458077251911163,0.18658675253391266,4.265019670128822,0.09117275476455688
tpatchgnn,17,32,4,1,43,4.260561428964138,4.470334388315678,0.46470388770103455,6.150932051241398,0.10719988495111465
tpatchgnn,17,32,4,1,44,4.362134262919426,4.579693078994751,0.18655043095350266,4.277616739273071,0.10866764932870865
tpatchgnn,17,32,4,1,45,4.36040572822094,4.589098505675793,0.21445471793413162,4.36058547347784,0.10848324745893478
tpatchgnn,17,32,4,1,46,4.355194047093391,4.506836645305157,0.19722525030374527,4.272423684597015,0.08966494351625443
tpatchgnn,17,32,4,1,47,4.262598231434822,4.4582076370716095,0.1842845231294632,4.266625270247459,0.09525567293167114
tpatchgnn,17,32,4,1,48,4.2679160833358765,4.4681839644908905,0.1948084682226181,4.274492152035236,0.09428709745407104
tpatchgnn,17,32,4,1,49,4.256781190633774,4.4815801084041595,0.18555019050836563,4.262511618435383,0.09398441761732101
tpatchgnn,17,32,4,6,0,4.329027608036995,4.5642610639333725,0.18886849284172058,4.294245503842831,0.11657737195491791
tpatchgnn,17,32,4,6,1,4.294346086680889,4.527132958173752,0.19716937094926834,4.335410892963409,0.12566708028316498
tpatchgnn,17,32,4,6,2,4.373185336589813,4.639758728444576,0.19312743097543716,4.317590966820717,0.11939741671085358
tpatchgnn,17,32,4,6,3,4.315520636737347,4.564875736832619,0.19197817891836166,4.325234331190586,0.150374136865139
tpatchgnn,17,32,4,6,4,4.346623085439205,4.557877779006958,0.20860973745584488,4.330754280090332,0.12393947690725327
tpatchgnn,17,32,4,6,5,4.3371981009840965,4.561074078083038,0.19373372197151184,4.317783750593662,0.1194048672914505
tpatchgnn,17,32,4,6,6,4.324819892644882,4.56223264336586,0.2103559672832489,4.357391968369484,0.12242421507835388
tpatchgnn,17,32,4,6,7,4.339125938713551,4.616044461727142,0.7176706567406654,5.694962106645107,0.13543106615543365
tpatchgnn,17,32,4,6,8,4.394973628222942,4.641176201403141,0.20293891429901123,4.341491498053074,0.1263059675693512
tpatchgnn,17,32,4,6,9,4.382610321044922,4.6387286856770515,0.21014362573623657,4.391157068312168,0.12559443712234497
tpatchgnn,17,32,4,6,10,4.390820860862732,4.586438648402691,0.22622570395469666,4.391884431242943,0.12641865760087967
tpatchgnn,17,32,4,6,11,4.378120414912701,4.6356553211808205,0.2102060243487358,4.383816383779049,0.12576766312122345
tpatchgnn,17,32,4,6,12,4.376140423119068,4.647882655262947,0.2016667276620865,4.336942918598652,0.12151990085840225
tpatchgnn,17,32,4,6,13,4.325375892221928,4.628052935004234,0.21061953157186508,4.367298446595669,0.11745467782020569
tpatchgnn,17,32,4,6,14,4.3189022690057755,4.56409715116024,0.19272789359092712,4.336407408118248,0.12819375842809677
tpatchgnn,17,32,4,6,15,4.337201826274395,4.558366723358631,0.1973947510123253,4.329608753323555,0.11981558054685593
tpatchgnn,17,32,4,6,16,4.315460100769997,4.55933902412653,0.19573979079723358,4.322009161114693,0.1199888065457344
tpatchgnn,17,32,4,6,17,4.350719973444939,6.418269127607346,0.2107173204421997,4.398929886519909,0.1249825581908226
tpatchgnn,17,32,4,6,18,4.377465695142746,4.5449398458004,0.1834845170378685,4.325632005929947,0.12221839278936386
tpatchgnn,17,32,4,6,19,4.343890585005283,4.558529704809189,0.20516663789749146,4.343808628618717,0.11975038796663284
tpatchgnn,17,32,4,6,20,4.314243793487549,4.557006061077118,0.19437354058027267,4.287217743694782,0.1186523586511612
tpatchgnn,17,32,4,6,21,4.327795468270779,4.56339493393898,0.19659753888845444,4.321398213505745,0.11939648538827896
tpatchgnn,17,32,4,6,22,4.31874580681324,4.518637433648109,0.19049271941184998,4.3191490694880486,0.11963117867708206
tpatchgnn,17,32,4,6,23,4.311409778892994,4.562973044812679,0.1938343048095703,4.336406476795673,0.12631062418222427
tpatchgnn,17,32,4,6,24,4.32589091360569,4.565432667732239,0.19557494670152664,4.323425702750683,0.12139696627855301
tpatchgnn,17,32,4,6,25,4.325401969254017,4.561521112918854,0.19269250333309174,4.3166810646653175,0.12021977454423904
tpatchgnn,17,32,4,6,26,4.336600191891193,4.720479249954224,0.20261574536561966,4.331671632826328,0.12511201202869415
tpatchgnn,17,32,4,6,27,4.337443970143795,4.580638371407986,0.19423849880695343,4.324727691709995,0.12766290456056595
tpatchgnn,17,32,4,6,28,4.361660219728947,4.587325267493725,0.31759031116962433,4.611227661371231,0.1337006688117981
tpatchgnn,17,32,4,6,29,4.384463652968407,7.546383887529373,0.22061821073293686,4.392493516206741,0.1307167112827301
tpatchgnn,17,32,4,6,30,4.3896399438381195,4.607765004038811,0.20125601440668106,4.3492792174220085,0.1245969906449318
tpatchgnn,17,32,4,6,31,4.3882327154278755,4.611007869243622,0.20152702927589417,4.342376254498959,0.12427475303411484
tpatchgnn,17,32,4,6,32,4.3397145345807076,4.561861976981163,0.19635818898677826,4.323679022490978,0.12262817472219467
tpatchgnn,17,32,4,6,33,4.338398575782776,4.634972661733627,0.21149497479200363,4.40429151058197,0.12238044291734695
tpatchgnn,17,32,4,6,34,4.338815808296204,4.640921019017696,0.2025766298174858,4.328272305428982,0.11974293738603592
tpatchgnn,17,32,4,6,35,4.284687340259552,4.516123794019222,0.19614864140748978,4.323075525462627,0.11949613690376282
tpatchgnn,17,32,4,6,36,4.322332330048084,4.5640720054507256,0.1947246491909027,4.328269511461258,0.12178998440504074
tpatchgnn,17,32,4,6,37,4.311523400247097,4.559159278869629,0.19506551325321198,4.31990809738636,0.11949241161346436
tpatchgnn,17,32,4,6,38,4.31671179831028,4.5630717650055885,0.19401125609874725,4.338585771620274,0.12112408876419067
tpatchgnn,17,32,4,6,39,4.351976327598095,4.549626260995865,0.19863713532686234,4.327823407948017,0.12008752673864365
tpatchgnn,17,32,4,6,40,4.312553443014622,4.5246826484799385,0.19387900829315186,4.320845939218998,0.11907797306776047
tpatchgnn,17,32,4,6,41,4.322383552789688,4.586172290146351,0.20909588783979416,4.334945231676102,0.12104585766792297
tpatchgnn,17,32,4,6,42,4.331738688051701,4.5650312677025795,0.1954520121216774,4.3251775205135345,0.11905934661626816
tpatchgnn,17,32,4,6,43,4.31420374661684,5.8322809636592865,0.9067738428711891,4.639890044927597,0.12520607560873032
tpatchgnn,17,32,4,6,44,4.380382597446442,4.623093642294407,0.2003312110900879,4.343337379395962,0.11876784265041351
tpatchgnn,17,32,4,6,45,4.319473169744015,4.555382765829563,0.19539985805749893,4.320316016674042,0.12105144560337067
tpatchgnn,17,32,4,6,46,4.321086220443249,4.576760344207287,0.19972678273916245,4.334358498454094,0.11775456368923187
tpatchgnn,17,32,4,6,47,4.313783720135689,4.572817124426365,0.19285175949335098,4.327353090047836,0.11964794248342514
tpatchgnn,17,32,4,6,48,4.334940575063229,4.6429019421339035,0.21014362573623657,4.384786821901798,0.1260228455066681
tpatchgnn,17,32,4,6,49,4.377403296530247,4.5585185289382935,0.1970948651432991,4.3405331671237946,0.11970475316047668
tpatchgnn,17,32,16,1,0,10.049249976873398,10.23520901799202,0.2867691218852997,9.973526932299137,0.10305177420377731
tpatchgnn,17,32,16,1,1,9.980684146285057,10.200228542089462,0.2965657040476799,9.973643347620964,0.1039355993270874
tpatchgnn,17,32,16,1,2,9.98865906149149,10.196716524660587,0.29468536376953125,10.013498365879059,0.0997297465801239
tpatchgnn,17,32,16,1,3,9.980016387999058,10.183824226260185,0.29052887111902237,10.000418871641159,0.0993805006146431
tpatchgnn,17,32,16,1,4,9.976430796086788,10.212559252977371,0.2883393317461014,10.005033574998379,0.37842895835638046
tpatchgnn,17,32,16,1,5,11.7283770814538,10.228692553937435,0.2803634852170944,9.942630305886269,0.10571815073490143
tpatchgnn,17,32,16,1,6,9.992302395403385,10.205555707216263,0.2885768190026283,9.980258531868458,0.09504705667495728
tpatchgnn,17,32,16,1,7,9.95601061731577,10.205965489149094,0.285283662378788,9.976060129702091,0.10974518954753876
tpatchgnn,17,32,16,1,8,9.963227435946465,10.263404808938503,0.2908734604716301,10.01804880797863,0.10237563401460648
tpatchgnn,17,32,16,1,9,9.96476598083973,10.203857906162739,0.3008265048265457,10.037264786660671,0.10762270539999008
tpatchgnn,17,32,16,1,10,10.031793266534805,10.270895436406136,0.3020241856575012,10.010252706706524,0.10187458246946335
tpatchgnn,17,32,16,1,11,9.978203102946281,10.208520106971264,0.2998029813170433,10.040594264864922,0.10093022137880325
tpatchgnn,17,32,16,1,12,9.984197095036507,10.199405252933502,0.2844473347067833,9.950198233127594,0.1098141074180603
tpatchgnn,17,32,16,1,13,10.032054968178272,10.229820385575294,0.2882732078433037,9.998569265007973,0.10019633919000626
tpatchgnn,17,32,16,1,14,9.977135807275772,10.190173052251339,0.3047604113817215,10.025626979768276,0.10185409337282181
tpatchgnn,17,32,16,1,15,9.980888105928898,10.198027826845646,0.27918536216020584,9.951059706509113,0.11072028428316116
tpatchgnn,17,32,16,1,16,10.027972050011158,10.236172936856747,0.29058754444122314,10.020208545029163,0.10467693209648132
tpatchgnn,17,32,16,1,17,9.981325827538967,10.23938786238432,0.2910075709223747,9.99794714152813,0.1010596752166748
tpatchgnn,17,32,16,1,18,9.984767995774746,10.221065022051334,0.31469110399484634,10.033694095909595,0.09773578494787216
tpatchgnn,17,32,16,1,19,9.970244951546192,10.229045525193214,0.3074035048484802,10.042743757367134,0.10843947529792786
tpatchgnn,17,32,16,1,20,10.017702355980873,10.188620537519455,0.30702725052833557,10.034853592514992,0.09850319474935532
tpatchgnn,17,32,16,1,21,9.957406669855118,10.197490453720093,0.287424772977829,9.976689703762531,0.09786803275346756
tpatchgnn,17,32,16,1,22,9.96248610317707,10.194203816354275,0.28883572667837143,10.001953691244125,0.12323260307312012
tpatchgnn,17,32,16,1,23,10.023567825555801,10.208414867520332,0.2883216366171837,9.998618625104427,0.09978283196687698
tpatchgnn,17,32,16,1,24,9.97871346771717,10.182585567235947,0.29092468321323395,9.98747255653143,0.09850412607192993
tpatchgnn,17,32,16,1,25,9.968992322683334,10.262828320264816,0.2857362851500511,10.000630281865597,0.11002644896507263
tpatchgnn,17,32,16,1,26,9.989788755774498,10.274529457092285,0.28919894248247147,9.977548383176327,0.09907316416501999
tpatchgnn,17,32,16,1,27,9.972620755434036,10.186705738306046,0.29667187482118607,9.979813359677792,0.10504014790058136
tpatchgnn,17,32,16,1,28,10.000214911997318,10.192294605076313,0.28876587748527527,9.978392161428928,0.09858235716819763
tpatchgnn,17,32,16,1,29,9.968526661396027,10.287732817232609,0.28914865106344223,9.991264902055264,0.10013021528720856
tpatchgnn,17,32,16,1,30,9.975248947739601,10.198067873716354,0.2858061343431473,9.980019181966782,0.10129716247320175
tpatchgnn,17,32,16,1,31,9.948769584298134,10.18980611115694,0.2877824008464813,9.981495328247547,0.10301358997821808
tpatchgnn,17,32,16,1,32,9.989488869905472,10.221630334854126,0.2881726250052452,9.985293261706829,0.10014232248067856
tpatchgnn,17,32,16,1,33,9.99350007623434,10.19063126295805,0.28582382947206497,9.980271570384502,0.09662751108407974
tpatchgnn,17,32,16,1,34,9.954937733709812,10.148832574486732,0.28838682919740677,9.99138131737709,0.09920448064804077
tpatchgnn,17,32,16,1,35,9.975185617804527,10.148384608328342,0.2845004200935364,9.97967179864645,0.10028760880231857
tpatchgnn,17,32,16,1,36,9.97723825275898,10.224404744803905,0.3041001036763191,10.032831691205502,0.10265782475471497
tpatchgnn,17,32,16,1,37,9.995171800255775,10.185597464442253,0.28723012655973434,9.976516477763653,0.09842868894338608
tpatchgnn,17,32,16,1,38,9.979084134101868,10.230575688183308,0.29909703880548477,10.04707533866167,0.10021869093179703
tpatchgnn,17,32,16,1,39,10.002262890338898,10.23141760379076,0.2846568822860718,9.991433471441269,0.1023225486278534
tpatchgnn,17,32,16,1,40,9.994595311582088,10.190757922828197,0.28860103338956833,10.024633258581161,0.10242313146591187
tpatchgnn,17,32,16,1,41,9.985513053834438,10.213449597358704,0.32096635550260544,10.041341185569763,0.10004453361034393
tpatchgnn,17,32,16,1,42,9.979868307709694,10.214102454483509,0.2882275730371475,10.006706230342388,0.10022614151239395
tpatchgnn,17,32,16,1,43,9.988338686525822,10.203678160905838,0.28866715729236603,9.965045377612114,0.10046642273664474
tpatchgnn,17,32,16,1,44,9.983750991523266,10.201935656368732,0.28611812740564346,9.989329613745213,0.09843986481428146
tpatchgnn,17,32,16,1,45,9.990098886191845,10.267039760947227,0.2887388691306114,9.998895227909088,0.13144034892320633
tpatchgnn,17,32,16,1,46,10.053591802716255,10.219578631222248,0.2906946465373039,9.975618682801723,0.10017957538366318
tpatchgnn,17,32,16,1,47,9.98618546873331,10.279844515025616,0.2994369715452194,10.041802190244198,0.09745918214321136
tpatchgnn,17,32,16,1,48,9.972146712243557,10.222400538623333,0.32634008675813675,10.066613554954529,0.10326225310564041
tpatchgnn,17,32,16,1,49,9.986408986151218,10.258820839226246,0.28459634631872177,9.978247806429863,0.10353047400712967
tpatchgnn,17,32,16,6,0,10.07075235247612,10.242234915494919,0.289304181933403,10.017633438110352,0.12499932199716568
tpatchgnn,17,32,16,6,1,10.017836466431618,10.254907421767712,0.2772258594632149,9.97202843427658,0.12488942593336105
tpatchgnn,17,32,16,6,2,10.000917129218578,10.244573466479778,0.28518959879875183,10.001815855503082,0.12356787919998169
tpatchgnn,17,32,16,6,3,10.000931099057198,10.255998931825161,0.2777324989438057,9.966295212507248,0.12335926294326782
tpatchgnn,17,32,16,6,4,9.988040663301945,10.238923132419586,0.2861758694052696,10.004155337810516,0.17124507576227188
tpatchgnn,17,32,16,6,5,11.481869034469128,10.315424762666225,0.2925042062997818,9.999031201004982,0.12180209159851074
tpatchgnn,17,32,16,6,6,9.982368908822536,10.218307375907898,0.2877740189433098,10.01511700451374,0.13660360127687454
tpatchgnn,17,32,16,6,7,10.059626772999763,10.236835107207298,0.28742197901010513,9.995036758482456,0.1216968521475792
tpatchgnn,17,32,16,6,8,10.009773075580597,10.196682065725327,0.28426945209503174,9.9936006590724,0.12321770191192627
tpatchgnn,17,32,16,6,9,10.007696226239204,10.208416730165482,0.2778545022010803,9.968282654881477,0.12238603085279465
tpatchgnn,17,32,16,6,10,10.003210976719856,10.259976610541344,0.81598199903965,10.482393205165863,0.12943707406520844
tpatchgnn,17,32,16,6,11,10.035128332674503,10.256946086883545,0.2845330163836479,10.006849654018879,0.13841502368450165
tpatchgnn,17,32,16,6,12,10.031293146312237,10.267471894621849,0.2856096252799034,9.991899132728577,0.12251082807779312
tpatchgnn,17,32,16,6,13,10.015715844929218,10.242572985589504,0.28416700661182404,10.00088732689619,0.12142211198806763
tpatchgnn,17,32,16,6,14,9.999677538871765,10.319999419152737,0.2848757430911064,10.010023601353168,0.13532675802707672
tpatchgnn,17,32,16,6,15,10.066360235214233,10.321923531591892,0.28446223586797714,9.984203614294529,0.11922698467969894
tpatchgnn,17,32,16,6,16,9.971734136343002,10.274899192154408,0.2841530367732048,10.00247336924076,0.12239627540111542
tpatchgnn,17,32,16,6,17,9.99236200004816,10.238084010779858,0.2861861139535904,9.991809725761414,0.134248286485672
tpatchgnn,17,32,16,6,18,10.065082460641861,10.235407389700413,0.27963146567344666,9.970411658287048,0.11779926717281342
tpatchgnn,17,32,16,6,19,9.964877739548683,10.242515243589878,0.2766391262412071,10.009721852838993,0.12346357107162476
tpatchgnn,17,32,16,6,20,10.003110393881798,10.318364948034286,0.2788156270980835,9.97873954474926,0.1220041885972023
tpatchgnn,17,32,16,6,21,10.011058300733566,10.318022221326828,0.28230249881744385,10.000534355640411,0.12209173291921616
tpatchgnn,17,32,16,6,22,9.999129921197891,10.210826061666012,0.2844417467713356,9.98865719884634,0.11915061622858047
tpatchgnn,17,32,16,6,23,9.96155571192503,10.241820476949215,0.2856338396668434,10.017478838562965,0.12215226888656616
tpatchgnn,17,32,16,6,24,10.014163330197334,10.240714997053146,0.3019021824002266,10.053151287138462,0.1303376629948616
tpatchgnn,17,32,16,6,25,9.996775537729263,10.262737050652504,0.27748197317123413,9.986006654798985,0.12272875756025314
tpatchgnn,17,32,16,6,26,9.997283108532429,10.222156532108784,0.2883719280362129,10.001511313021183,0.12039206922054291
tpatchgnn,17,32,16,6,27,9.973345324397087,10.249520651996136,0.28602033853530884,10.003508068621159,0.1234719529747963
tpatchgnn,17,32,16,6,28,9.998299181461334,10.245631448924541,0.28877612203359604,10.012570768594742,0.11950824409723282
tpatchgnn,17,32,16,6,29,9.959404356777668,10.242093354463577,0.28540752828121185,9.977445937693119,0.1209871843457222
tpatchgnn,17,32,16,6,30,10.000673122704029,10.24138554930687,0.29828865081071854,10.046867653727531,0.12199766933917999
tpatchgnn,17,32,16,6,31,9.996766224503517,10.263841599225998,0.2931663766503334,10.004766285419464,0.12445729225873947
tpatchgnn,17,32,16,6,32,10.008146055042744,10.238956660032272,0.2838829532265663,10.00108476728201,0.13221055269241333
tpatchgnn,17,32,16,6,33,10.010113008320332,10.196490213274956,0.27746427804231644,9.966541081666946,0.1218719407916069
tpatchgnn,17,32,16,6,34,10.009437799453735,10.249773040413857,0.27993135154247284,10.008607059717178,0.12335740029811859
tpatchgnn,17,32,16,6,35,10.008233599364758,10.202949866652489,0.27811527252197266,9.957829490303993,0.12252386659383774
tpatchgnn,17,32,16,6,36,9.998415596783161,10.22977102547884,0.2771597355604172,9.975812397897243,0.12255646288394928
tpatchgnn,17,32,16,6,37,10.004393756389618,10.212051682174206,0.28352439403533936,10.001778602600098,0.13084057718515396
tpatchgnn,17,32,16,6,38,10.00832486897707,10.19064150750637,0.28633326292037964,9.99460369348526,0.12279301881790161
tpatchgnn,17,32,16,6,39,10.019405744969845,10.241747833788395,0.2858005464076996,10.00750157982111,0.12497976422309875
tpatchgnn,17,32,16,6,40,10.008453391492367,10.24643424898386,0.2852175384759903,10.01050230115652,0.12267380952835083
tpatchgnn,17,32,16,6,41,9.998293593525887,10.231813415884972,0.28307270258665085,9.98879037797451,0.12201070785522461
tpatchgnn,17,32,16,6,42,9.98882669955492,10.235406458377838,0.277872197329998,9.975044056773186,0.12224726378917694
tpatchgnn,17,32,16,6,43,9.983960539102554,10.255420580506325,0.27714576572179794,9.979422204196453,0.12239441275596619
tpatchgnn,17,32,16,6,44,9.995725005865097,10.235097259283066,0.2958988770842552,10.013562627136707,0.12307241559028625
tpatchgnn,17,32,16,6,45,10.01015119254589,10.191417299211025,0.2848030999302864,10.030969977378845,0.14153029769659042
tpatchgnn,17,32,16,6,46,10.07375679910183,10.312833823263645,0.29951054602861404,10.044646449387074,0.13019423931837082
tpatchgnn,17,32,16,6,47,10.039462707936764,10.293691419064999,0.2950308844447136,10.023240931332111,0.1293504610657692
tpatchgnn,17,32,16,6,48,10.067639872431755,10.34595351666212,0.3008190542459488,10.063107125461102,0.14344323426485062
tpatchgnn,17,32,16,6,49,10.084332898259163,10.31846646219492,0.31013600528240204,10.05570963025093,0.1317812129855156
tpatchgnn,17,32,32,1,0,18.356040120124817,18.429835326969624,0.5686292424798012,17.980569042265415,0.13121869415044785
tpatchgnn,17,32,32,1,1,17.987485975027084,18.265651538968086,0.7891394197940826,19.101781770586967,0.11312682181596756
tpatchgnn,17,32,32,1,2,17.9404579102993,18.22479534894228,0.5641607567667961,17.914422787725925,0.09959843009710312
tpatchgnn,17,32,32,1,3,17.975443974137306,18.153931014239788,0.5604643374681473,17.907315865159035,0.09753741323947906
tpatchgnn,17,32,32,1,4,17.88633782416582,18.201908096671104,0.5637146532535553,17.910356633365154,0.11523813009262085
tpatchgnn,17,32,32,1,5,17.94801652431488,18.267021514475346,0.563373789191246,17.954633571207523,0.10262802243232727
tpatchgnn,17,32,32,1,6,17.950099892914295,18.19048449397087,0.5617737770080566,17.915550619363785,0.11054147034883499
tpatchgnn,17,32,32,1,7,17.978737130761147,18.21338851004839,0.5930047482252121,18.176079727709293,0.11026579886674881
tpatchgnn,17,32,32,1,8,17.967811785638332,18.195437267422676,0.5774525925517082,17.978830263018608,0.10646414011716843
tpatchgnn,17,32,32,1,9,17.970742657780647,18.254978582262993,0.5608219653367996,17.949648201465607,0.09561609476804733
tpatchgnn,17,32,32,1,10,17.89653953164816,18.16001534461975,0.5611134693026543,17.93469302356243,0.10857265442609787
tpatchgnn,17,32,32,1,11,17.92116090655327,18.17036047577858,0.5642576143145561,17.947915010154247,0.127376988530159
tpatchgnn,17,32,32,1,12,17.95804500579834,18.181142397224903,0.5739070475101471,17.962713725864887,0.09488221257925034
tpatchgnn,17,32,32,1,13,17.884865403175354,18.17408576607704,0.5641020834445953,17.979267984628677,0.09485241025686264
tpatchgnn,17,32,32,1,14,17.923676408827305,18.175757490098476,0.5645193159580231,17.97999069094658,0.10813400149345398
tpatchgnn,17,32,32,1,15,17.937686294317245,18.207312561571598,0.5670273676514626,17.926924861967564,0.10828208178281784
tpatchgnn,17,32,32,1,16,17.896694131195545,18.166312016546726,0.5598729476332664,17.932694405317307,0.09343400597572327
tpatchgnn,17,32,32,1,17,17.928004264831543,18.159469589591026,0.5630636587738991,17.910186201334,0.10854657739400864
tpatchgnn,17,32,32,1,18,17.92148593813181,18.177389167249203,0.5675787106156349,17.955015413463116,0.09575486183166504
tpatchgnn,17,32,32,1,19,17.92202051728964,18.227947875857353,0.5685025826096535,17.898643389344215,0.09652785956859589
tpatchgnn,17,32,32,1,20,17.92161911725998,18.18967517465353,0.5656061694025993,17.91845541447401,0.09656883776187897
tpatchgnn,17,32,32,1,21,17.90216751396656,18.210279755294323,0.5631484091281891,17.950253561139107,0.09741820394992828
tpatchgnn,17,32,32,1,22,17.930072732269764,18.213150091469288,0.5632899701595306,17.94464234262705,0.09829923510551453
tpatchgnn,17,32,32,1,23,17.911269329488277,18.203568644821644,0.5645137280225754,17.9523890838027,0.09341444820165634
tpatchgnn,17,32,32,1,24,17.913781106472015,18.207069486379623,0.561743974685669,17.938042990863323,0.0990014523267746
tpatchgnn,17,32,32,1,25,17.938976176083088,18.169132992625237,0.5670711398124695,17.90018379688263,0.11531170457601547
tpatchgnn,17,32,32,1,26,17.954890616238117,18.19081511348486,0.5633924156427383,17.979799769818783,0.11618249118328094
tpatchgnn,17,32,32,1,27,17.945419996976852,18.181607127189636,0.5694562569260597,17.975817434489727,0.1109093427658081
tpatchgnn,17,32,32,1,28,17.939062789082527,18.185175023972988,0.5642566829919815,17.921769991517067,0.0996692106127739
tpatchgnn,17,32,32,1,29,17.94968545436859,18.17081030458212,0.5672387778759003,17.96210464090109,0.09439140558242798
tpatchgnn,17,32,32,1,30,17.936348915100098,18.20074301213026,0.5672052502632141,17.95713882893324,0.09939819574356079
tpatchgnn,17,32,32,1,31,17.90091022849083,18.203509971499443,0.5661174654960632,17.924428917467594,0.10085664689540863
tpatchgnn,17,32,32,1,32,17.960811965167522,18.188643269240856,0.5646413192152977,17.95071456581354,0.09523332118988037
tpatchgnn,17,32,32,1,33,17.94564165174961,18.17228365689516,0.5644476041197777,17.939308658242226,0.10103918612003326
tpatchgnn,17,32,32,1,34,17.931866459548473,18.165472894906998,0.5617626011371613,17.921251244843006,0.09206123650074005
tpatchgnn,17,32,32,1,35,17.90988352149725,18.17478984594345,0.5605444312095642,17.971573397517204,0.13102032244205475
tpatchgnn,17,32,32,1,36,17.905081622302532,18.1593494489789,0.5603348836302757,17.925229854881763,0.09561330080032349
tpatchgnn,17,32,32,1,37,17.90023874491453,18.193391151726246,0.5781734362244606,17.935764975845814,0.11300668120384216
tpatchgnn,17,32,32,1,38,17.89436023682356,18.194024451076984,0.5647707730531693,17.926651053130627,0.10440219193696976
tpatchgnn,17,32,32,1,39,17.93641969561577,18.277646973729134,0.563059002161026,17.932814545929432,0.09975582361221313
tpatchgnn,17,32,32,1,40,17.91415736079216,18.194411881268024,0.5851108580827713,18.003279343247414,0.1100245863199234
tpatchgnn,17,32,32,1,41,17.9517837241292,18.19724589586258,0.5672741681337357,17.999193631112576,0.09818747639656067
tpatchgnn,17,32,32,1,42,17.909965477883816,18.204156309366226,0.5640126764774323,17.985730431973934,0.10868720710277557
tpatchgnn,17,32,32,1,43,18.02751701325178,18.16611737012863,0.5645705386996269,17.95118674635887,0.10405853390693665
tpatchgnn,17,32,32,1,44,17.998499795794487,18.21026671677828,0.5623279139399529,17.97341089695692,0.1005176454782486
tpatchgnn,17,32,32,1,45,17.908180132508278,18.21491401642561,0.5606655031442642,17.917094752192497,0.10061357170343399
tpatchgnn,17,32,32,1,46,17.89676398038864,18.1707376614213,0.5622850731015205,17.970474436879158,0.09931251406669617
tpatchgnn,17,32,32,1,47,17.967971973121166,18.15828401595354,0.5639418959617615,17.90683064609766,0.10364782065153122
tpatchgnn,17,32,32,1,48,17.96978246420622,18.172754906117916,0.5645416676998138,17.90880784392357,0.10670814663171768
tpatchgnn,17,32,32,1,49,17.950152046978474,18.172641284763813,0.5607940256595612,17.924209125339985,0.1011015847325325
tpatchgnn,17,32,32,6,0,17.987538129091263,18.24283506721258,0.5637835711240768,17.967544496059418,0.1255115494132042
tpatchgnn,17,32,32,6,1,17.93820969760418,18.24703812599182,0.5626101046800613,17.90391281247139,0.11996738612651825
tpatchgnn,17,32,32,6,2,17.94000156223774,18.21474451571703,0.5604242905974388,17.98606663942337,0.13467110693454742
tpatchgnn,17,32,32,6,3,17.97833014279604,18.276129849255085,0.5623400211334229,17.975836992263794,0.12368429452180862
tpatchgnn,17,32,32,6,4,17.94702745974064,18.21674406528473,0.5648760125041008,17.92626641690731,0.1255115494132042
tpatchgnn,17,32,32,6,5,18.019547685980797,18.21762975305319,0.5651861429214478,17.94329285621643,0.12278556823730469
tpatchgnn,17,32,32,6,6,17.96241570264101,18.24850682169199,0.5696183070540428,17.952059395611286,0.11839251965284348
tpatchgnn,17,32,32,6,7,17.89999194443226,18.258921802043915,0.5623959004878998,17.942871898412704,0.11787191033363342
tpatchgnn,17,32,32,6,8,17.946879379451275,18.273997120559216,0.5652895197272301,17.982768826186657,0.12240651994943619
tpatchgnn,17,32,32,6,9,17.948397435247898,18.245390616357327,0.5631949752569199,17.957248724997044,0.11838041245937347
tpatchgnn,17,32,32,6,10,17.95270573347807,18.29696912318468,0.563708133995533,17.9203012958169,0.12159626930952072
tpatchgnn,17,32,32,6,11,17.92407501488924,18.22719257324934,0.5614198744297028,17.942997626960278,0.12210290879011154
tpatchgnn,17,32,32,6,12,17.95204635709524,18.23953352868557,0.5680928006768227,17.992626875638962,0.1257471740245819
tpatchgnn,17,32,32,6,13,17.964360304176807,18.30513682216406,0.5660438910126686,17.975964583456516,0.1414092257618904
tpatchgnn,17,32,32,6,14,18.00533663481474,18.208513967692852,0.5628066137433052,17.973707988858223,0.12338068336248398
tpatchgnn,17,32,32,6,15,17.97233335673809,18.253576010465622,0.5619730800390244,17.973866313695908,0.1219622790813446
tpatchgnn,17,32,32,6,16,17.933789640665054,18.23079213500023,0.5646655336022377,17.99554005265236,0.1371176913380623
tpatchgnn,17,32,32,6,17,18.02955660969019,18.209260888397694,0.5684336647391319,18.032927066087723,0.1713130623102188
tpatchgnn,17,32,32,6,18,18.044679425656796,18.278886564075947,0.565740279853344,17.99751538783312,0.13305991888046265
tpatchgnn,17,32,32,6,19,18.011177890002728,18.284942023456097,0.5746567621827126,18.056063912808895,0.13087037950754166
tpatchgnn,17,32,32,6,20,18.02565809339285,18.287471495568752,0.5695046856999397,18.01746618002653,0.1294706016778946
tpatchgnn,17,32,32,6,21,17.98588875681162,18.250680528581142,0.5656462162733078,18.010198138654232,0.13026129454374313
tpatchgnn,17,32,32,6,22,18.007163889706135,18.27859692275524,0.5639959126710892,17.959042452275753,0.1280819997191429
tpatchgnn,17,32,32,6,23,18.043000251054764,18.289783038198948,0.5664611235260963,18.009011633694172,0.1406082883477211
tpatchgnn,17,32,32,6,24,17.997270449995995,18.267272971570492,0.5636764690279961,17.95716304332018,0.136583112180233
tpatchgnn,17,32,32,6,25,17.95920543372631,18.276668153703213,0.5653370171785355,18.047574907541275,0.1352475956082344
tpatchgnn,17,32,32,6,26,17.971152439713478,18.27321294695139,0.5646562203764915,17.968839034438133,0.13070832937955856
tpatchgnn,17,32,32,6,27,17.978521063923836,18.230433575809002,0.5657989531755447,17.964228056371212,0.12429710477590561
tpatchgnn,17,32,32,6,28,17.970094457268715,18.223527818918228,0.5648965016007423,17.98999309539795,0.12207310646772385
tpatchgnn,17,32,32,6,29,17.95155741274357,18.239013850688934,0.5640052258968353,17.979958094656467,0.12331083416938782
tpatchgnn,17,32,32,6,30,17.97010377049446,18.257546238601208,0.5630459636449814,17.986588180065155,0.12351479381322861
tpatchgnn,17,32,32,6,31,17.945372499525547,18.221816048026085,0.5671447142958641,17.96642690896988,0.1203315332531929
tpatchgnn,17,32,32,6,32,17.95108523219824,18.22925265878439,0.5635470151901245,17.927207052707672,0.11734664440155029
tpatchgnn,17,32,32,6,33,17.899995669722557,18.228827975690365,0.5631726235151291,17.93830841779709,0.1196395605802536
tpatchgnn,17,32,32,6,34,17.929580062627792,18.21882650256157,0.5629854276776314,17.968425527215004,0.11817924678325653
tpatchgnn,17,32,32,6,35,17.97020435333252,18.233477137982845,0.5645491182804108,17.983355559408665,0.12378860265016556
tpatchgnn,17,32,32,6,36,17.960834316909313,18.24563927948475,0.5640992894768715,17.944314517080784,0.12299977242946625
tpatchgnn,17,32,32,6,37,17.92913395911455,18.26900988817215,0.5609961226582527,17.942857928574085,0.1634126529097557
tpatchgnn,17,32,32,6,38,17.986036837100983,18.25393084436655,0.5675861611962318,17.99227576702833,0.16049854457378387
tpatchgnn,17,32,32,6,39,18.007736653089523,18.22940818965435,0.5629966035485268,17.969949170947075,0.12076273560523987
tpatchgnn,17,32,32,6,40,17.970836721360683,18.227324821054935,0.5628485232591629,17.943551763892174,0.12727919965982437
tpatchgnn,17,32,32,6,41,17.971418797969818,18.23602244257927,0.5628708750009537,17.984118312597275,0.1294463872909546
tpatchgnn,17,32,32,6,42,17.999369651079178,18.21290608495474,0.5640499293804169,17.96957477927208,0.13087783008813858
tpatchgnn,17,32,32,6,43,17.954550683498383,18.28710362315178,0.5638971924781799,17.97268260270357,0.14277826994657516
tpatchgnn,17,32,32,6,44,18.04179046303034,18.25145725160837,0.5646562203764915,17.956752330064774,0.12186449021100998
tpatchgnn,17,32,32,6,45,17.9883586242795,18.198535777628422,0.5659880116581917,17.962790094316006,0.12783333659172058
tpatchgnn,17,32,32,6,46,17.995737493038177,18.24378687888384,0.568176619708538,17.972007393836975,0.12327264994382858
tpatchgnn,17,32,32,6,47,17.92811881750822,18.22796743363142,0.5640098825097084,17.969663254916668,0.1244954764842987
tpatchgnn,17,32,32,6,48,17.99470279365778,18.264352343976498,0.5645649507641792,17.940305173397064,0.12002326548099518
tpatchgnn,17,32,32,6,49,17.898819409310818,18.23310274630785,0.5633467808365822,17.962398007512093,0.11712033301591873
